solid OpenSCAD_Model
  facet normal 0.321498 0 -0.94691
    outer loop
      vertex 26.0353 -2.75 20.9363
      vertex 26.5307 -2 21.1045
      vertex 26.5307 -2.75 21.1045
    endloop
  endfacet
  facet normal 0.321498 0 -0.94691
    outer loop
      vertex 26.5307 -2 21.1045
      vertex 26.0353 -2.75 20.9363
      vertex 26.0353 -2 20.9363
    endloop
  endfacet
  facet normal 0.195124 0 -0.980779
    outer loop
      vertex 25.5221 -2.75 20.8342
      vertex 26.0353 -2 20.9363
      vertex 26.0353 -2.75 20.9363
    endloop
  endfacet
  facet normal 0.195124 0 -0.980779
    outer loop
      vertex 26.0353 -2 20.9363
      vertex 25.5221 -2.75 20.8342
      vertex 25.5221 -2 20.8342
    endloop
  endfacet
  facet normal 0.0653646 0 -0.997861
    outer loop
      vertex 25 -2.75 20.8
      vertex 25.5221 -2 20.8342
      vertex 25.5221 -2.75 20.8342
    endloop
  endfacet
  facet normal 0.0653646 0 -0.997861
    outer loop
      vertex 25.5221 -2 20.8342
      vertex 25 -2.75 20.8
      vertex 25 -2 20.8
    endloop
  endfacet
  facet normal 0.997861 -0 0.0653646
    outer loop
      vertex 28.9658 -2.75 52.3221
      vertex 29 -2 51.8
      vertex 28.9658 -2 52.3221
    endloop
  endfacet
  facet normal 0.997861 0 0.0653646
    outer loop
      vertex 29 -2 51.8
      vertex 28.9658 -2.75 52.3221
      vertex 29 -2.75 51.8
    endloop
  endfacet
  facet normal 0 0 -1
    outer loop
      vertex -25 -2.75 20.8
      vertex 25 -2 20.8
      vertex 25 -2.75 20.8
    endloop
  endfacet
  facet normal -0 0 -1
    outer loop
      vertex 25 -2 20.8
      vertex -25 -2.75 20.8
      vertex -25 -2 20.8
    endloop
  endfacet
  facet normal 0.751842 -0 0.659343
    outer loop
      vertex 27.8284 -2.75 54.6284
      vertex 28.1734 -2 54.235
      vertex 27.8284 -2 54.6284
    endloop
  endfacet
  facet normal 0.751842 0 0.659343
    outer loop
      vertex 28.1734 -2 54.235
      vertex 27.8284 -2.75 54.6284
      vertex 28.1734 -2.75 54.235
    endloop
  endfacet
  facet normal -0.55663 0 0.83076
    outer loop
      vertex -27.3953 -2 55
      vertex -27.435 -2 54.9734
      vertex -27.3953 -2.42 55
    endloop
  endfacet
  facet normal -0.555525 0 0.8315
    outer loop
      vertex -27.3953 -2.42 55
      vertex -27 -2.75 55.2641
      vertex -27 -2.42 55.2641
    endloop
  endfacet
  facet normal -0.555626 -0.000174974 0.831432
    outer loop
      vertex -27.3953 -2.42 55
      vertex -27.435 -2.75 54.9734
      vertex -27 -2.75 55.2641
    endloop
  endfacet
  facet normal -0.55663 0 0.83076
    outer loop
      vertex -27.435 -2.75 54.9734
      vertex -27.3953 -2.42 55
      vertex -27.435 -2 54.9734
    endloop
  endfacet
  facet normal -0.0653646 0 0.997861
    outer loop
      vertex -25.5221 -2 55.7658
      vertex -25 -2.75 55.8
      vertex -25 -2 55.8
    endloop
  endfacet
  facet normal -0.0653646 0 0.997861
    outer loop
      vertex -25 -2.75 55.8
      vertex -25.5221 -2 55.7658
      vertex -25.5221 -2.75 55.7658
    endloop
  endfacet
  facet normal 0.321498 0 0.94691
    outer loop
      vertex 26.0353 -2 55.6637
      vertex 26.5307 -2.75 55.4955
      vertex 26.5307 -2 55.4955
    endloop
  endfacet
  facet normal 0.321498 0 0.94691
    outer loop
      vertex 26.5307 -2.75 55.4955
      vertex 26.0353 -2 55.6637
      vertex 26.0353 -2.75 55.6637
    endloop
  endfacet
  facet normal 0.442153 0 0.89694
    outer loop
      vertex 26.623 -2 55.45
      vertex 26.5307 -2 55.4955
      vertex 26.623 -2.42 55.45
    endloop
  endfacet
  facet normal 0.442258 0 0.896888
    outer loop
      vertex 26.623 -2.42 55.45
      vertex 27 -2.75 55.2641
      vertex 27 -2.42 55.2641
    endloop
  endfacet
  facet normal 0.442238 -2.93621e-05 0.896898
    outer loop
      vertex 26.623 -2.42 55.45
      vertex 26.5307 -2.75 55.4955
      vertex 27 -2.75 55.2641
    endloop
  endfacet
  facet normal 0.442153 -0 0.89694
    outer loop
      vertex 26.5307 -2.75 55.4955
      vertex 26.623 -2.42 55.45
      vertex 26.5307 -2 55.4955
    endloop
  endfacet
  facet normal -1 0 0
    outer loop
      vertex -29 -2.75 24.8
      vertex -29 -2 51.8
      vertex -29 -2 24.8
    endloop
  endfacet
  facet normal -1 -0 0
    outer loop
      vertex -29 -2 51.8
      vertex -29 -2.75 24.8
      vertex -29 -2.75 51.8
    endloop
  endfacet
  facet normal 0.751842 0 -0.659343
    outer loop
      vertex 28.1734 -2.75 22.365
      vertex 27.8284 -2 21.9716
      vertex 28.1734 -2 22.365
    endloop
  endfacet
  facet normal 0.751842 0 -0.659343
    outer loop
      vertex 27.8284 -2 21.9716
      vertex 28.1734 -2.75 22.365
      vertex 27.8284 -2.75 21.9716
    endloop
  endfacet
  facet normal -0.997861 0 0.0653646
    outer loop
      vertex -29 -2.75 51.8
      vertex -28.9658 -2 52.3221
      vertex -29 -2 51.8
    endloop
  endfacet
  facet normal -0.997861 0 0.0653646
    outer loop
      vertex -28.9658 -2 52.3221
      vertex -29 -2.75 51.8
      vertex -28.9658 -2.75 52.3221
    endloop
  endfacet
  facet normal -0.751842 0 0.659343
    outer loop
      vertex -28.1734 -2.75 54.235
      vertex -27.8284 -2 54.6284
      vertex -28.1734 -2 54.235
    endloop
  endfacet
  facet normal -0.751842 0 0.659343
    outer loop
      vertex -27.8284 -2 54.6284
      vertex -28.1734 -2.75 54.235
      vertex -27.8284 -2.75 54.6284
    endloop
  endfacet
  facet normal -0.321498 0 -0.94691
    outer loop
      vertex -26.5307 -2.75 21.1045
      vertex -26.0353 -2 20.9363
      vertex -26.0353 -2.75 20.9363
    endloop
  endfacet
  facet normal -0.321498 0 -0.94691
    outer loop
      vertex -26.0353 -2 20.9363
      vertex -26.5307 -2.75 21.1045
      vertex -26.5307 -2 21.1045
    endloop
  endfacet
  facet normal -0.195124 0 -0.980779
    outer loop
      vertex -26.0353 -2.75 20.9363
      vertex -25.5221 -2 20.8342
      vertex -25.5221 -2.75 20.8342
    endloop
  endfacet
  facet normal -0.195124 0 -0.980779
    outer loop
      vertex -25.5221 -2 20.8342
      vertex -26.0353 -2.75 20.9363
      vertex -26.0353 -2 20.9363
    endloop
  endfacet
  facet normal -0.555626 0 -0.831432
    outer loop
      vertex -27.435 -2.75 21.6266
      vertex -27 -2 21.3359
      vertex -27 -2.75 21.3359
    endloop
  endfacet
  facet normal -0.555626 0 -0.831432
    outer loop
      vertex -27 -2 21.3359
      vertex -27.435 -2.75 21.6266
      vertex -27.435 -2 21.6266
    endloop
  endfacet
  facet normal 0 -1 0
    outer loop
      vertex -24.6246 -2.75 53.5564
      vertex -25 -2.75 55.8
      vertex -25.5221 -2.75 55.7658
    endloop
  endfacet
  facet normal 0 -1 0
    outer loop
      vertex -25 -2.75 55.8
      vertex -23.4 -2.75 53.8
      vertex 25 -2.75 55.8
    endloop
  endfacet
  facet normal 0 -1 0
    outer loop
      vertex -25 -2.75 53.3713
      vertex -25.5221 -2.75 55.7658
      vertex -26.0353 -2.75 55.6637
    endloop
  endfacet
  facet normal 0 -1 0
    outer loop
      vertex 23.4 -2.75 53.8
      vertex 25 -2.75 55.8
      vertex -23.4 -2.75 53.8
    endloop
  endfacet
  facet normal 0 -1 0
    outer loop
      vertex -25 -2.75 53.3713
      vertex -26.0353 -2.75 55.6637
      vertex -26.5307 -2.75 55.4955
    endloop
  endfacet
  facet normal 0 -1 0
    outer loop
      vertex 23.8177 -2.75 53.7726
      vertex 25 -2.75 55.8
      vertex 23.4 -2.75 53.8
    endloop
  endfacet
  facet normal 0 -1 0
    outer loop
      vertex -25.348 -2.75 53.1387
      vertex -26.5307 -2.75 55.4955
      vertex -27 -2.75 55.2641
    endloop
  endfacet
  facet normal 0 -1 0
    outer loop
      vertex 24.2282 -2.75 53.691
      vertex 25 -2.75 55.8
      vertex 23.8177 -2.75 53.7726
    endloop
  endfacet
  facet normal 0 -1 0
    outer loop
      vertex -25.6627 -2.75 52.8627
      vertex -27 -2.75 55.2641
      vertex -27.435 -2.75 54.9734
    endloop
  endfacet
  facet normal 0 -1 0
    outer loop
      vertex 24.6246 -2.75 53.5564
      vertex 25 -2.75 55.8
      vertex 24.2282 -2.75 53.691
    endloop
  endfacet
  facet normal 0 -1 0
    outer loop
      vertex -25.6627 -2.75 52.8627
      vertex -27.435 -2.75 54.9734
      vertex -27.8284 -2.75 54.6284
    endloop
  endfacet
  facet normal 0 -1 -0
    outer loop
      vertex 25 -2.75 55.8
      vertex 24.6246 -2.75 53.5564
      vertex 25.5221 -2.75 55.7658
    endloop
  endfacet
  facet normal 0 -1 0
    outer loop
      vertex -25.9387 -2.75 52.548
      vertex -27.8284 -2.75 54.6284
      vertex -28.1734 -2.75 54.235
    endloop
  endfacet
  facet normal 0 -1 0
    outer loop
      vertex 25 -2.75 53.3713
      vertex 25.5221 -2.75 55.7658
      vertex 24.6246 -2.75 53.5564
    endloop
  endfacet
  facet normal 0 -1 0
    outer loop
      vertex -25.9387 -2.75 52.548
      vertex -28.1734 -2.75 54.235
      vertex -28.4641 -2.75 53.8
    endloop
  endfacet
  facet normal 0 -1 -0
    outer loop
      vertex 25.5221 -2.75 55.7658
      vertex 25 -2.75 53.3713
      vertex 26.0353 -2.75 55.6637
    endloop
  endfacet
  facet normal 0 -1 -0
    outer loop
      vertex 26.0353 -2.75 55.6637
      vertex 25 -2.75 53.3713
      vertex 26.5307 -2.75 55.4955
    endloop
  endfacet
  facet normal 0 -1 0
    outer loop
      vertex -25 -2.75 55.8
      vertex -23.8177 -2.75 53.7726
      vertex -23.4 -2.75 53.8
    endloop
  endfacet
  facet normal 0 -1 0
    outer loop
      vertex -25 -2.75 55.8
      vertex -24.2282 -2.75 53.691
      vertex -23.8177 -2.75 53.7726
    endloop
  endfacet
  facet normal 0 -1 0
    outer loop
      vertex -25 -2.75 55.8
      vertex -24.6246 -2.75 53.5564
      vertex -24.2282 -2.75 53.691
    endloop
  endfacet
  facet normal 0 -1 0
    outer loop
      vertex -25.5221 -2.75 55.7658
      vertex -25 -2.75 53.3713
      vertex -24.6246 -2.75 53.5564
    endloop
  endfacet
  facet normal 0 -1 0
    outer loop
      vertex -26.1713 -2.75 52.2
      vertex -28.4641 -2.75 53.8
      vertex -28.6955 -2.75 53.3307
    endloop
  endfacet
  facet normal 0 -1 0
    outer loop
      vertex -26.5307 -2.75 55.4955
      vertex -25.348 -2.75 53.1387
      vertex -25 -2.75 53.3713
    endloop
  endfacet
  facet normal 0 -1 0
    outer loop
      vertex -27 -2.75 55.2641
      vertex -25.6627 -2.75 52.8627
      vertex -25.348 -2.75 53.1387
    endloop
  endfacet
  facet normal 0 -1 0
    outer loop
      vertex -26.1713 -2.75 52.2
      vertex -28.6955 -2.75 53.3307
      vertex -28.8637 -2.75 52.8353
    endloop
  endfacet
  facet normal 0 -1 0
    outer loop
      vertex -27.8284 -2.75 54.6284
      vertex -25.9387 -2.75 52.548
      vertex -25.6627 -2.75 52.8627
    endloop
  endfacet
  facet normal 0 -1 0
    outer loop
      vertex -26.3564 -2.75 51.8246
      vertex -28.8637 -2.75 52.8353
      vertex -28.9658 -2.75 52.3221
    endloop
  endfacet
  facet normal 0 -1 0
    outer loop
      vertex -28.4641 -2.75 53.8
      vertex -26.1713 -2.75 52.2
      vertex -25.9387 -2.75 52.548
    endloop
  endfacet
  facet normal 0 -1 0
    outer loop
      vertex -28.8637 -2.75 52.8353
      vertex -26.3564 -2.75 51.8246
      vertex -26.1713 -2.75 52.2
    endloop
  endfacet
  facet normal 0 -1 0
    outer loop
      vertex -26.491 -2.75 51.4282
      vertex -28.9658 -2.75 52.3221
      vertex -29 -2.75 51.8
    endloop
  endfacet
  facet normal 0 -1 0
    outer loop
      vertex -28.9658 -2.75 52.3221
      vertex -26.491 -2.75 51.4282
      vertex -26.3564 -2.75 51.8246
    endloop
  endfacet
  facet normal 0 -1 0
    outer loop
      vertex -29 -2.75 51.8
      vertex -26.5726 -2.75 51.0177
      vertex -26.491 -2.75 51.4282
    endloop
  endfacet
  facet normal 0 -1 0
    outer loop
      vertex -29 -2.75 51.8
      vertex -26.6 -2.75 50.6
      vertex -26.5726 -2.75 51.0177
    endloop
  endfacet
  facet normal 0 -1 0
    outer loop
      vertex -29 -2.75 51.8
      vertex -26.6 -2.75 26.6
      vertex -26.6 -2.75 50.6
    endloop
  endfacet
  facet normal 0 -1 0
    outer loop
      vertex -29 -2.75 24.8
      vertex -26.6 -2.75 26.6
      vertex -29 -2.75 51.8
    endloop
  endfacet
  facet normal 0 -1 -0
    outer loop
      vertex -26.6 -2.75 26.6
      vertex -29 -2.75 24.8
      vertex -26.5726 -2.75 26.1823
    endloop
  endfacet
  facet normal 0 -1 0
    outer loop
      vertex -29 -2.75 24.8
      vertex -26.491 -2.75 25.7718
      vertex -26.5726 -2.75 26.1823
    endloop
  endfacet
  facet normal 0 -1 0
    outer loop
      vertex -29 -2.75 24.8
      vertex -26.3564 -2.75 25.3754
      vertex -26.491 -2.75 25.7718
    endloop
  endfacet
  facet normal 0 -1 0
    outer loop
      vertex -28.9658 -2.75 24.2779
      vertex -26.3564 -2.75 25.3754
      vertex -29 -2.75 24.8
    endloop
  endfacet
  facet normal 0 -1 -0
    outer loop
      vertex -26.3564 -2.75 25.3754
      vertex -28.9658 -2.75 24.2779
      vertex -26.1713 -2.75 25
    endloop
  endfacet
  facet normal 0 -1 0
    outer loop
      vertex -28.8637 -2.75 23.7647
      vertex -26.1713 -2.75 25
      vertex -28.9658 -2.75 24.2779
    endloop
  endfacet
  facet normal 0 -1 0
    outer loop
      vertex -28.6955 -2.75 23.2693
      vertex -26.1713 -2.75 25
      vertex -28.8637 -2.75 23.7647
    endloop
  endfacet
  facet normal 0 -1 -0
    outer loop
      vertex -26.1713 -2.75 25
      vertex -28.6955 -2.75 23.2693
      vertex -25.9387 -2.75 24.652
    endloop
  endfacet
  facet normal 0 -1 0
    outer loop
      vertex -28.4641 -2.75 22.8
      vertex -25.9387 -2.75 24.652
      vertex -28.6955 -2.75 23.2693
    endloop
  endfacet
  facet normal 0 -1 0
    outer loop
      vertex -28.1734 -2.75 22.365
      vertex -25.9387 -2.75 24.652
      vertex -28.4641 -2.75 22.8
    endloop
  endfacet
  facet normal 0 -1 -0
    outer loop
      vertex -25.9387 -2.75 24.652
      vertex -28.1734 -2.75 22.365
      vertex -25.6627 -2.75 24.3373
    endloop
  endfacet
  facet normal 0 -1 0
    outer loop
      vertex -27.8284 -2.75 21.9716
      vertex -25.6627 -2.75 24.3373
      vertex -28.1734 -2.75 22.365
    endloop
  endfacet
  facet normal 0 -1 0
    outer loop
      vertex -27.435 -2.75 21.6266
      vertex -25.6627 -2.75 24.3373
      vertex -27.8284 -2.75 21.9716
    endloop
  endfacet
  facet normal 0 -1 -0
    outer loop
      vertex -25.348 -2.75 24.0613
      vertex -27 -2.75 21.3359
      vertex -25 -2.75 23.8287
    endloop
  endfacet
  facet normal 0 -1 0
    outer loop
      vertex -27 -2.75 21.3359
      vertex -25.348 -2.75 24.0613
      vertex -27.435 -2.75 21.6266
    endloop
  endfacet
  facet normal 0 -1 -0
    outer loop
      vertex -25.6627 -2.75 24.3373
      vertex -27.435 -2.75 21.6266
      vertex -25.348 -2.75 24.0613
    endloop
  endfacet
  facet normal 0 -1 0
    outer loop
      vertex 25.348 -2.75 53.1387
      vertex 26.5307 -2.75 55.4955
      vertex 25 -2.75 53.3713
    endloop
  endfacet
  facet normal 0 -1 -0
    outer loop
      vertex 26.5307 -2.75 55.4955
      vertex 25.348 -2.75 53.1387
      vertex 27 -2.75 55.2641
    endloop
  endfacet
  facet normal 0 -1 0
    outer loop
      vertex 25.6627 -2.75 52.8627
      vertex 27 -2.75 55.2641
      vertex 25.348 -2.75 53.1387
    endloop
  endfacet
  facet normal 0 -1 -0
    outer loop
      vertex 27 -2.75 55.2641
      vertex 25.6627 -2.75 52.8627
      vertex 27.435 -2.75 54.9734
    endloop
  endfacet
  facet normal 0 -1 -0
    outer loop
      vertex 27.435 -2.75 54.9734
      vertex 25.6627 -2.75 52.8627
      vertex 27.8284 -2.75 54.6284
    endloop
  endfacet
  facet normal 0 -1 0
    outer loop
      vertex 25.9387 -2.75 52.548
      vertex 27.8284 -2.75 54.6284
      vertex 25.6627 -2.75 52.8627
    endloop
  endfacet
  facet normal 0 -1 -0
    outer loop
      vertex 27.8284 -2.75 54.6284
      vertex 25.9387 -2.75 52.548
      vertex 28.1734 -2.75 54.235
    endloop
  endfacet
  facet normal 0 -1 -0
    outer loop
      vertex 28.1734 -2.75 54.235
      vertex 25.9387 -2.75 52.548
      vertex 28.4641 -2.75 53.8
    endloop
  endfacet
  facet normal 0 -1 0
    outer loop
      vertex 26.1713 -2.75 52.2
      vertex 28.4641 -2.75 53.8
      vertex 25.9387 -2.75 52.548
    endloop
  endfacet
  facet normal 0 -1 -0
    outer loop
      vertex 28.4641 -2.75 53.8
      vertex 26.1713 -2.75 52.2
      vertex 28.6955 -2.75 53.3307
    endloop
  endfacet
  facet normal 0 -1 -0
    outer loop
      vertex 28.6955 -2.75 53.3307
      vertex 26.1713 -2.75 52.2
      vertex 28.8637 -2.75 52.8353
    endloop
  endfacet
  facet normal 0 -1 0
    outer loop
      vertex 26.3564 -2.75 51.8246
      vertex 28.8637 -2.75 52.8353
      vertex 26.1713 -2.75 52.2
    endloop
  endfacet
  facet normal 0 -1 -0
    outer loop
      vertex 28.8637 -2.75 52.8353
      vertex 26.3564 -2.75 51.8246
      vertex 28.9658 -2.75 52.3221
    endloop
  endfacet
  facet normal 0 -1 0
    outer loop
      vertex 26.491 -2.75 51.4282
      vertex 28.9658 -2.75 52.3221
      vertex 26.3564 -2.75 51.8246
    endloop
  endfacet
  facet normal 0 -1 -0
    outer loop
      vertex 28.9658 -2.75 52.3221
      vertex 26.491 -2.75 51.4282
      vertex 29 -2.75 51.8
    endloop
  endfacet
  facet normal 0 -1 0
    outer loop
      vertex 26.5726 -2.75 51.0177
      vertex 29 -2.75 51.8
      vertex 26.491 -2.75 51.4282
    endloop
  endfacet
  facet normal 0 -1 0
    outer loop
      vertex 26.6 -2.75 50.6
      vertex 29 -2.75 51.8
      vertex 26.5726 -2.75 51.0177
    endloop
  endfacet
  facet normal 0 -1 0
    outer loop
      vertex 26.6 -2.75 26.6
      vertex 29 -2.75 51.8
      vertex 26.6 -2.75 50.6
    endloop
  endfacet
  facet normal 0 -1 0
    outer loop
      vertex 29 -2.75 24.8
      vertex 26.6 -2.75 26.6
      vertex 26.5726 -2.75 26.1823
    endloop
  endfacet
  facet normal 0 -1 0
    outer loop
      vertex 26.6 -2.75 26.6
      vertex 29 -2.75 24.8
      vertex 29 -2.75 51.8
    endloop
  endfacet
  facet normal 0 -1 0
    outer loop
      vertex 26.491 -2.75 25.7718
      vertex 29 -2.75 24.8
      vertex 26.5726 -2.75 26.1823
    endloop
  endfacet
  facet normal 0 -1 0
    outer loop
      vertex 26.3564 -2.75 25.3754
      vertex 29 -2.75 24.8
      vertex 26.491 -2.75 25.7718
    endloop
  endfacet
  facet normal 0 -1 0
    outer loop
      vertex 28.9658 -2.75 24.2779
      vertex 26.3564 -2.75 25.3754
      vertex 26.1713 -2.75 25
    endloop
  endfacet
  facet normal 0 -1 0
    outer loop
      vertex 28.6955 -2.75 23.2693
      vertex 26.1713 -2.75 25
      vertex 25.9387 -2.75 24.652
    endloop
  endfacet
  facet normal 0 -1 0
    outer loop
      vertex 28.1734 -2.75 22.365
      vertex 25.9387 -2.75 24.652
      vertex 25.6627 -2.75 24.3373
    endloop
  endfacet
  facet normal 0 -1 0
    outer loop
      vertex 26.3564 -2.75 25.3754
      vertex 28.9658 -2.75 24.2779
      vertex 29 -2.75 24.8
    endloop
  endfacet
  facet normal 0 -1 0
    outer loop
      vertex 27.435 -2.75 21.6266
      vertex 25.6627 -2.75 24.3373
      vertex 25.348 -2.75 24.0613
    endloop
  endfacet
  facet normal 0 -1 0
    outer loop
      vertex 27 -2.75 21.3359
      vertex 25.348 -2.75 24.0613
      vertex 25 -2.75 23.8287
    endloop
  endfacet
  facet normal 0 -1 0
    outer loop
      vertex 26.1713 -2.75 25
      vertex 28.8637 -2.75 23.7647
      vertex 28.9658 -2.75 24.2779
    endloop
  endfacet
  facet normal 0 -1 0
    outer loop
      vertex 26.0353 -2.75 20.9363
      vertex 25 -2.75 23.8287
      vertex 24.6246 -2.75 23.6436
    endloop
  endfacet
  facet normal 0 -1 0
    outer loop
      vertex 25 -2.75 20.8
      vertex 24.6246 -2.75 23.6436
      vertex 24.2282 -2.75 23.509
    endloop
  endfacet
  facet normal 0 -1 0
    outer loop
      vertex 25 -2.75 20.8
      vertex 24.2282 -2.75 23.509
      vertex 23.8177 -2.75 23.4274
    endloop
  endfacet
  facet normal 0 -1 0
    outer loop
      vertex 26.1713 -2.75 25
      vertex 28.6955 -2.75 23.2693
      vertex 28.8637 -2.75 23.7647
    endloop
  endfacet
  facet normal 0 -1 0
    outer loop
      vertex 25 -2.75 20.8
      vertex 23.8177 -2.75 23.4274
      vertex 23.4 -2.75 23.4
    endloop
  endfacet
  facet normal 0 -1 -0
    outer loop
      vertex -23.4 -2.75 23.4
      vertex -25 -2.75 20.8
      vertex 23.4 -2.75 23.4
    endloop
  endfacet
  facet normal 0 -1 0
    outer loop
      vertex -26.5307 -2.75 21.1045
      vertex -25 -2.75 23.8287
      vertex -27 -2.75 21.3359
    endloop
  endfacet
  facet normal 0 -1 0
    outer loop
      vertex 25 -2.75 20.8
      vertex 23.4 -2.75 23.4
      vertex -25 -2.75 20.8
    endloop
  endfacet
  facet normal 0 -1 0
    outer loop
      vertex -26.0353 -2.75 20.9363
      vertex -25 -2.75 23.8287
      vertex -26.5307 -2.75 21.1045
    endloop
  endfacet
  facet normal 0 -1 0
    outer loop
      vertex 24.6246 -2.75 23.6436
      vertex 25 -2.75 20.8
      vertex 25.5221 -2.75 20.8342
    endloop
  endfacet
  facet normal 0 -1 -0
    outer loop
      vertex -25 -2.75 23.8287
      vertex -26.0353 -2.75 20.9363
      vertex -24.6246 -2.75 23.6436
    endloop
  endfacet
  facet normal 0 -1 0
    outer loop
      vertex 25.9387 -2.75 24.652
      vertex 28.4641 -2.75 22.8
      vertex 28.6955 -2.75 23.2693
    endloop
  endfacet
  facet normal 0 -1 0
    outer loop
      vertex -25.5221 -2.75 20.8342
      vertex -24.6246 -2.75 23.6436
      vertex -26.0353 -2.75 20.9363
    endloop
  endfacet
  facet normal 0 -1 0
    outer loop
      vertex 25.9387 -2.75 24.652
      vertex 28.1734 -2.75 22.365
      vertex 28.4641 -2.75 22.8
    endloop
  endfacet
  facet normal 0 -1 0
    outer loop
      vertex -25 -2.75 20.8
      vertex -24.6246 -2.75 23.6436
      vertex -25.5221 -2.75 20.8342
    endloop
  endfacet
  facet normal 0 -1 0
    outer loop
      vertex 25.6627 -2.75 24.3373
      vertex 27.8284 -2.75 21.9716
      vertex 28.1734 -2.75 22.365
    endloop
  endfacet
  facet normal 0 -1 -0
    outer loop
      vertex -24.6246 -2.75 23.6436
      vertex -25 -2.75 20.8
      vertex -24.2282 -2.75 23.509
    endloop
  endfacet
  facet normal 0 -1 0
    outer loop
      vertex 25.6627 -2.75 24.3373
      vertex 27.435 -2.75 21.6266
      vertex 27.8284 -2.75 21.9716
    endloop
  endfacet
  facet normal 0 -1 -0
    outer loop
      vertex -24.2282 -2.75 23.509
      vertex -25 -2.75 20.8
      vertex -23.8177 -2.75 23.4274
    endloop
  endfacet
  facet normal 0 -1 0
    outer loop
      vertex 25.348 -2.75 24.0613
      vertex 27 -2.75 21.3359
      vertex 27.435 -2.75 21.6266
    endloop
  endfacet
  facet normal 0 -1 -0
    outer loop
      vertex -23.8177 -2.75 23.4274
      vertex -25 -2.75 20.8
      vertex -23.4 -2.75 23.4
    endloop
  endfacet
  facet normal 0 -1 0
    outer loop
      vertex 25 -2.75 23.8287
      vertex 26.5307 -2.75 21.1045
      vertex 27 -2.75 21.3359
    endloop
  endfacet
  facet normal 0 -1 0
    outer loop
      vertex 25 -2.75 23.8287
      vertex 26.0353 -2.75 20.9363
      vertex 26.5307 -2.75 21.1045
    endloop
  endfacet
  facet normal 0 -1 0
    outer loop
      vertex 24.6246 -2.75 23.6436
      vertex 25.5221 -2.75 20.8342
      vertex 26.0353 -2.75 20.9363
    endloop
  endfacet
  facet normal -0 0 1
    outer loop
      vertex -25 -2 55.8
      vertex 25 -2.75 55.8
      vertex 25 -2 55.8
    endloop
  endfacet
  facet normal 0 0 1
    outer loop
      vertex 25 -2.75 55.8
      vertex -25 -2 55.8
      vertex -25 -2.75 55.8
    endloop
  endfacet
  facet normal 0.0653646 0 0.997861
    outer loop
      vertex 25 -2 55.8
      vertex 25.5221 -2.75 55.7658
      vertex 25.5221 -2 55.7658
    endloop
  endfacet
  facet normal 0.0653646 0 0.997861
    outer loop
      vertex 25.5221 -2.75 55.7658
      vertex 25 -2 55.8
      vertex 25 -2.75 55.8
    endloop
  endfacet
  facet normal 1 -0 0
    outer loop
      vertex 29 -2.75 51.8
      vertex 29 -2 24.8
      vertex 29 -2 51.8
    endloop
  endfacet
  facet normal 1 0 0
    outer loop
      vertex 29 -2 24.8
      vertex 29 -2.75 51.8
      vertex 29 -2.75 24.8
    endloop
  endfacet
  facet normal -0.0653646 0 -0.997861
    outer loop
      vertex -25.5221 -2.75 20.8342
      vertex -25 -2 20.8
      vertex -25 -2.75 20.8
    endloop
  endfacet
  facet normal -0.0653646 0 -0.997861
    outer loop
      vertex -25 -2 20.8
      vertex -25.5221 -2.75 20.8342
      vertex -25.5221 -2 20.8342
    endloop
  endfacet
  facet normal -0.831432 0 -0.555626
    outer loop
      vertex -28.1734 -2.75 22.365
      vertex -28.4641 -2 22.8
      vertex -28.1734 -2 22.365
    endloop
  endfacet
  facet normal -0.831432 -0 -0.555626
    outer loop
      vertex -28.4641 -2 22.8
      vertex -28.1734 -2.75 22.365
      vertex -28.4641 -2.75 22.8
    endloop
  endfacet
  facet normal 0.659343 0 0.751842
    outer loop
      vertex 27.435 -2 54.9734
      vertex 27.8284 -2.75 54.6284
      vertex 27.8284 -2 54.6284
    endloop
  endfacet
  facet normal 0.659343 0 0.751842
    outer loop
      vertex 27.8284 -2.75 54.6284
      vertex 27.435 -2 54.9734
      vertex 27.435 -2.75 54.9734
    endloop
  endfacet
  facet normal -0.321498 0 0.94691
    outer loop
      vertex -26.5307 -2 55.4955
      vertex -26.0353 -2.75 55.6637
      vertex -26.0353 -2 55.6637
    endloop
  endfacet
  facet normal -0.321498 0 0.94691
    outer loop
      vertex -26.0353 -2.75 55.6637
      vertex -26.5307 -2 55.4955
      vertex -26.5307 -2.75 55.4955
    endloop
  endfacet
  facet normal 0.980779 0 -0.195124
    outer loop
      vertex 28.9658 -2.75 24.2779
      vertex 28.8637 -2 23.7647
      vertex 28.9658 -2 24.2779
    endloop
  endfacet
  facet normal 0.980779 0 -0.195124
    outer loop
      vertex 28.8637 -2 23.7647
      vertex 28.9658 -2.75 24.2779
      vertex 28.8637 -2.75 23.7647
    endloop
  endfacet
  facet normal -0.195124 0 0.980779
    outer loop
      vertex -26.0353 -2 55.6637
      vertex -25.5221 -2.75 55.7658
      vertex -25.5221 -2 55.7658
    endloop
  endfacet
  facet normal -0.195124 0 0.980779
    outer loop
      vertex -25.5221 -2.75 55.7658
      vertex -26.0353 -2 55.6637
      vertex -26.0353 -2.75 55.6637
    endloop
  endfacet
  facet normal -0.997861 0 -0.0653646
    outer loop
      vertex -28.9658 -2.75 24.2779
      vertex -29 -2 24.8
      vertex -28.9658 -2 24.2779
    endloop
  endfacet
  facet normal -0.997861 -0 -0.0653646
    outer loop
      vertex -29 -2 24.8
      vertex -28.9658 -2.75 24.2779
      vertex -29 -2.75 24.8
    endloop
  endfacet
  facet normal -0.659343 0 0.751842
    outer loop
      vertex -27.8284 -2 54.6284
      vertex -27.435 -2.75 54.9734
      vertex -27.435 -2 54.9734
    endloop
  endfacet
  facet normal -0.659343 0 0.751842
    outer loop
      vertex -27.435 -2.75 54.9734
      vertex -27.8284 -2 54.6284
      vertex -27.8284 -2.75 54.6284
    endloop
  endfacet
  facet normal 0.442238 0 -0.896898
    outer loop
      vertex 26.5307 -2.75 21.1045
      vertex 27 -2 21.3359
      vertex 27 -2.75 21.3359
    endloop
  endfacet
  facet normal 0.442238 0 -0.896898
    outer loop
      vertex 27 -2 21.3359
      vertex 26.5307 -2.75 21.1045
      vertex 26.5307 -2 21.1045
    endloop
  endfacet
  facet normal -0.442153 0 0.89694
    outer loop
      vertex -26.623 -2.42 55.45
      vertex -26.5307 -2 55.4955
      vertex -26.623 -2 55.45
    endloop
  endfacet
  facet normal -0.442153 0 0.89694
    outer loop
      vertex -26.5307 -2 55.4955
      vertex -26.623 -2.42 55.45
      vertex -26.5307 -2.75 55.4955
    endloop
  endfacet
  facet normal -0.442258 0 0.896888
    outer loop
      vertex -27 -2.75 55.2641
      vertex -26.623 -2.42 55.45
      vertex -27 -2.42 55.2641
    endloop
  endfacet
  facet normal -0.442238 -2.93621e-05 0.896898
    outer loop
      vertex -26.623 -2.42 55.45
      vertex -27 -2.75 55.2641
      vertex -26.5307 -2.75 55.4955
    endloop
  endfacet
  facet normal -0.831432 0 0.555626
    outer loop
      vertex -28.4641 -2.75 53.8
      vertex -28.1734 -2 54.235
      vertex -28.4641 -2 53.8
    endloop
  endfacet
  facet normal -0.831432 0 0.555626
    outer loop
      vertex -28.1734 -2 54.235
      vertex -28.4641 -2.75 53.8
      vertex -28.1734 -2.75 54.235
    endloop
  endfacet
  facet normal -0.442238 0 -0.896898
    outer loop
      vertex -27 -2.75 21.3359
      vertex -26.5307 -2 21.1045
      vertex -26.5307 -2.75 21.1045
    endloop
  endfacet
  facet normal -0.442238 0 -0.896898
    outer loop
      vertex -26.5307 -2 21.1045
      vertex -27 -2.75 21.3359
      vertex -27 -2 21.3359
    endloop
  endfacet
  facet normal 0.55663 -0 0.83076
    outer loop
      vertex 27.3953 -2.42 55
      vertex 27.435 -2 54.9734
      vertex 27.3953 -2 55
    endloop
  endfacet
  facet normal 0.55663 0 0.83076
    outer loop
      vertex 27.435 -2 54.9734
      vertex 27.3953 -2.42 55
      vertex 27.435 -2.75 54.9734
    endloop
  endfacet
  facet normal 0.555525 -0 0.8315
    outer loop
      vertex 27 -2.75 55.2641
      vertex 27.3953 -2.42 55
      vertex 27 -2.42 55.2641
    endloop
  endfacet
  facet normal 0.555626 -0.000174974 0.831432
    outer loop
      vertex 27.3953 -2.42 55
      vertex 27 -2.75 55.2641
      vertex 27.435 -2.75 54.9734
    endloop
  endfacet
  facet normal -0.659343 0 -0.751842
    outer loop
      vertex -27.8284 -2.75 21.9716
      vertex -27.435 -2 21.6266
      vertex -27.435 -2.75 21.6266
    endloop
  endfacet
  facet normal -0.659343 0 -0.751842
    outer loop
      vertex -27.435 -2 21.6266
      vertex -27.8284 -2.75 21.9716
      vertex -27.8284 -2 21.9716
    endloop
  endfacet
  facet normal -0.980779 0 0.195124
    outer loop
      vertex -28.9658 -2.75 52.3221
      vertex -28.8637 -2 52.8353
      vertex -28.9658 -2 52.3221
    endloop
  endfacet
  facet normal -0.980779 0 0.195124
    outer loop
      vertex -28.8637 -2 52.8353
      vertex -28.9658 -2.75 52.3221
      vertex -28.8637 -2.75 52.8353
    endloop
  endfacet
  facet normal 0.980779 -0 0.195124
    outer loop
      vertex 28.8637 -2.75 52.8353
      vertex 28.9658 -2 52.3221
      vertex 28.8637 -2 52.8353
    endloop
  endfacet
  facet normal 0.980779 0 0.195124
    outer loop
      vertex 28.9658 -2 52.3221
      vertex 28.8637 -2.75 52.8353
      vertex 28.9658 -2.75 52.3221
    endloop
  endfacet
  facet normal 0.195124 0 0.980779
    outer loop
      vertex 25.5221 -2 55.7658
      vertex 26.0353 -2.75 55.6637
      vertex 26.0353 -2 55.6637
    endloop
  endfacet
  facet normal 0.195124 0 0.980779
    outer loop
      vertex 26.0353 -2.75 55.6637
      vertex 25.5221 -2 55.7658
      vertex 25.5221 -2.75 55.7658
    endloop
  endfacet
  facet normal -0.896898 0 0.442238
    outer loop
      vertex -28.6955 -2.75 53.3307
      vertex -28.4641 -2 53.8
      vertex -28.6955 -2 53.3307
    endloop
  endfacet
  facet normal -0.896898 0 0.442238
    outer loop
      vertex -28.4641 -2 53.8
      vertex -28.6955 -2.75 53.3307
      vertex -28.4641 -2.75 53.8
    endloop
  endfacet
  facet normal -0.94691 0 0.321498
    outer loop
      vertex -28.8637 -2.75 52.8353
      vertex -28.6955 -2 53.3307
      vertex -28.8637 -2 52.8353
    endloop
  endfacet
  facet normal -0.94691 0 0.321498
    outer loop
      vertex -28.6955 -2 53.3307
      vertex -28.8637 -2.75 52.8353
      vertex -28.6955 -2.75 53.3307
    endloop
  endfacet
  facet normal -0.980779 0 -0.195124
    outer loop
      vertex -28.8637 -2.75 23.7647
      vertex -28.9658 -2 24.2779
      vertex -28.8637 -2 23.7647
    endloop
  endfacet
  facet normal -0.980779 -0 -0.195124
    outer loop
      vertex -28.9658 -2 24.2779
      vertex -28.8637 -2.75 23.7647
      vertex -28.9658 -2.75 24.2779
    endloop
  endfacet
  facet normal -0.896898 0 -0.442238
    outer loop
      vertex -28.4641 -2.75 22.8
      vertex -28.6955 -2 23.2693
      vertex -28.4641 -2 22.8
    endloop
  endfacet
  facet normal -0.896898 -0 -0.442238
    outer loop
      vertex -28.6955 -2 23.2693
      vertex -28.4641 -2.75 22.8
      vertex -28.6955 -2.75 23.2693
    endloop
  endfacet
  facet normal 0.94691 0 -0.321498
    outer loop
      vertex 28.8637 -2.75 23.7647
      vertex 28.6955 -2 23.2693
      vertex 28.8637 -2 23.7647
    endloop
  endfacet
  facet normal 0.94691 0 -0.321498
    outer loop
      vertex 28.6955 -2 23.2693
      vertex 28.8637 -2.75 23.7647
      vertex 28.6955 -2.75 23.2693
    endloop
  endfacet
  facet normal 0.659343 0 -0.751842
    outer loop
      vertex 27.435 -2.75 21.6266
      vertex 27.8284 -2 21.9716
      vertex 27.8284 -2.75 21.9716
    endloop
  endfacet
  facet normal 0.659343 0 -0.751842
    outer loop
      vertex 27.8284 -2 21.9716
      vertex 27.435 -2.75 21.6266
      vertex 27.435 -2 21.6266
    endloop
  endfacet
  facet normal 0.94691 -0 0.321498
    outer loop
      vertex 28.6955 -2.75 53.3307
      vertex 28.8637 -2 52.8353
      vertex 28.6955 -2 53.3307
    endloop
  endfacet
  facet normal 0.94691 0 0.321498
    outer loop
      vertex 28.8637 -2 52.8353
      vertex 28.6955 -2.75 53.3307
      vertex 28.8637 -2.75 52.8353
    endloop
  endfacet
  facet normal 0.555626 0 -0.831432
    outer loop
      vertex 27 -2.75 21.3359
      vertex 27.435 -2 21.6266
      vertex 27.435 -2.75 21.6266
    endloop
  endfacet
  facet normal 0.555626 0 -0.831432
    outer loop
      vertex 27.435 -2 21.6266
      vertex 27 -2.75 21.3359
      vertex 27 -2 21.3359
    endloop
  endfacet
  facet normal 0.997861 0 -0.0653646
    outer loop
      vertex 29 -2.75 24.8
      vertex 28.9658 -2 24.2779
      vertex 29 -2 24.8
    endloop
  endfacet
  facet normal 0.997861 0 -0.0653646
    outer loop
      vertex 28.9658 -2 24.2779
      vertex 29 -2.75 24.8
      vertex 28.9658 -2.75 24.2779
    endloop
  endfacet
  facet normal -0.751842 0 -0.659343
    outer loop
      vertex -27.8284 -2.75 21.9716
      vertex -28.1734 -2 22.365
      vertex -27.8284 -2 21.9716
    endloop
  endfacet
  facet normal -0.751842 -0 -0.659343
    outer loop
      vertex -28.1734 -2 22.365
      vertex -27.8284 -2.75 21.9716
      vertex -28.1734 -2.75 22.365
    endloop
  endfacet
  facet normal 0.831432 -0 0.555626
    outer loop
      vertex 28.1734 -2.75 54.235
      vertex 28.4641 -2 53.8
      vertex 28.1734 -2 54.235
    endloop
  endfacet
  facet normal 0.831432 0 0.555626
    outer loop
      vertex 28.4641 -2 53.8
      vertex 28.1734 -2.75 54.235
      vertex 28.4641 -2.75 53.8
    endloop
  endfacet
  facet normal 0.896898 -0 0.442238
    outer loop
      vertex 28.4641 -2.75 53.8
      vertex 28.6955 -2 53.3307
      vertex 28.4641 -2 53.8
    endloop
  endfacet
  facet normal 0.896898 0 0.442238
    outer loop
      vertex 28.6955 -2 53.3307
      vertex 28.4641 -2.75 53.8
      vertex 28.6955 -2.75 53.3307
    endloop
  endfacet
  facet normal 0.896898 0 -0.442238
    outer loop
      vertex 28.6955 -2.75 23.2693
      vertex 28.4641 -2 22.8
      vertex 28.6955 -2 23.2693
    endloop
  endfacet
  facet normal 0.896898 0 -0.442238
    outer loop
      vertex 28.4641 -2 22.8
      vertex 28.6955 -2.75 23.2693
      vertex 28.4641 -2.75 22.8
    endloop
  endfacet
  facet normal 0.831432 0 -0.555626
    outer loop
      vertex 28.4641 -2.75 22.8
      vertex 28.1734 -2 22.365
      vertex 28.4641 -2 22.8
    endloop
  endfacet
  facet normal 0.831432 0 -0.555626
    outer loop
      vertex 28.1734 -2 22.365
      vertex 28.4641 -2.75 22.8
      vertex 28.1734 -2.75 22.365
    endloop
  endfacet
  facet normal -0.94691 0 -0.321498
    outer loop
      vertex -28.6955 -2.75 23.2693
      vertex -28.8637 -2 23.7647
      vertex -28.6955 -2 23.2693
    endloop
  endfacet
  facet normal -0.94691 -0 -0.321498
    outer loop
      vertex -28.8637 -2 23.7647
      vertex -28.6955 -2.75 23.2693
      vertex -28.8637 -2.75 23.7647
    endloop
  endfacet
  facet normal 0.946901 0 -0.321526
    outer loop
      vertex -26.3564 -2.75 51.8246
      vertex -26.491 -2 51.4282
      vertex -26.3564 -2 51.8246
    endloop
  endfacet
  facet normal 0.946901 0 -0.321526
    outer loop
      vertex -26.491 -2 51.4282
      vertex -26.3564 -2.75 51.8246
      vertex -26.491 -2.75 51.4282
    endloop
  endfacet
  facet normal -0.0654566 0 0.997855
    outer loop
      vertex 23.4 -2 23.4
      vertex 23.8177 -2.75 23.4274
      vertex 23.8177 -2 23.4274
    endloop
  endfacet
  facet normal -0.0654566 0 0.997855
    outer loop
      vertex 23.8177 -2.75 23.4274
      vertex 23.4 -2 23.4
      vertex 23.4 -2.75 23.4
    endloop
  endfacet
  facet normal -0.194967 0 -0.98081
    outer loop
      vertex 23.8177 -2.75 53.7726
      vertex 24.2282 -2 53.691
      vertex 24.2282 -2.75 53.691
    endloop
  endfacet
  facet normal -0.194967 0 -0.98081
    outer loop
      vertex 24.2282 -2 53.691
      vertex 23.8177 -2.75 53.7726
      vertex 23.8177 -2 53.7726
    endloop
  endfacet
  facet normal -0.442237 0 -0.896898
    outer loop
      vertex 24.6246 -2.75 53.5564
      vertex 25 -2 53.3713
      vertex 25 -2.75 53.3713
    endloop
  endfacet
  facet normal -0.442237 0 -0.896898
    outer loop
      vertex 25 -2 53.3713
      vertex 24.6246 -2.75 53.5564
      vertex 24.6246 -2 53.5564
    endloop
  endfacet
  facet normal -0 0 1
    outer loop
      vertex -23.4 -2 23.4
      vertex 23.4 -2.75 23.4
      vertex 23.4 -2 23.4
    endloop
  endfacet
  facet normal 0 0 1
    outer loop
      vertex 23.4 -2.75 23.4
      vertex -23.4 -2 23.4
      vertex -23.4 -2.75 23.4
    endloop
  endfacet
  facet normal 0 0 -1
    outer loop
      vertex -23.4 -2.75 53.8
      vertex 23.4 -2 53.8
      vertex 23.4 -2.75 53.8
    endloop
  endfacet
  facet normal -0 0 -1
    outer loop
      vertex 23.4 -2 53.8
      vertex -23.4 -2.75 53.8
      vertex -23.4 -2 53.8
    endloop
  endfacet
  facet normal 0.194967 0 0.98081
    outer loop
      vertex -24.2282 -2 23.509
      vertex -23.8177 -2.75 23.4274
      vertex -23.8177 -2 23.4274
    endloop
  endfacet
  facet normal 0.194967 0 0.98081
    outer loop
      vertex -23.8177 -2.75 23.4274
      vertex -24.2282 -2 23.509
      vertex -24.2282 -2.75 23.509
    endloop
  endfacet
  facet normal -0.997855 0 0.0654566
    outer loop
      vertex 26.5726 -2.75 26.1823
      vertex 26.6 -2 26.6
      vertex 26.5726 -2 26.1823
    endloop
  endfacet
  facet normal -0.997855 0 0.0654566
    outer loop
      vertex 26.6 -2 26.6
      vertex 26.5726 -2.75 26.1823
      vertex 26.6 -2.75 26.6
    endloop
  endfacet
  facet normal 0.442237 0 -0.896898
    outer loop
      vertex -25 -2.75 53.3713
      vertex -24.6246 -2 53.5564
      vertex -24.6246 -2.75 53.5564
    endloop
  endfacet
  facet normal 0.442237 0 -0.896898
    outer loop
      vertex -24.6246 -2 53.5564
      vertex -25 -2.75 53.3713
      vertex -25 -2 53.3713
    endloop
  endfacet
  facet normal 0.0654566 0 -0.997855
    outer loop
      vertex -23.8177 -2.75 53.7726
      vertex -23.4 -2 53.8
      vertex -23.4 -2.75 53.8
    endloop
  endfacet
  facet normal 0.0654566 0 -0.997855
    outer loop
      vertex -23.4 -2 53.8
      vertex -23.8177 -2.75 53.7726
      vertex -23.8177 -2 53.7726
    endloop
  endfacet
  facet normal 1 -0 0
    outer loop
      vertex -26.6 -2.75 50.6
      vertex -26.6 -2 26.6
      vertex -26.6 -2 50.6
    endloop
  endfacet
  facet normal 1 0 0
    outer loop
      vertex -26.6 -2 26.6
      vertex -26.6 -2.75 50.6
      vertex -26.6 -2.75 26.6
    endloop
  endfacet
  facet normal 0.442237 0 0.896898
    outer loop
      vertex -25 -2 23.8287
      vertex -24.6246 -2.75 23.6436
      vertex -24.6246 -2 23.6436
    endloop
  endfacet
  facet normal 0.442237 0 0.896898
    outer loop
      vertex -24.6246 -2.75 23.6436
      vertex -25 -2 23.8287
      vertex -25 -2.75 23.8287
    endloop
  endfacet
  facet normal 0.896898 -0 0.442237
    outer loop
      vertex -26.3564 -2.75 25.3754
      vertex -26.1713 -2 25
      vertex -26.3564 -2 25.3754
    endloop
  endfacet
  facet normal 0.896898 0 0.442237
    outer loop
      vertex -26.1713 -2 25
      vertex -26.3564 -2.75 25.3754
      vertex -26.1713 -2.75 25
    endloop
  endfacet
  facet normal 0.0654566 0 0.997855
    outer loop
      vertex -23.8177 -2 23.4274
      vertex -23.4 -2.75 23.4
      vertex -23.4 -2 23.4
    endloop
  endfacet
  facet normal 0.0654566 0 0.997855
    outer loop
      vertex -23.4 -2.75 23.4
      vertex -23.8177 -2 23.4274
      vertex -23.8177 -2.75 23.4274
    endloop
  endfacet
  facet normal -0.997855 0 -0.0654566
    outer loop
      vertex 26.6 -2.75 50.6
      vertex 26.5726 -2 51.0177
      vertex 26.6 -2 50.6
    endloop
  endfacet
  facet normal -0.997855 -0 -0.0654566
    outer loop
      vertex 26.5726 -2 51.0177
      vertex 26.6 -2.75 50.6
      vertex 26.5726 -2.75 51.0177
    endloop
  endfacet
  facet normal 0.946901 -0 0.321526
    outer loop
      vertex -26.491 -2.75 25.7718
      vertex -26.3564 -2 25.3754
      vertex -26.491 -2 25.7718
    endloop
  endfacet
  facet normal 0.946901 0 0.321526
    outer loop
      vertex -26.3564 -2 25.3754
      vertex -26.491 -2.75 25.7718
      vertex -26.3564 -2.75 25.3754
    endloop
  endfacet
  facet normal -0.0654566 0 -0.997855
    outer loop
      vertex 23.4 -2.75 53.8
      vertex 23.8177 -2 53.7726
      vertex 23.8177 -2.75 53.7726
    endloop
  endfacet
  facet normal -0.0654566 0 -0.997855
    outer loop
      vertex 23.8177 -2 53.7726
      vertex 23.4 -2.75 53.8
      vertex 23.4 -2 53.8
    endloop
  endfacet
  facet normal 0.194967 0 -0.98081
    outer loop
      vertex -24.2282 -2.75 53.691
      vertex -23.8177 -2 53.7726
      vertex -23.8177 -2.75 53.7726
    endloop
  endfacet
  facet normal 0.194967 0 -0.98081
    outer loop
      vertex -23.8177 -2 53.7726
      vertex -24.2282 -2.75 53.691
      vertex -24.2282 -2 53.691
    endloop
  endfacet
  facet normal 0.98081 0 -0.194967
    outer loop
      vertex -26.491 -2.75 51.4282
      vertex -26.5726 -2 51.0177
      vertex -26.491 -2 51.4282
    endloop
  endfacet
  facet normal 0.98081 0 -0.194967
    outer loop
      vertex -26.5726 -2 51.0177
      vertex -26.491 -2.75 51.4282
      vertex -26.5726 -2.75 51.0177
    endloop
  endfacet
  facet normal 0.997855 0 -0.0654566
    outer loop
      vertex -26.5726 -2.75 51.0177
      vertex -26.6 -2 50.6
      vertex -26.5726 -2 51.0177
    endloop
  endfacet
  facet normal 0.997855 0 -0.0654566
    outer loop
      vertex -26.6 -2 50.6
      vertex -26.5726 -2.75 51.0177
      vertex -26.6 -2.75 50.6
    endloop
  endfacet
  facet normal 0.831388 0 -0.555692
    outer loop
      vertex -25.9387 -2.75 52.548
      vertex -26.1713 -2 52.2
      vertex -25.9387 -2 52.548
    endloop
  endfacet
  facet normal 0.831388 0 -0.555692
    outer loop
      vertex -26.1713 -2 52.2
      vertex -25.9387 -2.75 52.548
      vertex -26.1713 -2.75 52.2
    endloop
  endfacet
  facet normal 0.321526 0 0.946901
    outer loop
      vertex -24.6246 -2 23.6436
      vertex -24.2282 -2.75 23.509
      vertex -24.2282 -2 23.509
    endloop
  endfacet
  facet normal 0.321526 0 0.946901
    outer loop
      vertex -24.2282 -2.75 23.509
      vertex -24.6246 -2 23.6436
      vertex -24.6246 -2.75 23.6436
    endloop
  endfacet
  facet normal 0.751821 -0 0.659367
    outer loop
      vertex -25.9387 -2.75 24.652
      vertex -25.6627 -2 24.3373
      vertex -25.9387 -2 24.652
    endloop
  endfacet
  facet normal 0.751821 0 0.659367
    outer loop
      vertex -25.6627 -2 24.3373
      vertex -25.9387 -2.75 24.652
      vertex -25.6627 -2.75 24.3373
    endloop
  endfacet
  facet normal 0.321526 0 -0.946901
    outer loop
      vertex -24.6246 -2.75 53.5564
      vertex -24.2282 -2 53.691
      vertex -24.2282 -2.75 53.691
    endloop
  endfacet
  facet normal 0.321526 0 -0.946901
    outer loop
      vertex -24.2282 -2 53.691
      vertex -24.6246 -2.75 53.5564
      vertex -24.6246 -2 53.5564
    endloop
  endfacet
  facet normal 0.659367 0 -0.751821
    outer loop
      vertex -25.6627 -2.75 52.8627
      vertex -25.348 -2 53.1387
      vertex -25.348 -2.75 53.1387
    endloop
  endfacet
  facet normal 0.659367 0 -0.751821
    outer loop
      vertex -25.348 -2 53.1387
      vertex -25.6627 -2.75 52.8627
      vertex -25.6627 -2 52.8627
    endloop
  endfacet
  facet normal -0.321526 0 -0.946901
    outer loop
      vertex 24.2282 -2.75 53.691
      vertex 24.6246 -2 53.5564
      vertex 24.6246 -2.75 53.5564
    endloop
  endfacet
  facet normal -0.321526 0 -0.946901
    outer loop
      vertex 24.6246 -2 53.5564
      vertex 24.2282 -2.75 53.691
      vertex 24.2282 -2 53.691
    endloop
  endfacet
  facet normal 0.555692 0 -0.831388
    outer loop
      vertex -25.348 -2.75 53.1387
      vertex -25 -2 53.3713
      vertex -25 -2.75 53.3713
    endloop
  endfacet
  facet normal 0.555692 0 -0.831388
    outer loop
      vertex -25 -2 53.3713
      vertex -25.348 -2.75 53.1387
      vertex -25.348 -2 53.1387
    endloop
  endfacet
  facet normal 0.896898 0 -0.442237
    outer loop
      vertex -26.1713 -2.75 52.2
      vertex -26.3564 -2 51.8246
      vertex -26.1713 -2 52.2
    endloop
  endfacet
  facet normal 0.896898 0 -0.442237
    outer loop
      vertex -26.3564 -2 51.8246
      vertex -26.1713 -2.75 52.2
      vertex -26.3564 -2.75 51.8246
    endloop
  endfacet
  facet normal -0.751821 0 -0.659367
    outer loop
      vertex 25.9387 -2.75 52.548
      vertex 25.6627 -2 52.8627
      vertex 25.9387 -2 52.548
    endloop
  endfacet
  facet normal -0.751821 -0 -0.659367
    outer loop
      vertex 25.6627 -2 52.8627
      vertex 25.9387 -2.75 52.548
      vertex 25.6627 -2.75 52.8627
    endloop
  endfacet
  facet normal -0.831388 0 -0.555692
    outer loop
      vertex 26.1713 -2.75 52.2
      vertex 25.9387 -2 52.548
      vertex 26.1713 -2 52.2
    endloop
  endfacet
  facet normal -0.831388 -0 -0.555692
    outer loop
      vertex 25.9387 -2 52.548
      vertex 26.1713 -2.75 52.2
      vertex 25.9387 -2.75 52.548
    endloop
  endfacet
  facet normal 0.751821 0 -0.659367
    outer loop
      vertex -25.6627 -2.75 52.8627
      vertex -25.9387 -2 52.548
      vertex -25.6627 -2 52.8627
    endloop
  endfacet
  facet normal 0.751821 0 -0.659367
    outer loop
      vertex -25.9387 -2 52.548
      vertex -25.6627 -2.75 52.8627
      vertex -25.9387 -2.75 52.548
    endloop
  endfacet
  facet normal -0.946901 0 0.321526
    outer loop
      vertex 26.3564 -2.75 25.3754
      vertex 26.491 -2 25.7718
      vertex 26.3564 -2 25.3754
    endloop
  endfacet
  facet normal -0.946901 0 0.321526
    outer loop
      vertex 26.491 -2 25.7718
      vertex 26.3564 -2.75 25.3754
      vertex 26.491 -2.75 25.7718
    endloop
  endfacet
  facet normal -1 0 0
    outer loop
      vertex 26.6 -2.75 26.6
      vertex 26.6 -2 50.6
      vertex 26.6 -2 26.6
    endloop
  endfacet
  facet normal -1 -0 0
    outer loop
      vertex 26.6 -2 50.6
      vertex 26.6 -2.75 26.6
      vertex 26.6 -2.75 50.6
    endloop
  endfacet
  facet normal -0.896898 0 -0.442237
    outer loop
      vertex 26.3564 -2.75 51.8246
      vertex 26.1713 -2 52.2
      vertex 26.3564 -2 51.8246
    endloop
  endfacet
  facet normal -0.896898 -0 -0.442237
    outer loop
      vertex 26.1713 -2 52.2
      vertex 26.3564 -2.75 51.8246
      vertex 26.1713 -2.75 52.2
    endloop
  endfacet
  facet normal -0.659367 0 0.751821
    outer loop
      vertex 25.348 -2 24.0613
      vertex 25.6627 -2.75 24.3373
      vertex 25.6627 -2 24.3373
    endloop
  endfacet
  facet normal -0.659367 0 0.751821
    outer loop
      vertex 25.6627 -2.75 24.3373
      vertex 25.348 -2 24.0613
      vertex 25.348 -2.75 24.0613
    endloop
  endfacet
  facet normal 0.997855 -0 0.0654566
    outer loop
      vertex -26.6 -2.75 26.6
      vertex -26.5726 -2 26.1823
      vertex -26.6 -2 26.6
    endloop
  endfacet
  facet normal 0.997855 0 0.0654566
    outer loop
      vertex -26.5726 -2 26.1823
      vertex -26.6 -2.75 26.6
      vertex -26.5726 -2.75 26.1823
    endloop
  endfacet
  facet normal -0.98081 0 0.194967
    outer loop
      vertex 26.491 -2.75 25.7718
      vertex 26.5726 -2 26.1823
      vertex 26.491 -2 25.7718
    endloop
  endfacet
  facet normal -0.98081 0 0.194967
    outer loop
      vertex 26.5726 -2 26.1823
      vertex 26.491 -2.75 25.7718
      vertex 26.5726 -2.75 26.1823
    endloop
  endfacet
  facet normal 0.659367 0 0.751821
    outer loop
      vertex -25.6627 -2 24.3373
      vertex -25.348 -2.75 24.0613
      vertex -25.348 -2 24.0613
    endloop
  endfacet
  facet normal 0.659367 0 0.751821
    outer loop
      vertex -25.348 -2.75 24.0613
      vertex -25.6627 -2 24.3373
      vertex -25.6627 -2.75 24.3373
    endloop
  endfacet
  facet normal -0.751821 0 0.659367
    outer loop
      vertex 25.6627 -2.75 24.3373
      vertex 25.9387 -2 24.652
      vertex 25.6627 -2 24.3373
    endloop
  endfacet
  facet normal -0.751821 0 0.659367
    outer loop
      vertex 25.9387 -2 24.652
      vertex 25.6627 -2.75 24.3373
      vertex 25.9387 -2.75 24.652
    endloop
  endfacet
  facet normal 0.98081 -0 0.194967
    outer loop
      vertex -26.5726 -2.75 26.1823
      vertex -26.491 -2 25.7718
      vertex -26.5726 -2 26.1823
    endloop
  endfacet
  facet normal 0.98081 0 0.194967
    outer loop
      vertex -26.491 -2 25.7718
      vertex -26.5726 -2.75 26.1823
      vertex -26.491 -2.75 25.7718
    endloop
  endfacet
  facet normal 0.555692 0 0.831388
    outer loop
      vertex -25.348 -2 24.0613
      vertex -25 -2.75 23.8287
      vertex -25 -2 23.8287
    endloop
  endfacet
  facet normal 0.555692 0 0.831388
    outer loop
      vertex -25 -2.75 23.8287
      vertex -25.348 -2 24.0613
      vertex -25.348 -2.75 24.0613
    endloop
  endfacet
  facet normal -0.831388 0 0.555692
    outer loop
      vertex 25.9387 -2.75 24.652
      vertex 26.1713 -2 25
      vertex 25.9387 -2 24.652
    endloop
  endfacet
  facet normal -0.831388 0 0.555692
    outer loop
      vertex 26.1713 -2 25
      vertex 25.9387 -2.75 24.652
      vertex 26.1713 -2.75 25
    endloop
  endfacet
  facet normal -0.555692 0 -0.831388
    outer loop
      vertex 25 -2.75 53.3713
      vertex 25.348 -2 53.1387
      vertex 25.348 -2.75 53.1387
    endloop
  endfacet
  facet normal -0.555692 0 -0.831388
    outer loop
      vertex 25.348 -2 53.1387
      vertex 25 -2.75 53.3713
      vertex 25 -2 53.3713
    endloop
  endfacet
  facet normal 0.831388 -0 0.555692
    outer loop
      vertex -26.1713 -2.75 25
      vertex -25.9387 -2 24.652
      vertex -26.1713 -2 25
    endloop
  endfacet
  facet normal 0.831388 0 0.555692
    outer loop
      vertex -25.9387 -2 24.652
      vertex -26.1713 -2.75 25
      vertex -25.9387 -2.75 24.652
    endloop
  endfacet
  facet normal -0.555692 0 0.831388
    outer loop
      vertex 25 -2 23.8287
      vertex 25.348 -2.75 24.0613
      vertex 25.348 -2 24.0613
    endloop
  endfacet
  facet normal -0.555692 0 0.831388
    outer loop
      vertex 25.348 -2.75 24.0613
      vertex 25 -2 23.8287
      vertex 25 -2.75 23.8287
    endloop
  endfacet
  facet normal -0.442237 0 0.896898
    outer loop
      vertex 24.6246 -2 23.6436
      vertex 25 -2.75 23.8287
      vertex 25 -2 23.8287
    endloop
  endfacet
  facet normal -0.442237 0 0.896898
    outer loop
      vertex 25 -2.75 23.8287
      vertex 24.6246 -2 23.6436
      vertex 24.6246 -2.75 23.6436
    endloop
  endfacet
  facet normal -0.321526 0 0.946901
    outer loop
      vertex 24.2282 -2 23.509
      vertex 24.6246 -2.75 23.6436
      vertex 24.6246 -2 23.6436
    endloop
  endfacet
  facet normal -0.321526 0 0.946901
    outer loop
      vertex 24.6246 -2.75 23.6436
      vertex 24.2282 -2 23.509
      vertex 24.2282 -2.75 23.509
    endloop
  endfacet
  facet normal -0.194967 0 0.98081
    outer loop
      vertex 23.8177 -2 23.4274
      vertex 24.2282 -2.75 23.509
      vertex 24.2282 -2 23.509
    endloop
  endfacet
  facet normal -0.194967 0 0.98081
    outer loop
      vertex 24.2282 -2.75 23.509
      vertex 23.8177 -2 23.4274
      vertex 23.8177 -2.75 23.4274
    endloop
  endfacet
  facet normal -0.896898 0 0.442237
    outer loop
      vertex 26.1713 -2.75 25
      vertex 26.3564 -2 25.3754
      vertex 26.1713 -2 25
    endloop
  endfacet
  facet normal -0.896898 0 0.442237
    outer loop
      vertex 26.3564 -2 25.3754
      vertex 26.1713 -2.75 25
      vertex 26.3564 -2.75 25.3754
    endloop
  endfacet
  facet normal -0.946901 0 -0.321526
    outer loop
      vertex 26.491 -2.75 51.4282
      vertex 26.3564 -2 51.8246
      vertex 26.491 -2 51.4282
    endloop
  endfacet
  facet normal -0.946901 -0 -0.321526
    outer loop
      vertex 26.3564 -2 51.8246
      vertex 26.491 -2.75 51.4282
      vertex 26.3564 -2.75 51.8246
    endloop
  endfacet
  facet normal -0.98081 0 -0.194967
    outer loop
      vertex 26.5726 -2.75 51.0177
      vertex 26.491 -2 51.4282
      vertex 26.5726 -2 51.0177
    endloop
  endfacet
  facet normal -0.98081 -0 -0.194967
    outer loop
      vertex 26.491 -2 51.4282
      vertex 26.5726 -2.75 51.0177
      vertex 26.491 -2.75 51.4282
    endloop
  endfacet
  facet normal -0.659367 0 -0.751821
    outer loop
      vertex 25.348 -2.75 53.1387
      vertex 25.6627 -2 52.8627
      vertex 25.6627 -2.75 52.8627
    endloop
  endfacet
  facet normal -0.659367 0 -0.751821
    outer loop
      vertex 25.6627 -2 52.8627
      vertex 25.348 -2.75 53.1387
      vertex 25.348 -2 53.1387
    endloop
  endfacet
  facet normal 1 -0 0
    outer loop
      vertex 27.5 -2.42 55.45
      vertex 27.5 -2 55
      vertex 27.5 -2 55.45
    endloop
  endfacet
  facet normal 1 0 0
    outer loop
      vertex 27.5 -2 55
      vertex 27.5 -2.42 55.45
      vertex 27.5 -2.42 55
    endloop
  endfacet
  facet normal -0 0 1
    outer loop
      vertex -27.5 -2 55.45
      vertex -26.623 -2.42 55.45
      vertex -26.623 -2 55.45
    endloop
  endfacet
  facet normal 0 0 1
    outer loop
      vertex -26.623 -2.42 55.45
      vertex -27.5 -2 55.45
      vertex -27.5 -2.42 55.45
    endloop
  endfacet
  facet normal -0 0 1
    outer loop
      vertex 26.623 -2 55.45
      vertex 27.5 -2.42 55.45
      vertex 27.5 -2 55.45
    endloop
  endfacet
  facet normal 0 0 1
    outer loop
      vertex 27.5 -2.42 55.45
      vertex 26.623 -2 55.45
      vertex 26.623 -2.42 55.45
    endloop
  endfacet
  facet normal 0 0 -1
    outer loop
      vertex 27.3953 -2.42 55
      vertex 27.5 -2 55
      vertex 27.5 -2.42 55
    endloop
  endfacet
  facet normal -0 0 -1
    outer loop
      vertex 27.5 -2 55
      vertex 27.3953 -2.42 55
      vertex 27.3953 -2 55
    endloop
  endfacet
  facet normal 0 0 -1
    outer loop
      vertex -27.5 -2.42 55
      vertex -27.3953 -2 55
      vertex -27.3953 -2.42 55
    endloop
  endfacet
  facet normal -0 0 -1
    outer loop
      vertex -27.3953 -2 55
      vertex -27.5 -2.42 55
      vertex -27.5 -2 55
    endloop
  endfacet
  facet normal -1 0 0
    outer loop
      vertex -27.5 -2.42 55
      vertex -27.5 -2 55.45
      vertex -27.5 -2 55
    endloop
  endfacet
  facet normal -1 -0 0
    outer loop
      vertex -27.5 -2 55.45
      vertex -27.5 -2.42 55
      vertex -27.5 -2.42 55.45
    endloop
  endfacet
  facet normal 0 -1 0
    outer loop
      vertex -27.5 -2.42 55.45
      vertex -27 -2.42 55.2641
      vertex -26.623 -2.42 55.45
    endloop
  endfacet
  facet normal 0 -1 0
    outer loop
      vertex -27.3953 -2.42 55
      vertex -27.5 -2.42 55.45
      vertex -27.5 -2.42 55
    endloop
  endfacet
  facet normal 0 -1 0
    outer loop
      vertex -27.5 -2.42 55.45
      vertex -27.3953 -2.42 55
      vertex -27 -2.42 55.2641
    endloop
  endfacet
  facet normal 0 -1 0
    outer loop
      vertex 27 -2.42 55.2641
      vertex 27.5 -2.42 55.45
      vertex 26.623 -2.42 55.45
    endloop
  endfacet
  facet normal 0 -1 0
    outer loop
      vertex 27.3953 -2.42 55
      vertex 27.5 -2.42 55.45
      vertex 27 -2.42 55.2641
    endloop
  endfacet
  facet normal 0 -1 -0
    outer loop
      vertex 27.5 -2.42 55.45
      vertex 27.3953 -2.42 55
      vertex 27.5 -2.42 55
    endloop
  endfacet
  facet normal 1 -0 0
    outer loop
      vertex 27.5 -2.42 56.55
      vertex 27.5 -2 56.1
      vertex 27.5 -2 56.55
    endloop
  endfacet
  facet normal 1 0 0
    outer loop
      vertex 27.5 -2 56.1
      vertex 27.5 -2.42 56.55
      vertex 27.5 -2.42 56.1
    endloop
  endfacet
  facet normal -0 0 1
    outer loop
      vertex -27.5 -2 56.55
      vertex 27.5 -2.42 56.55
      vertex 27.5 -2 56.55
    endloop
  endfacet
  facet normal 0 0 1
    outer loop
      vertex 27.5 -2.42 56.55
      vertex -27.5 -2 56.55
      vertex -27.5 -2.42 56.55
    endloop
  endfacet
  facet normal 0 0 -1
    outer loop
      vertex -27.5 -2.42 56.1
      vertex 27.5 -2 56.1
      vertex 27.5 -2.42 56.1
    endloop
  endfacet
  facet normal -0 0 -1
    outer loop
      vertex 27.5 -2 56.1
      vertex -27.5 -2.42 56.1
      vertex -27.5 -2 56.1
    endloop
  endfacet
  facet normal -1 0 0
    outer loop
      vertex -27.5 -2.42 56.1
      vertex -27.5 -2 56.55
      vertex -27.5 -2 56.1
    endloop
  endfacet
  facet normal -1 -0 0
    outer loop
      vertex -27.5 -2 56.55
      vertex -27.5 -2.42 56.1
      vertex -27.5 -2.42 56.55
    endloop
  endfacet
  facet normal 0 -1 0
    outer loop
      vertex -27.5 -2.42 56.1
      vertex 27.5 -2.42 56.55
      vertex -27.5 -2.42 56.55
    endloop
  endfacet
  facet normal 0 -1 -0
    outer loop
      vertex 27.5 -2.42 56.55
      vertex -27.5 -2.42 56.1
      vertex 27.5 -2.42 56.1
    endloop
  endfacet
  facet normal 1 -0 0
    outer loop
      vertex 27.5 -2.42 57.65
      vertex 27.5 -2 57.2
      vertex 27.5 -2 57.65
    endloop
  endfacet
  facet normal 1 0 0
    outer loop
      vertex 27.5 -2 57.2
      vertex 27.5 -2.42 57.65
      vertex 27.5 -2.42 57.2
    endloop
  endfacet
  facet normal -0 0 1
    outer loop
      vertex -27.5 -2 57.65
      vertex 27.5 -2.42 57.65
      vertex 27.5 -2 57.65
    endloop
  endfacet
  facet normal 0 0 1
    outer loop
      vertex 27.5 -2.42 57.65
      vertex -27.5 -2 57.65
      vertex -27.5 -2.42 57.65
    endloop
  endfacet
  facet normal 0 0 -1
    outer loop
      vertex -27.5 -2.42 57.2
      vertex 27.5 -2 57.2
      vertex 27.5 -2.42 57.2
    endloop
  endfacet
  facet normal -0 0 -1
    outer loop
      vertex 27.5 -2 57.2
      vertex -27.5 -2.42 57.2
      vertex -27.5 -2 57.2
    endloop
  endfacet
  facet normal -1 0 0
    outer loop
      vertex -27.5 -2.42 57.2
      vertex -27.5 -2 57.65
      vertex -27.5 -2 57.2
    endloop
  endfacet
  facet normal -1 -0 0
    outer loop
      vertex -27.5 -2 57.65
      vertex -27.5 -2.42 57.2
      vertex -27.5 -2.42 57.65
    endloop
  endfacet
  facet normal 0 -1 0
    outer loop
      vertex -27.5 -2.42 57.2
      vertex 27.5 -2.42 57.65
      vertex -27.5 -2.42 57.65
    endloop
  endfacet
  facet normal 0 -1 -0
    outer loop
      vertex 27.5 -2.42 57.65
      vertex -27.5 -2.42 57.2
      vertex 27.5 -2.42 57.2
    endloop
  endfacet
  facet normal 0 -0.266337 0.96388
    outer loop
      vertex -28.125 -32.8072 9.47308
      vertex -24.125 -35.6988 8.67408
      vertex -24.125 -32.8072 9.47308
    endloop
  endfacet
  facet normal 0 -0.266337 0.96388
    outer loop
      vertex -24.125 -35.6988 8.67408
      vertex -28.125 -32.8072 9.47308
      vertex -28.125 -35.6988 8.67408
    endloop
  endfacet
  facet normal -1 0 0
    outer loop
      vertex -28.125 -35.4458 7.75839
      vertex -28.125 -32.8072 9.47308
      vertex -28.125 -32.5542 8.5574
    endloop
  endfacet
  facet normal -1 0 0
    outer loop
      vertex -28.125 -32.8072 9.47308
      vertex -28.125 -35.4458 7.75839
      vertex -28.125 -35.6988 8.67408
    endloop
  endfacet
  facet normal 0 0.963885 0.266319
    outer loop
      vertex -24.125 -32.5542 8.5574
      vertex -28.125 -32.8072 9.47308
      vertex -24.125 -32.8072 9.47308
    endloop
  endfacet
  facet normal 0 0.963885 0.266319
    outer loop
      vertex -28.125 -32.8072 9.47308
      vertex -24.125 -32.5542 8.5574
      vertex -28.125 -32.5542 8.5574
    endloop
  endfacet
  facet normal 1 0 0
    outer loop
      vertex -24.125 -32.8072 9.47308
      vertex -24.125 -35.4458 7.75839
      vertex -24.125 -32.5542 8.5574
    endloop
  endfacet
  facet normal 1 0 -0
    outer loop
      vertex -24.125 -35.4458 7.75839
      vertex -24.125 -32.8072 9.47308
      vertex -24.125 -35.6988 8.67408
    endloop
  endfacet
  facet normal 0 -0.963886 -0.266316
    outer loop
      vertex -28.125 -35.4458 7.75839
      vertex -24.125 -35.6988 8.67408
      vertex -28.125 -35.6988 8.67408
    endloop
  endfacet
  facet normal 0 -0.963886 -0.266316
    outer loop
      vertex -24.125 -35.6988 8.67408
      vertex -28.125 -35.4458 7.75839
      vertex -24.125 -35.4458 7.75839
    endloop
  endfacet
  facet normal 0 0.963885 0.266319
    outer loop
      vertex -19.375 -32.5542 8.5574
      vertex -23.375 -32.8072 9.47308
      vertex -19.375 -32.8072 9.47308
    endloop
  endfacet
  facet normal 0 0.963885 0.266319
    outer loop
      vertex -23.375 -32.8072 9.47308
      vertex -19.375 -32.5542 8.5574
      vertex -23.375 -32.5542 8.5574
    endloop
  endfacet
  facet normal 0 -0.266337 0.96388
    outer loop
      vertex -23.375 -32.8072 9.47308
      vertex -19.375 -35.6988 8.67408
      vertex -19.375 -32.8072 9.47308
    endloop
  endfacet
  facet normal 0 -0.266337 0.96388
    outer loop
      vertex -19.375 -35.6988 8.67408
      vertex -23.375 -32.8072 9.47308
      vertex -23.375 -35.6988 8.67408
    endloop
  endfacet
  facet normal -1 0 0
    outer loop
      vertex -23.375 -35.4458 7.75839
      vertex -23.375 -32.8072 9.47308
      vertex -23.375 -32.5542 8.5574
    endloop
  endfacet
  facet normal -1 0 0
    outer loop
      vertex -23.375 -32.8072 9.47308
      vertex -23.375 -35.4458 7.75839
      vertex -23.375 -35.6988 8.67408
    endloop
  endfacet
  facet normal 1 0 0
    outer loop
      vertex -19.375 -32.8072 9.47308
      vertex -19.375 -35.4458 7.75839
      vertex -19.375 -32.5542 8.5574
    endloop
  endfacet
  facet normal 1 0 -0
    outer loop
      vertex -19.375 -35.4458 7.75839
      vertex -19.375 -32.8072 9.47308
      vertex -19.375 -35.6988 8.67408
    endloop
  endfacet
  facet normal 0 -0.963886 -0.266316
    outer loop
      vertex -23.375 -35.4458 7.75839
      vertex -19.375 -35.6988 8.67408
      vertex -23.375 -35.6988 8.67408
    endloop
  endfacet
  facet normal 0 -0.963886 -0.266316
    outer loop
      vertex -19.375 -35.6988 8.67408
      vertex -23.375 -35.4458 7.75839
      vertex -19.375 -35.4458 7.75839
    endloop
  endfacet
  facet normal 0 0.963885 0.266319
    outer loop
      vertex -14.625 -32.5542 8.5574
      vertex -18.625 -32.8072 9.47308
      vertex -14.625 -32.8072 9.47308
    endloop
  endfacet
  facet normal 0 0.963885 0.266319
    outer loop
      vertex -18.625 -32.8072 9.47308
      vertex -14.625 -32.5542 8.5574
      vertex -18.625 -32.5542 8.5574
    endloop
  endfacet
  facet normal 0 -0.266337 0.96388
    outer loop
      vertex -18.625 -32.8072 9.47308
      vertex -14.625 -35.6988 8.67408
      vertex -14.625 -32.8072 9.47308
    endloop
  endfacet
  facet normal 0 -0.266337 0.96388
    outer loop
      vertex -14.625 -35.6988 8.67408
      vertex -18.625 -32.8072 9.47308
      vertex -18.625 -35.6988 8.67408
    endloop
  endfacet
  facet normal 1 0 0
    outer loop
      vertex -14.625 -32.8072 9.47308
      vertex -14.625 -35.4458 7.75839
      vertex -14.625 -32.5542 8.5574
    endloop
  endfacet
  facet normal 1 0 -0
    outer loop
      vertex -14.625 -35.4458 7.75839
      vertex -14.625 -32.8072 9.47308
      vertex -14.625 -35.6988 8.67408
    endloop
  endfacet
  facet normal -1 0 0
    outer loop
      vertex -18.625 -35.4458 7.75839
      vertex -18.625 -32.8072 9.47308
      vertex -18.625 -32.5542 8.5574
    endloop
  endfacet
  facet normal -1 0 0
    outer loop
      vertex -18.625 -32.8072 9.47308
      vertex -18.625 -35.4458 7.75839
      vertex -18.625 -35.6988 8.67408
    endloop
  endfacet
  facet normal 0 -0.963886 -0.266316
    outer loop
      vertex -18.625 -35.4458 7.75839
      vertex -14.625 -35.6988 8.67408
      vertex -18.625 -35.6988 8.67408
    endloop
  endfacet
  facet normal 0 -0.963886 -0.266316
    outer loop
      vertex -14.625 -35.6988 8.67408
      vertex -18.625 -35.4458 7.75839
      vertex -14.625 -35.4458 7.75839
    endloop
  endfacet
  facet normal 0 -0.266337 0.96388
    outer loop
      vertex -13.875 -32.8072 9.47308
      vertex -9.875 -35.6988 8.67408
      vertex -9.875 -32.8072 9.47308
    endloop
  endfacet
  facet normal 0 -0.266337 0.96388
    outer loop
      vertex -9.875 -35.6988 8.67408
      vertex -13.875 -32.8072 9.47308
      vertex -13.875 -35.6988 8.67408
    endloop
  endfacet
  facet normal 1 0 0
    outer loop
      vertex -9.875 -32.8072 9.47308
      vertex -9.875 -35.4458 7.75839
      vertex -9.875 -32.5542 8.5574
    endloop
  endfacet
  facet normal 1 0 -0
    outer loop
      vertex -9.875 -35.4458 7.75839
      vertex -9.875 -32.8072 9.47308
      vertex -9.875 -35.6988 8.67408
    endloop
  endfacet
  facet normal -1 0 0
    outer loop
      vertex -13.875 -35.4458 7.75839
      vertex -13.875 -32.8072 9.47308
      vertex -13.875 -32.5542 8.5574
    endloop
  endfacet
  facet normal -1 0 0
    outer loop
      vertex -13.875 -32.8072 9.47308
      vertex -13.875 -35.4458 7.75839
      vertex -13.875 -35.6988 8.67408
    endloop
  endfacet
  facet normal 0 0.963885 0.266319
    outer loop
      vertex -9.875 -32.5542 8.5574
      vertex -13.875 -32.8072 9.47308
      vertex -9.875 -32.8072 9.47308
    endloop
  endfacet
  facet normal 0 0.963885 0.266319
    outer loop
      vertex -13.875 -32.8072 9.47308
      vertex -9.875 -32.5542 8.5574
      vertex -13.875 -32.5542 8.5574
    endloop
  endfacet
  facet normal 0 -0.963886 -0.266316
    outer loop
      vertex -13.875 -35.4458 7.75839
      vertex -9.875 -35.6988 8.67408
      vertex -13.875 -35.6988 8.67408
    endloop
  endfacet
  facet normal 0 -0.963886 -0.266316
    outer loop
      vertex -9.875 -35.6988 8.67408
      vertex -13.875 -35.4458 7.75839
      vertex -9.875 -35.4458 7.75839
    endloop
  endfacet
  facet normal 0 0.963885 0.266319
    outer loop
      vertex -5.125 -32.5542 8.5574
      vertex -9.125 -32.8072 9.47308
      vertex -5.125 -32.8072 9.47308
    endloop
  endfacet
  facet normal 0 0.963885 0.266319
    outer loop
      vertex -9.125 -32.8072 9.47308
      vertex -5.125 -32.5542 8.5574
      vertex -9.125 -32.5542 8.5574
    endloop
  endfacet
  facet normal 0 -0.266334 0.963881
    outer loop
      vertex -5.125 -32.8072 9.47308
      vertex -9 -35.6072 8.6994
      vertex -5.125 -35.6072 8.6994
    endloop
  endfacet
  facet normal -7.17663e-05 -0.266337 0.96388
    outer loop
      vertex -9.125 -35.6988 8.67408
      vertex -9 -35.6072 8.6994
      vertex -9.125 -32.8072 9.47308
    endloop
  endfacet
  facet normal 0 -0.266334 0.963881
    outer loop
      vertex -9.125 -32.8072 9.47308
      vertex -9 -35.6072 8.6994
      vertex -5.125 -32.8072 9.47308
    endloop
  endfacet
  facet normal 0 -0.266569 0.963816
    outer loop
      vertex -9 -35.6322 8.6925
      vertex -5.125 -35.6988 8.67408
      vertex -5.125 -35.6322 8.6925
    endloop
  endfacet
  facet normal 0 -0.266569 0.963816
    outer loop
      vertex -9 -35.6322 8.6925
      vertex -9.125 -35.6988 8.67408
      vertex -5.125 -35.6988 8.67408
    endloop
  endfacet
  facet normal -0.000296128 -0.266053 0.963958
    outer loop
      vertex -9 -35.6072 8.6994
      vertex -9.125 -35.6988 8.67408
      vertex -9 -35.6322 8.6925
    endloop
  endfacet
  facet normal -1 0 0
    outer loop
      vertex -9.125 -35.4458 7.75839
      vertex -9.125 -32.8072 9.47308
      vertex -9.125 -32.5542 8.5574
    endloop
  endfacet
  facet normal -1 0 0
    outer loop
      vertex -9.125 -32.8072 9.47308
      vertex -9.125 -35.4458 7.75839
      vertex -9.125 -35.6988 8.67408
    endloop
  endfacet
  facet normal 1 0 0
    outer loop
      vertex -5.125 -32.8072 9.47308
      vertex -5.125 -35.3542 7.78371
      vertex -5.125 -32.5542 8.5574
    endloop
  endfacet
  facet normal 1 0 -0
    outer loop
      vertex -5.125 -35.3542 7.78371
      vertex -5.125 -32.8072 9.47308
      vertex -5.125 -35.6072 8.6994
    endloop
  endfacet
  facet normal 0 -0.963886 -0.266316
    outer loop
      vertex -9.125 -35.4458 7.75839
      vertex -9 -35.6988 8.67408
      vertex -9.125 -35.6988 8.67408
    endloop
  endfacet
  facet normal 0 -0.963886 -0.266316
    outer loop
      vertex -9 -35.6988 8.67408
      vertex -9.125 -35.4458 7.75839
      vertex -9 -35.4458 7.75839
    endloop
  endfacet
  facet normal 0 -0 0
    outer loop
      vertex -9 -35.6988 8.67408
      vertex -5.125 -35.6988 8.67408
      vertex -9.125 -35.6988 8.67408
    endloop
  endfacet
  facet normal 0 -0.266334 0.963881
    outer loop
      vertex -4.375 -32.8072 9.47308
      vertex -0.375 -35.6072 8.6994
      vertex -0.375 -32.8072 9.47308
    endloop
  endfacet
  facet normal 0 -0.266334 0.963881
    outer loop
      vertex -0.375 -35.6072 8.6994
      vertex -4.375 -32.8072 9.47308
      vertex -4.375 -35.6072 8.6994
    endloop
  endfacet
  facet normal 0 -0.266569 0.963816
    outer loop
      vertex -4.375 -35.6322 8.6925
      vertex -0.375 -35.6988 8.67408
      vertex -0.375 -35.6322 8.6925
    endloop
  endfacet
  facet normal 0 -0.266569 0.963816
    outer loop
      vertex -0.375 -35.6988 8.67408
      vertex -4.375 -35.6322 8.6925
      vertex -4.375 -35.6988 8.67408
    endloop
  endfacet
  facet normal 1 0 0
    outer loop
      vertex -0.375 -32.8072 9.47308
      vertex -0.375 -35.3542 7.78371
      vertex -0.375 -32.5542 8.5574
    endloop
  endfacet
  facet normal 1 0 -0
    outer loop
      vertex -0.375 -35.3542 7.78371
      vertex -0.375 -32.8072 9.47308
      vertex -0.375 -35.6072 8.6994
    endloop
  endfacet
  facet normal -1 0 0
    outer loop
      vertex -4.375 -35.3542 7.78371
      vertex -4.375 -32.8072 9.47308
      vertex -4.375 -32.5542 8.5574
    endloop
  endfacet
  facet normal -1 0 0
    outer loop
      vertex -4.375 -32.8072 9.47308
      vertex -4.375 -35.3542 7.78371
      vertex -4.375 -35.6072 8.6994
    endloop
  endfacet
  facet normal 0 0.963885 0.266319
    outer loop
      vertex -0.375 -32.5542 8.5574
      vertex -4.375 -32.8072 9.47308
      vertex -0.375 -32.8072 9.47308
    endloop
  endfacet
  facet normal 0 0.963885 0.266319
    outer loop
      vertex -4.375 -32.8072 9.47308
      vertex -0.375 -32.5542 8.5574
      vertex -4.375 -32.5542 8.5574
    endloop
  endfacet
  facet normal 0 -0.266334 0.963881
    outer loop
      vertex 0.375 -32.8072 9.47308
      vertex 4.375 -35.6072 8.6994
      vertex 4.375 -32.8072 9.47308
    endloop
  endfacet
  facet normal 0 -0.266334 0.963881
    outer loop
      vertex 4.375 -35.6072 8.6994
      vertex 0.375 -32.8072 9.47308
      vertex 0.375 -35.6072 8.6994
    endloop
  endfacet
  facet normal 0 -0.266569 0.963816
    outer loop
      vertex 0.375 -35.6322 8.6925
      vertex 4.375 -35.6988 8.67408
      vertex 4.375 -35.6322 8.6925
    endloop
  endfacet
  facet normal 0 -0.266569 0.963816
    outer loop
      vertex 4.375 -35.6988 8.67408
      vertex 0.375 -35.6322 8.6925
      vertex 0.375 -35.6988 8.67408
    endloop
  endfacet
  facet normal -1 0 0
    outer loop
      vertex 0.375 -35.3542 7.78371
      vertex 0.375 -32.8072 9.47308
      vertex 0.375 -32.5542 8.5574
    endloop
  endfacet
  facet normal -1 0 0
    outer loop
      vertex 0.375 -32.8072 9.47308
      vertex 0.375 -35.3542 7.78371
      vertex 0.375 -35.6072 8.6994
    endloop
  endfacet
  facet normal 0 0.963885 0.266319
    outer loop
      vertex 4.375 -32.5542 8.5574
      vertex 0.375 -32.8072 9.47308
      vertex 4.375 -32.8072 9.47308
    endloop
  endfacet
  facet normal 0 0.963885 0.266319
    outer loop
      vertex 0.375 -32.8072 9.47308
      vertex 4.375 -32.5542 8.5574
      vertex 0.375 -32.5542 8.5574
    endloop
  endfacet
  facet normal 1 0 0
    outer loop
      vertex 4.375 -32.8072 9.47308
      vertex 4.375 -35.3542 7.78371
      vertex 4.375 -32.5542 8.5574
    endloop
  endfacet
  facet normal 1 0 -0
    outer loop
      vertex 4.375 -35.3542 7.78371
      vertex 4.375 -32.8072 9.47308
      vertex 4.375 -35.6072 8.6994
    endloop
  endfacet
  facet normal 0 0.963885 0.266319
    outer loop
      vertex 9.125 -32.5542 8.5574
      vertex 5.125 -32.8072 9.47308
      vertex 9.125 -32.8072 9.47308
    endloop
  endfacet
  facet normal 0 0.963885 0.266319
    outer loop
      vertex 5.125 -32.8072 9.47308
      vertex 9.125 -32.5542 8.5574
      vertex 5.125 -32.5542 8.5574
    endloop
  endfacet
  facet normal 7.17663e-05 -0.266337 0.96388
    outer loop
      vertex 9.125 -32.8072 9.47308
      vertex 9 -35.6072 8.6994
      vertex 9.125 -35.6988 8.67408
    endloop
  endfacet
  facet normal 0 -0.266334 0.963881
    outer loop
      vertex 5.125 -32.8072 9.47308
      vertex 9 -35.6072 8.6994
      vertex 9.125 -32.8072 9.47308
    endloop
  endfacet
  facet normal 0 -0.266334 0.963881
    outer loop
      vertex 9 -35.6072 8.6994
      vertex 5.125 -32.8072 9.47308
      vertex 5.125 -35.6072 8.6994
    endloop
  endfacet
  facet normal 0.000296128 -0.266053 0.963958
    outer loop
      vertex 9 -35.6322 8.6925
      vertex 9.125 -35.6988 8.67408
      vertex 9 -35.6072 8.6994
    endloop
  endfacet
  facet normal 0 -0.266569 0.963816
    outer loop
      vertex 5.125 -35.6988 8.67408
      vertex 9 -35.6322 8.6925
      vertex 5.125 -35.6322 8.6925
    endloop
  endfacet
  facet normal 0 -0.266569 0.963816
    outer loop
      vertex 9 -35.6322 8.6925
      vertex 5.125 -35.6988 8.67408
      vertex 9.125 -35.6988 8.67408
    endloop
  endfacet
  facet normal 1 0 0
    outer loop
      vertex 9.125 -32.8072 9.47308
      vertex 9.125 -35.4458 7.75839
      vertex 9.125 -32.5542 8.5574
    endloop
  endfacet
  facet normal 1 0 -0
    outer loop
      vertex 9.125 -35.4458 7.75839
      vertex 9.125 -32.8072 9.47308
      vertex 9.125 -35.6988 8.67408
    endloop
  endfacet
  facet normal -1 0 0
    outer loop
      vertex 5.125 -35.3542 7.78371
      vertex 5.125 -32.8072 9.47308
      vertex 5.125 -32.5542 8.5574
    endloop
  endfacet
  facet normal -1 0 0
    outer loop
      vertex 5.125 -32.8072 9.47308
      vertex 5.125 -35.3542 7.78371
      vertex 5.125 -35.6072 8.6994
    endloop
  endfacet
  facet normal 0 -0.963886 -0.266316
    outer loop
      vertex 9 -35.4458 7.75839
      vertex 9.125 -35.6988 8.67408
      vertex 9 -35.6988 8.67408
    endloop
  endfacet
  facet normal 0 -0.963886 -0.266316
    outer loop
      vertex 9.125 -35.6988 8.67408
      vertex 9 -35.4458 7.75839
      vertex 9.125 -35.4458 7.75839
    endloop
  endfacet
  facet normal 0 -0 0
    outer loop
      vertex 9 -35.6988 8.67408
      vertex 9.125 -35.6988 8.67408
      vertex 5.125 -35.6988 8.67408
    endloop
  endfacet
  facet normal 0 -0.266337 0.96388
    outer loop
      vertex 9.875 -32.8072 9.47308
      vertex 13.875 -35.6988 8.67408
      vertex 13.875 -32.8072 9.47308
    endloop
  endfacet
  facet normal 0 -0.266337 0.96388
    outer loop
      vertex 13.875 -35.6988 8.67408
      vertex 9.875 -32.8072 9.47308
      vertex 9.875 -35.6988 8.67408
    endloop
  endfacet
  facet normal 1 0 0
    outer loop
      vertex 13.875 -32.8072 9.47308
      vertex 13.875 -35.4458 7.75839
      vertex 13.875 -32.5542 8.5574
    endloop
  endfacet
  facet normal 1 0 -0
    outer loop
      vertex 13.875 -35.4458 7.75839
      vertex 13.875 -32.8072 9.47308
      vertex 13.875 -35.6988 8.67408
    endloop
  endfacet
  facet normal -1 0 0
    outer loop
      vertex 9.875 -35.4458 7.75839
      vertex 9.875 -32.8072 9.47308
      vertex 9.875 -32.5542 8.5574
    endloop
  endfacet
  facet normal -1 0 0
    outer loop
      vertex 9.875 -32.8072 9.47308
      vertex 9.875 -35.4458 7.75839
      vertex 9.875 -35.6988 8.67408
    endloop
  endfacet
  facet normal 0 0.963885 0.266319
    outer loop
      vertex 13.875 -32.5542 8.5574
      vertex 9.875 -32.8072 9.47308
      vertex 13.875 -32.8072 9.47308
    endloop
  endfacet
  facet normal 0 0.963885 0.266319
    outer loop
      vertex 9.875 -32.8072 9.47308
      vertex 13.875 -32.5542 8.5574
      vertex 9.875 -32.5542 8.5574
    endloop
  endfacet
  facet normal 0 -0.963886 -0.266316
    outer loop
      vertex 9.875 -35.4458 7.75839
      vertex 13.875 -35.6988 8.67408
      vertex 9.875 -35.6988 8.67408
    endloop
  endfacet
  facet normal 0 -0.963886 -0.266316
    outer loop
      vertex 13.875 -35.6988 8.67408
      vertex 9.875 -35.4458 7.75839
      vertex 13.875 -35.4458 7.75839
    endloop
  endfacet
  facet normal 0 0.963885 0.266319
    outer loop
      vertex 18.625 -32.5542 8.5574
      vertex 14.625 -32.8072 9.47308
      vertex 18.625 -32.8072 9.47308
    endloop
  endfacet
  facet normal 0 0.963885 0.266319
    outer loop
      vertex 14.625 -32.8072 9.47308
      vertex 18.625 -32.5542 8.5574
      vertex 14.625 -32.5542 8.5574
    endloop
  endfacet
  facet normal 0 -0.266337 0.96388
    outer loop
      vertex 14.625 -32.8072 9.47308
      vertex 18.625 -35.6988 8.67408
      vertex 18.625 -32.8072 9.47308
    endloop
  endfacet
  facet normal 0 -0.266337 0.96388
    outer loop
      vertex 18.625 -35.6988 8.67408
      vertex 14.625 -32.8072 9.47308
      vertex 14.625 -35.6988 8.67408
    endloop
  endfacet
  facet normal -1 0 0
    outer loop
      vertex 14.625 -35.4458 7.75839
      vertex 14.625 -32.8072 9.47308
      vertex 14.625 -32.5542 8.5574
    endloop
  endfacet
  facet normal -1 0 0
    outer loop
      vertex 14.625 -32.8072 9.47308
      vertex 14.625 -35.4458 7.75839
      vertex 14.625 -35.6988 8.67408
    endloop
  endfacet
  facet normal 1 0 0
    outer loop
      vertex 18.625 -32.8072 9.47308
      vertex 18.625 -35.4458 7.75839
      vertex 18.625 -32.5542 8.5574
    endloop
  endfacet
  facet normal 1 0 -0
    outer loop
      vertex 18.625 -35.4458 7.75839
      vertex 18.625 -32.8072 9.47308
      vertex 18.625 -35.6988 8.67408
    endloop
  endfacet
  facet normal 0 -0.963886 -0.266316
    outer loop
      vertex 14.625 -35.4458 7.75839
      vertex 18.625 -35.6988 8.67408
      vertex 14.625 -35.6988 8.67408
    endloop
  endfacet
  facet normal 0 -0.963886 -0.266316
    outer loop
      vertex 18.625 -35.6988 8.67408
      vertex 14.625 -35.4458 7.75839
      vertex 18.625 -35.4458 7.75839
    endloop
  endfacet
  facet normal 0 0.963885 0.266319
    outer loop
      vertex 23.375 -32.5542 8.5574
      vertex 19.375 -32.8072 9.47308
      vertex 23.375 -32.8072 9.47308
    endloop
  endfacet
  facet normal 0 0.963885 0.266319
    outer loop
      vertex 19.375 -32.8072 9.47308
      vertex 23.375 -32.5542 8.5574
      vertex 19.375 -32.5542 8.5574
    endloop
  endfacet
  facet normal 0 -0.266337 0.96388
    outer loop
      vertex 19.375 -32.8072 9.47308
      vertex 23.375 -35.6988 8.67408
      vertex 23.375 -32.8072 9.47308
    endloop
  endfacet
  facet normal 0 -0.266337 0.96388
    outer loop
      vertex 23.375 -35.6988 8.67408
      vertex 19.375 -32.8072 9.47308
      vertex 19.375 -35.6988 8.67408
    endloop
  endfacet
  facet normal 1 0 0
    outer loop
      vertex 23.375 -32.8072 9.47308
      vertex 23.375 -35.4458 7.75839
      vertex 23.375 -32.5542 8.5574
    endloop
  endfacet
  facet normal 1 0 -0
    outer loop
      vertex 23.375 -35.4458 7.75839
      vertex 23.375 -32.8072 9.47308
      vertex 23.375 -35.6988 8.67408
    endloop
  endfacet
  facet normal -1 0 0
    outer loop
      vertex 19.375 -35.4458 7.75839
      vertex 19.375 -32.8072 9.47308
      vertex 19.375 -32.5542 8.5574
    endloop
  endfacet
  facet normal -1 0 0
    outer loop
      vertex 19.375 -32.8072 9.47308
      vertex 19.375 -35.4458 7.75839
      vertex 19.375 -35.6988 8.67408
    endloop
  endfacet
  facet normal 0 -0.963886 -0.266316
    outer loop
      vertex 19.375 -35.4458 7.75839
      vertex 23.375 -35.6988 8.67408
      vertex 19.375 -35.6988 8.67408
    endloop
  endfacet
  facet normal 0 -0.963886 -0.266316
    outer loop
      vertex 23.375 -35.6988 8.67408
      vertex 19.375 -35.4458 7.75839
      vertex 23.375 -35.4458 7.75839
    endloop
  endfacet
  facet normal 0 0.963885 0.266319
    outer loop
      vertex 28.125 -32.5542 8.5574
      vertex 24.125 -32.8072 9.47308
      vertex 28.125 -32.8072 9.47308
    endloop
  endfacet
  facet normal 0 0.963885 0.266319
    outer loop
      vertex 24.125 -32.8072 9.47308
      vertex 28.125 -32.5542 8.5574
      vertex 24.125 -32.5542 8.5574
    endloop
  endfacet
  facet normal 0 -0.266337 0.96388
    outer loop
      vertex 24.125 -32.8072 9.47308
      vertex 28.125 -35.6988 8.67408
      vertex 28.125 -32.8072 9.47308
    endloop
  endfacet
  facet normal 0 -0.266337 0.96388
    outer loop
      vertex 28.125 -35.6988 8.67408
      vertex 24.125 -32.8072 9.47308
      vertex 24.125 -35.6988 8.67408
    endloop
  endfacet
  facet normal -1 0 0
    outer loop
      vertex 24.125 -35.4458 7.75839
      vertex 24.125 -32.8072 9.47308
      vertex 24.125 -32.5542 8.5574
    endloop
  endfacet
  facet normal -1 0 0
    outer loop
      vertex 24.125 -32.8072 9.47308
      vertex 24.125 -35.4458 7.75839
      vertex 24.125 -35.6988 8.67408
    endloop
  endfacet
  facet normal 1 0 0
    outer loop
      vertex 28.125 -32.8072 9.47308
      vertex 28.125 -35.4458 7.75839
      vertex 28.125 -32.5542 8.5574
    endloop
  endfacet
  facet normal 1 0 -0
    outer loop
      vertex 28.125 -35.4458 7.75839
      vertex 28.125 -32.8072 9.47308
      vertex 28.125 -35.6988 8.67408
    endloop
  endfacet
  facet normal 0 -0.963886 -0.266316
    outer loop
      vertex 24.125 -35.4458 7.75839
      vertex 28.125 -35.6988 8.67408
      vertex 24.125 -35.6988 8.67408
    endloop
  endfacet
  facet normal 0 -0.963886 -0.266316
    outer loop
      vertex 28.125 -35.6988 8.67408
      vertex 24.125 -35.4458 7.75839
      vertex 28.125 -35.4458 7.75839
    endloop
  endfacet
  facet normal -1 0 0
    outer loop
      vertex -25.33 -29.7458 9.33339
      vertex -25.33 -27.1072 11.0481
      vertex -25.33 -26.8542 10.1324
    endloop
  endfacet
  facet normal -1 0 0
    outer loop
      vertex -25.33 -27.1072 11.0481
      vertex -25.33 -29.7458 9.33339
      vertex -25.33 -29.9988 10.2491
    endloop
  endfacet
  facet normal 0 -0.266337 0.96388
    outer loop
      vertex -25.33 -27.1072 11.0481
      vertex -21.33 -29.9988 10.2491
      vertex -21.33 -27.1072 11.0481
    endloop
  endfacet
  facet normal 0 -0.266337 0.96388
    outer loop
      vertex -21.33 -29.9988 10.2491
      vertex -25.33 -27.1072 11.0481
      vertex -25.33 -29.9988 10.2491
    endloop
  endfacet
  facet normal 0 -0.963887 -0.266311
    outer loop
      vertex -25.33 -29.7458 9.33339
      vertex -21.33 -29.9988 10.2491
      vertex -25.33 -29.9988 10.2491
    endloop
  endfacet
  facet normal 0 -0.963887 -0.266311
    outer loop
      vertex -21.33 -29.9988 10.2491
      vertex -25.33 -29.7458 9.33339
      vertex -21.33 -29.7458 9.33339
    endloop
  endfacet
  facet normal 0 0.963886 0.266314
    outer loop
      vertex -21.33 -26.8542 10.1324
      vertex -25.33 -27.1072 11.0481
      vertex -21.33 -27.1072 11.0481
    endloop
  endfacet
  facet normal 0 0.963886 0.266314
    outer loop
      vertex -25.33 -27.1072 11.0481
      vertex -21.33 -26.8542 10.1324
      vertex -25.33 -26.8542 10.1324
    endloop
  endfacet
  facet normal 1 0 0
    outer loop
      vertex -21.33 -27.1072 11.0481
      vertex -21.33 -29.7458 9.33339
      vertex -21.33 -26.8542 10.1324
    endloop
  endfacet
  facet normal 1 0 -0
    outer loop
      vertex -21.33 -29.7458 9.33339
      vertex -21.33 -27.1072 11.0481
      vertex -21.33 -29.9988 10.2491
    endloop
  endfacet
  facet normal -1 0 0
    outer loop
      vertex -20.58 -29.7458 9.33339
      vertex -20.58 -27.1072 11.0481
      vertex -20.58 -26.8542 10.1324
    endloop
  endfacet
  facet normal -1 0 0
    outer loop
      vertex -20.58 -27.1072 11.0481
      vertex -20.58 -29.7458 9.33339
      vertex -20.58 -29.9988 10.2491
    endloop
  endfacet
  facet normal 0 -0.266337 0.96388
    outer loop
      vertex -20.58 -27.1072 11.0481
      vertex -16.58 -29.9988 10.2491
      vertex -16.58 -27.1072 11.0481
    endloop
  endfacet
  facet normal 0 -0.266337 0.96388
    outer loop
      vertex -16.58 -29.9988 10.2491
      vertex -20.58 -27.1072 11.0481
      vertex -20.58 -29.9988 10.2491
    endloop
  endfacet
  facet normal 0 -0.963887 -0.266311
    outer loop
      vertex -20.58 -29.7458 9.33339
      vertex -16.58 -29.9988 10.2491
      vertex -20.58 -29.9988 10.2491
    endloop
  endfacet
  facet normal 0 -0.963887 -0.266311
    outer loop
      vertex -16.58 -29.9988 10.2491
      vertex -20.58 -29.7458 9.33339
      vertex -16.58 -29.7458 9.33339
    endloop
  endfacet
  facet normal 0 0.963886 0.266314
    outer loop
      vertex -16.58 -26.8542 10.1324
      vertex -20.58 -27.1072 11.0481
      vertex -16.58 -27.1072 11.0481
    endloop
  endfacet
  facet normal 0 0.963886 0.266314
    outer loop
      vertex -20.58 -27.1072 11.0481
      vertex -16.58 -26.8542 10.1324
      vertex -20.58 -26.8542 10.1324
    endloop
  endfacet
  facet normal 1 0 0
    outer loop
      vertex -16.58 -27.1072 11.0481
      vertex -16.58 -29.7458 9.33339
      vertex -16.58 -26.8542 10.1324
    endloop
  endfacet
  facet normal 1 0 -0
    outer loop
      vertex -16.58 -29.7458 9.33339
      vertex -16.58 -27.1072 11.0481
      vertex -16.58 -29.9988 10.2491
    endloop
  endfacet
  facet normal -1 0 0
    outer loop
      vertex -15.83 -29.7458 9.33339
      vertex -15.83 -27.1072 11.0481
      vertex -15.83 -26.8542 10.1324
    endloop
  endfacet
  facet normal -1 0 0
    outer loop
      vertex -15.83 -27.1072 11.0481
      vertex -15.83 -29.7458 9.33339
      vertex -15.83 -29.9988 10.2491
    endloop
  endfacet
  facet normal 0 -0.266337 0.96388
    outer loop
      vertex -15.83 -27.1072 11.0481
      vertex -11.83 -29.9988 10.2491
      vertex -11.83 -27.1072 11.0481
    endloop
  endfacet
  facet normal 0 -0.266337 0.96388
    outer loop
      vertex -11.83 -29.9988 10.2491
      vertex -15.83 -27.1072 11.0481
      vertex -15.83 -29.9988 10.2491
    endloop
  endfacet
  facet normal 0 -0.963887 -0.266311
    outer loop
      vertex -15.83 -29.7458 9.33339
      vertex -11.83 -29.9988 10.2491
      vertex -15.83 -29.9988 10.2491
    endloop
  endfacet
  facet normal 0 -0.963887 -0.266311
    outer loop
      vertex -11.83 -29.9988 10.2491
      vertex -15.83 -29.7458 9.33339
      vertex -11.83 -29.7458 9.33339
    endloop
  endfacet
  facet normal 0 0.963886 0.266314
    outer loop
      vertex -11.83 -26.8542 10.1324
      vertex -15.83 -27.1072 11.0481
      vertex -11.83 -27.1072 11.0481
    endloop
  endfacet
  facet normal 0 0.963886 0.266314
    outer loop
      vertex -15.83 -27.1072 11.0481
      vertex -11.83 -26.8542 10.1324
      vertex -15.83 -26.8542 10.1324
    endloop
  endfacet
  facet normal 1 0 0
    outer loop
      vertex -11.83 -27.1072 11.0481
      vertex -11.83 -29.7458 9.33339
      vertex -11.83 -26.8542 10.1324
    endloop
  endfacet
  facet normal 1 0 -0
    outer loop
      vertex -11.83 -29.7458 9.33339
      vertex -11.83 -27.1072 11.0481
      vertex -11.83 -29.9988 10.2491
    endloop
  endfacet
  facet normal -1 0 0
    outer loop
      vertex -11.08 -29.7458 9.33339
      vertex -11.08 -27.1072 11.0481
      vertex -11.08 -26.8542 10.1324
    endloop
  endfacet
  facet normal -1 0 0
    outer loop
      vertex -11.08 -27.1072 11.0481
      vertex -11.08 -29.7458 9.33339
      vertex -11.08 -29.9988 10.2491
    endloop
  endfacet
  facet normal 1 0 0
    outer loop
      vertex -7.08 -27.1072 11.0481
      vertex -7.08 -29.7458 9.33339
      vertex -7.08 -26.8542 10.1324
    endloop
  endfacet
  facet normal 1 0 -0
    outer loop
      vertex -7.08 -29.7458 9.33339
      vertex -7.08 -27.1072 11.0481
      vertex -7.08 -29.9988 10.2491
    endloop
  endfacet
  facet normal 0 -0.266337 0.96388
    outer loop
      vertex -11.08 -27.1072 11.0481
      vertex -7.08 -29.9988 10.2491
      vertex -7.08 -27.1072 11.0481
    endloop
  endfacet
  facet normal 0 -0.266337 0.96388
    outer loop
      vertex -7.08 -29.9988 10.2491
      vertex -11.08 -27.1072 11.0481
      vertex -11.08 -29.9988 10.2491
    endloop
  endfacet
  facet normal 0 -0.963887 -0.266311
    outer loop
      vertex -11.08 -29.7458 9.33339
      vertex -7.08 -29.9988 10.2491
      vertex -11.08 -29.9988 10.2491
    endloop
  endfacet
  facet normal 0 -0.963887 -0.266311
    outer loop
      vertex -7.08 -29.9988 10.2491
      vertex -11.08 -29.7458 9.33339
      vertex -7.08 -29.7458 9.33339
    endloop
  endfacet
  facet normal 0 0.963886 0.266314
    outer loop
      vertex -7.08 -26.8542 10.1324
      vertex -11.08 -27.1072 11.0481
      vertex -7.08 -27.1072 11.0481
    endloop
  endfacet
  facet normal 0 0.963886 0.266314
    outer loop
      vertex -11.08 -27.1072 11.0481
      vertex -7.08 -26.8542 10.1324
      vertex -11.08 -26.8542 10.1324
    endloop
  endfacet
  facet normal -1 0 0
    outer loop
      vertex -6.33 -29.7458 9.33339
      vertex -6.33 -27.1072 11.0481
      vertex -6.33 -26.8542 10.1324
    endloop
  endfacet
  facet normal -1 0 0
    outer loop
      vertex -6.33 -27.1072 11.0481
      vertex -6.33 -29.7458 9.33339
      vertex -6.33 -29.9988 10.2491
    endloop
  endfacet
  facet normal 1 0 0
    outer loop
      vertex -2.33 -27.1072 11.0481
      vertex -2.33 -29.7458 9.33339
      vertex -2.33 -26.8542 10.1324
    endloop
  endfacet
  facet normal 1 0 -0
    outer loop
      vertex -2.33 -29.7458 9.33339
      vertex -2.33 -27.1072 11.0481
      vertex -2.33 -29.9988 10.2491
    endloop
  endfacet
  facet normal 0 -0.266337 0.96388
    outer loop
      vertex -6.33 -27.1072 11.0481
      vertex -2.33 -29.9988 10.2491
      vertex -2.33 -27.1072 11.0481
    endloop
  endfacet
  facet normal 0 -0.266337 0.96388
    outer loop
      vertex -2.33 -29.9988 10.2491
      vertex -6.33 -27.1072 11.0481
      vertex -6.33 -29.9988 10.2491
    endloop
  endfacet
  facet normal 0 -0.963887 -0.266311
    outer loop
      vertex -6.33 -29.7458 9.33339
      vertex -2.33 -29.9988 10.2491
      vertex -6.33 -29.9988 10.2491
    endloop
  endfacet
  facet normal 0 -0.963887 -0.266311
    outer loop
      vertex -2.33 -29.9988 10.2491
      vertex -6.33 -29.7458 9.33339
      vertex -2.33 -29.7458 9.33339
    endloop
  endfacet
  facet normal 0 0.963886 0.266314
    outer loop
      vertex -2.33 -26.8542 10.1324
      vertex -6.33 -27.1072 11.0481
      vertex -2.33 -27.1072 11.0481
    endloop
  endfacet
  facet normal 0 0.963886 0.266314
    outer loop
      vertex -6.33 -27.1072 11.0481
      vertex -2.33 -26.8542 10.1324
      vertex -6.33 -26.8542 10.1324
    endloop
  endfacet
  facet normal -1 0 0
    outer loop
      vertex -1.58 -29.7458 9.33339
      vertex -1.58 -27.1072 11.0481
      vertex -1.58 -26.8542 10.1324
    endloop
  endfacet
  facet normal -1 0 0
    outer loop
      vertex -1.58 -27.1072 11.0481
      vertex -1.58 -29.7458 9.33339
      vertex -1.58 -29.9988 10.2491
    endloop
  endfacet
  facet normal 0 -0.266337 0.96388
    outer loop
      vertex -1.58 -27.1072 11.0481
      vertex 2.42 -29.9988 10.2491
      vertex 2.42 -27.1072 11.0481
    endloop
  endfacet
  facet normal 0 -0.266337 0.96388
    outer loop
      vertex 2.42 -29.9988 10.2491
      vertex -1.58 -27.1072 11.0481
      vertex -1.58 -29.9988 10.2491
    endloop
  endfacet
  facet normal 0 -0.963887 -0.266311
    outer loop
      vertex -1.58 -29.7458 9.33339
      vertex 2.42 -29.9988 10.2491
      vertex -1.58 -29.9988 10.2491
    endloop
  endfacet
  facet normal 0 -0.963887 -0.266311
    outer loop
      vertex 2.42 -29.9988 10.2491
      vertex -1.58 -29.7458 9.33339
      vertex 2.42 -29.7458 9.33339
    endloop
  endfacet
  facet normal 0 0.963886 0.266314
    outer loop
      vertex 2.42 -26.8542 10.1324
      vertex -1.58 -27.1072 11.0481
      vertex 2.42 -27.1072 11.0481
    endloop
  endfacet
  facet normal 0 0.963886 0.266314
    outer loop
      vertex -1.58 -27.1072 11.0481
      vertex 2.42 -26.8542 10.1324
      vertex -1.58 -26.8542 10.1324
    endloop
  endfacet
  facet normal 1 0 0
    outer loop
      vertex 2.42 -27.1072 11.0481
      vertex 2.42 -29.7458 9.33339
      vertex 2.42 -26.8542 10.1324
    endloop
  endfacet
  facet normal 1 0 -0
    outer loop
      vertex 2.42 -29.7458 9.33339
      vertex 2.42 -27.1072 11.0481
      vertex 2.42 -29.9988 10.2491
    endloop
  endfacet
  facet normal -1 0 0
    outer loop
      vertex 3.17 -29.7458 9.33339
      vertex 3.17 -27.1072 11.0481
      vertex 3.17 -26.8542 10.1324
    endloop
  endfacet
  facet normal -1 0 0
    outer loop
      vertex 3.17 -27.1072 11.0481
      vertex 3.17 -29.7458 9.33339
      vertex 3.17 -29.9988 10.2491
    endloop
  endfacet
  facet normal 1 0 0
    outer loop
      vertex 7.17 -27.1072 11.0481
      vertex 7.17 -29.7458 9.33339
      vertex 7.17 -26.8542 10.1324
    endloop
  endfacet
  facet normal 1 0 -0
    outer loop
      vertex 7.17 -29.7458 9.33339
      vertex 7.17 -27.1072 11.0481
      vertex 7.17 -29.9988 10.2491
    endloop
  endfacet
  facet normal 0 -0.266337 0.96388
    outer loop
      vertex 3.17 -27.1072 11.0481
      vertex 7.17 -29.9988 10.2491
      vertex 7.17 -27.1072 11.0481
    endloop
  endfacet
  facet normal 0 -0.266337 0.96388
    outer loop
      vertex 7.17 -29.9988 10.2491
      vertex 3.17 -27.1072 11.0481
      vertex 3.17 -29.9988 10.2491
    endloop
  endfacet
  facet normal 0 0.963886 0.266314
    outer loop
      vertex 7.17 -26.8542 10.1324
      vertex 3.17 -27.1072 11.0481
      vertex 7.17 -27.1072 11.0481
    endloop
  endfacet
  facet normal 0 0.963886 0.266314
    outer loop
      vertex 3.17 -27.1072 11.0481
      vertex 7.17 -26.8542 10.1324
      vertex 3.17 -26.8542 10.1324
    endloop
  endfacet
  facet normal 0 -0.963887 -0.266311
    outer loop
      vertex 3.17 -29.7458 9.33339
      vertex 7.17 -29.9988 10.2491
      vertex 3.17 -29.9988 10.2491
    endloop
  endfacet
  facet normal 0 -0.963887 -0.266311
    outer loop
      vertex 7.17 -29.9988 10.2491
      vertex 3.17 -29.7458 9.33339
      vertex 7.17 -29.7458 9.33339
    endloop
  endfacet
  facet normal -1 0 0
    outer loop
      vertex 7.92 -29.7458 9.33339
      vertex 7.92 -27.1072 11.0481
      vertex 7.92 -26.8542 10.1324
    endloop
  endfacet
  facet normal -1 0 0
    outer loop
      vertex 7.92 -27.1072 11.0481
      vertex 7.92 -29.7458 9.33339
      vertex 7.92 -29.9988 10.2491
    endloop
  endfacet
  facet normal 1 0 0
    outer loop
      vertex 11.92 -27.1072 11.0481
      vertex 11.92 -29.7458 9.33339
      vertex 11.92 -26.8542 10.1324
    endloop
  endfacet
  facet normal 1 0 -0
    outer loop
      vertex 11.92 -29.7458 9.33339
      vertex 11.92 -27.1072 11.0481
      vertex 11.92 -29.9988 10.2491
    endloop
  endfacet
  facet normal 0 -0.266337 0.96388
    outer loop
      vertex 7.92 -27.1072 11.0481
      vertex 11.92 -29.9988 10.2491
      vertex 11.92 -27.1072 11.0481
    endloop
  endfacet
  facet normal 0 -0.266337 0.96388
    outer loop
      vertex 11.92 -29.9988 10.2491
      vertex 7.92 -27.1072 11.0481
      vertex 7.92 -29.9988 10.2491
    endloop
  endfacet
  facet normal 0 -0.963887 -0.266311
    outer loop
      vertex 7.92 -29.7458 9.33339
      vertex 11.92 -29.9988 10.2491
      vertex 7.92 -29.9988 10.2491
    endloop
  endfacet
  facet normal 0 -0.963887 -0.266311
    outer loop
      vertex 11.92 -29.9988 10.2491
      vertex 7.92 -29.7458 9.33339
      vertex 11.92 -29.7458 9.33339
    endloop
  endfacet
  facet normal 0 0.963886 0.266314
    outer loop
      vertex 11.92 -26.8542 10.1324
      vertex 7.92 -27.1072 11.0481
      vertex 11.92 -27.1072 11.0481
    endloop
  endfacet
  facet normal 0 0.963886 0.266314
    outer loop
      vertex 7.92 -27.1072 11.0481
      vertex 11.92 -26.8542 10.1324
      vertex 7.92 -26.8542 10.1324
    endloop
  endfacet
  facet normal -1 0 0
    outer loop
      vertex 12.67 -29.7458 9.33339
      vertex 12.67 -27.1072 11.0481
      vertex 12.67 -26.8542 10.1324
    endloop
  endfacet
  facet normal -1 0 0
    outer loop
      vertex 12.67 -27.1072 11.0481
      vertex 12.67 -29.7458 9.33339
      vertex 12.67 -29.9988 10.2491
    endloop
  endfacet
  facet normal 1 0 0
    outer loop
      vertex 16.67 -27.1072 11.0481
      vertex 16.67 -29.7458 9.33339
      vertex 16.67 -26.8542 10.1324
    endloop
  endfacet
  facet normal 1 0 -0
    outer loop
      vertex 16.67 -29.7458 9.33339
      vertex 16.67 -27.1072 11.0481
      vertex 16.67 -29.9988 10.2491
    endloop
  endfacet
  facet normal 0 -0.266337 0.96388
    outer loop
      vertex 12.67 -27.1072 11.0481
      vertex 16.67 -29.9988 10.2491
      vertex 16.67 -27.1072 11.0481
    endloop
  endfacet
  facet normal 0 -0.266337 0.96388
    outer loop
      vertex 16.67 -29.9988 10.2491
      vertex 12.67 -27.1072 11.0481
      vertex 12.67 -29.9988 10.2491
    endloop
  endfacet
  facet normal 0 -0.963887 -0.266311
    outer loop
      vertex 12.67 -29.7458 9.33339
      vertex 16.67 -29.9988 10.2491
      vertex 12.67 -29.9988 10.2491
    endloop
  endfacet
  facet normal 0 -0.963887 -0.266311
    outer loop
      vertex 16.67 -29.9988 10.2491
      vertex 12.67 -29.7458 9.33339
      vertex 16.67 -29.7458 9.33339
    endloop
  endfacet
  facet normal 0 0.963886 0.266314
    outer loop
      vertex 16.67 -26.8542 10.1324
      vertex 12.67 -27.1072 11.0481
      vertex 16.67 -27.1072 11.0481
    endloop
  endfacet
  facet normal 0 0.963886 0.266314
    outer loop
      vertex 12.67 -27.1072 11.0481
      vertex 16.67 -26.8542 10.1324
      vertex 12.67 -26.8542 10.1324
    endloop
  endfacet
  facet normal -1 0 0
    outer loop
      vertex 17.42 -29.7458 9.33339
      vertex 17.42 -27.1072 11.0481
      vertex 17.42 -26.8542 10.1324
    endloop
  endfacet
  facet normal -1 0 0
    outer loop
      vertex 17.42 -27.1072 11.0481
      vertex 17.42 -29.7458 9.33339
      vertex 17.42 -29.9988 10.2491
    endloop
  endfacet
  facet normal 1 0 0
    outer loop
      vertex 21.42 -27.1072 11.0481
      vertex 21.42 -29.7458 9.33339
      vertex 21.42 -26.8542 10.1324
    endloop
  endfacet
  facet normal 1 0 -0
    outer loop
      vertex 21.42 -29.7458 9.33339
      vertex 21.42 -27.1072 11.0481
      vertex 21.42 -29.9988 10.2491
    endloop
  endfacet
  facet normal 0 -0.266337 0.96388
    outer loop
      vertex 17.42 -27.1072 11.0481
      vertex 21.42 -29.9988 10.2491
      vertex 21.42 -27.1072 11.0481
    endloop
  endfacet
  facet normal 0 -0.266337 0.96388
    outer loop
      vertex 21.42 -29.9988 10.2491
      vertex 17.42 -27.1072 11.0481
      vertex 17.42 -29.9988 10.2491
    endloop
  endfacet
  facet normal 0 -0.963887 -0.266311
    outer loop
      vertex 17.42 -29.7458 9.33339
      vertex 21.42 -29.9988 10.2491
      vertex 17.42 -29.9988 10.2491
    endloop
  endfacet
  facet normal 0 -0.963887 -0.266311
    outer loop
      vertex 21.42 -29.9988 10.2491
      vertex 17.42 -29.7458 9.33339
      vertex 21.42 -29.7458 9.33339
    endloop
  endfacet
  facet normal 0 0.963886 0.266314
    outer loop
      vertex 21.42 -26.8542 10.1324
      vertex 17.42 -27.1072 11.0481
      vertex 21.42 -27.1072 11.0481
    endloop
  endfacet
  facet normal 0 0.963886 0.266314
    outer loop
      vertex 17.42 -27.1072 11.0481
      vertex 21.42 -26.8542 10.1324
      vertex 17.42 -26.8542 10.1324
    endloop
  endfacet
  facet normal -1 0 0
    outer loop
      vertex 22.17 -29.7458 9.33339
      vertex 22.17 -27.1072 11.0481
      vertex 22.17 -26.8542 10.1324
    endloop
  endfacet
  facet normal -1 0 0
    outer loop
      vertex 22.17 -27.1072 11.0481
      vertex 22.17 -29.7458 9.33339
      vertex 22.17 -29.9988 10.2491
    endloop
  endfacet
  facet normal 1 0 0
    outer loop
      vertex 26.17 -27.1072 11.0481
      vertex 26.17 -29.7458 9.33339
      vertex 26.17 -26.8542 10.1324
    endloop
  endfacet
  facet normal 1 0 -0
    outer loop
      vertex 26.17 -29.7458 9.33339
      vertex 26.17 -27.1072 11.0481
      vertex 26.17 -29.9988 10.2491
    endloop
  endfacet
  facet normal 0 -0.266337 0.96388
    outer loop
      vertex 22.17 -27.1072 11.0481
      vertex 26.17 -29.9988 10.2491
      vertex 26.17 -27.1072 11.0481
    endloop
  endfacet
  facet normal 0 -0.266337 0.96388
    outer loop
      vertex 26.17 -29.9988 10.2491
      vertex 22.17 -27.1072 11.0481
      vertex 22.17 -29.9988 10.2491
    endloop
  endfacet
  facet normal 0 -0.963887 -0.266311
    outer loop
      vertex 22.17 -29.7458 9.33339
      vertex 26.17 -29.9988 10.2491
      vertex 22.17 -29.9988 10.2491
    endloop
  endfacet
  facet normal 0 -0.963887 -0.266311
    outer loop
      vertex 26.17 -29.9988 10.2491
      vertex 22.17 -29.7458 9.33339
      vertex 26.17 -29.7458 9.33339
    endloop
  endfacet
  facet normal 0 0.963886 0.266314
    outer loop
      vertex 26.17 -26.8542 10.1324
      vertex 22.17 -27.1072 11.0481
      vertex 26.17 -27.1072 11.0481
    endloop
  endfacet
  facet normal 0 0.963886 0.266314
    outer loop
      vertex 22.17 -27.1072 11.0481
      vertex 26.17 -26.8542 10.1324
      vertex 22.17 -26.8542 10.1324
    endloop
  endfacet
  facet normal -1 0 0
    outer loop
      vertex -22.535 -24.0458 10.9084
      vertex -22.535 -21.4072 12.6231
      vertex -22.535 -21.1542 11.7074
    endloop
  endfacet
  facet normal -1 0 0
    outer loop
      vertex -22.535 -21.4072 12.6231
      vertex -22.535 -24.0458 10.9084
      vertex -22.535 -24.2988 11.8241
    endloop
  endfacet
  facet normal 1 0 0
    outer loop
      vertex -18.535 -21.4072 12.6231
      vertex -18.535 -24.0458 10.9084
      vertex -18.535 -21.1542 11.7074
    endloop
  endfacet
  facet normal 1 0 -0
    outer loop
      vertex -18.535 -24.0458 10.9084
      vertex -18.535 -21.4072 12.6231
      vertex -18.535 -24.2988 11.8241
    endloop
  endfacet
  facet normal 0 -0.266337 0.96388
    outer loop
      vertex -22.535 -21.4072 12.6231
      vertex -18.535 -24.2988 11.8241
      vertex -18.535 -21.4072 12.6231
    endloop
  endfacet
  facet normal 0 -0.266337 0.96388
    outer loop
      vertex -18.535 -24.2988 11.8241
      vertex -22.535 -21.4072 12.6231
      vertex -22.535 -24.2988 11.8241
    endloop
  endfacet
  facet normal 0 0.963886 0.266314
    outer loop
      vertex -18.535 -21.1542 11.7074
      vertex -22.535 -21.4072 12.6231
      vertex -18.535 -21.4072 12.6231
    endloop
  endfacet
  facet normal 0 0.963886 0.266314
    outer loop
      vertex -22.535 -21.4072 12.6231
      vertex -18.535 -21.1542 11.7074
      vertex -22.535 -21.1542 11.7074
    endloop
  endfacet
  facet normal 0 -0.963886 -0.266314
    outer loop
      vertex -22.535 -24.0458 10.9084
      vertex -18.535 -24.2988 11.8241
      vertex -22.535 -24.2988 11.8241
    endloop
  endfacet
  facet normal 0 -0.963886 -0.266314
    outer loop
      vertex -18.535 -24.2988 11.8241
      vertex -22.535 -24.0458 10.9084
      vertex -18.535 -24.0458 10.9084
    endloop
  endfacet
  facet normal -1 0 0
    outer loop
      vertex -17.785 -24.0458 10.9084
      vertex -17.785 -21.4072 12.6231
      vertex -17.785 -21.1542 11.7074
    endloop
  endfacet
  facet normal -1 0 0
    outer loop
      vertex -17.785 -21.4072 12.6231
      vertex -17.785 -24.0458 10.9084
      vertex -17.785 -24.2988 11.8241
    endloop
  endfacet
  facet normal 0 -0.266337 0.96388
    outer loop
      vertex -17.785 -21.4072 12.6231
      vertex -13.785 -24.2988 11.8241
      vertex -13.785 -21.4072 12.6231
    endloop
  endfacet
  facet normal 0 -0.266337 0.96388
    outer loop
      vertex -13.785 -24.2988 11.8241
      vertex -17.785 -21.4072 12.6231
      vertex -17.785 -24.2988 11.8241
    endloop
  endfacet
  facet normal 0 -0.963886 -0.266314
    outer loop
      vertex -17.785 -24.0458 10.9084
      vertex -13.785 -24.2988 11.8241
      vertex -17.785 -24.2988 11.8241
    endloop
  endfacet
  facet normal 0 -0.963886 -0.266314
    outer loop
      vertex -13.785 -24.2988 11.8241
      vertex -17.785 -24.0458 10.9084
      vertex -13.785 -24.0458 10.9084
    endloop
  endfacet
  facet normal 0 0.963886 0.266314
    outer loop
      vertex -13.785 -21.1542 11.7074
      vertex -17.785 -21.4072 12.6231
      vertex -13.785 -21.4072 12.6231
    endloop
  endfacet
  facet normal 0 0.963886 0.266314
    outer loop
      vertex -17.785 -21.4072 12.6231
      vertex -13.785 -21.1542 11.7074
      vertex -17.785 -21.1542 11.7074
    endloop
  endfacet
  facet normal 1 0 0
    outer loop
      vertex -13.785 -21.4072 12.6231
      vertex -13.785 -24.0458 10.9084
      vertex -13.785 -21.1542 11.7074
    endloop
  endfacet
  facet normal 1 0 -0
    outer loop
      vertex -13.785 -24.0458 10.9084
      vertex -13.785 -21.4072 12.6231
      vertex -13.785 -24.2988 11.8241
    endloop
  endfacet
  facet normal -1 0 0
    outer loop
      vertex -13.035 -24.0458 10.9084
      vertex -13.035 -21.4072 12.6231
      vertex -13.035 -21.1542 11.7074
    endloop
  endfacet
  facet normal -1 0 0
    outer loop
      vertex -13.035 -21.4072 12.6231
      vertex -13.035 -24.0458 10.9084
      vertex -13.035 -24.2988 11.8241
    endloop
  endfacet
  facet normal 0 -0.266337 0.96388
    outer loop
      vertex -13.035 -21.4072 12.6231
      vertex -9.035 -24.2988 11.8241
      vertex -9.035 -21.4072 12.6231
    endloop
  endfacet
  facet normal 0 -0.266337 0.96388
    outer loop
      vertex -9.035 -24.2988 11.8241
      vertex -13.035 -21.4072 12.6231
      vertex -13.035 -24.2988 11.8241
    endloop
  endfacet
  facet normal 0 0.963886 0.266314
    outer loop
      vertex -9.035 -21.1542 11.7074
      vertex -13.035 -21.4072 12.6231
      vertex -9.035 -21.4072 12.6231
    endloop
  endfacet
  facet normal 0 0.963886 0.266314
    outer loop
      vertex -13.035 -21.4072 12.6231
      vertex -9.035 -21.1542 11.7074
      vertex -13.035 -21.1542 11.7074
    endloop
  endfacet
  facet normal 0 -0.963886 -0.266314
    outer loop
      vertex -13.035 -24.0458 10.9084
      vertex -9.035 -24.2988 11.8241
      vertex -13.035 -24.2988 11.8241
    endloop
  endfacet
  facet normal 0 -0.963886 -0.266314
    outer loop
      vertex -9.035 -24.2988 11.8241
      vertex -13.035 -24.0458 10.9084
      vertex -9.035 -24.0458 10.9084
    endloop
  endfacet
  facet normal 1 0 0
    outer loop
      vertex -9.035 -21.4072 12.6231
      vertex -9.035 -24.0458 10.9084
      vertex -9.035 -21.1542 11.7074
    endloop
  endfacet
  facet normal 1 0 -0
    outer loop
      vertex -9.035 -24.0458 10.9084
      vertex -9.035 -21.4072 12.6231
      vertex -9.035 -24.2988 11.8241
    endloop
  endfacet
  facet normal -1 0 0
    outer loop
      vertex -8.285 -24.0458 10.9084
      vertex -8.285 -21.4072 12.6231
      vertex -8.285 -21.1542 11.7074
    endloop
  endfacet
  facet normal -1 0 0
    outer loop
      vertex -8.285 -21.4072 12.6231
      vertex -8.285 -24.0458 10.9084
      vertex -8.285 -24.2988 11.8241
    endloop
  endfacet
  facet normal 0 -0.266337 0.96388
    outer loop
      vertex -8.285 -21.4072 12.6231
      vertex -4.285 -24.2988 11.8241
      vertex -4.285 -21.4072 12.6231
    endloop
  endfacet
  facet normal 0 -0.266337 0.96388
    outer loop
      vertex -4.285 -24.2988 11.8241
      vertex -8.285 -21.4072 12.6231
      vertex -8.285 -24.2988 11.8241
    endloop
  endfacet
  facet normal 0 -0.963886 -0.266314
    outer loop
      vertex -8.285 -24.0458 10.9084
      vertex -4.285 -24.2988 11.8241
      vertex -8.285 -24.2988 11.8241
    endloop
  endfacet
  facet normal 0 -0.963886 -0.266314
    outer loop
      vertex -4.285 -24.2988 11.8241
      vertex -8.285 -24.0458 10.9084
      vertex -4.285 -24.0458 10.9084
    endloop
  endfacet
  facet normal 0 0.963886 0.266314
    outer loop
      vertex -4.285 -21.1542 11.7074
      vertex -8.285 -21.4072 12.6231
      vertex -4.285 -21.4072 12.6231
    endloop
  endfacet
  facet normal 0 0.963886 0.266314
    outer loop
      vertex -8.285 -21.4072 12.6231
      vertex -4.285 -21.1542 11.7074
      vertex -8.285 -21.1542 11.7074
    endloop
  endfacet
  facet normal 1 0 0
    outer loop
      vertex -4.285 -21.4072 12.6231
      vertex -4.285 -24.0458 10.9084
      vertex -4.285 -21.1542 11.7074
    endloop
  endfacet
  facet normal 1 0 -0
    outer loop
      vertex -4.285 -24.0458 10.9084
      vertex -4.285 -21.4072 12.6231
      vertex -4.285 -24.2988 11.8241
    endloop
  endfacet
  facet normal -1 0 0
    outer loop
      vertex -3.535 -24.0458 10.9084
      vertex -3.535 -21.4072 12.6231
      vertex -3.535 -21.1542 11.7074
    endloop
  endfacet
  facet normal -1 0 0
    outer loop
      vertex -3.535 -21.4072 12.6231
      vertex -3.535 -24.0458 10.9084
      vertex -3.535 -24.2988 11.8241
    endloop
  endfacet
  facet normal 1 0 0
    outer loop
      vertex 0.464999 -21.4072 12.6231
      vertex 0.464999 -24.0458 10.9084
      vertex 0.464999 -21.1542 11.7074
    endloop
  endfacet
  facet normal 1 0 -0
    outer loop
      vertex 0.464999 -24.0458 10.9084
      vertex 0.464999 -21.4072 12.6231
      vertex 0.464999 -24.2988 11.8241
    endloop
  endfacet
  facet normal 0 -0.266337 0.96388
    outer loop
      vertex -3.535 -21.4072 12.6231
      vertex 0.464999 -24.2988 11.8241
      vertex 0.464999 -21.4072 12.6231
    endloop
  endfacet
  facet normal 0 -0.266337 0.96388
    outer loop
      vertex 0.464999 -24.2988 11.8241
      vertex -3.535 -21.4072 12.6231
      vertex -3.535 -24.2988 11.8241
    endloop
  endfacet
  facet normal 0 0.963886 0.266314
    outer loop
      vertex 0.464999 -21.1542 11.7074
      vertex -3.535 -21.4072 12.6231
      vertex 0.464999 -21.4072 12.6231
    endloop
  endfacet
  facet normal 0 0.963886 0.266314
    outer loop
      vertex -3.535 -21.4072 12.6231
      vertex 0.464999 -21.1542 11.7074
      vertex -3.535 -21.1542 11.7074
    endloop
  endfacet
  facet normal 0 -0.963886 -0.266314
    outer loop
      vertex -3.535 -24.0458 10.9084
      vertex 0.464999 -24.2988 11.8241
      vertex -3.535 -24.2988 11.8241
    endloop
  endfacet
  facet normal 0 -0.963886 -0.266314
    outer loop
      vertex 0.464999 -24.2988 11.8241
      vertex -3.535 -24.0458 10.9084
      vertex 0.464999 -24.0458 10.9084
    endloop
  endfacet
  facet normal -1 0 0
    outer loop
      vertex 1.215 -24.0458 10.9084
      vertex 1.215 -21.4072 12.6231
      vertex 1.215 -21.1542 11.7074
    endloop
  endfacet
  facet normal -1 0 0
    outer loop
      vertex 1.215 -21.4072 12.6231
      vertex 1.215 -24.0458 10.9084
      vertex 1.215 -24.2988 11.8241
    endloop
  endfacet
  facet normal 1 0 0
    outer loop
      vertex 5.215 -21.4072 12.6231
      vertex 5.215 -24.0458 10.9084
      vertex 5.215 -21.1542 11.7074
    endloop
  endfacet
  facet normal 1 0 -0
    outer loop
      vertex 5.215 -24.0458 10.9084
      vertex 5.215 -21.4072 12.6231
      vertex 5.215 -24.2988 11.8241
    endloop
  endfacet
  facet normal 0 -0.266337 0.96388
    outer loop
      vertex 1.215 -21.4072 12.6231
      vertex 5.215 -24.2988 11.8241
      vertex 5.215 -21.4072 12.6231
    endloop
  endfacet
  facet normal 0 -0.266337 0.96388
    outer loop
      vertex 5.215 -24.2988 11.8241
      vertex 1.215 -21.4072 12.6231
      vertex 1.215 -24.2988 11.8241
    endloop
  endfacet
  facet normal 0 0.963886 0.266314
    outer loop
      vertex 5.215 -21.1542 11.7074
      vertex 1.215 -21.4072 12.6231
      vertex 5.215 -21.4072 12.6231
    endloop
  endfacet
  facet normal 0 0.963886 0.266314
    outer loop
      vertex 1.215 -21.4072 12.6231
      vertex 5.215 -21.1542 11.7074
      vertex 1.215 -21.1542 11.7074
    endloop
  endfacet
  facet normal 0 -0.963886 -0.266314
    outer loop
      vertex 1.215 -24.0458 10.9084
      vertex 5.215 -24.2988 11.8241
      vertex 1.215 -24.2988 11.8241
    endloop
  endfacet
  facet normal 0 -0.963886 -0.266314
    outer loop
      vertex 5.215 -24.2988 11.8241
      vertex 1.215 -24.0458 10.9084
      vertex 5.215 -24.0458 10.9084
    endloop
  endfacet
  facet normal -1 0 0
    outer loop
      vertex 5.965 -24.0458 10.9084
      vertex 5.965 -21.4072 12.6231
      vertex 5.965 -21.1542 11.7074
    endloop
  endfacet
  facet normal -1 0 0
    outer loop
      vertex 5.965 -21.4072 12.6231
      vertex 5.965 -24.0458 10.9084
      vertex 5.965 -24.2988 11.8241
    endloop
  endfacet
  facet normal 1 0 0
    outer loop
      vertex 9.965 -21.4072 12.6231
      vertex 9.965 -24.0458 10.9084
      vertex 9.965 -21.1542 11.7074
    endloop
  endfacet
  facet normal 1 0 -0
    outer loop
      vertex 9.965 -24.0458 10.9084
      vertex 9.965 -21.4072 12.6231
      vertex 9.965 -24.2988 11.8241
    endloop
  endfacet
  facet normal 0 -0.266337 0.96388
    outer loop
      vertex 5.965 -21.4072 12.6231
      vertex 9.965 -24.2988 11.8241
      vertex 9.965 -21.4072 12.6231
    endloop
  endfacet
  facet normal 0 -0.266337 0.96388
    outer loop
      vertex 9.965 -24.2988 11.8241
      vertex 5.965 -21.4072 12.6231
      vertex 5.965 -24.2988 11.8241
    endloop
  endfacet
  facet normal 0 -0.963886 -0.266314
    outer loop
      vertex 5.965 -24.0458 10.9084
      vertex 9.965 -24.2988 11.8241
      vertex 5.965 -24.2988 11.8241
    endloop
  endfacet
  facet normal 0 -0.963886 -0.266314
    outer loop
      vertex 9.965 -24.2988 11.8241
      vertex 5.965 -24.0458 10.9084
      vertex 9.965 -24.0458 10.9084
    endloop
  endfacet
  facet normal 0 0.963886 0.266314
    outer loop
      vertex 9.965 -21.1542 11.7074
      vertex 5.965 -21.4072 12.6231
      vertex 9.965 -21.4072 12.6231
    endloop
  endfacet
  facet normal 0 0.963886 0.266314
    outer loop
      vertex 5.965 -21.4072 12.6231
      vertex 9.965 -21.1542 11.7074
      vertex 5.965 -21.1542 11.7074
    endloop
  endfacet
  facet normal -1 0 0
    outer loop
      vertex 10.715 -24.0458 10.9084
      vertex 10.715 -21.4072 12.6231
      vertex 10.715 -21.1542 11.7074
    endloop
  endfacet
  facet normal -1 0 0
    outer loop
      vertex 10.715 -21.4072 12.6231
      vertex 10.715 -24.0458 10.9084
      vertex 10.715 -24.2988 11.8241
    endloop
  endfacet
  facet normal 1 0 0
    outer loop
      vertex 14.715 -21.4072 12.6231
      vertex 14.715 -24.0458 10.9084
      vertex 14.715 -21.1542 11.7074
    endloop
  endfacet
  facet normal 1 0 -0
    outer loop
      vertex 14.715 -24.0458 10.9084
      vertex 14.715 -21.4072 12.6231
      vertex 14.715 -24.2988 11.8241
    endloop
  endfacet
  facet normal 0 -0.266337 0.96388
    outer loop
      vertex 10.715 -21.4072 12.6231
      vertex 14.715 -24.2988 11.8241
      vertex 14.715 -21.4072 12.6231
    endloop
  endfacet
  facet normal 0 -0.266337 0.96388
    outer loop
      vertex 14.715 -24.2988 11.8241
      vertex 10.715 -21.4072 12.6231
      vertex 10.715 -24.2988 11.8241
    endloop
  endfacet
  facet normal 0 -0.963886 -0.266314
    outer loop
      vertex 10.715 -24.0458 10.9084
      vertex 14.715 -24.2988 11.8241
      vertex 10.715 -24.2988 11.8241
    endloop
  endfacet
  facet normal 0 -0.963886 -0.266314
    outer loop
      vertex 14.715 -24.2988 11.8241
      vertex 10.715 -24.0458 10.9084
      vertex 14.715 -24.0458 10.9084
    endloop
  endfacet
  facet normal 0 0.963886 0.266314
    outer loop
      vertex 14.715 -21.1542 11.7074
      vertex 10.715 -21.4072 12.6231
      vertex 14.715 -21.4072 12.6231
    endloop
  endfacet
  facet normal 0 0.963886 0.266314
    outer loop
      vertex 10.715 -21.4072 12.6231
      vertex 14.715 -21.1542 11.7074
      vertex 10.715 -21.1542 11.7074
    endloop
  endfacet
  facet normal -1 0 0
    outer loop
      vertex 15.465 -24.0458 10.9084
      vertex 15.465 -21.4072 12.6231
      vertex 15.465 -21.1542 11.7074
    endloop
  endfacet
  facet normal -1 0 0
    outer loop
      vertex 15.465 -21.4072 12.6231
      vertex 15.465 -24.0458 10.9084
      vertex 15.465 -24.2988 11.8241
    endloop
  endfacet
  facet normal 1 0 0
    outer loop
      vertex 19.465 -21.4072 12.6231
      vertex 19.465 -24.0458 10.9084
      vertex 19.465 -21.1542 11.7074
    endloop
  endfacet
  facet normal 1 0 -0
    outer loop
      vertex 19.465 -24.0458 10.9084
      vertex 19.465 -21.4072 12.6231
      vertex 19.465 -24.2988 11.8241
    endloop
  endfacet
  facet normal 0 -0.266337 0.96388
    outer loop
      vertex 15.465 -21.4072 12.6231
      vertex 19.465 -24.2988 11.8241
      vertex 19.465 -21.4072 12.6231
    endloop
  endfacet
  facet normal 0 -0.266337 0.96388
    outer loop
      vertex 19.465 -24.2988 11.8241
      vertex 15.465 -21.4072 12.6231
      vertex 15.465 -24.2988 11.8241
    endloop
  endfacet
  facet normal 0 -0.963886 -0.266314
    outer loop
      vertex 15.465 -24.0458 10.9084
      vertex 19.465 -24.2988 11.8241
      vertex 15.465 -24.2988 11.8241
    endloop
  endfacet
  facet normal 0 -0.963886 -0.266314
    outer loop
      vertex 19.465 -24.2988 11.8241
      vertex 15.465 -24.0458 10.9084
      vertex 19.465 -24.0458 10.9084
    endloop
  endfacet
  facet normal 0 0.963886 0.266314
    outer loop
      vertex 19.465 -21.1542 11.7074
      vertex 15.465 -21.4072 12.6231
      vertex 19.465 -21.4072 12.6231
    endloop
  endfacet
  facet normal 0 0.963886 0.266314
    outer loop
      vertex 15.465 -21.4072 12.6231
      vertex 19.465 -21.1542 11.7074
      vertex 15.465 -21.1542 11.7074
    endloop
  endfacet
  facet normal -1 0 0
    outer loop
      vertex 20.215 -24.0458 10.9084
      vertex 20.215 -21.4072 12.6231
      vertex 20.215 -21.1542 11.7074
    endloop
  endfacet
  facet normal -1 0 0
    outer loop
      vertex 20.215 -21.4072 12.6231
      vertex 20.215 -24.0458 10.9084
      vertex 20.215 -24.2988 11.8241
    endloop
  endfacet
  facet normal 1 0 0
    outer loop
      vertex 24.215 -21.4072 12.6231
      vertex 24.215 -24.0458 10.9084
      vertex 24.215 -21.1542 11.7074
    endloop
  endfacet
  facet normal 1 0 -0
    outer loop
      vertex 24.215 -24.0458 10.9084
      vertex 24.215 -21.4072 12.6231
      vertex 24.215 -24.2988 11.8241
    endloop
  endfacet
  facet normal 0 -0.266337 0.96388
    outer loop
      vertex 20.215 -21.4072 12.6231
      vertex 24.215 -24.2988 11.8241
      vertex 24.215 -21.4072 12.6231
    endloop
  endfacet
  facet normal 0 -0.266337 0.96388
    outer loop
      vertex 24.215 -24.2988 11.8241
      vertex 20.215 -21.4072 12.6231
      vertex 20.215 -24.2988 11.8241
    endloop
  endfacet
  facet normal 0 -0.963886 -0.266314
    outer loop
      vertex 20.215 -24.0458 10.9084
      vertex 24.215 -24.2988 11.8241
      vertex 20.215 -24.2988 11.8241
    endloop
  endfacet
  facet normal 0 -0.963886 -0.266314
    outer loop
      vertex 24.215 -24.2988 11.8241
      vertex 20.215 -24.0458 10.9084
      vertex 24.215 -24.0458 10.9084
    endloop
  endfacet
  facet normal 0 0.963886 0.266314
    outer loop
      vertex 24.215 -21.1542 11.7074
      vertex 20.215 -21.4072 12.6231
      vertex 24.215 -21.4072 12.6231
    endloop
  endfacet
  facet normal 0 0.963886 0.266314
    outer loop
      vertex 20.215 -21.4072 12.6231
      vertex 24.215 -21.1542 11.7074
      vertex 20.215 -21.1542 11.7074
    endloop
  endfacet
  facet normal 0 0.963886 0.266314
    outer loop
      vertex -18.115 -15.4542 13.2824
      vertex -22.115 -15.7072 14.1981
      vertex -18.115 -15.7072 14.1981
    endloop
  endfacet
  facet normal 0 0.963886 0.266314
    outer loop
      vertex -22.115 -15.7072 14.1981
      vertex -18.115 -15.4542 13.2824
      vertex -22.115 -15.4542 13.2824
    endloop
  endfacet
  facet normal 0 -0.266337 0.96388
    outer loop
      vertex -22.115 -15.7072 14.1981
      vertex -18.115 -18.5988 13.3991
      vertex -18.115 -15.7072 14.1981
    endloop
  endfacet
  facet normal 0 -0.266337 0.96388
    outer loop
      vertex -18.115 -18.5988 13.3991
      vertex -22.115 -15.7072 14.1981
      vertex -22.115 -18.5988 13.3991
    endloop
  endfacet
  facet normal -1 0 0
    outer loop
      vertex -22.115 -18.3458 12.4834
      vertex -22.115 -15.7072 14.1981
      vertex -22.115 -15.4542 13.2824
    endloop
  endfacet
  facet normal -1 0 0
    outer loop
      vertex -22.115 -15.7072 14.1981
      vertex -22.115 -18.3458 12.4834
      vertex -22.115 -18.5988 13.3991
    endloop
  endfacet
  facet normal 1 0 0
    outer loop
      vertex -18.115 -15.7072 14.1981
      vertex -18.115 -18.3458 12.4834
      vertex -18.115 -15.4542 13.2824
    endloop
  endfacet
  facet normal 1 0 -0
    outer loop
      vertex -18.115 -18.3458 12.4834
      vertex -18.115 -15.7072 14.1981
      vertex -18.115 -18.5988 13.3991
    endloop
  endfacet
  facet normal 0 -0.963886 -0.266314
    outer loop
      vertex -22.115 -18.3458 12.4834
      vertex -18.115 -18.5988 13.3991
      vertex -22.115 -18.5988 13.3991
    endloop
  endfacet
  facet normal 0 -0.963886 -0.266314
    outer loop
      vertex -18.115 -18.5988 13.3991
      vertex -22.115 -18.3458 12.4834
      vertex -18.115 -18.3458 12.4834
    endloop
  endfacet
  facet normal 0 -0.266337 0.96388
    outer loop
      vertex -17.365 -15.7072 14.1981
      vertex -13.365 -18.5988 13.3991
      vertex -13.365 -15.7072 14.1981
    endloop
  endfacet
  facet normal 0 -0.266337 0.96388
    outer loop
      vertex -13.365 -18.5988 13.3991
      vertex -17.365 -15.7072 14.1981
      vertex -17.365 -18.5988 13.3991
    endloop
  endfacet
  facet normal -1 0 0
    outer loop
      vertex -17.365 -18.3458 12.4834
      vertex -17.365 -15.7072 14.1981
      vertex -17.365 -15.4542 13.2824
    endloop
  endfacet
  facet normal -1 0 0
    outer loop
      vertex -17.365 -15.7072 14.1981
      vertex -17.365 -18.3458 12.4834
      vertex -17.365 -18.5988 13.3991
    endloop
  endfacet
  facet normal 0 0.963886 0.266314
    outer loop
      vertex -13.365 -15.4542 13.2824
      vertex -17.365 -15.7072 14.1981
      vertex -13.365 -15.7072 14.1981
    endloop
  endfacet
  facet normal 0 0.963886 0.266314
    outer loop
      vertex -17.365 -15.7072 14.1981
      vertex -13.365 -15.4542 13.2824
      vertex -17.365 -15.4542 13.2824
    endloop
  endfacet
  facet normal 1 0 0
    outer loop
      vertex -13.365 -15.7072 14.1981
      vertex -13.365 -18.3458 12.4834
      vertex -13.365 -15.4542 13.2824
    endloop
  endfacet
  facet normal 1 0 -0
    outer loop
      vertex -13.365 -18.3458 12.4834
      vertex -13.365 -15.7072 14.1981
      vertex -13.365 -18.5988 13.3991
    endloop
  endfacet
  facet normal 0 -0.963886 -0.266314
    outer loop
      vertex -17.365 -18.3458 12.4834
      vertex -13.365 -18.5988 13.3991
      vertex -17.365 -18.5988 13.3991
    endloop
  endfacet
  facet normal 0 -0.963886 -0.266314
    outer loop
      vertex -13.365 -18.5988 13.3991
      vertex -17.365 -18.3458 12.4834
      vertex -13.365 -18.3458 12.4834
    endloop
  endfacet
  facet normal 0 -0.266337 0.96388
    outer loop
      vertex -12.615 -15.7072 14.1981
      vertex -8.615 -18.5988 13.3991
      vertex -8.615 -15.7072 14.1981
    endloop
  endfacet
  facet normal 0 -0.266337 0.96388
    outer loop
      vertex -8.615 -18.5988 13.3991
      vertex -12.615 -15.7072 14.1981
      vertex -12.615 -18.5988 13.3991
    endloop
  endfacet
  facet normal 1 0 0
    outer loop
      vertex -8.615 -15.7072 14.1981
      vertex -8.615 -18.3458 12.4834
      vertex -8.615 -15.4542 13.2824
    endloop
  endfacet
  facet normal 1 0 -0
    outer loop
      vertex -8.615 -18.3458 12.4834
      vertex -8.615 -15.7072 14.1981
      vertex -8.615 -18.5988 13.3991
    endloop
  endfacet
  facet normal -1 0 0
    outer loop
      vertex -12.615 -18.3458 12.4834
      vertex -12.615 -15.7072 14.1981
      vertex -12.615 -15.4542 13.2824
    endloop
  endfacet
  facet normal -1 0 0
    outer loop
      vertex -12.615 -15.7072 14.1981
      vertex -12.615 -18.3458 12.4834
      vertex -12.615 -18.5988 13.3991
    endloop
  endfacet
  facet normal 0 0.963886 0.266314
    outer loop
      vertex -8.615 -15.4542 13.2824
      vertex -12.615 -15.7072 14.1981
      vertex -8.615 -15.7072 14.1981
    endloop
  endfacet
  facet normal 0 0.963886 0.266314
    outer loop
      vertex -12.615 -15.7072 14.1981
      vertex -8.615 -15.4542 13.2824
      vertex -12.615 -15.4542 13.2824
    endloop
  endfacet
  facet normal 0 -0.963886 -0.266314
    outer loop
      vertex -12.615 -18.3458 12.4834
      vertex -8.615 -18.5988 13.3991
      vertex -12.615 -18.5988 13.3991
    endloop
  endfacet
  facet normal 0 -0.963886 -0.266314
    outer loop
      vertex -8.615 -18.5988 13.3991
      vertex -12.615 -18.3458 12.4834
      vertex -8.615 -18.3458 12.4834
    endloop
  endfacet
  facet normal 0 0.963886 0.266314
    outer loop
      vertex -3.865 -15.4542 13.2824
      vertex -7.865 -15.7072 14.1981
      vertex -3.865 -15.7072 14.1981
    endloop
  endfacet
  facet normal 0 0.963886 0.266314
    outer loop
      vertex -7.865 -15.7072 14.1981
      vertex -3.865 -15.4542 13.2824
      vertex -7.865 -15.4542 13.2824
    endloop
  endfacet
  facet normal 0 -0.266337 0.96388
    outer loop
      vertex -7.865 -15.7072 14.1981
      vertex -3.865 -18.5988 13.3991
      vertex -3.865 -15.7072 14.1981
    endloop
  endfacet
  facet normal 0 -0.266337 0.96388
    outer loop
      vertex -3.865 -18.5988 13.3991
      vertex -7.865 -15.7072 14.1981
      vertex -7.865 -18.5988 13.3991
    endloop
  endfacet
  facet normal 1 0 0
    outer loop
      vertex -3.865 -15.7072 14.1981
      vertex -3.865 -18.3458 12.4834
      vertex -3.865 -15.4542 13.2824
    endloop
  endfacet
  facet normal 1 0 -0
    outer loop
      vertex -3.865 -18.3458 12.4834
      vertex -3.865 -15.7072 14.1981
      vertex -3.865 -18.5988 13.3991
    endloop
  endfacet
  facet normal -1 0 0
    outer loop
      vertex -7.865 -18.3458 12.4834
      vertex -7.865 -15.7072 14.1981
      vertex -7.865 -15.4542 13.2824
    endloop
  endfacet
  facet normal -1 0 0
    outer loop
      vertex -7.865 -15.7072 14.1981
      vertex -7.865 -18.3458 12.4834
      vertex -7.865 -18.5988 13.3991
    endloop
  endfacet
  facet normal 0 -0.963886 -0.266314
    outer loop
      vertex -7.865 -18.3458 12.4834
      vertex -3.865 -18.5988 13.3991
      vertex -7.865 -18.5988 13.3991
    endloop
  endfacet
  facet normal 0 -0.963886 -0.266314
    outer loop
      vertex -3.865 -18.5988 13.3991
      vertex -7.865 -18.3458 12.4834
      vertex -3.865 -18.3458 12.4834
    endloop
  endfacet
  facet normal 0 -0.266337 0.96388
    outer loop
      vertex -3.115 -15.7072 14.1981
      vertex 0.884999 -18.5988 13.3991
      vertex 0.884999 -15.7072 14.1981
    endloop
  endfacet
  facet normal 0 -0.266337 0.96388
    outer loop
      vertex 0.884999 -18.5988 13.3991
      vertex -3.115 -15.7072 14.1981
      vertex -3.115 -18.5988 13.3991
    endloop
  endfacet
  facet normal -1 0 0
    outer loop
      vertex -3.115 -18.3458 12.4834
      vertex -3.115 -15.7072 14.1981
      vertex -3.115 -15.4542 13.2824
    endloop
  endfacet
  facet normal -1 0 0
    outer loop
      vertex -3.115 -15.7072 14.1981
      vertex -3.115 -18.3458 12.4834
      vertex -3.115 -18.5988 13.3991
    endloop
  endfacet
  facet normal 0 0.963886 0.266314
    outer loop
      vertex 0.884999 -15.4542 13.2824
      vertex -3.115 -15.7072 14.1981
      vertex 0.884999 -15.7072 14.1981
    endloop
  endfacet
  facet normal 0 0.963886 0.266314
    outer loop
      vertex -3.115 -15.7072 14.1981
      vertex 0.884999 -15.4542 13.2824
      vertex -3.115 -15.4542 13.2824
    endloop
  endfacet
  facet normal 1 0 0
    outer loop
      vertex 0.884999 -15.7072 14.1981
      vertex 0.884999 -18.3458 12.4834
      vertex 0.884999 -15.4542 13.2824
    endloop
  endfacet
  facet normal 1 0 -0
    outer loop
      vertex 0.884999 -18.3458 12.4834
      vertex 0.884999 -15.7072 14.1981
      vertex 0.884999 -18.5988 13.3991
    endloop
  endfacet
  facet normal 0 -0.963886 -0.266314
    outer loop
      vertex -3.115 -18.3458 12.4834
      vertex 0.884999 -18.5988 13.3991
      vertex -3.115 -18.5988 13.3991
    endloop
  endfacet
  facet normal 0 -0.963886 -0.266314
    outer loop
      vertex 0.884999 -18.5988 13.3991
      vertex -3.115 -18.3458 12.4834
      vertex 0.884999 -18.3458 12.4834
    endloop
  endfacet
  facet normal 0 0.963886 0.266314
    outer loop
      vertex 5.635 -15.4542 13.2824
      vertex 1.635 -15.7072 14.1981
      vertex 5.635 -15.7072 14.1981
    endloop
  endfacet
  facet normal 0 0.963886 0.266314
    outer loop
      vertex 1.635 -15.7072 14.1981
      vertex 5.635 -15.4542 13.2824
      vertex 1.635 -15.4542 13.2824
    endloop
  endfacet
  facet normal 0 -0.266337 0.96388
    outer loop
      vertex 1.635 -15.7072 14.1981
      vertex 5.635 -18.5988 13.3991
      vertex 5.635 -15.7072 14.1981
    endloop
  endfacet
  facet normal 0 -0.266337 0.96388
    outer loop
      vertex 5.635 -18.5988 13.3991
      vertex 1.635 -15.7072 14.1981
      vertex 1.635 -18.5988 13.3991
    endloop
  endfacet
  facet normal 1 0 0
    outer loop
      vertex 5.635 -15.7072 14.1981
      vertex 5.635 -18.3458 12.4834
      vertex 5.635 -15.4542 13.2824
    endloop
  endfacet
  facet normal 1 0 -0
    outer loop
      vertex 5.635 -18.3458 12.4834
      vertex 5.635 -15.7072 14.1981
      vertex 5.635 -18.5988 13.3991
    endloop
  endfacet
  facet normal -1 0 0
    outer loop
      vertex 1.635 -18.3458 12.4834
      vertex 1.635 -15.7072 14.1981
      vertex 1.635 -15.4542 13.2824
    endloop
  endfacet
  facet normal -1 0 0
    outer loop
      vertex 1.635 -15.7072 14.1981
      vertex 1.635 -18.3458 12.4834
      vertex 1.635 -18.5988 13.3991
    endloop
  endfacet
  facet normal 0 -0.963886 -0.266314
    outer loop
      vertex 1.635 -18.3458 12.4834
      vertex 5.635 -18.5988 13.3991
      vertex 1.635 -18.5988 13.3991
    endloop
  endfacet
  facet normal 0 -0.963886 -0.266314
    outer loop
      vertex 5.635 -18.5988 13.3991
      vertex 1.635 -18.3458 12.4834
      vertex 5.635 -18.3458 12.4834
    endloop
  endfacet
  facet normal 0 0.963886 0.266314
    outer loop
      vertex 10.385 -15.4542 13.2824
      vertex 6.385 -15.7072 14.1981
      vertex 10.385 -15.7072 14.1981
    endloop
  endfacet
  facet normal 0 0.963886 0.266314
    outer loop
      vertex 6.385 -15.7072 14.1981
      vertex 10.385 -15.4542 13.2824
      vertex 6.385 -15.4542 13.2824
    endloop
  endfacet
  facet normal 0 -0.266337 0.96388
    outer loop
      vertex 6.385 -15.7072 14.1981
      vertex 10.385 -18.5988 13.3991
      vertex 10.385 -15.7072 14.1981
    endloop
  endfacet
  facet normal 0 -0.266337 0.96388
    outer loop
      vertex 10.385 -18.5988 13.3991
      vertex 6.385 -15.7072 14.1981
      vertex 6.385 -18.5988 13.3991
    endloop
  endfacet
  facet normal 1 0 0
    outer loop
      vertex 10.385 -15.7072 14.1981
      vertex 10.385 -18.3458 12.4834
      vertex 10.385 -15.4542 13.2824
    endloop
  endfacet
  facet normal 1 0 -0
    outer loop
      vertex 10.385 -18.3458 12.4834
      vertex 10.385 -15.7072 14.1981
      vertex 10.385 -18.5988 13.3991
    endloop
  endfacet
  facet normal -1 0 0
    outer loop
      vertex 6.385 -18.3458 12.4834
      vertex 6.385 -15.7072 14.1981
      vertex 6.385 -15.4542 13.2824
    endloop
  endfacet
  facet normal -1 0 0
    outer loop
      vertex 6.385 -15.7072 14.1981
      vertex 6.385 -18.3458 12.4834
      vertex 6.385 -18.5988 13.3991
    endloop
  endfacet
  facet normal 0 -0.963886 -0.266314
    outer loop
      vertex 6.385 -18.3458 12.4834
      vertex 10.385 -18.5988 13.3991
      vertex 6.385 -18.5988 13.3991
    endloop
  endfacet
  facet normal 0 -0.963886 -0.266314
    outer loop
      vertex 10.385 -18.5988 13.3991
      vertex 6.385 -18.3458 12.4834
      vertex 10.385 -18.3458 12.4834
    endloop
  endfacet
  facet normal 0 0.963886 0.266314
    outer loop
      vertex 19.885 -15.4542 13.2824
      vertex 15.885 -15.7072 14.1981
      vertex 19.885 -15.7072 14.1981
    endloop
  endfacet
  facet normal 0 0.963886 0.266314
    outer loop
      vertex 15.885 -15.7072 14.1981
      vertex 19.885 -15.4542 13.2824
      vertex 15.885 -15.4542 13.2824
    endloop
  endfacet
  facet normal 0 -0.266337 0.96388
    outer loop
      vertex 15.885 -15.7072 14.1981
      vertex 19.885 -18.5988 13.3991
      vertex 19.885 -15.7072 14.1981
    endloop
  endfacet
  facet normal 0 -0.266337 0.96388
    outer loop
      vertex 19.885 -18.5988 13.3991
      vertex 15.885 -15.7072 14.1981
      vertex 15.885 -18.5988 13.3991
    endloop
  endfacet
  facet normal 1 0 0
    outer loop
      vertex 19.885 -15.7072 14.1981
      vertex 19.885 -18.3458 12.4834
      vertex 19.885 -15.4542 13.2824
    endloop
  endfacet
  facet normal 1 0 -0
    outer loop
      vertex 19.885 -18.3458 12.4834
      vertex 19.885 -15.7072 14.1981
      vertex 19.885 -18.5988 13.3991
    endloop
  endfacet
  facet normal -1 0 0
    outer loop
      vertex 15.885 -18.3458 12.4834
      vertex 15.885 -15.7072 14.1981
      vertex 15.885 -15.4542 13.2824
    endloop
  endfacet
  facet normal -1 0 0
    outer loop
      vertex 15.885 -15.7072 14.1981
      vertex 15.885 -18.3458 12.4834
      vertex 15.885 -18.5988 13.3991
    endloop
  endfacet
  facet normal 0 -0.963886 -0.266314
    outer loop
      vertex 15.885 -18.3458 12.4834
      vertex 19.885 -18.5988 13.3991
      vertex 15.885 -18.5988 13.3991
    endloop
  endfacet
  facet normal 0 -0.963886 -0.266314
    outer loop
      vertex 19.885 -18.5988 13.3991
      vertex 15.885 -18.3458 12.4834
      vertex 19.885 -18.3458 12.4834
    endloop
  endfacet
  facet normal 0 0.963886 0.266314
    outer loop
      vertex 24.635 -15.4542 13.2824
      vertex 20.635 -15.7072 14.1981
      vertex 24.635 -15.7072 14.1981
    endloop
  endfacet
  facet normal 0 0.963886 0.266314
    outer loop
      vertex 20.635 -15.7072 14.1981
      vertex 24.635 -15.4542 13.2824
      vertex 20.635 -15.4542 13.2824
    endloop
  endfacet
  facet normal 0 -0.266337 0.96388
    outer loop
      vertex 20.635 -15.7072 14.1981
      vertex 24.635 -18.5988 13.3991
      vertex 24.635 -15.7072 14.1981
    endloop
  endfacet
  facet normal 0 -0.266337 0.96388
    outer loop
      vertex 24.635 -18.5988 13.3991
      vertex 20.635 -15.7072 14.1981
      vertex 20.635 -18.5988 13.3991
    endloop
  endfacet
  facet normal 1 0 0
    outer loop
      vertex 24.635 -15.7072 14.1981
      vertex 24.635 -18.3458 12.4834
      vertex 24.635 -15.4542 13.2824
    endloop
  endfacet
  facet normal 1 0 -0
    outer loop
      vertex 24.635 -18.3458 12.4834
      vertex 24.635 -15.7072 14.1981
      vertex 24.635 -18.5988 13.3991
    endloop
  endfacet
  facet normal -1 0 0
    outer loop
      vertex 20.635 -18.3458 12.4834
      vertex 20.635 -15.7072 14.1981
      vertex 20.635 -15.4542 13.2824
    endloop
  endfacet
  facet normal -1 0 0
    outer loop
      vertex 20.635 -15.7072 14.1981
      vertex 20.635 -18.3458 12.4834
      vertex 20.635 -18.5988 13.3991
    endloop
  endfacet
  facet normal 0 -0.963886 -0.266314
    outer loop
      vertex 20.635 -18.3458 12.4834
      vertex 24.635 -18.5988 13.3991
      vertex 20.635 -18.5988 13.3991
    endloop
  endfacet
  facet normal 0 -0.963886 -0.266314
    outer loop
      vertex 24.635 -18.5988 13.3991
      vertex 20.635 -18.3458 12.4834
      vertex 24.635 -18.3458 12.4834
    endloop
  endfacet
  facet normal -1 0 0
    outer loop
      vertex -21.695 -12.6458 14.0584
      vertex -21.695 -10.0072 15.7731
      vertex -21.695 -9.75418 14.8574
    endloop
  endfacet
  facet normal -1 0 0
    outer loop
      vertex -21.695 -10.0072 15.7731
      vertex -21.695 -12.6458 14.0584
      vertex -21.695 -12.8988 14.9741
    endloop
  endfacet
  facet normal 0 -0.266337 0.96388
    outer loop
      vertex -21.695 -10.0072 15.7731
      vertex -17.695 -12.8988 14.9741
      vertex -17.695 -10.0072 15.7731
    endloop
  endfacet
  facet normal 0 -0.266337 0.96388
    outer loop
      vertex -17.695 -12.8988 14.9741
      vertex -21.695 -10.0072 15.7731
      vertex -21.695 -12.8988 14.9741
    endloop
  endfacet
  facet normal 0 0.963881 0.266333
    outer loop
      vertex -17.695 -9.75418 14.8574
      vertex -21.695 -10.0072 15.7731
      vertex -17.695 -10.0072 15.7731
    endloop
  endfacet
  facet normal 0 0.963881 0.266333
    outer loop
      vertex -21.695 -10.0072 15.7731
      vertex -17.695 -9.75418 14.8574
      vertex -21.695 -9.75418 14.8574
    endloop
  endfacet
  facet normal 0 -0.963886 -0.266314
    outer loop
      vertex -21.695 -12.6458 14.0584
      vertex -17.695 -12.8988 14.9741
      vertex -21.695 -12.8988 14.9741
    endloop
  endfacet
  facet normal 0 -0.963886 -0.266314
    outer loop
      vertex -17.695 -12.8988 14.9741
      vertex -21.695 -12.6458 14.0584
      vertex -17.695 -12.6458 14.0584
    endloop
  endfacet
  facet normal 1 0 0
    outer loop
      vertex -17.695 -10.0072 15.7731
      vertex -17.695 -12.6458 14.0584
      vertex -17.695 -9.75418 14.8574
    endloop
  endfacet
  facet normal 1 0 -0
    outer loop
      vertex -17.695 -12.6458 14.0584
      vertex -17.695 -10.0072 15.7731
      vertex -17.695 -12.8988 14.9741
    endloop
  endfacet
  facet normal -1 0 0
    outer loop
      vertex -16.945 -12.6458 14.0584
      vertex -16.945 -10.0072 15.7731
      vertex -16.945 -9.75418 14.8574
    endloop
  endfacet
  facet normal -1 0 0
    outer loop
      vertex -16.945 -10.0072 15.7731
      vertex -16.945 -12.6458 14.0584
      vertex -16.945 -12.8988 14.9741
    endloop
  endfacet
  facet normal 0 -0.266337 0.96388
    outer loop
      vertex -16.945 -10.0072 15.7731
      vertex -12.945 -12.8988 14.9741
      vertex -12.945 -10.0072 15.7731
    endloop
  endfacet
  facet normal 0 -0.266337 0.96388
    outer loop
      vertex -12.945 -12.8988 14.9741
      vertex -16.945 -10.0072 15.7731
      vertex -16.945 -12.8988 14.9741
    endloop
  endfacet
  facet normal 0 -0.963886 -0.266314
    outer loop
      vertex -16.945 -12.6458 14.0584
      vertex -12.945 -12.8988 14.9741
      vertex -16.945 -12.8988 14.9741
    endloop
  endfacet
  facet normal 0 -0.963886 -0.266314
    outer loop
      vertex -12.945 -12.8988 14.9741
      vertex -16.945 -12.6458 14.0584
      vertex -12.945 -12.6458 14.0584
    endloop
  endfacet
  facet normal 0 0.963881 0.266333
    outer loop
      vertex -12.945 -9.75418 14.8574
      vertex -16.945 -10.0072 15.7731
      vertex -12.945 -10.0072 15.7731
    endloop
  endfacet
  facet normal 0 0.963881 0.266333
    outer loop
      vertex -16.945 -10.0072 15.7731
      vertex -12.945 -9.75418 14.8574
      vertex -16.945 -9.75418 14.8574
    endloop
  endfacet
  facet normal 1 0 0
    outer loop
      vertex -12.945 -10.0072 15.7731
      vertex -12.945 -12.6458 14.0584
      vertex -12.945 -9.75418 14.8574
    endloop
  endfacet
  facet normal 1 0 -0
    outer loop
      vertex -12.945 -12.6458 14.0584
      vertex -12.945 -10.0072 15.7731
      vertex -12.945 -12.8988 14.9741
    endloop
  endfacet
  facet normal -1 0 0
    outer loop
      vertex -12.195 -12.6458 14.0584
      vertex -12.195 -10.0072 15.7731
      vertex -12.195 -9.75418 14.8574
    endloop
  endfacet
  facet normal -1 0 0
    outer loop
      vertex -12.195 -10.0072 15.7731
      vertex -12.195 -12.6458 14.0584
      vertex -12.195 -12.8988 14.9741
    endloop
  endfacet
  facet normal 0 -0.266337 0.96388
    outer loop
      vertex -12.195 -10.0072 15.7731
      vertex -8.195 -12.8988 14.9741
      vertex -8.195 -10.0072 15.7731
    endloop
  endfacet
  facet normal 0 -0.266337 0.96388
    outer loop
      vertex -8.195 -12.8988 14.9741
      vertex -12.195 -10.0072 15.7731
      vertex -12.195 -12.8988 14.9741
    endloop
  endfacet
  facet normal 0 0.963881 0.266333
    outer loop
      vertex -8.195 -9.75418 14.8574
      vertex -12.195 -10.0072 15.7731
      vertex -8.195 -10.0072 15.7731
    endloop
  endfacet
  facet normal 0 0.963881 0.266333
    outer loop
      vertex -12.195 -10.0072 15.7731
      vertex -8.195 -9.75418 14.8574
      vertex -12.195 -9.75418 14.8574
    endloop
  endfacet
  facet normal 0 -0.963886 -0.266314
    outer loop
      vertex -12.195 -12.6458 14.0584
      vertex -8.195 -12.8988 14.9741
      vertex -12.195 -12.8988 14.9741
    endloop
  endfacet
  facet normal 0 -0.963886 -0.266314
    outer loop
      vertex -8.195 -12.8988 14.9741
      vertex -12.195 -12.6458 14.0584
      vertex -8.195 -12.6458 14.0584
    endloop
  endfacet
  facet normal 1 0 0
    outer loop
      vertex -8.195 -10.0072 15.7731
      vertex -8.195 -12.6458 14.0584
      vertex -8.195 -9.75418 14.8574
    endloop
  endfacet
  facet normal 1 0 -0
    outer loop
      vertex -8.195 -12.6458 14.0584
      vertex -8.195 -10.0072 15.7731
      vertex -8.195 -12.8988 14.9741
    endloop
  endfacet
  facet normal -1 0 0
    outer loop
      vertex -7.445 -12.6458 14.0584
      vertex -7.445 -10.0072 15.7731
      vertex -7.445 -9.75418 14.8574
    endloop
  endfacet
  facet normal -1 0 0
    outer loop
      vertex -7.445 -10.0072 15.7731
      vertex -7.445 -12.6458 14.0584
      vertex -7.445 -12.8988 14.9741
    endloop
  endfacet
  facet normal 1 0 0
    outer loop
      vertex -3.445 -10.0072 15.7731
      vertex -3.445 -12.6458 14.0584
      vertex -3.445 -9.75418 14.8574
    endloop
  endfacet
  facet normal 1 0 -0
    outer loop
      vertex -3.445 -12.6458 14.0584
      vertex -3.445 -10.0072 15.7731
      vertex -3.445 -12.8988 14.9741
    endloop
  endfacet
  facet normal 0 -0.266337 0.96388
    outer loop
      vertex -7.445 -10.0072 15.7731
      vertex -3.445 -12.8988 14.9741
      vertex -3.445 -10.0072 15.7731
    endloop
  endfacet
  facet normal 0 -0.266337 0.96388
    outer loop
      vertex -3.445 -12.8988 14.9741
      vertex -7.445 -10.0072 15.7731
      vertex -7.445 -12.8988 14.9741
    endloop
  endfacet
  facet normal 0 -0.963886 -0.266314
    outer loop
      vertex -7.445 -12.6458 14.0584
      vertex -3.445 -12.8988 14.9741
      vertex -7.445 -12.8988 14.9741
    endloop
  endfacet
  facet normal 0 -0.963886 -0.266314
    outer loop
      vertex -3.445 -12.8988 14.9741
      vertex -7.445 -12.6458 14.0584
      vertex -3.445 -12.6458 14.0584
    endloop
  endfacet
  facet normal 0 0.963881 0.266333
    outer loop
      vertex -3.445 -9.75418 14.8574
      vertex -7.445 -10.0072 15.7731
      vertex -3.445 -10.0072 15.7731
    endloop
  endfacet
  facet normal 0 0.963881 0.266333
    outer loop
      vertex -7.445 -10.0072 15.7731
      vertex -3.445 -9.75418 14.8574
      vertex -7.445 -9.75418 14.8574
    endloop
  endfacet
  facet normal -1 0 0
    outer loop
      vertex -2.695 -12.6458 14.0584
      vertex -2.695 -10.0072 15.7731
      vertex -2.695 -9.75418 14.8574
    endloop
  endfacet
  facet normal -1 0 0
    outer loop
      vertex -2.695 -10.0072 15.7731
      vertex -2.695 -12.6458 14.0584
      vertex -2.695 -12.8988 14.9741
    endloop
  endfacet
  facet normal 1 0 0
    outer loop
      vertex 1.305 -10.0072 15.7731
      vertex 1.305 -12.6458 14.0584
      vertex 1.305 -9.75418 14.8574
    endloop
  endfacet
  facet normal 1 0 -0
    outer loop
      vertex 1.305 -12.6458 14.0584
      vertex 1.305 -10.0072 15.7731
      vertex 1.305 -12.8988 14.9741
    endloop
  endfacet
  facet normal 0 -0.266337 0.96388
    outer loop
      vertex -2.695 -10.0072 15.7731
      vertex 1.305 -12.8988 14.9741
      vertex 1.305 -10.0072 15.7731
    endloop
  endfacet
  facet normal 0 -0.266337 0.96388
    outer loop
      vertex 1.305 -12.8988 14.9741
      vertex -2.695 -10.0072 15.7731
      vertex -2.695 -12.8988 14.9741
    endloop
  endfacet
  facet normal 0 0.963881 0.266333
    outer loop
      vertex 1.305 -9.75418 14.8574
      vertex -2.695 -10.0072 15.7731
      vertex 1.305 -10.0072 15.7731
    endloop
  endfacet
  facet normal 0 0.963881 0.266333
    outer loop
      vertex -2.695 -10.0072 15.7731
      vertex 1.305 -9.75418 14.8574
      vertex -2.695 -9.75418 14.8574
    endloop
  endfacet
  facet normal 0 -0.963886 -0.266314
    outer loop
      vertex -2.695 -12.6458 14.0584
      vertex 1.305 -12.8988 14.9741
      vertex -2.695 -12.8988 14.9741
    endloop
  endfacet
  facet normal 0 -0.963886 -0.266314
    outer loop
      vertex 1.305 -12.8988 14.9741
      vertex -2.695 -12.6458 14.0584
      vertex 1.305 -12.6458 14.0584
    endloop
  endfacet
  facet normal -1 0 0
    outer loop
      vertex 2.055 -12.6458 14.0584
      vertex 2.055 -10.0072 15.7731
      vertex 2.055 -9.75418 14.8574
    endloop
  endfacet
  facet normal -1 0 0
    outer loop
      vertex 2.055 -10.0072 15.7731
      vertex 2.055 -12.6458 14.0584
      vertex 2.055 -12.8988 14.9741
    endloop
  endfacet
  facet normal 1 0 0
    outer loop
      vertex 6.055 -10.0072 15.7731
      vertex 6.055 -12.6458 14.0584
      vertex 6.055 -9.75418 14.8574
    endloop
  endfacet
  facet normal 1 0 -0
    outer loop
      vertex 6.055 -12.6458 14.0584
      vertex 6.055 -10.0072 15.7731
      vertex 6.055 -12.8988 14.9741
    endloop
  endfacet
  facet normal 0 -0.266337 0.96388
    outer loop
      vertex 2.055 -10.0072 15.7731
      vertex 6.055 -12.8988 14.9741
      vertex 6.055 -10.0072 15.7731
    endloop
  endfacet
  facet normal 0 -0.266337 0.96388
    outer loop
      vertex 6.055 -12.8988 14.9741
      vertex 2.055 -10.0072 15.7731
      vertex 2.055 -12.8988 14.9741
    endloop
  endfacet
  facet normal 0 -0.963886 -0.266314
    outer loop
      vertex 2.055 -12.6458 14.0584
      vertex 6.055 -12.8988 14.9741
      vertex 2.055 -12.8988 14.9741
    endloop
  endfacet
  facet normal 0 -0.963886 -0.266314
    outer loop
      vertex 6.055 -12.8988 14.9741
      vertex 2.055 -12.6458 14.0584
      vertex 6.055 -12.6458 14.0584
    endloop
  endfacet
  facet normal 0 0.963881 0.266333
    outer loop
      vertex 6.055 -9.75418 14.8574
      vertex 2.055 -10.0072 15.7731
      vertex 6.055 -10.0072 15.7731
    endloop
  endfacet
  facet normal 0 0.963881 0.266333
    outer loop
      vertex 2.055 -10.0072 15.7731
      vertex 6.055 -9.75418 14.8574
      vertex 2.055 -9.75418 14.8574
    endloop
  endfacet
  facet normal -1 0 0
    outer loop
      vertex 6.805 -12.6458 14.0584
      vertex 6.805 -10.0072 15.7731
      vertex 6.805 -9.75418 14.8574
    endloop
  endfacet
  facet normal -1 0 0
    outer loop
      vertex 6.805 -10.0072 15.7731
      vertex 6.805 -12.6458 14.0584
      vertex 6.805 -12.8988 14.9741
    endloop
  endfacet
  facet normal 1 0 0
    outer loop
      vertex 10.805 -10.0072 15.7731
      vertex 10.805 -12.6458 14.0584
      vertex 10.805 -9.75418 14.8574
    endloop
  endfacet
  facet normal 1 0 -0
    outer loop
      vertex 10.805 -12.6458 14.0584
      vertex 10.805 -10.0072 15.7731
      vertex 10.805 -12.8988 14.9741
    endloop
  endfacet
  facet normal 0 -0.266337 0.96388
    outer loop
      vertex 6.805 -10.0072 15.7731
      vertex 10.805 -12.8988 14.9741
      vertex 10.805 -10.0072 15.7731
    endloop
  endfacet
  facet normal 0 -0.266337 0.96388
    outer loop
      vertex 10.805 -12.8988 14.9741
      vertex 6.805 -10.0072 15.7731
      vertex 6.805 -12.8988 14.9741
    endloop
  endfacet
  facet normal 0 -0.963886 -0.266314
    outer loop
      vertex 6.805 -12.6458 14.0584
      vertex 10.805 -12.8988 14.9741
      vertex 6.805 -12.8988 14.9741
    endloop
  endfacet
  facet normal 0 -0.963886 -0.266314
    outer loop
      vertex 10.805 -12.8988 14.9741
      vertex 6.805 -12.6458 14.0584
      vertex 10.805 -12.6458 14.0584
    endloop
  endfacet
  facet normal 0 0.963881 0.266333
    outer loop
      vertex 10.805 -9.75418 14.8574
      vertex 6.805 -10.0072 15.7731
      vertex 10.805 -10.0072 15.7731
    endloop
  endfacet
  facet normal 0 0.963881 0.266333
    outer loop
      vertex 6.805 -10.0072 15.7731
      vertex 10.805 -9.75418 14.8574
      vertex 6.805 -9.75418 14.8574
    endloop
  endfacet
  facet normal -1 0 0
    outer loop
      vertex 11.555 -12.6458 14.0584
      vertex 11.555 -10.0072 15.7731
      vertex 11.555 -9.75418 14.8574
    endloop
  endfacet
  facet normal -1 0 0
    outer loop
      vertex 11.555 -10.0072 15.7731
      vertex 11.555 -12.6458 14.0584
      vertex 11.555 -12.8988 14.9741
    endloop
  endfacet
  facet normal 1 0 0
    outer loop
      vertex 15.555 -10.0072 15.7731
      vertex 15.555 -12.6458 14.0584
      vertex 15.555 -9.75418 14.8574
    endloop
  endfacet
  facet normal 1 0 -0
    outer loop
      vertex 15.555 -12.6458 14.0584
      vertex 15.555 -10.0072 15.7731
      vertex 15.555 -12.8988 14.9741
    endloop
  endfacet
  facet normal 0 -0.266337 0.96388
    outer loop
      vertex 11.555 -10.0072 15.7731
      vertex 15.555 -12.8988 14.9741
      vertex 15.555 -10.0072 15.7731
    endloop
  endfacet
  facet normal 0 -0.266337 0.96388
    outer loop
      vertex 15.555 -12.8988 14.9741
      vertex 11.555 -10.0072 15.7731
      vertex 11.555 -12.8988 14.9741
    endloop
  endfacet
  facet normal 0 -0.963886 -0.266314
    outer loop
      vertex 11.555 -12.6458 14.0584
      vertex 15.555 -12.8988 14.9741
      vertex 11.555 -12.8988 14.9741
    endloop
  endfacet
  facet normal 0 -0.963886 -0.266314
    outer loop
      vertex 15.555 -12.8988 14.9741
      vertex 11.555 -12.6458 14.0584
      vertex 15.555 -12.6458 14.0584
    endloop
  endfacet
  facet normal 0 0.963881 0.266333
    outer loop
      vertex 15.555 -9.75418 14.8574
      vertex 11.555 -10.0072 15.7731
      vertex 15.555 -10.0072 15.7731
    endloop
  endfacet
  facet normal 0 0.963881 0.266333
    outer loop
      vertex 11.555 -10.0072 15.7731
      vertex 15.555 -9.75418 14.8574
      vertex 11.555 -9.75418 14.8574
    endloop
  endfacet
  facet normal -1 0 0
    outer loop
      vertex 16.305 -12.6458 14.0584
      vertex 16.305 -10.0072 15.7731
      vertex 16.305 -9.75418 14.8574
    endloop
  endfacet
  facet normal -1 0 0
    outer loop
      vertex 16.305 -10.0072 15.7731
      vertex 16.305 -12.6458 14.0584
      vertex 16.305 -12.8988 14.9741
    endloop
  endfacet
  facet normal 1 0 0
    outer loop
      vertex 20.305 -10.0072 15.7731
      vertex 20.305 -12.6458 14.0584
      vertex 20.305 -9.75418 14.8574
    endloop
  endfacet
  facet normal 1 0 -0
    outer loop
      vertex 20.305 -12.6458 14.0584
      vertex 20.305 -10.0072 15.7731
      vertex 20.305 -12.8988 14.9741
    endloop
  endfacet
  facet normal 0 -0.266337 0.96388
    outer loop
      vertex 16.305 -10.0072 15.7731
      vertex 20.305 -12.8988 14.9741
      vertex 20.305 -10.0072 15.7731
    endloop
  endfacet
  facet normal 0 -0.266337 0.96388
    outer loop
      vertex 20.305 -12.8988 14.9741
      vertex 16.305 -10.0072 15.7731
      vertex 16.305 -12.8988 14.9741
    endloop
  endfacet
  facet normal 0 -0.963886 -0.266314
    outer loop
      vertex 16.305 -12.6458 14.0584
      vertex 20.305 -12.8988 14.9741
      vertex 16.305 -12.8988 14.9741
    endloop
  endfacet
  facet normal 0 -0.963886 -0.266314
    outer loop
      vertex 20.305 -12.8988 14.9741
      vertex 16.305 -12.6458 14.0584
      vertex 20.305 -12.6458 14.0584
    endloop
  endfacet
  facet normal 0 0.963881 0.266333
    outer loop
      vertex 20.305 -9.75418 14.8574
      vertex 16.305 -10.0072 15.7731
      vertex 20.305 -10.0072 15.7731
    endloop
  endfacet
  facet normal 0 0.963881 0.266333
    outer loop
      vertex 16.305 -10.0072 15.7731
      vertex 20.305 -9.75418 14.8574
      vertex 16.305 -9.75418 14.8574
    endloop
  endfacet
  facet normal -1 0 0
    outer loop
      vertex 21.055 -12.6458 14.0584
      vertex 21.055 -10.0072 15.7731
      vertex 21.055 -9.75418 14.8574
    endloop
  endfacet
  facet normal -1 0 0
    outer loop
      vertex 21.055 -10.0072 15.7731
      vertex 21.055 -12.6458 14.0584
      vertex 21.055 -12.8988 14.9741
    endloop
  endfacet
  facet normal 1 0 0
    outer loop
      vertex 25.055 -10.0072 15.7731
      vertex 25.055 -12.6458 14.0584
      vertex 25.055 -9.75418 14.8574
    endloop
  endfacet
  facet normal 1 0 -0
    outer loop
      vertex 25.055 -12.6458 14.0584
      vertex 25.055 -10.0072 15.7731
      vertex 25.055 -12.8988 14.9741
    endloop
  endfacet
  facet normal 0 -0.266337 0.96388
    outer loop
      vertex 21.055 -10.0072 15.7731
      vertex 25.055 -12.8988 14.9741
      vertex 25.055 -10.0072 15.7731
    endloop
  endfacet
  facet normal 0 -0.266337 0.96388
    outer loop
      vertex 25.055 -12.8988 14.9741
      vertex 21.055 -10.0072 15.7731
      vertex 21.055 -12.8988 14.9741
    endloop
  endfacet
  facet normal 0 -0.963886 -0.266314
    outer loop
      vertex 21.055 -12.6458 14.0584
      vertex 25.055 -12.8988 14.9741
      vertex 21.055 -12.8988 14.9741
    endloop
  endfacet
  facet normal 0 -0.963886 -0.266314
    outer loop
      vertex 25.055 -12.8988 14.9741
      vertex 21.055 -12.6458 14.0584
      vertex 25.055 -12.6458 14.0584
    endloop
  endfacet
  facet normal 0 0.963881 0.266333
    outer loop
      vertex 25.055 -9.75418 14.8574
      vertex 21.055 -10.0072 15.7731
      vertex 25.055 -10.0072 15.7731
    endloop
  endfacet
  facet normal 0 0.963881 0.266333
    outer loop
      vertex 21.055 -10.0072 15.7731
      vertex 25.055 -9.75418 14.8574
      vertex 21.055 -9.75418 14.8574
    endloop
  endfacet
  facet normal -1 0 0
    outer loop
      vertex -9 -38.2458 6.98471
      vertex -9 -35.6988 8.67408
      vertex -9 -35.4458 7.75839
    endloop
  endfacet
  facet normal -1 0 0
    outer loop
      vertex -9 -35.6988 8.67408
      vertex -9 -38.2458 6.98471
      vertex -9 -38.4988 7.90039
    endloop
  endfacet
  facet normal 0 -0.266053 0.963959
    outer loop
      vertex 9 -35.6072 8.6994
      vertex 5.125 -35.6322 8.6925
      vertex 9 -35.6322 8.6925
    endloop
  endfacet
  facet normal 0 -0.266569 0.963816
    outer loop
      vertex 5.125 -35.6322 8.6925
      vertex 4.375 -35.6322 8.6925
      vertex 5.125 -35.6988 8.67408
    endloop
  endfacet
  facet normal 0 -0.266053 0.963959
    outer loop
      vertex 9 -35.6072 8.6994
      vertex 4.375 -35.6322 8.6925
      vertex 5.125 -35.6322 8.6925
    endloop
  endfacet
  facet normal 0 -0.266053 0.963959
    outer loop
      vertex 9 -35.6072 8.6994
      vertex 0.375 -35.6322 8.6925
      vertex 4.375 -35.6322 8.6925
    endloop
  endfacet
  facet normal 0 -0.266569 0.963816
    outer loop
      vertex 0.375 -35.6322 8.6925
      vertex -0.375 -35.6322 8.6925
      vertex 0.375 -35.6988 8.67408
    endloop
  endfacet
  facet normal 0 -0.266053 0.963959
    outer loop
      vertex 9 -35.6072 8.6994
      vertex -0.375 -35.6322 8.6925
      vertex 0.375 -35.6322 8.6925
    endloop
  endfacet
  facet normal 0 -0.266053 0.963959
    outer loop
      vertex 9 -35.6072 8.6994
      vertex -4.375 -35.6322 8.6925
      vertex -0.375 -35.6322 8.6925
    endloop
  endfacet
  facet normal 0 -0.266569 0.963816
    outer loop
      vertex -4.375 -35.6322 8.6925
      vertex -5.125 -35.6322 8.6925
      vertex -4.375 -35.6988 8.67408
    endloop
  endfacet
  facet normal 0 -0.266053 0.963959
    outer loop
      vertex 9 -35.6072 8.6994
      vertex -5.125 -35.6322 8.6925
      vertex -4.375 -35.6322 8.6925
    endloop
  endfacet
  facet normal 0 -0.266053 0.963959
    outer loop
      vertex -9 -35.6072 8.6994
      vertex -5.125 -35.6322 8.6925
      vertex 9 -35.6072 8.6994
    endloop
  endfacet
  facet normal 0 -0.266053 0.963959
    outer loop
      vertex -5.125 -35.6322 8.6925
      vertex -9 -35.6072 8.6994
      vertex -9 -35.6322 8.6925
    endloop
  endfacet
  facet normal 0 -0.266337 0.96388
    outer loop
      vertex 5.125 -35.6988 8.67408
      vertex 9 -38.4988 7.90039
      vertex 9 -35.6988 8.67408
    endloop
  endfacet
  facet normal 0 -0.266569 0.963816
    outer loop
      vertex 4.375 -35.6988 8.67408
      vertex 5.125 -35.6988 8.67408
      vertex 4.375 -35.6322 8.6925
    endloop
  endfacet
  facet normal 0 -0.266337 0.96388
    outer loop
      vertex 5.125 -35.6988 8.67408
      vertex 4.375 -35.6988 8.67408
      vertex 9 -38.4988 7.90039
    endloop
  endfacet
  facet normal 0 -0.266337 0.96388
    outer loop
      vertex 0.375 -35.6988 8.67408
      vertex 9 -38.4988 7.90039
      vertex 4.375 -35.6988 8.67408
    endloop
  endfacet
  facet normal 0 -0.266569 0.963816
    outer loop
      vertex -0.375 -35.6988 8.67408
      vertex 0.375 -35.6988 8.67408
      vertex -0.375 -35.6322 8.6925
    endloop
  endfacet
  facet normal 0 -0.266337 0.96388
    outer loop
      vertex 0.375 -35.6988 8.67408
      vertex -0.375 -35.6988 8.67408
      vertex 9 -38.4988 7.90039
    endloop
  endfacet
  facet normal 0 -0.266337 0.96388
    outer loop
      vertex -9 -38.4988 7.90039
      vertex -0.375 -35.6988 8.67408
      vertex -4.375 -35.6988 8.67408
    endloop
  endfacet
  facet normal 0 -0.266569 0.963816
    outer loop
      vertex -5.125 -35.6988 8.67408
      vertex -4.375 -35.6988 8.67408
      vertex -5.125 -35.6322 8.6925
    endloop
  endfacet
  facet normal 0 -0.266337 0.96388
    outer loop
      vertex -9 -38.4988 7.90039
      vertex -4.375 -35.6988 8.67408
      vertex -5.125 -35.6988 8.67408
    endloop
  endfacet
  facet normal 0 -0.266337 0.96388
    outer loop
      vertex -9 -38.4988 7.90039
      vertex -5.125 -35.6988 8.67408
      vertex -9 -35.6988 8.67408
    endloop
  endfacet
  facet normal 0 -0.266337 0.96388
    outer loop
      vertex -0.375 -35.6988 8.67408
      vertex -9 -38.4988 7.90039
      vertex 9 -38.4988 7.90039
    endloop
  endfacet
  facet normal 0 -0.963885 -0.266319
    outer loop
      vertex -9 -38.2458 6.98471
      vertex 9 -38.4988 7.90039
      vertex -9 -38.4988 7.90039
    endloop
  endfacet
  facet normal 0 -0.963885 -0.266319
    outer loop
      vertex 9 -38.4988 7.90039
      vertex -9 -38.2458 6.98471
      vertex 9 -38.2458 6.98471
    endloop
  endfacet
  facet normal 0 0.963886 0.266316
    outer loop
      vertex 5.125 -35.3542 7.78371
      vertex 4.375 -35.6072 8.6994
      vertex 5.125 -35.6072 8.6994
    endloop
  endfacet
  facet normal 0 0.963886 0.266316
    outer loop
      vertex 4.375 -35.6072 8.6994
      vertex 5.125 -35.3542 7.78371
      vertex 4.375 -35.3542 7.78371
    endloop
  endfacet
  facet normal 0 0.963886 0.266316
    outer loop
      vertex 0.375 -35.3542 7.78371
      vertex -0.375 -35.6072 8.6994
      vertex 0.375 -35.6072 8.6994
    endloop
  endfacet
  facet normal 0 0.963886 0.266316
    outer loop
      vertex -0.375 -35.6072 8.6994
      vertex 0.375 -35.3542 7.78371
      vertex -0.375 -35.3542 7.78371
    endloop
  endfacet
  facet normal 0 0.963886 0.266316
    outer loop
      vertex -4.375 -35.3542 7.78371
      vertex -5.125 -35.6072 8.6994
      vertex -4.375 -35.6072 8.6994
    endloop
  endfacet
  facet normal 0 0.963886 0.266316
    outer loop
      vertex -5.125 -35.6072 8.6994
      vertex -4.375 -35.3542 7.78371
      vertex -5.125 -35.3542 7.78371
    endloop
  endfacet
  facet normal 0 0 0
    outer loop
      vertex 0.375 -35.6072 8.6994
      vertex -0.375 -35.6072 8.6994
      vertex -4.375 -35.6072 8.6994
    endloop
  endfacet
  facet normal 0 0 0
    outer loop
      vertex 9 -35.6072 8.6994
      vertex 5.125 -35.6072 8.6994
      vertex 4.375 -35.6072 8.6994
    endloop
  endfacet
  facet normal 0 0 0
    outer loop
      vertex -9 -35.6072 8.6994
      vertex 9 -35.6072 8.6994
      vertex 4.375 -35.6072 8.6994
    endloop
  endfacet
  facet normal 0 0 -0
    outer loop
      vertex -5.125 -35.6072 8.6994
      vertex -9 -35.6072 8.6994
      vertex 4.375 -35.6072 8.6994
    endloop
  endfacet
  facet normal 0 0 -0
    outer loop
      vertex -4.375 -35.6072 8.6994
      vertex -5.125 -35.6072 8.6994
      vertex 4.375 -35.6072 8.6994
    endloop
  endfacet
  facet normal 0 0 0
    outer loop
      vertex 4.375 -35.6072 8.6994
      vertex 0.375 -35.6072 8.6994
      vertex -4.375 -35.6072 8.6994
    endloop
  endfacet
  facet normal 1 0 0
    outer loop
      vertex 9 -35.6988 8.67408
      vertex 9 -38.2458 6.98471
      vertex 9 -35.4458 7.75839
    endloop
  endfacet
  facet normal 1 0 -0
    outer loop
      vertex 9 -38.2458 6.98471
      vertex 9 -35.6988 8.67408
      vertex 9 -38.4988 7.90039
    endloop
  endfacet
  facet normal 0 1 0
    outer loop
      vertex -28.8107 6.4 18.4376
      vertex -29.1893 6.4 18.4376
      vertex -29 6.4 18.45
    endloop
  endfacet
  facet normal 0 1 0
    outer loop
      vertex -28.6247 6.4 18.4006
      vertex -29.1893 6.4 18.4376
      vertex -28.8107 6.4 18.4376
    endloop
  endfacet
  facet normal 0 1 0
    outer loop
      vertex -28.6247 6.4 18.4006
      vertex -29.3753 6.4 18.4006
      vertex -29.1893 6.4 18.4376
    endloop
  endfacet
  facet normal 0 1 0
    outer loop
      vertex -28.4451 6.4 18.3396
      vertex -29.3753 6.4 18.4006
      vertex -28.6247 6.4 18.4006
    endloop
  endfacet
  facet normal 0 1 0
    outer loop
      vertex -28.4451 6.4 18.3396
      vertex -29.5549 6.4 18.3396
      vertex -29.3753 6.4 18.4006
    endloop
  endfacet
  facet normal 0 1 0
    outer loop
      vertex -28.275 6.4 18.2557
      vertex -29.5549 6.4 18.3396
      vertex -28.4451 6.4 18.3396
    endloop
  endfacet
  facet normal 0 1 0
    outer loop
      vertex -28.275 6.4 18.2557
      vertex -29.725 6.4 18.2557
      vertex -29.5549 6.4 18.3396
    endloop
  endfacet
  facet normal 0 1 0
    outer loop
      vertex -28.1173 6.4 18.1504
      vertex -29.725 6.4 18.2557
      vertex -28.275 6.4 18.2557
    endloop
  endfacet
  facet normal 0 1 0
    outer loop
      vertex -28.1173 6.4 18.1504
      vertex -29.8827 6.4 18.1504
      vertex -29.725 6.4 18.2557
    endloop
  endfacet
  facet normal 0 1 0
    outer loop
      vertex -27.9747 6.4 18.0253
      vertex -29.8827 6.4 18.1504
      vertex -28.1173 6.4 18.1504
    endloop
  endfacet
  facet normal 0 1 0
    outer loop
      vertex -27.9747 6.4 18.0253
      vertex -30.0253 6.4 18.0253
      vertex -29.8827 6.4 18.1504
    endloop
  endfacet
  facet normal 0 1 0
    outer loop
      vertex -27.8496 6.4 17.8827
      vertex -30.0253 6.4 18.0253
      vertex -27.9747 6.4 18.0253
    endloop
  endfacet
  facet normal 0 1 0
    outer loop
      vertex -27.8496 6.4 17.8827
      vertex -30.1504 6.4 17.8827
      vertex -30.0253 6.4 18.0253
    endloop
  endfacet
  facet normal 0 1 0
    outer loop
      vertex -27.7443 6.4 17.725
      vertex -30.1504 6.4 17.8827
      vertex -27.8496 6.4 17.8827
    endloop
  endfacet
  facet normal 0 1 0
    outer loop
      vertex -27.7443 6.4 17.725
      vertex -30.2557 6.4 17.725
      vertex -30.1504 6.4 17.8827
    endloop
  endfacet
  facet normal 0 1 0
    outer loop
      vertex -27.6604 6.4 17.5549
      vertex -30.2557 6.4 17.725
      vertex -27.7443 6.4 17.725
    endloop
  endfacet
  facet normal 0 1 0
    outer loop
      vertex -27.6604 6.4 17.5549
      vertex -30.3396 6.4 17.5549
      vertex -30.2557 6.4 17.725
    endloop
  endfacet
  facet normal 0 1 0
    outer loop
      vertex -27.5994 6.4 17.3753
      vertex -30.3396 6.4 17.5549
      vertex -27.6604 6.4 17.5549
    endloop
  endfacet
  facet normal 0 1 0
    outer loop
      vertex -27.5994 6.4 17.3753
      vertex -30.4006 6.4 17.3753
      vertex -30.3396 6.4 17.5549
    endloop
  endfacet
  facet normal 0 1 0
    outer loop
      vertex -27.5624 6.4 17.1893
      vertex -30.4006 6.4 17.3753
      vertex -27.5994 6.4 17.3753
    endloop
  endfacet
  facet normal 0 1 0
    outer loop
      vertex -27.5624 6.4 17.1893
      vertex -30.4376 6.4 17.1893
      vertex -30.4006 6.4 17.3753
    endloop
  endfacet
  facet normal 0 1 0
    outer loop
      vertex -27.55 6.4 17
      vertex -30.4376 6.4 17.1893
      vertex -27.5624 6.4 17.1893
    endloop
  endfacet
  facet normal 0 1 0
    outer loop
      vertex -27.55 6.4 17
      vertex -30.45 6.4 17
      vertex -30.4376 6.4 17.1893
    endloop
  endfacet
  facet normal 0 1 -0
    outer loop
      vertex -27.5624 6.4 16.8107
      vertex -30.45 6.4 17
      vertex -27.55 6.4 17
    endloop
  endfacet
  facet normal 0 1 0
    outer loop
      vertex -27.5624 6.4 16.8107
      vertex -30.4376 6.4 16.8107
      vertex -30.45 6.4 17
    endloop
  endfacet
  facet normal 0 1 -0
    outer loop
      vertex -27.5994 6.4 16.6247
      vertex -30.4376 6.4 16.8107
      vertex -27.5624 6.4 16.8107
    endloop
  endfacet
  facet normal 0 1 0
    outer loop
      vertex -27.5994 6.4 16.6247
      vertex -30.4006 6.4 16.6247
      vertex -30.4376 6.4 16.8107
    endloop
  endfacet
  facet normal 0 1 -0
    outer loop
      vertex -27.6604 6.4 16.4451
      vertex -30.4006 6.4 16.6247
      vertex -27.5994 6.4 16.6247
    endloop
  endfacet
  facet normal 0 1 0
    outer loop
      vertex -27.6604 6.4 16.4451
      vertex -30.3396 6.4 16.4451
      vertex -30.4006 6.4 16.6247
    endloop
  endfacet
  facet normal 0 1 -0
    outer loop
      vertex -27.7443 6.4 16.275
      vertex -30.3396 6.4 16.4451
      vertex -27.6604 6.4 16.4451
    endloop
  endfacet
  facet normal 0 1 0
    outer loop
      vertex -27.7443 6.4 16.275
      vertex -30.2557 6.4 16.275
      vertex -30.3396 6.4 16.4451
    endloop
  endfacet
  facet normal 0 1 -0
    outer loop
      vertex -27.8496 6.4 16.1173
      vertex -30.2557 6.4 16.275
      vertex -27.7443 6.4 16.275
    endloop
  endfacet
  facet normal 0 1 0
    outer loop
      vertex -27.8496 6.4 16.1173
      vertex -30.1504 6.4 16.1173
      vertex -30.2557 6.4 16.275
    endloop
  endfacet
  facet normal 0 1 -0
    outer loop
      vertex -27.9747 6.4 15.9747
      vertex -30.1504 6.4 16.1173
      vertex -27.8496 6.4 16.1173
    endloop
  endfacet
  facet normal 0 1 0
    outer loop
      vertex -27.9747 6.4 15.9747
      vertex -30.0253 6.4 15.9747
      vertex -30.1504 6.4 16.1173
    endloop
  endfacet
  facet normal 0 1 -0
    outer loop
      vertex -28.1173 6.4 15.8496
      vertex -30.0253 6.4 15.9747
      vertex -27.9747 6.4 15.9747
    endloop
  endfacet
  facet normal 0 1 0
    outer loop
      vertex -28.1173 6.4 15.8496
      vertex -29.8827 6.4 15.8496
      vertex -30.0253 6.4 15.9747
    endloop
  endfacet
  facet normal 0 1 -0
    outer loop
      vertex -28.275 6.4 15.7443
      vertex -29.8827 6.4 15.8496
      vertex -28.1173 6.4 15.8496
    endloop
  endfacet
  facet normal 0 1 0
    outer loop
      vertex -28.275 6.4 15.7443
      vertex -29.725 6.4 15.7443
      vertex -29.8827 6.4 15.8496
    endloop
  endfacet
  facet normal 0 1 -0
    outer loop
      vertex -28.4451 6.4 15.6604
      vertex -29.725 6.4 15.7443
      vertex -28.275 6.4 15.7443
    endloop
  endfacet
  facet normal 0 1 0
    outer loop
      vertex -28.4451 6.4 15.6604
      vertex -29.5549 6.4 15.6604
      vertex -29.725 6.4 15.7443
    endloop
  endfacet
  facet normal 0 1 -0
    outer loop
      vertex -28.6247 6.4 15.5994
      vertex -29.5549 6.4 15.6604
      vertex -28.4451 6.4 15.6604
    endloop
  endfacet
  facet normal 0 1 0
    outer loop
      vertex -28.6247 6.4 15.5994
      vertex -29.3753 6.4 15.5994
      vertex -29.5549 6.4 15.6604
    endloop
  endfacet
  facet normal 0 1 -0
    outer loop
      vertex -28.8107 6.4 15.5624
      vertex -29.3753 6.4 15.5994
      vertex -28.6247 6.4 15.5994
    endloop
  endfacet
  facet normal 0 1 0
    outer loop
      vertex -28.8107 6.4 15.5624
      vertex -29.1893 6.4 15.5624
      vertex -29.3753 6.4 15.5994
    endloop
  endfacet
  facet normal -0 1 0
    outer loop
      vertex -29.1893 6.4 15.5624
      vertex -28.8107 6.4 15.5624
      vertex -29 6.4 15.55
    endloop
  endfacet
  facet normal -0.195102 0 0.980783
    outer loop
      vertex -29.3753 6.4 18.4006
      vertex -29.1893 0 18.4376
      vertex -29.1893 6.4 18.4376
    endloop
  endfacet
  facet normal -0.195102 0 0.980783
    outer loop
      vertex -29.1893 0 18.4376
      vertex -29.3753 6.4 18.4006
      vertex -29.3753 0 18.4006
    endloop
  endfacet
  facet normal 0.980783 -0 0.195102
    outer loop
      vertex -27.5994 0 17.3753
      vertex -27.5624 6.4 17.1893
      vertex -27.5994 6.4 17.3753
    endloop
  endfacet
  facet normal 0.980783 0 0.195102
    outer loop
      vertex -27.5624 6.4 17.1893
      vertex -27.5994 0 17.3753
      vertex -27.5624 0 17.1893
    endloop
  endfacet
  facet normal 0.997861 -0 0.0653644
    outer loop
      vertex -27.5624 0 17.1893
      vertex -27.55 6.4 17
      vertex -27.5624 6.4 17.1893
    endloop
  endfacet
  facet normal 0.997861 0 0.0653644
    outer loop
      vertex -27.55 6.4 17
      vertex -27.5624 0 17.1893
      vertex -27.55 0 17
    endloop
  endfacet
  facet normal -0.997861 0 0.0653644
    outer loop
      vertex -30.45 0 17
      vertex -30.4376 6.4 17.1893
      vertex -30.45 6.4 17
    endloop
  endfacet
  facet normal -0.997861 0 0.0653644
    outer loop
      vertex -30.4376 6.4 17.1893
      vertex -30.45 0 17
      vertex -30.4376 0 17.1893
    endloop
  endfacet
  facet normal -0.659474 0 0.751727
    outer loop
      vertex -30.0253 6.4 18.0253
      vertex -29.8827 0 18.1504
      vertex -29.8827 6.4 18.1504
    endloop
  endfacet
  facet normal -0.659474 0 0.751727
    outer loop
      vertex -29.8827 0 18.1504
      vertex -30.0253 6.4 18.0253
      vertex -30.0253 0 18.0253
    endloop
  endfacet
  facet normal -0.831644 0 -0.555309
    outer loop
      vertex -30.1504 0 16.1173
      vertex -30.2557 6.4 16.275
      vertex -30.1504 6.4 16.1173
    endloop
  endfacet
  facet normal -0.831644 -0 -0.555309
    outer loop
      vertex -30.2557 6.4 16.275
      vertex -30.1504 0 16.1173
      vertex -30.2557 0 16.275
    endloop
  endfacet
  facet normal 0.659474 0 0.751727
    outer loop
      vertex -28.1173 6.4 18.1504
      vertex -27.9747 0 18.0253
      vertex -27.9747 6.4 18.0253
    endloop
  endfacet
  facet normal 0.659474 0 0.751727
    outer loop
      vertex -27.9747 0 18.0253
      vertex -28.1173 6.4 18.1504
      vertex -28.1173 0 18.1504
    endloop
  endfacet
  facet normal 0.659474 0 -0.751727
    outer loop
      vertex -28.1173 0 15.8496
      vertex -27.9747 6.4 15.9747
      vertex -27.9747 0 15.9747
    endloop
  endfacet
  facet normal 0.659474 0 -0.751727
    outer loop
      vertex -27.9747 6.4 15.9747
      vertex -28.1173 0 15.8496
      vertex -28.1173 6.4 15.8496
    endloop
  endfacet
  facet normal 0.0653644 0 -0.997861
    outer loop
      vertex -29 0 15.55
      vertex -28.8107 6.4 15.5624
      vertex -28.8107 0 15.5624
    endloop
  endfacet
  facet normal 0.0653644 0 -0.997861
    outer loop
      vertex -28.8107 6.4 15.5624
      vertex -29 0 15.55
      vertex -29 6.4 15.55
    endloop
  endfacet
  facet normal 0.555309 0 0.831644
    outer loop
      vertex -28.275 6.4 18.2557
      vertex -28.1173 0 18.1504
      vertex -28.1173 6.4 18.1504
    endloop
  endfacet
  facet normal 0.555309 0 0.831644
    outer loop
      vertex -28.1173 0 18.1504
      vertex -28.275 6.4 18.2557
      vertex -28.275 0 18.2557
    endloop
  endfacet
  facet normal 0.751727 -0 0.659474
    outer loop
      vertex -27.9747 0 18.0253
      vertex -27.8496 6.4 17.8827
      vertex -27.9747 6.4 18.0253
    endloop
  endfacet
  facet normal 0.751727 0 0.659474
    outer loop
      vertex -27.8496 6.4 17.8827
      vertex -27.9747 0 18.0253
      vertex -27.8496 0 17.8827
    endloop
  endfacet
  facet normal 0.946876 0 -0.3216
    outer loop
      vertex -27.5994 0 16.6247
      vertex -27.6604 6.4 16.4451
      vertex -27.5994 6.4 16.6247
    endloop
  endfacet
  facet normal 0.946876 0 -0.3216
    outer loop
      vertex -27.6604 6.4 16.4451
      vertex -27.5994 0 16.6247
      vertex -27.6604 0 16.4451
    endloop
  endfacet
  facet normal 0.831644 0 -0.555309
    outer loop
      vertex -27.7443 0 16.275
      vertex -27.8496 6.4 16.1173
      vertex -27.7443 6.4 16.275
    endloop
  endfacet
  facet normal 0.831644 0 -0.555309
    outer loop
      vertex -27.8496 6.4 16.1173
      vertex -27.7443 0 16.275
      vertex -27.8496 0 16.1173
    endloop
  endfacet
  facet normal -0.195102 0 -0.980783
    outer loop
      vertex -29.3753 0 15.5994
      vertex -29.1893 6.4 15.5624
      vertex -29.1893 0 15.5624
    endloop
  endfacet
  facet normal -0.195102 0 -0.980783
    outer loop
      vertex -29.1893 6.4 15.5624
      vertex -29.3753 0 15.5994
      vertex -29.3753 6.4 15.5994
    endloop
  endfacet
  facet normal 0.555309 0 -0.831644
    outer loop
      vertex -28.275 0 15.7443
      vertex -28.1173 6.4 15.8496
      vertex -28.1173 0 15.8496
    endloop
  endfacet
  facet normal 0.555309 0 -0.831644
    outer loop
      vertex -28.1173 6.4 15.8496
      vertex -28.275 0 15.7443
      vertex -28.275 6.4 15.7443
    endloop
  endfacet
  facet normal -0.831644 0 0.555309
    outer loop
      vertex -30.2557 0 17.725
      vertex -30.1504 6.4 17.8827
      vertex -30.2557 6.4 17.725
    endloop
  endfacet
  facet normal -0.831644 0 0.555309
    outer loop
      vertex -30.1504 6.4 17.8827
      vertex -30.2557 0 17.725
      vertex -30.1504 0 17.8827
    endloop
  endfacet
  facet normal -0.896839 0 -0.442356
    outer loop
      vertex -30.2557 0 16.275
      vertex -30.3396 6.4 16.4451
      vertex -30.2557 6.4 16.275
    endloop
  endfacet
  facet normal -0.896839 -0 -0.442356
    outer loop
      vertex -30.3396 6.4 16.4451
      vertex -30.2557 0 16.275
      vertex -30.3396 0 16.4451
    endloop
  endfacet
  facet normal -0.751727 0 -0.659474
    outer loop
      vertex -30.0253 0 15.9747
      vertex -30.1504 6.4 16.1173
      vertex -30.0253 6.4 15.9747
    endloop
  endfacet
  facet normal -0.751727 -0 -0.659474
    outer loop
      vertex -30.1504 6.4 16.1173
      vertex -30.0253 0 15.9747
      vertex -30.1504 0 16.1173
    endloop
  endfacet
  facet normal 0.442356 0 -0.896839
    outer loop
      vertex -28.4451 0 15.6604
      vertex -28.275 6.4 15.7443
      vertex -28.275 0 15.7443
    endloop
  endfacet
  facet normal 0.442356 0 -0.896839
    outer loop
      vertex -28.275 6.4 15.7443
      vertex -28.4451 0 15.6604
      vertex -28.4451 6.4 15.6604
    endloop
  endfacet
  facet normal 0.896839 -0 0.442356
    outer loop
      vertex -27.7443 0 17.725
      vertex -27.6604 6.4 17.5549
      vertex -27.7443 6.4 17.725
    endloop
  endfacet
  facet normal 0.896839 0 0.442356
    outer loop
      vertex -27.6604 6.4 17.5549
      vertex -27.7443 0 17.725
      vertex -27.6604 0 17.5549
    endloop
  endfacet
  facet normal 0.831644 -0 0.555309
    outer loop
      vertex -27.8496 0 17.8827
      vertex -27.7443 6.4 17.725
      vertex -27.8496 6.4 17.8827
    endloop
  endfacet
  facet normal 0.831644 0 0.555309
    outer loop
      vertex -27.7443 6.4 17.725
      vertex -27.8496 0 17.8827
      vertex -27.7443 0 17.725
    endloop
  endfacet
  facet normal 0.3216 0 -0.946876
    outer loop
      vertex -28.6247 0 15.5994
      vertex -28.4451 6.4 15.6604
      vertex -28.4451 0 15.6604
    endloop
  endfacet
  facet normal 0.3216 0 -0.946876
    outer loop
      vertex -28.4451 6.4 15.6604
      vertex -28.6247 0 15.5994
      vertex -28.6247 6.4 15.5994
    endloop
  endfacet
  facet normal -0.751727 0 0.659474
    outer loop
      vertex -30.1504 0 17.8827
      vertex -30.0253 6.4 18.0253
      vertex -30.1504 6.4 17.8827
    endloop
  endfacet
  facet normal -0.751727 0 0.659474
    outer loop
      vertex -30.0253 6.4 18.0253
      vertex -30.1504 0 17.8827
      vertex -30.0253 0 18.0253
    endloop
  endfacet
  facet normal -0.555309 0 -0.831644
    outer loop
      vertex -29.8827 0 15.8496
      vertex -29.725 6.4 15.7443
      vertex -29.725 0 15.7443
    endloop
  endfacet
  facet normal -0.555309 0 -0.831644
    outer loop
      vertex -29.725 6.4 15.7443
      vertex -29.8827 0 15.8496
      vertex -29.8827 6.4 15.8496
    endloop
  endfacet
  facet normal -0.946876 0 0.3216
    outer loop
      vertex -30.4006 0 17.3753
      vertex -30.3396 6.4 17.5549
      vertex -30.4006 6.4 17.3753
    endloop
  endfacet
  facet normal -0.946876 0 0.3216
    outer loop
      vertex -30.3396 6.4 17.5549
      vertex -30.4006 0 17.3753
      vertex -30.3396 0 17.5549
    endloop
  endfacet
  facet normal 0.751727 0 -0.659474
    outer loop
      vertex -27.8496 0 16.1173
      vertex -27.9747 6.4 15.9747
      vertex -27.8496 6.4 16.1173
    endloop
  endfacet
  facet normal 0.751727 0 -0.659474
    outer loop
      vertex -27.9747 6.4 15.9747
      vertex -27.8496 0 16.1173
      vertex -27.9747 0 15.9747
    endloop
  endfacet
  facet normal -0.980783 0 0.195102
    outer loop
      vertex -30.4376 0 17.1893
      vertex -30.4006 6.4 17.3753
      vertex -30.4376 6.4 17.1893
    endloop
  endfacet
  facet normal -0.980783 0 0.195102
    outer loop
      vertex -30.4006 6.4 17.3753
      vertex -30.4376 0 17.1893
      vertex -30.4006 0 17.3753
    endloop
  endfacet
  facet normal 0.442356 0 0.896839
    outer loop
      vertex -28.4451 6.4 18.3396
      vertex -28.275 0 18.2557
      vertex -28.275 6.4 18.2557
    endloop
  endfacet
  facet normal 0.442356 0 0.896839
    outer loop
      vertex -28.275 0 18.2557
      vertex -28.4451 6.4 18.3396
      vertex -28.4451 0 18.3396
    endloop
  endfacet
  facet normal 0.896839 0 -0.442356
    outer loop
      vertex -27.6604 0 16.4451
      vertex -27.7443 6.4 16.275
      vertex -27.6604 6.4 16.4451
    endloop
  endfacet
  facet normal 0.896839 0 -0.442356
    outer loop
      vertex -27.7443 6.4 16.275
      vertex -27.6604 0 16.4451
      vertex -27.7443 0 16.275
    endloop
  endfacet
  facet normal 0.980783 0 -0.195102
    outer loop
      vertex -27.5624 0 16.8107
      vertex -27.5994 6.4 16.6247
      vertex -27.5624 6.4 16.8107
    endloop
  endfacet
  facet normal 0.980783 0 -0.195102
    outer loop
      vertex -27.5994 6.4 16.6247
      vertex -27.5624 0 16.8107
      vertex -27.5994 0 16.6247
    endloop
  endfacet
  facet normal -0.442356 0 -0.896839
    outer loop
      vertex -29.725 0 15.7443
      vertex -29.5549 6.4 15.6604
      vertex -29.5549 0 15.6604
    endloop
  endfacet
  facet normal -0.442356 0 -0.896839
    outer loop
      vertex -29.5549 6.4 15.6604
      vertex -29.725 0 15.7443
      vertex -29.725 6.4 15.7443
    endloop
  endfacet
  facet normal -0.3216 0 -0.946876
    outer loop
      vertex -29.5549 0 15.6604
      vertex -29.3753 6.4 15.5994
      vertex -29.3753 0 15.5994
    endloop
  endfacet
  facet normal -0.3216 0 -0.946876
    outer loop
      vertex -29.3753 6.4 15.5994
      vertex -29.5549 0 15.6604
      vertex -29.5549 6.4 15.6604
    endloop
  endfacet
  facet normal 0.195102 0 -0.980783
    outer loop
      vertex -28.8107 0 15.5624
      vertex -28.6247 6.4 15.5994
      vertex -28.6247 0 15.5994
    endloop
  endfacet
  facet normal 0.195102 0 -0.980783
    outer loop
      vertex -28.6247 6.4 15.5994
      vertex -28.8107 0 15.5624
      vertex -28.8107 6.4 15.5624
    endloop
  endfacet
  facet normal 0.997861 0 -0.0653644
    outer loop
      vertex -27.55 0 17
      vertex -27.5624 6.4 16.8107
      vertex -27.55 6.4 17
    endloop
  endfacet
  facet normal 0.997861 0 -0.0653644
    outer loop
      vertex -27.5624 6.4 16.8107
      vertex -27.55 0 17
      vertex -27.5624 0 16.8107
    endloop
  endfacet
  facet normal 0.946876 -0 0.3216
    outer loop
      vertex -27.6604 0 17.5549
      vertex -27.5994 6.4 17.3753
      vertex -27.6604 6.4 17.5549
    endloop
  endfacet
  facet normal 0.946876 0 0.3216
    outer loop
      vertex -27.5994 6.4 17.3753
      vertex -27.6604 0 17.5549
      vertex -27.5994 0 17.3753
    endloop
  endfacet
  facet normal 0.195102 0 0.980783
    outer loop
      vertex -28.8107 6.4 18.4376
      vertex -28.6247 0 18.4006
      vertex -28.6247 6.4 18.4006
    endloop
  endfacet
  facet normal 0.195102 0 0.980783
    outer loop
      vertex -28.6247 0 18.4006
      vertex -28.8107 6.4 18.4376
      vertex -28.8107 0 18.4376
    endloop
  endfacet
  facet normal -0.0653644 0 0.997861
    outer loop
      vertex -29.1893 6.4 18.4376
      vertex -29 0 18.45
      vertex -29 6.4 18.45
    endloop
  endfacet
  facet normal -0.0653644 0 0.997861
    outer loop
      vertex -29 0 18.45
      vertex -29.1893 6.4 18.4376
      vertex -29.1893 0 18.4376
    endloop
  endfacet
  facet normal 0.3216 0 0.946876
    outer loop
      vertex -28.6247 6.4 18.4006
      vertex -28.4451 0 18.3396
      vertex -28.4451 6.4 18.3396
    endloop
  endfacet
  facet normal 0.3216 0 0.946876
    outer loop
      vertex -28.4451 0 18.3396
      vertex -28.6247 6.4 18.4006
      vertex -28.6247 0 18.4006
    endloop
  endfacet
  facet normal -0.0653644 0 -0.997861
    outer loop
      vertex -29.1893 0 15.5624
      vertex -29 6.4 15.55
      vertex -29 0 15.55
    endloop
  endfacet
  facet normal -0.0653644 0 -0.997861
    outer loop
      vertex -29 6.4 15.55
      vertex -29.1893 0 15.5624
      vertex -29.1893 6.4 15.5624
    endloop
  endfacet
  facet normal 0 1 0
    outer loop
      vertex -14 0 2.86102e-06
      vertex -14.39 0 5.9
      vertex -14.1681 0 5.91454
    endloop
  endfacet
  facet normal 0 1 0
    outer loop
      vertex -14.39 0 5.9
      vertex -30 0 2.86102e-06
      vertex -33.7 0 3.7
    endloop
  endfacet
  facet normal 0 1 0
    outer loop
      vertex -33.7 0 3.7
      vertex -30 0 2.86102e-06
      vertex -33.6684 0 3.21706
    endloop
  endfacet
  facet normal 0 1 0
    outer loop
      vertex -33.6684 0 3.21706
      vertex -30 0 2.86102e-06
      vertex -33.5739 0 2.74237
    endloop
  endfacet
  facet normal 0 1 0
    outer loop
      vertex -33.5739 0 2.74237
      vertex -30 0 2.86102e-06
      vertex -33.4184 0 2.28408
    endloop
  endfacet
  facet normal 0 1 -0
    outer loop
      vertex -14 0 2.86102e-06
      vertex -14.1681 0 5.91454
      vertex -14 0 5.94798
    endloop
  endfacet
  facet normal 0 1 0
    outer loop
      vertex -33.4184 0 2.28408
      vertex -30 0 2.86102e-06
      vertex -33.2043 0 1.84999
    endloop
  endfacet
  facet normal 0 1 0
    outer loop
      vertex -33.2043 0 1.84999
      vertex -30 0 2.86102e-06
      vertex -32.9354 0 1.44759
    endloop
  endfacet
  facet normal 0 1 0
    outer loop
      vertex -32.9354 0 1.44759
      vertex -30 0 2.86102e-06
      vertex -32.6163 0 1.0837
    endloop
  endfacet
  facet normal 0 1 0
    outer loop
      vertex -32.6163 0 1.0837
      vertex -30 0 2.86102e-06
      vertex -32.2524 0 0.76459
    endloop
  endfacet
  facet normal 0 1 0
    outer loop
      vertex -32.2524 0 0.76459
      vertex -30 0 2.86102e-06
      vertex -31.85 0 0.4957
    endloop
  endfacet
  facet normal 0 1 0
    outer loop
      vertex -31.85 0 0.4957
      vertex -30 0 2.86102e-06
      vertex -31.4159 0 0.28165
    endloop
  endfacet
  facet normal 0 1 0
    outer loop
      vertex -31.4159 0 0.28165
      vertex -30 0 2.86102e-06
      vertex -30.9576 0 0.126071
    endloop
  endfacet
  facet normal 0 1 0
    outer loop
      vertex -14.39 0 5.9
      vertex -14 0 2.86102e-06
      vertex -30 0 2.86102e-06
    endloop
  endfacet
  facet normal 0 1 0
    outer loop
      vertex -30.9576 0 0.126071
      vertex -30 0 2.86102e-06
      vertex -30.4829 0 0.0316496
    endloop
  endfacet
  facet normal 0 1 0
    outer loop
      vertex -27.7443 0 17.725
      vertex -14.1681 0 9.28546
      vertex -14.39 0 9.3
    endloop
  endfacet
  facet normal 0 1 0
    outer loop
      vertex 8.50792 0 9.49792
      vertex -13.95 0 9.24207
      vertex -14.1681 0 9.28546
    endloop
  endfacet
  facet normal 0 1 0
    outer loop
      vertex -2 0 2.86102e-06
      vertex 8.67511 0 9.3513
      vertex 8.86 0 9.22776
    endloop
  endfacet
  facet normal 0 1 0
    outer loop
      vertex 8.50792 0 9.49792
      vertex -2 0 8
      vertex -13.95 0 9.24207
    endloop
  endfacet
  facet normal 0 1 0
    outer loop
      vertex -2 0 2.86102e-06
      vertex 8.86 0 9.22776
      vertex 9.05944 0 9.1294
    endloop
  endfacet
  facet normal 0 1 0
    outer loop
      vertex -13.95 0 9.24207
      vertex -2 0 8
      vertex -13.7394 0 9.1706
    endloop
  endfacet
  facet normal 0 1 0
    outer loop
      vertex -2 0 2.86102e-06
      vertex 9.05944 0 9.1294
      vertex 9.27001 0 9.05793
    endloop
  endfacet
  facet normal 0 1 0
    outer loop
      vertex -2 0 2.86102e-06
      vertex 9.27001 0 9.05793
      vertex 9.4881 0 9.01454
    endloop
  endfacet
  facet normal 0 1 0
    outer loop
      vertex -2 0 2.86102e-06
      vertex 9.4881 0 9.01454
      vertex 9.71 0 9
    endloop
  endfacet
  facet normal 0 1 0
    outer loop
      vertex -13.7394 0 9.1706
      vertex -2 0 8
      vertex -13.54 0 9.07224
    endloop
  endfacet
  facet normal 0 1 0
    outer loop
      vertex 27.9747 0 47.9747
      vertex 27.9747 0 18.0253
      vertex 3.64 0 50.2378
    endloop
  endfacet
  facet normal 0 1 0
    outer loop
      vertex 2.79 0 50.01
      vertex -28.8107 0 18.4376
      vertex -29 0 18.45
    endloop
  endfacet
  facet normal 0 1 -0
    outer loop
      vertex 9.93189 0 12.3855
      vertex 3.64 0 50.2378
      vertex 27.9747 0 18.0253
    endloop
  endfacet
  facet normal 0 1 0
    outer loop
      vertex 2.79 0 50.01
      vertex -28.6247 0 18.4006
      vertex -28.8107 0 18.4376
    endloop
  endfacet
  facet normal 0 1 0
    outer loop
      vertex 3.64 0 50.2378
      vertex 9.93189 0 12.3855
      vertex 3.44056 0 50.1394
    endloop
  endfacet
  facet normal 0 1 0
    outer loop
      vertex 2.79 0 50.01
      vertex -28.4451 0 18.3396
      vertex -28.6247 0 18.4006
    endloop
  endfacet
  facet normal -0 1 -0
    outer loop
      vertex 9.71 0 12.4
      vertex 3.44056 0 50.1394
      vertex 9.93189 0 12.3855
    endloop
  endfacet
  facet normal 0 1 0
    outer loop
      vertex 2.79 0 50.01
      vertex -28.275 0 18.2557
      vertex -28.4451 0 18.3396
    endloop
  endfacet
  facet normal 0 1 0
    outer loop
      vertex 3.44056 0 50.1394
      vertex 9.71 0 12.4
      vertex 3.22999 0 50.0679
    endloop
  endfacet
  facet normal 0 1 0
    outer loop
      vertex 3.01189 0 50.0245
      vertex 9.27001 0 12.3421
      vertex 2.79 0 50.01
    endloop
  endfacet
  facet normal 0 1 -0
    outer loop
      vertex 9.4881 0 12.3855
      vertex 3.22999 0 50.0679
      vertex 9.71 0 12.4
    endloop
  endfacet
  facet normal 0 1 -0
    outer loop
      vertex 9.05944 0 12.2706
      vertex 2.79 0 50.01
      vertex 9.27001 0 12.3421
    endloop
  endfacet
  facet normal 0 1 0
    outer loop
      vertex 10.15 0 12.3421
      vertex 27.9747 0 18.0253
      vertex 27.8496 0 17.8827
    endloop
  endfacet
  facet normal 0 1 0
    outer loop
      vertex 2.79 0 50.01
      vertex -28.1173 0 18.1504
      vertex -28.275 0 18.2557
    endloop
  endfacet
  facet normal 0 1 0
    outer loop
      vertex 10.3606 0 12.2706
      vertex 27.8496 0 17.8827
      vertex 27.7443 0 17.725
    endloop
  endfacet
  facet normal 0 1 -0
    outer loop
      vertex 8.86 0 12.1722
      vertex 2.79 0 50.01
      vertex 9.05944 0 12.2706
    endloop
  endfacet
  facet normal 0 1 0
    outer loop
      vertex 10.56 0 12.1722
      vertex 27.7443 0 17.725
      vertex 27.6604 0 17.5549
    endloop
  endfacet
  facet normal 0 1 0
    outer loop
      vertex 2.79 0 50.01
      vertex -27.9747 0 18.0253
      vertex -28.1173 0 18.1504
    endloop
  endfacet
  facet normal 0 1 0
    outer loop
      vertex 10.7449 0 12.0487
      vertex 27.6604 0 17.5549
      vertex 27.5994 0 17.3753
    endloop
  endfacet
  facet normal 0 1 -0
    outer loop
      vertex 8.67511 0 12.0487
      vertex 2.79 0 50.01
      vertex 8.86 0 12.1722
    endloop
  endfacet
  facet normal 0 1 0
    outer loop
      vertex 10.9121 0 11.9021
      vertex 27.5994 0 17.3753
      vertex 27.5624 0 17.1893
    endloop
  endfacet
  facet normal 0 1 0
    outer loop
      vertex 2.79 0 50.01
      vertex -27.8496 0 17.8827
      vertex -27.9747 0 18.0253
    endloop
  endfacet
  facet normal 0 1 0
    outer loop
      vertex 11.0587 0 11.7349
      vertex 27.5624 0 17.1893
      vertex 27.55 0 17
    endloop
  endfacet
  facet normal 0 1 -0
    outer loop
      vertex -14.1681 0 9.28546
      vertex -27.8496 0 17.8827
      vertex 2.79 0 50.01
    endloop
  endfacet
  facet normal 0 1 0
    outer loop
      vertex 11.1822 0 11.55
      vertex 27.55 0 17
      vertex 27.5624 0 16.8107
    endloop
  endfacet
  facet normal 0 1 0
    outer loop
      vertex -14.1681 0 9.28546
      vertex -27.7443 0 17.725
      vertex -27.8496 0 17.8827
    endloop
  endfacet
  facet normal 0 1 0
    outer loop
      vertex 11.2806 0 11.3506
      vertex 27.5624 0 16.8107
      vertex 27.5994 0 16.6247
    endloop
  endfacet
  facet normal 0 1 0
    outer loop
      vertex -27.7443 0 17.725
      vertex -14.39 0 9.3
      vertex -27.6604 0 17.5549
    endloop
  endfacet
  facet normal 0 1 0
    outer loop
      vertex 11.3521 0 11.14
      vertex 27.5994 0 16.6247
      vertex 27.6604 0 16.4451
    endloop
  endfacet
  facet normal 0 1 -0
    outer loop
      vertex -14.6119 0 9.28546
      vertex -27.6604 0 17.5549
      vertex -14.39 0 9.3
    endloop
  endfacet
  facet normal 0 1 0
    outer loop
      vertex 11.3955 0 10.9219
      vertex 27.6604 0 16.4451
      vertex 27.7443 0 16.275
    endloop
  endfacet
  facet normal 0 1 0
    outer loop
      vertex -27.6604 0 17.5549
      vertex -14.6119 0 9.28546
      vertex -27.5994 0 17.3753
    endloop
  endfacet
  facet normal 0 1 0
    outer loop
      vertex 11.41 0 10.7
      vertex 27.7443 0 16.275
      vertex 27.8496 0 16.1173
    endloop
  endfacet
  facet normal 0 1 -0
    outer loop
      vertex -14.83 0 9.24207
      vertex -27.5994 0 17.3753
      vertex -14.6119 0 9.28546
    endloop
  endfacet
  facet normal 0 1 0
    outer loop
      vertex 11.3955 0 10.4781
      vertex 27.8496 0 16.1173
      vertex 27.9747 0 15.9747
    endloop
  endfacet
  facet normal 0 1 0
    outer loop
      vertex -27.5994 0 17.3753
      vertex -14.83 0 9.24207
      vertex -27.5624 0 17.1893
    endloop
  endfacet
  facet normal 0 1 0
    outer loop
      vertex 11.3521 0 10.26
      vertex 27.9747 0 15.9747
      vertex 28.1173 0 15.8496
    endloop
  endfacet
  facet normal 0 1 -0
    outer loop
      vertex -15.0406 0 9.1706
      vertex -27.5624 0 17.1893
      vertex -14.83 0 9.24207
    endloop
  endfacet
  facet normal 0 1 0
    outer loop
      vertex 30 0 2.86102e-06
      vertex 28.1173 0 15.8496
      vertex 28.275 0 15.7443
    endloop
  endfacet
  facet normal 0 1 0
    outer loop
      vertex -27.5624 0 17.1893
      vertex -15.0406 0 9.1706
      vertex -27.55 0 17
    endloop
  endfacet
  facet normal 0 1 0
    outer loop
      vertex 30 0 2.86102e-06
      vertex 28.275 0 15.7443
      vertex 28.4451 0 15.6604
    endloop
  endfacet
  facet normal 0 1 -0
    outer loop
      vertex -15.24 0 9.07224
      vertex -27.55 0 17
      vertex -15.0406 0 9.1706
    endloop
  endfacet
  facet normal 0 1 0
    outer loop
      vertex 30 0 2.86102e-06
      vertex 28.4451 0 15.6604
      vertex 28.6247 0 15.5994
    endloop
  endfacet
  facet normal 0 1 0
    outer loop
      vertex -27.55 0 17
      vertex -15.24 0 9.07224
      vertex -27.5624 0 16.8107
    endloop
  endfacet
  facet normal 0 1 0
    outer loop
      vertex 33.7 0 3.7
      vertex 28.6247 0 15.5994
      vertex 28.8107 0 15.5624
    endloop
  endfacet
  facet normal 0 1 -0
    outer loop
      vertex -15.4249 0 8.9487
      vertex -27.5624 0 16.8107
      vertex -15.24 0 9.07224
    endloop
  endfacet
  facet normal 0 1 0
    outer loop
      vertex 33.7 0 3.7
      vertex 28.8107 0 15.5624
      vertex 29 0 15.55
    endloop
  endfacet
  facet normal 0 1 -0
    outer loop
      vertex -15.5921 0 8.80208
      vertex -27.5994 0 16.6247
      vertex -15.4249 0 8.9487
    endloop
  endfacet
  facet normal 0 1 0
    outer loop
      vertex -12.7479 0 8.03999
      vertex -2 0 8
      vertex -12.74 0 8
    endloop
  endfacet
  facet normal 0 1 0
    outer loop
      vertex -30 0 59.4
      vertex -28.8107 0 50.4376
      vertex -29 0 50.45
    endloop
  endfacet
  facet normal 0 1 0
    outer loop
      vertex -18.0822 0 50.66
      vertex -28.6247 0 50.4006
      vertex -28.8107 0 50.4376
    endloop
  endfacet
  facet normal 0 1 0
    outer loop
      vertex -18.0822 0 50.66
      vertex -28.4451 0 50.3396
      vertex -28.6247 0 50.4006
    endloop
  endfacet
  facet normal 0 1 0
    outer loop
      vertex -27.6604 0 48.4451
      vertex -17.9587 0 50.4751
      vertex -17.8121 0 50.3079
    endloop
  endfacet
  facet normal 0 1 0
    outer loop
      vertex -18.0822 0 50.66
      vertex -28.275 0 50.2557
      vertex -28.4451 0 50.3396
    endloop
  endfacet
  facet normal 0 1 0
    outer loop
      vertex -27.7443 0 48.275
      vertex -17.8121 0 50.3079
      vertex -17.6449 0 50.1613
    endloop
  endfacet
  facet normal 0 1 0
    outer loop
      vertex -18.0822 0 50.66
      vertex -28.1173 0 50.1504
      vertex -28.275 0 50.2557
    endloop
  endfacet
  facet normal 0 1 0
    outer loop
      vertex -27.8496 0 48.1173
      vertex -17.6449 0 50.1613
      vertex -17.46 0 50.0378
    endloop
  endfacet
  facet normal 0 1 0
    outer loop
      vertex -18.0822 0 50.66
      vertex -27.9747 0 50.0253
      vertex -28.1173 0 50.1504
    endloop
  endfacet
  facet normal 0 1 0
    outer loop
      vertex -27.9747 0 47.9747
      vertex -17.46 0 50.0378
      vertex -17.2606 0 49.9394
    endloop
  endfacet
  facet normal 0 1 0
    outer loop
      vertex -18.0822 0 50.66
      vertex -27.8496 0 49.8827
      vertex -27.9747 0 50.0253
    endloop
  endfacet
  facet normal 0 1 0
    outer loop
      vertex -28.1173 0 47.8496
      vertex -17.2606 0 49.9394
      vertex -17.05 0 49.8679
    endloop
  endfacet
  facet normal 0 1 0
    outer loop
      vertex -28.275 0 47.7443
      vertex -17.05 0 49.8679
      vertex -16.8319 0 49.8245
    endloop
  endfacet
  facet normal 0 1 0
    outer loop
      vertex -29 0 18.45
      vertex -16.8319 0 49.8245
      vertex -16.61 0 49.81
    endloop
  endfacet
  facet normal 0 1 0
    outer loop
      vertex -18.0822 0 50.66
      vertex -27.7443 0 49.725
      vertex -27.8496 0 49.8827
    endloop
  endfacet
  facet normal 0 1 0
    outer loop
      vertex 4.1387 0 50.6751
      vertex 27.7443 0 48.275
      vertex 3.99208 0 50.5079
    endloop
  endfacet
  facet normal 0 1 0
    outer loop
      vertex 27.8496 0 48.1173
      vertex 3.99208 0 50.5079
      vertex 27.7443 0 48.275
    endloop
  endfacet
  facet normal 0 1 0
    outer loop
      vertex -18.0822 0 50.66
      vertex -27.6604 0 49.5549
      vertex -27.7443 0 49.725
    endloop
  endfacet
  facet normal 0 1 0
    outer loop
      vertex 3.99208 0 50.5079
      vertex 27.8496 0 48.1173
      vertex 3.82489 0 50.3613
    endloop
  endfacet
  facet normal 0 1 0
    outer loop
      vertex -18.0822 0 50.66
      vertex -27.5994 0 49.3753
      vertex -27.6604 0 49.5549
    endloop
  endfacet
  facet normal 0 1 0
    outer loop
      vertex 27.9747 0 47.9747
      vertex 3.82489 0 50.3613
      vertex 27.8496 0 48.1173
    endloop
  endfacet
  facet normal 0 1 0
    outer loop
      vertex -18.0822 0 50.66
      vertex -27.5624 0 49.1893
      vertex -27.5994 0 49.3753
    endloop
  endfacet
  facet normal 0 1 0
    outer loop
      vertex 3.82489 0 50.3613
      vertex 27.9747 0 47.9747
      vertex 3.64 0 50.2378
    endloop
  endfacet
  facet normal 0 1 0
    outer loop
      vertex -18.0822 0 50.66
      vertex -27.55 0 49
      vertex -27.5624 0 49.1893
    endloop
  endfacet
  facet normal 0 1 0
    outer loop
      vertex 28.4451 0 47.6604
      vertex 28.4451 0 18.3396
      vertex 28.275 0 47.7443
    endloop
  endfacet
  facet normal 0 1 0
    outer loop
      vertex -18.0822 0 50.66
      vertex -27.5624 0 48.8107
      vertex -27.55 0 49
    endloop
  endfacet
  facet normal 0 1 0
    outer loop
      vertex 28.275 0 18.2557
      vertex 28.275 0 47.7443
      vertex 28.4451 0 18.3396
    endloop
  endfacet
  facet normal 0 1 0
    outer loop
      vertex -18.0822 0 50.66
      vertex -27.5994 0 48.6247
      vertex -27.5624 0 48.8107
    endloop
  endfacet
  facet normal 0 1 0
    outer loop
      vertex 28.275 0 47.7443
      vertex 28.275 0 18.2557
      vertex 28.1173 0 47.8496
    endloop
  endfacet
  facet normal 0 1 0
    outer loop
      vertex -17.9587 0 50.4751
      vertex -27.6604 0 48.4451
      vertex -27.5994 0 48.6247
    endloop
  endfacet
  facet normal 0 1 0
    outer loop
      vertex 28.1173 0 18.1504
      vertex 28.1173 0 47.8496
      vertex 28.275 0 18.2557
    endloop
  endfacet
  facet normal 0 1 0
    outer loop
      vertex -17.8121 0 50.3079
      vertex -27.7443 0 48.275
      vertex -27.6604 0 48.4451
    endloop
  endfacet
  facet normal 0 1 0
    outer loop
      vertex 27.9747 0 18.0253
      vertex 27.9747 0 47.9747
      vertex 28.1173 0 18.1504
    endloop
  endfacet
  facet normal 0 1 0
    outer loop
      vertex 2.79 0 50.01
      vertex -29 0 18.45
      vertex -16.61 0 49.81
    endloop
  endfacet
  facet normal 0 1 0
    outer loop
      vertex 28.1173 0 47.8496
      vertex 28.1173 0 18.1504
      vertex 27.9747 0 47.9747
    endloop
  endfacet
  facet normal 0 1 0
    outer loop
      vertex -16.8319 0 49.8245
      vertex -29 0 18.45
      vertex -28.275 0 47.7443
    endloop
  endfacet
  facet normal 0 1 0
    outer loop
      vertex 28.4451 0 18.3396
      vertex 28.4451 0 47.6604
      vertex 28.6247 0 18.4006
    endloop
  endfacet
  facet normal 0 1 0
    outer loop
      vertex -17.6449 0 50.1613
      vertex -27.8496 0 48.1173
      vertex -27.7443 0 48.275
    endloop
  endfacet
  facet normal 0 1 0
    outer loop
      vertex 28.6247 0 47.5994
      vertex 28.6247 0 18.4006
      vertex 28.4451 0 47.6604
    endloop
  endfacet
  facet normal 0 1 0
    outer loop
      vertex -17.46 0 50.0378
      vertex -27.9747 0 47.9747
      vertex -27.8496 0 48.1173
    endloop
  endfacet
  facet normal 0 1 0
    outer loop
      vertex 28.6247 0 18.4006
      vertex 28.6247 0 47.5994
      vertex 28.8107 0 18.4376
    endloop
  endfacet
  facet normal 0 1 0
    outer loop
      vertex -17.2606 0 49.9394
      vertex -28.1173 0 47.8496
      vertex -27.9747 0 47.9747
    endloop
  endfacet
  facet normal 0 1 0
    outer loop
      vertex 28.8107 0 47.5624
      vertex 28.8107 0 18.4376
      vertex 28.6247 0 47.5994
    endloop
  endfacet
  facet normal 0 1 0
    outer loop
      vertex -17.05 0 49.8679
      vertex -28.275 0 47.7443
      vertex -28.1173 0 47.8496
    endloop
  endfacet
  facet normal 0 1 0
    outer loop
      vertex 28.8107 0 18.4376
      vertex 28.8107 0 47.5624
      vertex 29 0 18.45
    endloop
  endfacet
  facet normal 0 1 0
    outer loop
      vertex -28.275 0 47.7443
      vertex -29 0 18.45
      vertex -28.4451 0 47.6604
    endloop
  endfacet
  facet normal 0 1 -0
    outer loop
      vertex 29 0 18.45
      vertex 28.8107 0 47.5624
      vertex 29 0 47.55
    endloop
  endfacet
  facet normal 0 1 0
    outer loop
      vertex -28.4451 0 47.6604
      vertex -29 0 18.45
      vertex -28.6247 0 47.5994
    endloop
  endfacet
  facet normal 0 1 0
    outer loop
      vertex -30 0 59.4
      vertex -16.3881 0 53.1955
      vertex -16.61 0 53.21
    endloop
  endfacet
  facet normal 0 1 0
    outer loop
      vertex -15.9594 0 53.0806
      vertex 2.13944 0 53.2806
      vertex 1.94 0 53.1822
    endloop
  endfacet
  facet normal 0 1 0
    outer loop
      vertex 2.35001 0 53.3521
      vertex -16.17 0 53.1521
      vertex -16.3881 0 53.1955
    endloop
  endfacet
  facet normal 0 1 0
    outer loop
      vertex 2.13944 0 53.2806
      vertex -15.9594 0 53.0806
      vertex -16.17 0 53.1521
    endloop
  endfacet
  facet normal 0 1 0
    outer loop
      vertex -15.76 0 52.9822
      vertex 1.94 0 53.1822
      vertex 1.75511 0 53.0587
    endloop
  endfacet
  facet normal 0 1 0
    outer loop
      vertex 1.94 0 53.1822
      vertex -15.76 0 52.9822
      vertex -15.9594 0 53.0806
    endloop
  endfacet
  facet normal 0 1 0
    outer loop
      vertex -15.5751 0 52.8587
      vertex 1.75511 0 53.0587
      vertex 1.58792 0 52.9121
    endloop
  endfacet
  facet normal 0 1 0
    outer loop
      vertex 1.75511 0 53.0587
      vertex -15.5751 0 52.8587
      vertex -15.76 0 52.9822
    endloop
  endfacet
  facet normal 0 1 0
    outer loop
      vertex -15.4079 0 52.7121
      vertex 1.58792 0 52.9121
      vertex 1.4413 0 52.7449
    endloop
  endfacet
  facet normal 0 1 0
    outer loop
      vertex 1.58792 0 52.9121
      vertex -15.4079 0 52.7121
      vertex -15.5751 0 52.8587
    endloop
  endfacet
  facet normal 0 1 0
    outer loop
      vertex -15.2613 0 52.5449
      vertex 1.4413 0 52.7449
      vertex 1.31776 0 52.56
    endloop
  endfacet
  facet normal 0 1 0
    outer loop
      vertex 1.4413 0 52.7449
      vertex -15.2613 0 52.5449
      vertex -15.4079 0 52.7121
    endloop
  endfacet
  facet normal 0 1 0
    outer loop
      vertex -15.1378 0 52.36
      vertex 1.31776 0 52.56
      vertex 1.2194 0 52.3606
    endloop
  endfacet
  facet normal 0 1 0
    outer loop
      vertex 1.31776 0 52.56
      vertex -15.1378 0 52.36
      vertex -15.2613 0 52.5449
    endloop
  endfacet
  facet normal 0 1 0
    outer loop
      vertex 1.2194 0 52.3606
      vertex -15.0394 0 52.1606
      vertex -15.1378 0 52.36
    endloop
  endfacet
  facet normal 0 1 -0
    outer loop
      vertex 1.14793 0 52.15
      vertex -15.0394 0 52.1606
      vertex 1.2194 0 52.3606
    endloop
  endfacet
  facet normal 0 1 0
    outer loop
      vertex 1.14793 0 52.15
      vertex -14.9679 0 51.95
      vertex -15.0394 0 52.1606
    endloop
  endfacet
  facet normal 0 1 -0
    outer loop
      vertex 1.10454 0 51.9319
      vertex -14.9679 0 51.95
      vertex 1.14793 0 52.15
    endloop
  endfacet
  facet normal 0 1 0
    outer loop
      vertex 1.10454 0 51.9319
      vertex -14.9245 0 51.7319
      vertex -14.9679 0 51.95
    endloop
  endfacet
  facet normal 0 1 -0
    outer loop
      vertex 1.09 0 51.71
      vertex -14.9245 0 51.7319
      vertex 1.10454 0 51.9319
    endloop
  endfacet
  facet normal 0 1 0
    outer loop
      vertex 1.09 0 51.71
      vertex -14.91 0 51.51
      vertex -14.9245 0 51.7319
    endloop
  endfacet
  facet normal 0 1 0
    outer loop
      vertex 1.10454 0 51.4881
      vertex -14.91 0 51.51
      vertex 1.09 0 51.71
    endloop
  endfacet
  facet normal 0 1 0
    outer loop
      vertex 1.10454 0 51.4881
      vertex -14.9245 0 51.2881
      vertex -14.91 0 51.51
    endloop
  endfacet
  facet normal 0 1 0
    outer loop
      vertex 1.14793 0 51.27
      vertex -14.9245 0 51.2881
      vertex 1.10454 0 51.4881
    endloop
  endfacet
  facet normal 0 1 0
    outer loop
      vertex 1.14793 0 51.27
      vertex -14.9679 0 51.07
      vertex -14.9245 0 51.2881
    endloop
  endfacet
  facet normal 0 1 0
    outer loop
      vertex 1.2194 0 51.0594
      vertex -14.9679 0 51.07
      vertex 1.14793 0 51.27
    endloop
  endfacet
  facet normal 0 1 0
    outer loop
      vertex -15.0394 0 50.8594
      vertex 1.2194 0 51.0594
      vertex 1.31776 0 50.86
    endloop
  endfacet
  facet normal 0 1 0
    outer loop
      vertex 1.2194 0 51.0594
      vertex -15.0394 0 50.8594
      vertex -14.9679 0 51.07
    endloop
  endfacet
  facet normal 0 1 0
    outer loop
      vertex -15.1378 0 50.66
      vertex 1.31776 0 50.86
      vertex 1.4413 0 50.6751
    endloop
  endfacet
  facet normal 0 1 0
    outer loop
      vertex 1.31776 0 50.86
      vertex -15.1378 0 50.66
      vertex -15.0394 0 50.8594
    endloop
  endfacet
  facet normal 0 1 0
    outer loop
      vertex -15.2613 0 50.4751
      vertex 1.4413 0 50.6751
      vertex 1.58792 0 50.5079
    endloop
  endfacet
  facet normal 0 1 0
    outer loop
      vertex 1.4413 0 50.6751
      vertex -15.2613 0 50.4751
      vertex -15.1378 0 50.66
    endloop
  endfacet
  facet normal 0 1 0
    outer loop
      vertex -15.4079 0 50.3079
      vertex 1.58792 0 50.5079
      vertex 1.75511 0 50.3613
    endloop
  endfacet
  facet normal 0 1 0
    outer loop
      vertex 1.58792 0 50.5079
      vertex -15.4079 0 50.3079
      vertex -15.2613 0 50.4751
    endloop
  endfacet
  facet normal 0 1 0
    outer loop
      vertex -15.5751 0 50.1613
      vertex 1.75511 0 50.3613
      vertex 1.94 0 50.2378
    endloop
  endfacet
  facet normal 0 1 0
    outer loop
      vertex 1.75511 0 50.3613
      vertex -15.5751 0 50.1613
      vertex -15.4079 0 50.3079
    endloop
  endfacet
  facet normal 0 1 0
    outer loop
      vertex -15.76 0 50.0378
      vertex 1.94 0 50.2378
      vertex 2.13944 0 50.1394
    endloop
  endfacet
  facet normal 0 1 0
    outer loop
      vertex -15.9594 0 49.9394
      vertex 2.13944 0 50.1394
      vertex 2.35001 0 50.0679
    endloop
  endfacet
  facet normal 0 1 0
    outer loop
      vertex 1.94 0 50.2378
      vertex -15.76 0 50.0378
      vertex -15.5751 0 50.1613
    endloop
  endfacet
  facet normal 0 1 0
    outer loop
      vertex -16.17 0 49.8679
      vertex 2.35001 0 50.0679
      vertex 2.5681 0 50.0245
    endloop
  endfacet
  facet normal 0 1 0
    outer loop
      vertex -16.3881 0 49.8245
      vertex 2.5681 0 50.0245
      vertex 2.79 0 50.01
    endloop
  endfacet
  facet normal 0 1 0
    outer loop
      vertex 2.13944 0 50.1394
      vertex -15.9594 0 49.9394
      vertex -15.76 0 50.0378
    endloop
  endfacet
  facet normal 0 1 0
    outer loop
      vertex 33.7 0 55.7
      vertex 30 0 59.4
      vertex 30.4829 0 59.3684
    endloop
  endfacet
  facet normal 0 1 0
    outer loop
      vertex 30 0 59.4
      vertex 2.79 0 53.41
      vertex -30 0 59.4
    endloop
  endfacet
  facet normal 0 1 0
    outer loop
      vertex 33.7 0 55.7
      vertex 30.4829 0 59.3684
      vertex 30.9576 0 59.2739
    endloop
  endfacet
  facet normal 0 1 -0
    outer loop
      vertex 2.5681 0 53.3955
      vertex -30 0 59.4
      vertex 2.79 0 53.41
    endloop
  endfacet
  facet normal 0 1 0
    outer loop
      vertex 33.7 0 55.7
      vertex 30.9576 0 59.2739
      vertex 31.4159 0 59.1184
    endloop
  endfacet
  facet normal 0 1 -0
    outer loop
      vertex 2.35001 0 53.3521
      vertex -30 0 59.4
      vertex 2.5681 0 53.3955
    endloop
  endfacet
  facet normal 0 1 0
    outer loop
      vertex 33.7 0 55.7
      vertex 31.4159 0 59.1184
      vertex 31.85 0 58.9043
    endloop
  endfacet
  facet normal 0 1 -0
    outer loop
      vertex -16.3881 0 53.1955
      vertex -30 0 59.4
      vertex 2.35001 0 53.3521
    endloop
  endfacet
  facet normal 0 1 0
    outer loop
      vertex 33.7 0 55.7
      vertex 31.85 0 58.9043
      vertex 32.2524 0 58.6354
    endloop
  endfacet
  facet normal 0 1 -0
    outer loop
      vertex -16.8319 0 53.1955
      vertex -30 0 59.4
      vertex -16.61 0 53.21
    endloop
  endfacet
  facet normal 0 1 0
    outer loop
      vertex 33.7 0 55.7
      vertex 32.2524 0 58.6354
      vertex 32.6163 0 58.3163
    endloop
  endfacet
  facet normal 0 1 -0
    outer loop
      vertex -17.05 0 53.1521
      vertex -30 0 59.4
      vertex -16.8319 0 53.1955
    endloop
  endfacet
  facet normal 0 1 0
    outer loop
      vertex 33.7 0 55.7
      vertex 32.6163 0 58.3163
      vertex 32.9354 0 57.9524
    endloop
  endfacet
  facet normal 0 1 -0
    outer loop
      vertex -17.2606 0 53.0806
      vertex -30 0 59.4
      vertex -17.05 0 53.1521
    endloop
  endfacet
  facet normal 0 1 0
    outer loop
      vertex 33.7 0 55.7
      vertex 32.9354 0 57.9524
      vertex 33.2043 0 57.55
    endloop
  endfacet
  facet normal 0 1 -0
    outer loop
      vertex -17.6449 0 52.8587
      vertex -30 0 59.4
      vertex -17.46 0 52.9822
    endloop
  endfacet
  facet normal 0 1 0
    outer loop
      vertex 33.7 0 55.7
      vertex 33.2043 0 57.55
      vertex 33.4184 0 57.1159
    endloop
  endfacet
  facet normal 0 1 -0
    outer loop
      vertex -17.8121 0 52.7121
      vertex -30 0 59.4
      vertex -17.6449 0 52.8587
    endloop
  endfacet
  facet normal 0 1 0
    outer loop
      vertex 33.7 0 55.7
      vertex 33.4184 0 57.1159
      vertex 33.5739 0 56.6576
    endloop
  endfacet
  facet normal 0 1 -0
    outer loop
      vertex -17.9587 0 52.5449
      vertex -30 0 59.4
      vertex -17.8121 0 52.7121
    endloop
  endfacet
  facet normal 0 1 0
    outer loop
      vertex 33.7 0 55.7
      vertex 33.5739 0 56.6576
      vertex 33.6684 0 56.1829
    endloop
  endfacet
  facet normal 0 1 -0
    outer loop
      vertex -18.0822 0 52.36
      vertex -30 0 59.4
      vertex -17.9587 0 52.5449
    endloop
  endfacet
  facet normal 0 1 0
    outer loop
      vertex 30 0 59.4
      vertex 33.7 0 55.7
      vertex 29 0 50.45
    endloop
  endfacet
  facet normal 0 1 -0
    outer loop
      vertex -28.8107 0 50.4376
      vertex -30 0 59.4
      vertex -18.0822 0 52.36
    endloop
  endfacet
  facet normal -0 1 0
    outer loop
      vertex -33.7 0 55.7
      vertex -30 0 59.4
      vertex -29 0 50.45
    endloop
  endfacet
  facet normal 0 1 0
    outer loop
      vertex 30 0 59.4
      vertex 3.01189 0 53.3955
      vertex 2.79 0 53.41
    endloop
  endfacet
  facet normal 0 1 0
    outer loop
      vertex 30 0 59.4
      vertex 3.22999 0 53.3521
      vertex 3.01189 0 53.3955
    endloop
  endfacet
  facet normal 0 1 0
    outer loop
      vertex 30 0 59.4
      vertex 3.44056 0 53.2806
      vertex 3.22999 0 53.3521
    endloop
  endfacet
  facet normal 0 1 0
    outer loop
      vertex 30 0 59.4
      vertex 3.64 0 53.1822
      vertex 3.44056 0 53.2806
    endloop
  endfacet
  facet normal 0 1 0
    outer loop
      vertex 30 0 59.4
      vertex 3.82489 0 53.0587
      vertex 3.64 0 53.1822
    endloop
  endfacet
  facet normal 0 1 0
    outer loop
      vertex 30 0 59.4
      vertex 3.99208 0 52.9121
      vertex 3.82489 0 53.0587
    endloop
  endfacet
  facet normal 0 1 0
    outer loop
      vertex 30 0 59.4
      vertex 28.1173 0 50.1504
      vertex 27.9747 0 50.0253
    endloop
  endfacet
  facet normal 0 1 0
    outer loop
      vertex 30 0 59.4
      vertex 4.1387 0 52.7449
      vertex 3.99208 0 52.9121
    endloop
  endfacet
  facet normal 0 1 0
    outer loop
      vertex 30 0 59.4
      vertex 27.9747 0 50.0253
      vertex 27.8496 0 49.8827
    endloop
  endfacet
  facet normal 0 1 0
    outer loop
      vertex 30 0 59.4
      vertex 4.26224 0 52.56
      vertex 4.1387 0 52.7449
    endloop
  endfacet
  facet normal 0 1 0
    outer loop
      vertex 30 0 59.4
      vertex 27.8496 0 49.8827
      vertex 4.36059 0 52.3606
    endloop
  endfacet
  facet normal 0 1 0
    outer loop
      vertex 30 0 59.4
      vertex 4.36059 0 52.3606
      vertex 4.26224 0 52.56
    endloop
  endfacet
  facet normal 0 1 -0
    outer loop
      vertex 27.7443 0 49.725
      vertex 4.36059 0 52.3606
      vertex 27.8496 0 49.8827
    endloop
  endfacet
  facet normal 0 1 0
    outer loop
      vertex 4.36059 0 52.3606
      vertex 27.7443 0 49.725
      vertex 4.43207 0 52.15
    endloop
  endfacet
  facet normal 0 1 -0
    outer loop
      vertex 27.6604 0 49.5549
      vertex 4.43207 0 52.15
      vertex 27.7443 0 49.725
    endloop
  endfacet
  facet normal 0 1 0
    outer loop
      vertex 4.43207 0 52.15
      vertex 27.6604 0 49.5549
      vertex 4.47546 0 51.9319
    endloop
  endfacet
  facet normal 0 1 -0
    outer loop
      vertex 27.5994 0 49.3753
      vertex 4.47546 0 51.9319
      vertex 27.6604 0 49.5549
    endloop
  endfacet
  facet normal 0 1 0
    outer loop
      vertex 4.47546 0 51.9319
      vertex 27.5994 0 49.3753
      vertex 4.49 0 51.71
    endloop
  endfacet
  facet normal 0 1 0
    outer loop
      vertex 30 0 59.4
      vertex 29 0 50.45
      vertex 28.8107 0 50.4376
    endloop
  endfacet
  facet normal 0 1 0
    outer loop
      vertex 33.7 0 55.7
      vertex 29.1893 0 50.4376
      vertex 29 0 50.45
    endloop
  endfacet
  facet normal 0 1 0
    outer loop
      vertex 33.7 0 55.7
      vertex 29.3753 0 50.4006
      vertex 29.1893 0 50.4376
    endloop
  endfacet
  facet normal 0 1 0
    outer loop
      vertex 33.7 0 55.7
      vertex 29.5549 0 50.3396
      vertex 29.3753 0 50.4006
    endloop
  endfacet
  facet normal 0 1 0
    outer loop
      vertex 33.7 0 55.7
      vertex 29.725 0 50.2557
      vertex 29.5549 0 50.3396
    endloop
  endfacet
  facet normal 0 1 0
    outer loop
      vertex 33.7 0 55.7
      vertex 29.8827 0 50.1504
      vertex 29.725 0 50.2557
    endloop
  endfacet
  facet normal 0 1 0
    outer loop
      vertex 33.7 0 55.7
      vertex 30.0253 0 50.0253
      vertex 29.8827 0 50.1504
    endloop
  endfacet
  facet normal 0 1 0
    outer loop
      vertex 33.7 0 55.7
      vertex 30.1504 0 49.8827
      vertex 30.0253 0 50.0253
    endloop
  endfacet
  facet normal 0 1 0
    outer loop
      vertex 33.7 0 55.7
      vertex 30.2557 0 49.725
      vertex 30.1504 0 49.8827
    endloop
  endfacet
  facet normal 0 1 0
    outer loop
      vertex 33.7 0 55.7
      vertex 30.3396 0 49.5549
      vertex 30.2557 0 49.725
    endloop
  endfacet
  facet normal 0 1 0
    outer loop
      vertex 33.7 0 55.7
      vertex 30.4006 0 49.3753
      vertex 30.3396 0 49.5549
    endloop
  endfacet
  facet normal 0 1 0
    outer loop
      vertex 33.7 0 55.7
      vertex 30.4376 0 49.1893
      vertex 30.4006 0 49.3753
    endloop
  endfacet
  facet normal 0 1 0
    outer loop
      vertex 33.7 0 55.7
      vertex 30.45 0 49
      vertex 30.4376 0 49.1893
    endloop
  endfacet
  facet normal 0 1 0
    outer loop
      vertex 33.7 0 55.7
      vertex 30.4376 0 48.8107
      vertex 30.45 0 49
    endloop
  endfacet
  facet normal 0 1 0
    outer loop
      vertex 33.7 0 55.7
      vertex 30.4006 0 48.6247
      vertex 30.4376 0 48.8107
    endloop
  endfacet
  facet normal 0 1 0
    outer loop
      vertex 33.7 0 55.7
      vertex 30.3396 0 48.4451
      vertex 30.4006 0 48.6247
    endloop
  endfacet
  facet normal 0 1 0
    outer loop
      vertex -28.6247 0 47.5994
      vertex -29 0 18.45
      vertex -28.8107 0 47.5624
    endloop
  endfacet
  facet normal 0 1 0
    outer loop
      vertex 29.1893 0 47.5624
      vertex 29 0 18.45
      vertex 29 0 47.55
    endloop
  endfacet
  facet normal 0 1 0
    outer loop
      vertex 29.1893 0 18.4376
      vertex 29.1893 0 47.5624
      vertex 29.3753 0 47.5994
    endloop
  endfacet
  facet normal 0 1 0
    outer loop
      vertex 29.3753 0 18.4006
      vertex 29.3753 0 47.5994
      vertex 29.5549 0 47.6604
    endloop
  endfacet
  facet normal 0 1 0
    outer loop
      vertex 29.5549 0 18.3396
      vertex 29.5549 0 47.6604
      vertex 29.725 0 47.7443
    endloop
  endfacet
  facet normal 0 1 0
    outer loop
      vertex 29.725 0 18.2557
      vertex 29.725 0 47.7443
      vertex 29.8827 0 47.8496
    endloop
  endfacet
  facet normal 0 1 0
    outer loop
      vertex 29.8827 0 18.1504
      vertex 29.8827 0 47.8496
      vertex 30.0253 0 47.9747
    endloop
  endfacet
  facet normal 0 1 0
    outer loop
      vertex 30.0253 0 18.0253
      vertex 30.0253 0 47.9747
      vertex 30.1504 0 48.1173
    endloop
  endfacet
  facet normal 0 1 0
    outer loop
      vertex 30.1504 0 17.8827
      vertex 30.1504 0 48.1173
      vertex 30.2557 0 48.275
    endloop
  endfacet
  facet normal 0 1 0
    outer loop
      vertex 30.2557 0 17.725
      vertex 30.2557 0 48.275
      vertex 30.3396 0 48.4451
    endloop
  endfacet
  facet normal 0 1 0
    outer loop
      vertex 30.3396 0 17.5549
      vertex 30.3396 0 48.4451
      vertex 33.7 0 55.7
    endloop
  endfacet
  facet normal 0 1 0
    outer loop
      vertex 29.1893 0 47.5624
      vertex 29.1893 0 18.4376
      vertex 29 0 18.45
    endloop
  endfacet
  facet normal 0 1 0
    outer loop
      vertex 29.3753 0 47.5994
      vertex 29.3753 0 18.4006
      vertex 29.1893 0 18.4376
    endloop
  endfacet
  facet normal 0 1 0
    outer loop
      vertex 29.5549 0 47.6604
      vertex 29.5549 0 18.3396
      vertex 29.3753 0 18.4006
    endloop
  endfacet
  facet normal 0 1 0
    outer loop
      vertex 29.725 0 47.7443
      vertex 29.725 0 18.2557
      vertex 29.5549 0 18.3396
    endloop
  endfacet
  facet normal 0 1 0
    outer loop
      vertex 29.8827 0 47.8496
      vertex 29.8827 0 18.1504
      vertex 29.725 0 18.2557
    endloop
  endfacet
  facet normal 0 1 0
    outer loop
      vertex 30.0253 0 47.9747
      vertex 30.0253 0 18.0253
      vertex 29.8827 0 18.1504
    endloop
  endfacet
  facet normal 0 1 0
    outer loop
      vertex 30.1504 0 48.1173
      vertex 30.1504 0 17.8827
      vertex 30.0253 0 18.0253
    endloop
  endfacet
  facet normal 0 1 0
    outer loop
      vertex 30.2557 0 48.275
      vertex 30.2557 0 17.725
      vertex 30.1504 0 17.8827
    endloop
  endfacet
  facet normal 0 1 0
    outer loop
      vertex 30.3396 0 48.4451
      vertex 30.3396 0 17.5549
      vertex 30.2557 0 17.725
    endloop
  endfacet
  facet normal 0 1 0
    outer loop
      vertex 33.7 0 55.7
      vertex 30.4006 0 17.3753
      vertex 30.3396 0 17.5549
    endloop
  endfacet
  facet normal 0 1 0
    outer loop
      vertex 33.7 0 55.7
      vertex 30.4376 0 17.1893
      vertex 30.4006 0 17.3753
    endloop
  endfacet
  facet normal 0 1 -0
    outer loop
      vertex 33.7 0 3.7
      vertex 30.4376 0 17.1893
      vertex 33.7 0 55.7
    endloop
  endfacet
  facet normal 0 1 0
    outer loop
      vertex 30.4376 0 17.1893
      vertex 33.7 0 3.7
      vertex 30.45 0 17
    endloop
  endfacet
  facet normal 0 1 -0
    outer loop
      vertex 9.27001 0 12.3421
      vertex 3.01189 0 50.0245
      vertex 9.4881 0 12.3855
    endloop
  endfacet
  facet normal 0 1 0
    outer loop
      vertex 33.7 0 3.7
      vertex 29 0 15.55
      vertex 29.1893 0 15.5624
    endloop
  endfacet
  facet normal 0 1 0
    outer loop
      vertex 3.22999 0 50.0679
      vertex 9.4881 0 12.3855
      vertex 3.01189 0 50.0245
    endloop
  endfacet
  facet normal 0 1 0
    outer loop
      vertex 27.9747 0 18.0253
      vertex 10.15 0 12.3421
      vertex 9.93189 0 12.3855
    endloop
  endfacet
  facet normal 0 1 0
    outer loop
      vertex 27.8496 0 17.8827
      vertex 10.3606 0 12.2706
      vertex 10.15 0 12.3421
    endloop
  endfacet
  facet normal 0 1 0
    outer loop
      vertex 27.7443 0 17.725
      vertex 10.56 0 12.1722
      vertex 10.3606 0 12.2706
    endloop
  endfacet
  facet normal 0 1 0
    outer loop
      vertex 27.6604 0 17.5549
      vertex 10.7449 0 12.0487
      vertex 10.56 0 12.1722
    endloop
  endfacet
  facet normal 0 1 0
    outer loop
      vertex 27.5994 0 17.3753
      vertex 10.9121 0 11.9021
      vertex 10.7449 0 12.0487
    endloop
  endfacet
  facet normal 0 1 0
    outer loop
      vertex 33.7 0 3.7
      vertex 29.1893 0 15.5624
      vertex 29.3753 0 15.5994
    endloop
  endfacet
  facet normal 0 1 0
    outer loop
      vertex 27.5624 0 17.1893
      vertex 11.0587 0 11.7349
      vertex 10.9121 0 11.9021
    endloop
  endfacet
  facet normal 0 1 0
    outer loop
      vertex 27.55 0 17
      vertex 11.1822 0 11.55
      vertex 11.0587 0 11.7349
    endloop
  endfacet
  facet normal 0 1 0
    outer loop
      vertex 27.5624 0 16.8107
      vertex 11.2806 0 11.3506
      vertex 11.1822 0 11.55
    endloop
  endfacet
  facet normal 0 1 0
    outer loop
      vertex 27.5994 0 16.6247
      vertex 11.3521 0 11.14
      vertex 11.2806 0 11.3506
    endloop
  endfacet
  facet normal 0 1 0
    outer loop
      vertex 27.6604 0 16.4451
      vertex 11.3955 0 10.9219
      vertex 11.3521 0 11.14
    endloop
  endfacet
  facet normal 0 1 0
    outer loop
      vertex 27.7443 0 16.275
      vertex 11.41 0 10.7
      vertex 11.3955 0 10.9219
    endloop
  endfacet
  facet normal 0 1 0
    outer loop
      vertex 27.8496 0 16.1173
      vertex 11.3955 0 10.4781
      vertex 11.41 0 10.7
    endloop
  endfacet
  facet normal 0 1 0
    outer loop
      vertex 27.9747 0 15.9747
      vertex 11.3521 0 10.26
      vertex 11.3955 0 10.4781
    endloop
  endfacet
  facet normal 0 1 0
    outer loop
      vertex 28.1173 0 15.8496
      vertex 30 0 2.86102e-06
      vertex 11.3521 0 10.26
    endloop
  endfacet
  facet normal 0 1 0
    outer loop
      vertex 11.3521 0 10.26
      vertex 30 0 2.86102e-06
      vertex 11.2806 0 10.0494
    endloop
  endfacet
  facet normal 0 1 0
    outer loop
      vertex 11.2806 0 10.0494
      vertex 30 0 2.86102e-06
      vertex 11.1822 0 9.85
    endloop
  endfacet
  facet normal 0 1 0
    outer loop
      vertex 11.1822 0 9.85
      vertex 30 0 2.86102e-06
      vertex 11.0587 0 9.6651
    endloop
  endfacet
  facet normal 0 1 0
    outer loop
      vertex 11.0587 0 9.6651
      vertex 30 0 2.86102e-06
      vertex 10.9121 0 9.49792
    endloop
  endfacet
  facet normal 0 1 0
    outer loop
      vertex 10.9121 0 9.49792
      vertex 30 0 2.86102e-06
      vertex 10.7449 0 9.3513
    endloop
  endfacet
  facet normal 0 1 0
    outer loop
      vertex 10.7449 0 9.3513
      vertex 30 0 2.86102e-06
      vertex 10.56 0 9.22776
    endloop
  endfacet
  facet normal 0 1 0
    outer loop
      vertex 33.7 0 3.7
      vertex 29.3753 0 15.5994
      vertex 29.5549 0 15.6604
    endloop
  endfacet
  facet normal 0 1 0
    outer loop
      vertex -13.54 0 9.07224
      vertex -2 0 8
      vertex -13.3551 0 8.9487
    endloop
  endfacet
  facet normal 0 1 0
    outer loop
      vertex -13.3551 0 8.9487
      vertex -2 0 8
      vertex -13.1879 0 8.80208
    endloop
  endfacet
  facet normal 0 1 0
    outer loop
      vertex -13.1879 0 8.80208
      vertex -2 0 8
      vertex -13.0413 0 8.63489
    endloop
  endfacet
  facet normal 0 1 0
    outer loop
      vertex -13.0413 0 8.63489
      vertex -2 0 8
      vertex -12.9178 0 8.45
    endloop
  endfacet
  facet normal 0 1 0
    outer loop
      vertex -12.9178 0 8.45
      vertex -2 0 8
      vertex -12.8194 0 8.25056
    endloop
  endfacet
  facet normal 0 1 0
    outer loop
      vertex -12.8194 0 8.25056
      vertex -2 0 8
      vertex -12.7479 0 8.03999
    endloop
  endfacet
  facet normal 0 1 0
    outer loop
      vertex -2 0 2.86102e-06
      vertex 9.71 0 9
      vertex 9.93189 0 9.01454
    endloop
  endfacet
  facet normal 0 1 0
    outer loop
      vertex 30.45 0 17
      vertex 33.7 0 3.7
      vertex 30.4376 0 16.8107
    endloop
  endfacet
  facet normal 0 1 0
    outer loop
      vertex 33.7 0 3.7
      vertex 30.4006 0 16.6247
      vertex 30.4376 0 16.8107
    endloop
  endfacet
  facet normal 0 1 0
    outer loop
      vertex 33.7 0 3.7
      vertex 30.3396 0 16.4451
      vertex 30.4006 0 16.6247
    endloop
  endfacet
  facet normal 0 1 0
    outer loop
      vertex 33.7 0 3.7
      vertex 30.2557 0 16.275
      vertex 30.3396 0 16.4451
    endloop
  endfacet
  facet normal 0 1 0
    outer loop
      vertex 33.7 0 3.7
      vertex 30.1504 0 16.1173
      vertex 30.2557 0 16.275
    endloop
  endfacet
  facet normal 0 1 0
    outer loop
      vertex 33.7 0 3.7
      vertex 30.0253 0 15.9747
      vertex 30.1504 0 16.1173
    endloop
  endfacet
  facet normal 0 1 0
    outer loop
      vertex 33.7 0 3.7
      vertex 29.8827 0 15.8496
      vertex 30.0253 0 15.9747
    endloop
  endfacet
  facet normal 0 1 0
    outer loop
      vertex 33.7 0 3.7
      vertex 29.725 0 15.7443
      vertex 29.8827 0 15.8496
    endloop
  endfacet
  facet normal 0 1 0
    outer loop
      vertex 33.7 0 3.7
      vertex 29.5549 0 15.6604
      vertex 29.725 0 15.7443
    endloop
  endfacet
  facet normal 0 1 0
    outer loop
      vertex 28.6247 0 15.5994
      vertex 33.7 0 3.7
      vertex 30 0 2.86102e-06
    endloop
  endfacet
  facet normal 0 1 0
    outer loop
      vertex 10.56 0 9.22776
      vertex 30 0 2.86102e-06
      vertex 10.3606 0 9.1294
    endloop
  endfacet
  facet normal 0 1 0
    outer loop
      vertex 10.3606 0 9.1294
      vertex 30 0 2.86102e-06
      vertex 10.15 0 9.05793
    endloop
  endfacet
  facet normal 0 1 0
    outer loop
      vertex -2 0 2.86102e-06
      vertex 10.15 0 9.05793
      vertex 30 0 2.86102e-06
    endloop
  endfacet
  facet normal 0 1 0
    outer loop
      vertex 30 0 2.86102e-06
      vertex 33.7 0 3.7
      vertex 33.6684 0 3.21706
    endloop
  endfacet
  facet normal 0 1 0
    outer loop
      vertex 30 0 2.86102e-06
      vertex 33.6684 0 3.21706
      vertex 33.5739 0 2.74237
    endloop
  endfacet
  facet normal 0 1 0
    outer loop
      vertex 30 0 2.86102e-06
      vertex 33.5739 0 2.74237
      vertex 33.4184 0 2.28408
    endloop
  endfacet
  facet normal 0 1 0
    outer loop
      vertex 30 0 2.86102e-06
      vertex 33.4184 0 2.28408
      vertex 33.2043 0 1.84999
    endloop
  endfacet
  facet normal 0 1 0
    outer loop
      vertex 30 0 2.86102e-06
      vertex 33.2043 0 1.84999
      vertex 32.9354 0 1.44759
    endloop
  endfacet
  facet normal 0 1 0
    outer loop
      vertex 30 0 2.86102e-06
      vertex 32.9354 0 1.44759
      vertex 32.6163 0 1.0837
    endloop
  endfacet
  facet normal 0 1 0
    outer loop
      vertex 30 0 2.86102e-06
      vertex 32.6163 0 1.0837
      vertex 32.2524 0 0.76459
    endloop
  endfacet
  facet normal 0 1 0
    outer loop
      vertex 30 0 2.86102e-06
      vertex 32.2524 0 0.76459
      vertex 31.85 0 0.4957
    endloop
  endfacet
  facet normal 0 1 0
    outer loop
      vertex 30 0 2.86102e-06
      vertex 31.85 0 0.4957
      vertex 31.4159 0 0.28165
    endloop
  endfacet
  facet normal 0 1 0
    outer loop
      vertex 30 0 2.86102e-06
      vertex 31.4159 0 0.28165
      vertex 30.9576 0 0.126071
    endloop
  endfacet
  facet normal 0 1 0
    outer loop
      vertex 30 0 2.86102e-06
      vertex 30.9576 0 0.126071
      vertex 30.4829 0 0.0316496
    endloop
  endfacet
  facet normal 0 1 0
    outer loop
      vertex 10.15 0 9.05793
      vertex -2 0 2.86102e-06
      vertex 9.93189 0 9.01454
    endloop
  endfacet
  facet normal 0 1 0
    outer loop
      vertex 8.67511 0 9.3513
      vertex -2 0 2.86102e-06
      vertex -2 0 8
    endloop
  endfacet
  facet normal 0 1 0
    outer loop
      vertex -30 0 59.4
      vertex -33.7 0 55.7
      vertex -30.4829 0 59.3684
    endloop
  endfacet
  facet normal 0 1 -0
    outer loop
      vertex -17.46 0 52.9822
      vertex -30 0 59.4
      vertex -17.2606 0 53.0806
    endloop
  endfacet
  facet normal 0 1 0
    outer loop
      vertex -16.17 0 53.1521
      vertex 2.35001 0 53.3521
      vertex 2.13944 0 53.2806
    endloop
  endfacet
  facet normal 0 1 0
    outer loop
      vertex -30.9576 0 59.2739
      vertex -33.7 0 55.7
      vertex -31.4159 0 59.1184
    endloop
  endfacet
  facet normal 0 1 0
    outer loop
      vertex -31.4159 0 59.1184
      vertex -33.7 0 55.7
      vertex -31.85 0 58.9043
    endloop
  endfacet
  facet normal 0 1 0
    outer loop
      vertex -31.85 0 58.9043
      vertex -33.7 0 55.7
      vertex -32.2524 0 58.6354
    endloop
  endfacet
  facet normal 0 1 0
    outer loop
      vertex -32.2524 0 58.6354
      vertex -33.7 0 55.7
      vertex -32.6163 0 58.3163
    endloop
  endfacet
  facet normal 0 1 0
    outer loop
      vertex -32.6163 0 58.3163
      vertex -33.7 0 55.7
      vertex -32.9354 0 57.9524
    endloop
  endfacet
  facet normal 0 1 0
    outer loop
      vertex -32.9354 0 57.9524
      vertex -33.7 0 55.7
      vertex -33.2043 0 57.55
    endloop
  endfacet
  facet normal 0 1 0
    outer loop
      vertex -33.2043 0 57.55
      vertex -33.7 0 55.7
      vertex -33.4184 0 57.1159
    endloop
  endfacet
  facet normal 0 1 0
    outer loop
      vertex -33.4184 0 57.1159
      vertex -33.7 0 55.7
      vertex -33.5739 0 56.6576
    endloop
  endfacet
  facet normal 0 1 0
    outer loop
      vertex -30.4829 0 59.3684
      vertex -33.7 0 55.7
      vertex -30.9576 0 59.2739
    endloop
  endfacet
  facet normal 0 1 0
    outer loop
      vertex -28.8107 0 50.4376
      vertex -18.0822 0 52.36
      vertex -18.1806 0 52.1606
    endloop
  endfacet
  facet normal 0 1 0
    outer loop
      vertex -28.8107 0 50.4376
      vertex -18.1806 0 52.1606
      vertex -18.2521 0 51.95
    endloop
  endfacet
  facet normal 0 1 0
    outer loop
      vertex -28.8107 0 50.4376
      vertex -18.2521 0 51.95
      vertex -18.2955 0 51.7319
    endloop
  endfacet
  facet normal 0 1 0
    outer loop
      vertex -28.8107 0 50.4376
      vertex -18.2955 0 51.7319
      vertex -18.31 0 51.51
    endloop
  endfacet
  facet normal 0 1 0
    outer loop
      vertex -28.8107 0 50.4376
      vertex -18.31 0 51.51
      vertex -18.2955 0 51.2881
    endloop
  endfacet
  facet normal 0 1 0
    outer loop
      vertex -28.8107 0 50.4376
      vertex -18.2955 0 51.2881
      vertex -18.2521 0 51.07
    endloop
  endfacet
  facet normal 0 1 0
    outer loop
      vertex -28.8107 0 50.4376
      vertex -18.2521 0 51.07
      vertex -18.1806 0 50.8594
    endloop
  endfacet
  facet normal 0 1 0
    outer loop
      vertex -28.8107 0 50.4376
      vertex -18.1806 0 50.8594
      vertex -18.0822 0 50.66
    endloop
  endfacet
  facet normal 0 1 0
    outer loop
      vertex -27.5994 0 48.6247
      vertex -18.0822 0 50.66
      vertex -17.9587 0 50.4751
    endloop
  endfacet
  facet normal 0 1 0
    outer loop
      vertex -33.5739 0 56.6576
      vertex -33.7 0 55.7
      vertex -33.6684 0 56.1829
    endloop
  endfacet
  facet normal 0 1 -0
    outer loop
      vertex -29.1893 0 50.4376
      vertex -33.7 0 55.7
      vertex -29 0 50.45
    endloop
  endfacet
  facet normal 0 1 -0
    outer loop
      vertex -29.3753 0 50.4006
      vertex -33.7 0 55.7
      vertex -29.1893 0 50.4376
    endloop
  endfacet
  facet normal 0 1 -0
    outer loop
      vertex -29.5549 0 50.3396
      vertex -33.7 0 55.7
      vertex -29.3753 0 50.4006
    endloop
  endfacet
  facet normal 0 1 -0
    outer loop
      vertex -29.725 0 50.2557
      vertex -33.7 0 55.7
      vertex -29.5549 0 50.3396
    endloop
  endfacet
  facet normal 0 1 -0
    outer loop
      vertex -29.8827 0 50.1504
      vertex -33.7 0 55.7
      vertex -29.725 0 50.2557
    endloop
  endfacet
  facet normal 0 1 -0
    outer loop
      vertex -30.0253 0 50.0253
      vertex -33.7 0 55.7
      vertex -29.8827 0 50.1504
    endloop
  endfacet
  facet normal 0 1 -0
    outer loop
      vertex -30.1504 0 49.8827
      vertex -33.7 0 55.7
      vertex -30.0253 0 50.0253
    endloop
  endfacet
  facet normal 0 1 -0
    outer loop
      vertex -30.2557 0 49.725
      vertex -33.7 0 55.7
      vertex -30.1504 0 49.8827
    endloop
  endfacet
  facet normal 0 1 -0
    outer loop
      vertex -30.3396 0 49.5549
      vertex -33.7 0 55.7
      vertex -30.2557 0 49.725
    endloop
  endfacet
  facet normal 0 1 -0
    outer loop
      vertex -30.4006 0 49.3753
      vertex -33.7 0 55.7
      vertex -30.3396 0 49.5549
    endloop
  endfacet
  facet normal 0 1 -0
    outer loop
      vertex -30.4376 0 49.1893
      vertex -33.7 0 55.7
      vertex -30.4006 0 49.3753
    endloop
  endfacet
  facet normal 0 1 -0
    outer loop
      vertex -30.45 0 49
      vertex -33.7 0 55.7
      vertex -30.4376 0 49.1893
    endloop
  endfacet
  facet normal 0 1 0
    outer loop
      vertex -30.4376 0 48.8107
      vertex -33.7 0 55.7
      vertex -30.45 0 49
    endloop
  endfacet
  facet normal 0 1 0
    outer loop
      vertex -30.4006 0 48.6247
      vertex -33.7 0 55.7
      vertex -30.4376 0 48.8107
    endloop
  endfacet
  facet normal 0 1 0
    outer loop
      vertex -30.3396 0 48.4451
      vertex -33.7 0 55.7
      vertex -30.4006 0 48.6247
    endloop
  endfacet
  facet normal 0 1 0
    outer loop
      vertex -28.8107 0 47.5624
      vertex -29 0 18.45
      vertex -29 0 47.55
    endloop
  endfacet
  facet normal 0 1 0
    outer loop
      vertex -29 0 47.55
      vertex -29 0 18.45
      vertex -29.1893 0 47.5624
    endloop
  endfacet
  facet normal 0 1 0
    outer loop
      vertex -29.1893 0 18.4376
      vertex -29.1893 0 47.5624
      vertex -29 0 18.45
    endloop
  endfacet
  facet normal 0 1 0
    outer loop
      vertex -29.1893 0 47.5624
      vertex -29.1893 0 18.4376
      vertex -29.3753 0 47.5994
    endloop
  endfacet
  facet normal 0 1 0
    outer loop
      vertex -29.3753 0 18.4006
      vertex -29.3753 0 47.5994
      vertex -29.1893 0 18.4376
    endloop
  endfacet
  facet normal 0 1 0
    outer loop
      vertex -29.3753 0 47.5994
      vertex -29.3753 0 18.4006
      vertex -29.5549 0 47.6604
    endloop
  endfacet
  facet normal 0 1 0
    outer loop
      vertex -29.5549 0 18.3396
      vertex -29.5549 0 47.6604
      vertex -29.3753 0 18.4006
    endloop
  endfacet
  facet normal 0 1 0
    outer loop
      vertex -29.5549 0 47.6604
      vertex -29.5549 0 18.3396
      vertex -29.725 0 47.7443
    endloop
  endfacet
  facet normal 0 1 0
    outer loop
      vertex -29.725 0 18.2557
      vertex -29.725 0 47.7443
      vertex -29.5549 0 18.3396
    endloop
  endfacet
  facet normal 0 1 0
    outer loop
      vertex -29.725 0 47.7443
      vertex -29.725 0 18.2557
      vertex -29.8827 0 47.8496
    endloop
  endfacet
  facet normal 0 1 0
    outer loop
      vertex -29.8827 0 18.1504
      vertex -29.8827 0 47.8496
      vertex -29.725 0 18.2557
    endloop
  endfacet
  facet normal 0 1 0
    outer loop
      vertex -29.8827 0 47.8496
      vertex -29.8827 0 18.1504
      vertex -30.0253 0 47.9747
    endloop
  endfacet
  facet normal 0 1 0
    outer loop
      vertex -30.0253 0 18.0253
      vertex -30.0253 0 47.9747
      vertex -29.8827 0 18.1504
    endloop
  endfacet
  facet normal 0 1 0
    outer loop
      vertex -30.0253 0 47.9747
      vertex -30.0253 0 18.0253
      vertex -30.1504 0 48.1173
    endloop
  endfacet
  facet normal 0 1 0
    outer loop
      vertex -30.1504 0 17.8827
      vertex -30.1504 0 48.1173
      vertex -30.0253 0 18.0253
    endloop
  endfacet
  facet normal 0 1 0
    outer loop
      vertex -30.1504 0 48.1173
      vertex -30.1504 0 17.8827
      vertex -30.2557 0 48.275
    endloop
  endfacet
  facet normal 0 1 0
    outer loop
      vertex -30.2557 0 17.725
      vertex -30.2557 0 48.275
      vertex -30.1504 0 17.8827
    endloop
  endfacet
  facet normal 0 1 0
    outer loop
      vertex -30.2557 0 48.275
      vertex -30.2557 0 17.725
      vertex -30.3396 0 48.4451
    endloop
  endfacet
  facet normal 0 1 0
    outer loop
      vertex -30.3396 0 17.5549
      vertex -30.3396 0 48.4451
      vertex -30.2557 0 17.725
    endloop
  endfacet
  facet normal 0 1 0
    outer loop
      vertex -30.3396 0 48.4451
      vertex -30.3396 0 17.5549
      vertex -33.7 0 55.7
    endloop
  endfacet
  facet normal 0 1 -0
    outer loop
      vertex -30.4006 0 17.3753
      vertex -33.7 0 55.7
      vertex -30.3396 0 17.5549
    endloop
  endfacet
  facet normal 0 1 -0
    outer loop
      vertex -30.4376 0 17.1893
      vertex -33.7 0 55.7
      vertex -30.4006 0 17.3753
    endloop
  endfacet
  facet normal 0 1 0
    outer loop
      vertex -33.7 0 3.7
      vertex -30.4376 0 17.1893
      vertex -30.45 0 17
    endloop
  endfacet
  facet normal 0 1 0
    outer loop
      vertex -33.7 0 3.7
      vertex -30.45 0 17
      vertex -30.4376 0 16.8107
    endloop
  endfacet
  facet normal 0 1 0
    outer loop
      vertex -27.5994 0 16.6247
      vertex -15.5921 0 8.80208
      vertex -27.6604 0 16.4451
    endloop
  endfacet
  facet normal 0 1 -0
    outer loop
      vertex -15.7387 0 8.63489
      vertex -27.6604 0 16.4451
      vertex -15.5921 0 8.80208
    endloop
  endfacet
  facet normal 0 1 0
    outer loop
      vertex -27.6604 0 16.4451
      vertex -15.7387 0 8.63489
      vertex -27.7443 0 16.275
    endloop
  endfacet
  facet normal 0 1 -0
    outer loop
      vertex -15.8622 0 8.45
      vertex -27.7443 0 16.275
      vertex -15.7387 0 8.63489
    endloop
  endfacet
  facet normal 0 1 0
    outer loop
      vertex -27.5624 0 16.8107
      vertex -15.4249 0 8.9487
      vertex -27.5994 0 16.6247
    endloop
  endfacet
  facet normal 0 1 0
    outer loop
      vertex -14.1681 0 9.28546
      vertex 2.79 0 50.01
      vertex 8.67511 0 12.0487
    endloop
  endfacet
  facet normal 0 1 0
    outer loop
      vertex -14.1681 0 9.28546
      vertex 8.67511 0 12.0487
      vertex 8.50792 0 11.9021
    endloop
  endfacet
  facet normal 0 1 0
    outer loop
      vertex -14.1681 0 9.28546
      vertex 8.50792 0 11.9021
      vertex 8.3613 0 11.7349
    endloop
  endfacet
  facet normal 0 1 0
    outer loop
      vertex -14.1681 0 9.28546
      vertex 8.3613 0 11.7349
      vertex 8.23776 0 11.55
    endloop
  endfacet
  facet normal 0 1 0
    outer loop
      vertex -14.1681 0 9.28546
      vertex 8.23776 0 11.55
      vertex 8.1394 0 11.3506
    endloop
  endfacet
  facet normal 0 1 0
    outer loop
      vertex -14.1681 0 9.28546
      vertex 8.1394 0 11.3506
      vertex 8.06793 0 11.14
    endloop
  endfacet
  facet normal 0 1 0
    outer loop
      vertex -14.1681 0 9.28546
      vertex 8.06793 0 11.14
      vertex 8.02454 0 10.9219
    endloop
  endfacet
  facet normal 0 1 0
    outer loop
      vertex -14.1681 0 9.28546
      vertex 8.02454 0 10.9219
      vertex 8.01 0 10.7
    endloop
  endfacet
  facet normal 0 1 0
    outer loop
      vertex -14.1681 0 9.28546
      vertex 8.01 0 10.7
      vertex 8.02454 0 10.4781
    endloop
  endfacet
  facet normal 0 1 0
    outer loop
      vertex -14.1681 0 9.28546
      vertex 8.02454 0 10.4781
      vertex 8.06793 0 10.26
    endloop
  endfacet
  facet normal 0 1 0
    outer loop
      vertex -14.1681 0 9.28546
      vertex 8.06793 0 10.26
      vertex 8.1394 0 10.0494
    endloop
  endfacet
  facet normal 0 1 0
    outer loop
      vertex -14.1681 0 9.28546
      vertex 8.1394 0 10.0494
      vertex 8.23776 0 9.85
    endloop
  endfacet
  facet normal 0 1 0
    outer loop
      vertex -14.1681 0 9.28546
      vertex 8.23776 0 9.85
      vertex 8.3613 0 9.6651
    endloop
  endfacet
  facet normal 0 1 0
    outer loop
      vertex -14.1681 0 9.28546
      vertex 8.3613 0 9.6651
      vertex 8.50792 0 9.49792
    endloop
  endfacet
  facet normal 0 1 0
    outer loop
      vertex -2 0 8
      vertex 8.50792 0 9.49792
      vertex 8.67511 0 9.3513
    endloop
  endfacet
  facet normal 0 1 0
    outer loop
      vertex -27.7443 0 16.275
      vertex -15.8622 0 8.45
      vertex -27.8496 0 16.1173
    endloop
  endfacet
  facet normal 0 1 -0
    outer loop
      vertex -15.9606 0 8.25056
      vertex -27.8496 0 16.1173
      vertex -15.8622 0 8.45
    endloop
  endfacet
  facet normal 0 1 0
    outer loop
      vertex -27.8496 0 16.1173
      vertex -15.9606 0 8.25056
      vertex -27.9747 0 15.9747
    endloop
  endfacet
  facet normal 0 1 -0
    outer loop
      vertex -16.0321 0 8.03999
      vertex -27.9747 0 15.9747
      vertex -15.9606 0 8.25056
    endloop
  endfacet
  facet normal 0 1 0
    outer loop
      vertex -27.9747 0 15.9747
      vertex -16.0321 0 8.03999
      vertex -28.1173 0 15.8496
    endloop
  endfacet
  facet normal 0 1 -0
    outer loop
      vertex -16.0755 0 7.82189
      vertex -28.1173 0 15.8496
      vertex -16.0321 0 8.03999
    endloop
  endfacet
  facet normal 0 1 0
    outer loop
      vertex -28.1173 0 15.8496
      vertex -16.0755 0 7.82189
      vertex -28.275 0 15.7443
    endloop
  endfacet
  facet normal 0 1 -0
    outer loop
      vertex -16.09 0 7.6
      vertex -28.275 0 15.7443
      vertex -16.0755 0 7.82189
    endloop
  endfacet
  facet normal 0 1 0
    outer loop
      vertex -28.275 0 15.7443
      vertex -16.09 0 7.6
      vertex -28.4451 0 15.6604
    endloop
  endfacet
  facet normal 0 1 0
    outer loop
      vertex -33.7 0 3.7
      vertex -28.4451 0 15.6604
      vertex -16.09 0 7.6
    endloop
  endfacet
  facet normal 0 1 0
    outer loop
      vertex -28.4451 0 15.6604
      vertex -33.7 0 3.7
      vertex -28.6247 0 15.5994
    endloop
  endfacet
  facet normal 0 1 0
    outer loop
      vertex -28.6247 0 15.5994
      vertex -33.7 0 3.7
      vertex -28.8107 0 15.5624
    endloop
  endfacet
  facet normal 0 1 0
    outer loop
      vertex -28.8107 0 15.5624
      vertex -33.7 0 3.7
      vertex -29 0 15.55
    endloop
  endfacet
  facet normal 0 1 0
    outer loop
      vertex -29 0 15.55
      vertex -33.7 0 3.7
      vertex -29.1893 0 15.5624
    endloop
  endfacet
  facet normal 0 1 0
    outer loop
      vertex -29.1893 0 15.5624
      vertex -33.7 0 3.7
      vertex -29.3753 0 15.5994
    endloop
  endfacet
  facet normal 0 1 0
    outer loop
      vertex -29.3753 0 15.5994
      vertex -33.7 0 3.7
      vertex -29.5549 0 15.6604
    endloop
  endfacet
  facet normal 0 1 0
    outer loop
      vertex -33.7 0 3.7
      vertex -16.09 0 7.6
      vertex -16.0755 0 7.37811
    endloop
  endfacet
  facet normal 0 1 0
    outer loop
      vertex -33.7 0 3.7
      vertex -16.0755 0 7.37811
      vertex -16.0321 0 7.16001
    endloop
  endfacet
  facet normal 0 1 0
    outer loop
      vertex -33.7 0 3.7
      vertex -16.0321 0 7.16001
      vertex -15.9606 0 6.94944
    endloop
  endfacet
  facet normal 0 1 0
    outer loop
      vertex -33.7 0 3.7
      vertex -15.9606 0 6.94944
      vertex -15.8622 0 6.75
    endloop
  endfacet
  facet normal 0 1 0
    outer loop
      vertex -33.7 0 3.7
      vertex -15.8622 0 6.75
      vertex -15.7387 0 6.56511
    endloop
  endfacet
  facet normal 0 1 0
    outer loop
      vertex -33.7 0 3.7
      vertex -15.7387 0 6.56511
      vertex -15.5921 0 6.39792
    endloop
  endfacet
  facet normal 0 1 0
    outer loop
      vertex -33.7 0 3.7
      vertex -15.5921 0 6.39792
      vertex -15.4249 0 6.2513
    endloop
  endfacet
  facet normal 0 1 0
    outer loop
      vertex -33.7 0 3.7
      vertex -15.4249 0 6.2513
      vertex -15.24 0 6.12776
    endloop
  endfacet
  facet normal 0 1 0
    outer loop
      vertex -30.4376 0 17.1893
      vertex -33.7 0 3.7
      vertex -33.7 0 55.7
    endloop
  endfacet
  facet normal 0 1 0
    outer loop
      vertex -30.4006 0 16.6247
      vertex -33.7 0 3.7
      vertex -30.4376 0 16.8107
    endloop
  endfacet
  facet normal 0 1 0
    outer loop
      vertex -30.3396 0 16.4451
      vertex -33.7 0 3.7
      vertex -30.4006 0 16.6247
    endloop
  endfacet
  facet normal 0 1 0
    outer loop
      vertex -30.2557 0 16.275
      vertex -33.7 0 3.7
      vertex -30.3396 0 16.4451
    endloop
  endfacet
  facet normal 0 1 0
    outer loop
      vertex -30.1504 0 16.1173
      vertex -33.7 0 3.7
      vertex -30.2557 0 16.275
    endloop
  endfacet
  facet normal 0 1 0
    outer loop
      vertex -30.0253 0 15.9747
      vertex -33.7 0 3.7
      vertex -30.1504 0 16.1173
    endloop
  endfacet
  facet normal 0 1 0
    outer loop
      vertex -29.8827 0 15.8496
      vertex -33.7 0 3.7
      vertex -30.0253 0 15.9747
    endloop
  endfacet
  facet normal 0 1 0
    outer loop
      vertex -29.725 0 15.7443
      vertex -33.7 0 3.7
      vertex -29.8827 0 15.8496
    endloop
  endfacet
  facet normal 0 1 0
    outer loop
      vertex -29.5549 0 15.6604
      vertex -33.7 0 3.7
      vertex -29.725 0 15.7443
    endloop
  endfacet
  facet normal 0 1 0
    outer loop
      vertex -15.0406 0 6.0294
      vertex -33.7 0 3.7
      vertex -15.24 0 6.12776
    endloop
  endfacet
  facet normal 0 1 0
    outer loop
      vertex -14.83 0 5.95793
      vertex -33.7 0 3.7
      vertex -15.0406 0 6.0294
    endloop
  endfacet
  facet normal 0 1 0
    outer loop
      vertex -14.6119 0 5.91454
      vertex -33.7 0 3.7
      vertex -14.83 0 5.95793
    endloop
  endfacet
  facet normal 0 1 0
    outer loop
      vertex -33.7 0 3.7
      vertex -14.6119 0 5.91454
      vertex -14.39 0 5.9
    endloop
  endfacet
  facet normal 0 1 0
    outer loop
      vertex 30 0 59.4
      vertex 28.8107 0 50.4376
      vertex 28.6247 0 50.4006
    endloop
  endfacet
  facet normal 0 1 0
    outer loop
      vertex 30 0 59.4
      vertex 28.6247 0 50.4006
      vertex 28.4451 0 50.3396
    endloop
  endfacet
  facet normal 0 1 0
    outer loop
      vertex 30 0 59.4
      vertex 28.4451 0 50.3396
      vertex 28.275 0 50.2557
    endloop
  endfacet
  facet normal 0 1 0
    outer loop
      vertex 30 0 59.4
      vertex 28.275 0 50.2557
      vertex 28.1173 0 50.1504
    endloop
  endfacet
  facet normal 0 1 -0
    outer loop
      vertex 27.5624 0 49.1893
      vertex 4.49 0 51.71
      vertex 27.5994 0 49.3753
    endloop
  endfacet
  facet normal 0 1 0
    outer loop
      vertex 4.49 0 51.71
      vertex 27.5624 0 49.1893
      vertex 4.47546 0 51.4881
    endloop
  endfacet
  facet normal 0 1 -0
    outer loop
      vertex 27.55 0 49
      vertex 4.47546 0 51.4881
      vertex 27.5624 0 49.1893
    endloop
  endfacet
  facet normal 0 1 0
    outer loop
      vertex 4.47546 0 51.4881
      vertex 27.55 0 49
      vertex 4.43207 0 51.27
    endloop
  endfacet
  facet normal 0 1 0
    outer loop
      vertex 27.5624 0 48.8107
      vertex 4.43207 0 51.27
      vertex 27.55 0 49
    endloop
  endfacet
  facet normal 0 1 0
    outer loop
      vertex 4.43207 0 51.27
      vertex 27.5624 0 48.8107
      vertex 4.36059 0 51.0594
    endloop
  endfacet
  facet normal 0 1 0
    outer loop
      vertex 27.5994 0 48.6247
      vertex 4.36059 0 51.0594
      vertex 27.5624 0 48.8107
    endloop
  endfacet
  facet normal 0 1 0
    outer loop
      vertex 4.36059 0 51.0594
      vertex 27.5994 0 48.6247
      vertex 4.26224 0 50.86
    endloop
  endfacet
  facet normal 0 1 0
    outer loop
      vertex 27.6604 0 48.4451
      vertex 4.26224 0 50.86
      vertex 27.5994 0 48.6247
    endloop
  endfacet
  facet normal 0 1 0
    outer loop
      vertex 4.26224 0 50.86
      vertex 27.6604 0 48.4451
      vertex 4.1387 0 50.6751
    endloop
  endfacet
  facet normal 0 1 0
    outer loop
      vertex 27.7443 0 48.275
      vertex 4.1387 0 50.6751
      vertex 27.6604 0 48.4451
    endloop
  endfacet
  facet normal 0 1 0
    outer loop
      vertex 2.35001 0 50.0679
      vertex -16.17 0 49.8679
      vertex -15.9594 0 49.9394
    endloop
  endfacet
  facet normal 0 1 0
    outer loop
      vertex 2.5681 0 50.0245
      vertex -16.3881 0 49.8245
      vertex -16.17 0 49.8679
    endloop
  endfacet
  facet normal 0 1 0
    outer loop
      vertex 2.79 0 50.01
      vertex -16.61 0 49.81
      vertex -16.3881 0 49.8245
    endloop
  endfacet
  facet normal 0.0653644 0 0.997861
    outer loop
      vertex -29 6.4 18.45
      vertex -28.8107 0 18.4376
      vertex -28.8107 6.4 18.4376
    endloop
  endfacet
  facet normal 0.0653644 0 0.997861
    outer loop
      vertex -28.8107 0 18.4376
      vertex -29 6.4 18.45
      vertex -29 0 18.45
    endloop
  endfacet
  facet normal -0.3216 0 0.946876
    outer loop
      vertex -29.5549 6.4 18.3396
      vertex -29.3753 0 18.4006
      vertex -29.3753 6.4 18.4006
    endloop
  endfacet
  facet normal -0.3216 0 0.946876
    outer loop
      vertex -29.3753 0 18.4006
      vertex -29.5549 6.4 18.3396
      vertex -29.5549 0 18.3396
    endloop
  endfacet
  facet normal -0.442356 0 0.896839
    outer loop
      vertex -29.725 6.4 18.2557
      vertex -29.5549 0 18.3396
      vertex -29.5549 6.4 18.3396
    endloop
  endfacet
  facet normal -0.442356 0 0.896839
    outer loop
      vertex -29.5549 0 18.3396
      vertex -29.725 6.4 18.2557
      vertex -29.725 0 18.2557
    endloop
  endfacet
  facet normal -0.997861 0 -0.0653644
    outer loop
      vertex -30.4376 0 16.8107
      vertex -30.45 6.4 17
      vertex -30.4376 6.4 16.8107
    endloop
  endfacet
  facet normal -0.997861 -0 -0.0653644
    outer loop
      vertex -30.45 6.4 17
      vertex -30.4376 0 16.8107
      vertex -30.45 0 17
    endloop
  endfacet
  facet normal -0.946876 0 -0.3216
    outer loop
      vertex -30.3396 0 16.4451
      vertex -30.4006 6.4 16.6247
      vertex -30.3396 6.4 16.4451
    endloop
  endfacet
  facet normal -0.946876 -0 -0.3216
    outer loop
      vertex -30.4006 6.4 16.6247
      vertex -30.3396 0 16.4451
      vertex -30.4006 0 16.6247
    endloop
  endfacet
  facet normal -0.555309 0 0.831644
    outer loop
      vertex -29.8827 6.4 18.1504
      vertex -29.725 0 18.2557
      vertex -29.725 6.4 18.2557
    endloop
  endfacet
  facet normal -0.555309 0 0.831644
    outer loop
      vertex -29.725 0 18.2557
      vertex -29.8827 6.4 18.1504
      vertex -29.8827 0 18.1504
    endloop
  endfacet
  facet normal -0.980783 0 -0.195102
    outer loop
      vertex -30.4006 0 16.6247
      vertex -30.4376 6.4 16.8107
      vertex -30.4006 6.4 16.6247
    endloop
  endfacet
  facet normal -0.980783 -0 -0.195102
    outer loop
      vertex -30.4376 6.4 16.8107
      vertex -30.4006 0 16.6247
      vertex -30.4376 0 16.8107
    endloop
  endfacet
  facet normal -0.896839 0 0.442356
    outer loop
      vertex -30.3396 0 17.5549
      vertex -30.2557 6.4 17.725
      vertex -30.3396 6.4 17.5549
    endloop
  endfacet
  facet normal -0.896839 0 0.442356
    outer loop
      vertex -30.2557 6.4 17.725
      vertex -30.3396 0 17.5549
      vertex -30.2557 0 17.725
    endloop
  endfacet
  facet normal -0.659474 0 -0.751727
    outer loop
      vertex -30.0253 0 15.9747
      vertex -29.8827 6.4 15.8496
      vertex -29.8827 0 15.8496
    endloop
  endfacet
  facet normal -0.659474 0 -0.751727
    outer loop
      vertex -29.8827 6.4 15.8496
      vertex -30.0253 0 15.9747
      vertex -30.0253 6.4 15.9747
    endloop
  endfacet
  facet normal 0 1 0
    outer loop
      vertex -28.8107 6.4 50.4376
      vertex -29.1893 6.4 50.4376
      vertex -29 6.4 50.45
    endloop
  endfacet
  facet normal 0 1 0
    outer loop
      vertex -28.6247 6.4 50.4006
      vertex -29.1893 6.4 50.4376
      vertex -28.8107 6.4 50.4376
    endloop
  endfacet
  facet normal 0 1 0
    outer loop
      vertex -28.6247 6.4 50.4006
      vertex -29.3753 6.4 50.4006
      vertex -29.1893 6.4 50.4376
    endloop
  endfacet
  facet normal 0 1 0
    outer loop
      vertex -28.4451 6.4 50.3396
      vertex -29.3753 6.4 50.4006
      vertex -28.6247 6.4 50.4006
    endloop
  endfacet
  facet normal 0 1 0
    outer loop
      vertex -28.4451 6.4 50.3396
      vertex -29.5549 6.4 50.3396
      vertex -29.3753 6.4 50.4006
    endloop
  endfacet
  facet normal 0 1 0
    outer loop
      vertex -28.275 6.4 50.2557
      vertex -29.5549 6.4 50.3396
      vertex -28.4451 6.4 50.3396
    endloop
  endfacet
  facet normal 0 1 0
    outer loop
      vertex -28.275 6.4 50.2557
      vertex -29.725 6.4 50.2557
      vertex -29.5549 6.4 50.3396
    endloop
  endfacet
  facet normal 0 1 0
    outer loop
      vertex -28.1173 6.4 50.1504
      vertex -29.725 6.4 50.2557
      vertex -28.275 6.4 50.2557
    endloop
  endfacet
  facet normal 0 1 0
    outer loop
      vertex -28.1173 6.4 50.1504
      vertex -29.8827 6.4 50.1504
      vertex -29.725 6.4 50.2557
    endloop
  endfacet
  facet normal 0 1 0
    outer loop
      vertex -27.9747 6.4 50.0253
      vertex -29.8827 6.4 50.1504
      vertex -28.1173 6.4 50.1504
    endloop
  endfacet
  facet normal 0 1 0
    outer loop
      vertex -27.9747 6.4 50.0253
      vertex -30.0253 6.4 50.0253
      vertex -29.8827 6.4 50.1504
    endloop
  endfacet
  facet normal 0 1 0
    outer loop
      vertex -27.8496 6.4 49.8827
      vertex -30.0253 6.4 50.0253
      vertex -27.9747 6.4 50.0253
    endloop
  endfacet
  facet normal 0 1 0
    outer loop
      vertex -27.8496 6.4 49.8827
      vertex -30.1504 6.4 49.8827
      vertex -30.0253 6.4 50.0253
    endloop
  endfacet
  facet normal 0 1 0
    outer loop
      vertex -27.7443 6.4 49.725
      vertex -30.1504 6.4 49.8827
      vertex -27.8496 6.4 49.8827
    endloop
  endfacet
  facet normal 0 1 0
    outer loop
      vertex -27.7443 6.4 49.725
      vertex -30.2557 6.4 49.725
      vertex -30.1504 6.4 49.8827
    endloop
  endfacet
  facet normal 0 1 0
    outer loop
      vertex -27.6604 6.4 49.5549
      vertex -30.2557 6.4 49.725
      vertex -27.7443 6.4 49.725
    endloop
  endfacet
  facet normal 0 1 0
    outer loop
      vertex -27.6604 6.4 49.5549
      vertex -30.3396 6.4 49.5549
      vertex -30.2557 6.4 49.725
    endloop
  endfacet
  facet normal 0 1 0
    outer loop
      vertex -27.5994 6.4 49.3753
      vertex -30.3396 6.4 49.5549
      vertex -27.6604 6.4 49.5549
    endloop
  endfacet
  facet normal 0 1 0
    outer loop
      vertex -27.5994 6.4 49.3753
      vertex -30.4006 6.4 49.3753
      vertex -30.3396 6.4 49.5549
    endloop
  endfacet
  facet normal 0 1 0
    outer loop
      vertex -27.5624 6.4 49.1893
      vertex -30.4006 6.4 49.3753
      vertex -27.5994 6.4 49.3753
    endloop
  endfacet
  facet normal 0 1 0
    outer loop
      vertex -27.5624 6.4 49.1893
      vertex -30.4376 6.4 49.1893
      vertex -30.4006 6.4 49.3753
    endloop
  endfacet
  facet normal 0 1 0
    outer loop
      vertex -27.55 6.4 49
      vertex -30.4376 6.4 49.1893
      vertex -27.5624 6.4 49.1893
    endloop
  endfacet
  facet normal 0 1 0
    outer loop
      vertex -27.55 6.4 49
      vertex -30.45 6.4 49
      vertex -30.4376 6.4 49.1893
    endloop
  endfacet
  facet normal 0 1 -0
    outer loop
      vertex -27.5624 6.4 48.8107
      vertex -30.45 6.4 49
      vertex -27.55 6.4 49
    endloop
  endfacet
  facet normal 0 1 0
    outer loop
      vertex -27.5624 6.4 48.8107
      vertex -30.4376 6.4 48.8107
      vertex -30.45 6.4 49
    endloop
  endfacet
  facet normal 0 1 -0
    outer loop
      vertex -27.5994 6.4 48.6247
      vertex -30.4376 6.4 48.8107
      vertex -27.5624 6.4 48.8107
    endloop
  endfacet
  facet normal 0 1 0
    outer loop
      vertex -27.5994 6.4 48.6247
      vertex -30.4006 6.4 48.6247
      vertex -30.4376 6.4 48.8107
    endloop
  endfacet
  facet normal 0 1 -0
    outer loop
      vertex -27.6604 6.4 48.4451
      vertex -30.4006 6.4 48.6247
      vertex -27.5994 6.4 48.6247
    endloop
  endfacet
  facet normal 0 1 0
    outer loop
      vertex -27.6604 6.4 48.4451
      vertex -30.3396 6.4 48.4451
      vertex -30.4006 6.4 48.6247
    endloop
  endfacet
  facet normal 0 1 -0
    outer loop
      vertex -27.7443 6.4 48.275
      vertex -30.3396 6.4 48.4451
      vertex -27.6604 6.4 48.4451
    endloop
  endfacet
  facet normal 0 1 0
    outer loop
      vertex -27.7443 6.4 48.275
      vertex -30.2557 6.4 48.275
      vertex -30.3396 6.4 48.4451
    endloop
  endfacet
  facet normal 0 1 -0
    outer loop
      vertex -27.8496 6.4 48.1173
      vertex -30.2557 6.4 48.275
      vertex -27.7443 6.4 48.275
    endloop
  endfacet
  facet normal 0 1 0
    outer loop
      vertex -27.8496 6.4 48.1173
      vertex -30.1504 6.4 48.1173
      vertex -30.2557 6.4 48.275
    endloop
  endfacet
  facet normal 0 1 -0
    outer loop
      vertex -27.9747 6.4 47.9747
      vertex -30.1504 6.4 48.1173
      vertex -27.8496 6.4 48.1173
    endloop
  endfacet
  facet normal 0 1 0
    outer loop
      vertex -27.9747 6.4 47.9747
      vertex -30.0253 6.4 47.9747
      vertex -30.1504 6.4 48.1173
    endloop
  endfacet
  facet normal 0 1 -0
    outer loop
      vertex -28.1173 6.4 47.8496
      vertex -30.0253 6.4 47.9747
      vertex -27.9747 6.4 47.9747
    endloop
  endfacet
  facet normal 0 1 0
    outer loop
      vertex -28.1173 6.4 47.8496
      vertex -29.8827 6.4 47.8496
      vertex -30.0253 6.4 47.9747
    endloop
  endfacet
  facet normal 0 1 -0
    outer loop
      vertex -28.275 6.4 47.7443
      vertex -29.8827 6.4 47.8496
      vertex -28.1173 6.4 47.8496
    endloop
  endfacet
  facet normal 0 1 0
    outer loop
      vertex -28.275 6.4 47.7443
      vertex -29.725 6.4 47.7443
      vertex -29.8827 6.4 47.8496
    endloop
  endfacet
  facet normal 0 1 -0
    outer loop
      vertex -28.4451 6.4 47.6604
      vertex -29.725 6.4 47.7443
      vertex -28.275 6.4 47.7443
    endloop
  endfacet
  facet normal 0 1 0
    outer loop
      vertex -28.4451 6.4 47.6604
      vertex -29.5549 6.4 47.6604
      vertex -29.725 6.4 47.7443
    endloop
  endfacet
  facet normal 0 1 -0
    outer loop
      vertex -28.6247 6.4 47.5994
      vertex -29.5549 6.4 47.6604
      vertex -28.4451 6.4 47.6604
    endloop
  endfacet
  facet normal 0 1 0
    outer loop
      vertex -28.6247 6.4 47.5994
      vertex -29.3753 6.4 47.5994
      vertex -29.5549 6.4 47.6604
    endloop
  endfacet
  facet normal 0 1 -0
    outer loop
      vertex -28.8107 6.4 47.5624
      vertex -29.3753 6.4 47.5994
      vertex -28.6247 6.4 47.5994
    endloop
  endfacet
  facet normal 0 1 0
    outer loop
      vertex -28.8107 6.4 47.5624
      vertex -29.1893 6.4 47.5624
      vertex -29.3753 6.4 47.5994
    endloop
  endfacet
  facet normal -0 1 0
    outer loop
      vertex -29.1893 6.4 47.5624
      vertex -28.8107 6.4 47.5624
      vertex -29 6.4 47.55
    endloop
  endfacet
  facet normal -0.195102 0 0.980783
    outer loop
      vertex -29.3753 6.4 50.4006
      vertex -29.1893 0 50.4376
      vertex -29.1893 6.4 50.4376
    endloop
  endfacet
  facet normal -0.195102 0 0.980783
    outer loop
      vertex -29.1893 0 50.4376
      vertex -29.3753 6.4 50.4006
      vertex -29.3753 0 50.4006
    endloop
  endfacet
  facet normal 0.980783 -0 0.195102
    outer loop
      vertex -27.5994 0 49.3753
      vertex -27.5624 6.4 49.1893
      vertex -27.5994 6.4 49.3753
    endloop
  endfacet
  facet normal 0.980783 0 0.195102
    outer loop
      vertex -27.5624 6.4 49.1893
      vertex -27.5994 0 49.3753
      vertex -27.5624 0 49.1893
    endloop
  endfacet
  facet normal 0.997861 -0 0.0653644
    outer loop
      vertex -27.5624 0 49.1893
      vertex -27.55 6.4 49
      vertex -27.5624 6.4 49.1893
    endloop
  endfacet
  facet normal 0.997861 0 0.0653644
    outer loop
      vertex -27.55 6.4 49
      vertex -27.5624 0 49.1893
      vertex -27.55 0 49
    endloop
  endfacet
  facet normal -0.997861 0 0.0653644
    outer loop
      vertex -30.45 0 49
      vertex -30.4376 6.4 49.1893
      vertex -30.45 6.4 49
    endloop
  endfacet
  facet normal -0.997861 0 0.0653644
    outer loop
      vertex -30.4376 6.4 49.1893
      vertex -30.45 0 49
      vertex -30.4376 0 49.1893
    endloop
  endfacet
  facet normal -0.659474 0 0.751727
    outer loop
      vertex -30.0253 6.4 50.0253
      vertex -29.8827 0 50.1504
      vertex -29.8827 6.4 50.1504
    endloop
  endfacet
  facet normal -0.659474 0 0.751727
    outer loop
      vertex -29.8827 0 50.1504
      vertex -30.0253 6.4 50.0253
      vertex -30.0253 0 50.0253
    endloop
  endfacet
  facet normal -0.831644 0 -0.555309
    outer loop
      vertex -30.1504 0 48.1173
      vertex -30.2557 6.4 48.275
      vertex -30.1504 6.4 48.1173
    endloop
  endfacet
  facet normal -0.831644 -0 -0.555309
    outer loop
      vertex -30.2557 6.4 48.275
      vertex -30.1504 0 48.1173
      vertex -30.2557 0 48.275
    endloop
  endfacet
  facet normal 0.659474 0 0.751727
    outer loop
      vertex -28.1173 6.4 50.1504
      vertex -27.9747 0 50.0253
      vertex -27.9747 6.4 50.0253
    endloop
  endfacet
  facet normal 0.659474 0 0.751727
    outer loop
      vertex -27.9747 0 50.0253
      vertex -28.1173 6.4 50.1504
      vertex -28.1173 0 50.1504
    endloop
  endfacet
  facet normal 0.659474 0 -0.751727
    outer loop
      vertex -28.1173 0 47.8496
      vertex -27.9747 6.4 47.9747
      vertex -27.9747 0 47.9747
    endloop
  endfacet
  facet normal 0.659474 0 -0.751727
    outer loop
      vertex -27.9747 6.4 47.9747
      vertex -28.1173 0 47.8496
      vertex -28.1173 6.4 47.8496
    endloop
  endfacet
  facet normal 0.0653644 0 -0.997861
    outer loop
      vertex -29 0 47.55
      vertex -28.8107 6.4 47.5624
      vertex -28.8107 0 47.5624
    endloop
  endfacet
  facet normal 0.0653644 0 -0.997861
    outer loop
      vertex -28.8107 6.4 47.5624
      vertex -29 0 47.55
      vertex -29 6.4 47.55
    endloop
  endfacet
  facet normal 0.555309 0 0.831644
    outer loop
      vertex -28.275 6.4 50.2557
      vertex -28.1173 0 50.1504
      vertex -28.1173 6.4 50.1504
    endloop
  endfacet
  facet normal 0.555309 0 0.831644
    outer loop
      vertex -28.1173 0 50.1504
      vertex -28.275 6.4 50.2557
      vertex -28.275 0 50.2557
    endloop
  endfacet
  facet normal 0.751727 -0 0.659474
    outer loop
      vertex -27.9747 0 50.0253
      vertex -27.8496 6.4 49.8827
      vertex -27.9747 6.4 50.0253
    endloop
  endfacet
  facet normal 0.751727 0 0.659474
    outer loop
      vertex -27.8496 6.4 49.8827
      vertex -27.9747 0 50.0253
      vertex -27.8496 0 49.8827
    endloop
  endfacet
  facet normal 0.946876 0 -0.3216
    outer loop
      vertex -27.5994 0 48.6247
      vertex -27.6604 6.4 48.4451
      vertex -27.5994 6.4 48.6247
    endloop
  endfacet
  facet normal 0.946876 0 -0.3216
    outer loop
      vertex -27.6604 6.4 48.4451
      vertex -27.5994 0 48.6247
      vertex -27.6604 0 48.4451
    endloop
  endfacet
  facet normal 0.831644 0 -0.555309
    outer loop
      vertex -27.7443 0 48.275
      vertex -27.8496 6.4 48.1173
      vertex -27.7443 6.4 48.275
    endloop
  endfacet
  facet normal 0.831644 0 -0.555309
    outer loop
      vertex -27.8496 6.4 48.1173
      vertex -27.7443 0 48.275
      vertex -27.8496 0 48.1173
    endloop
  endfacet
  facet normal -0.195102 0 -0.980783
    outer loop
      vertex -29.3753 0 47.5994
      vertex -29.1893 6.4 47.5624
      vertex -29.1893 0 47.5624
    endloop
  endfacet
  facet normal -0.195102 0 -0.980783
    outer loop
      vertex -29.1893 6.4 47.5624
      vertex -29.3753 0 47.5994
      vertex -29.3753 6.4 47.5994
    endloop
  endfacet
  facet normal 0.555309 0 -0.831644
    outer loop
      vertex -28.275 0 47.7443
      vertex -28.1173 6.4 47.8496
      vertex -28.1173 0 47.8496
    endloop
  endfacet
  facet normal 0.555309 0 -0.831644
    outer loop
      vertex -28.1173 6.4 47.8496
      vertex -28.275 0 47.7443
      vertex -28.275 6.4 47.7443
    endloop
  endfacet
  facet normal -0.831644 0 0.555309
    outer loop
      vertex -30.2557 0 49.725
      vertex -30.1504 6.4 49.8827
      vertex -30.2557 6.4 49.725
    endloop
  endfacet
  facet normal -0.831644 0 0.555309
    outer loop
      vertex -30.1504 6.4 49.8827
      vertex -30.2557 0 49.725
      vertex -30.1504 0 49.8827
    endloop
  endfacet
  facet normal -0.896839 0 -0.442356
    outer loop
      vertex -30.2557 0 48.275
      vertex -30.3396 6.4 48.4451
      vertex -30.2557 6.4 48.275
    endloop
  endfacet
  facet normal -0.896839 -0 -0.442356
    outer loop
      vertex -30.3396 6.4 48.4451
      vertex -30.2557 0 48.275
      vertex -30.3396 0 48.4451
    endloop
  endfacet
  facet normal -0.751727 0 -0.659474
    outer loop
      vertex -30.0253 0 47.9747
      vertex -30.1504 6.4 48.1173
      vertex -30.0253 6.4 47.9747
    endloop
  endfacet
  facet normal -0.751727 -0 -0.659474
    outer loop
      vertex -30.1504 6.4 48.1173
      vertex -30.0253 0 47.9747
      vertex -30.1504 0 48.1173
    endloop
  endfacet
  facet normal 0.442356 0 -0.896839
    outer loop
      vertex -28.4451 0 47.6604
      vertex -28.275 6.4 47.7443
      vertex -28.275 0 47.7443
    endloop
  endfacet
  facet normal 0.442356 0 -0.896839
    outer loop
      vertex -28.275 6.4 47.7443
      vertex -28.4451 0 47.6604
      vertex -28.4451 6.4 47.6604
    endloop
  endfacet
  facet normal 0.896839 -0 0.442356
    outer loop
      vertex -27.7443 0 49.725
      vertex -27.6604 6.4 49.5549
      vertex -27.7443 6.4 49.725
    endloop
  endfacet
  facet normal 0.896839 0 0.442356
    outer loop
      vertex -27.6604 6.4 49.5549
      vertex -27.7443 0 49.725
      vertex -27.6604 0 49.5549
    endloop
  endfacet
  facet normal 0.831644 -0 0.555309
    outer loop
      vertex -27.8496 0 49.8827
      vertex -27.7443 6.4 49.725
      vertex -27.8496 6.4 49.8827
    endloop
  endfacet
  facet normal 0.831644 0 0.555309
    outer loop
      vertex -27.7443 6.4 49.725
      vertex -27.8496 0 49.8827
      vertex -27.7443 0 49.725
    endloop
  endfacet
  facet normal 0.3216 0 -0.946876
    outer loop
      vertex -28.6247 0 47.5994
      vertex -28.4451 6.4 47.6604
      vertex -28.4451 0 47.6604
    endloop
  endfacet
  facet normal 0.3216 0 -0.946876
    outer loop
      vertex -28.4451 6.4 47.6604
      vertex -28.6247 0 47.5994
      vertex -28.6247 6.4 47.5994
    endloop
  endfacet
  facet normal -0.555309 0 -0.831644
    outer loop
      vertex -29.8827 0 47.8496
      vertex -29.725 6.4 47.7443
      vertex -29.725 0 47.7443
    endloop
  endfacet
  facet normal -0.555309 0 -0.831644
    outer loop
      vertex -29.725 6.4 47.7443
      vertex -29.8827 0 47.8496
      vertex -29.8827 6.4 47.8496
    endloop
  endfacet
  facet normal -0.946876 0 0.3216
    outer loop
      vertex -30.4006 0 49.3753
      vertex -30.3396 6.4 49.5549
      vertex -30.4006 6.4 49.3753
    endloop
  endfacet
  facet normal -0.946876 0 0.3216
    outer loop
      vertex -30.3396 6.4 49.5549
      vertex -30.4006 0 49.3753
      vertex -30.3396 0 49.5549
    endloop
  endfacet
  facet normal 0.751727 0 -0.659474
    outer loop
      vertex -27.8496 0 48.1173
      vertex -27.9747 6.4 47.9747
      vertex -27.8496 6.4 48.1173
    endloop
  endfacet
  facet normal 0.751727 0 -0.659474
    outer loop
      vertex -27.9747 6.4 47.9747
      vertex -27.8496 0 48.1173
      vertex -27.9747 0 47.9747
    endloop
  endfacet
  facet normal -0.751727 0 0.659474
    outer loop
      vertex -30.1504 0 49.8827
      vertex -30.0253 6.4 50.0253
      vertex -30.1504 6.4 49.8827
    endloop
  endfacet
  facet normal -0.751727 0 0.659474
    outer loop
      vertex -30.0253 6.4 50.0253
      vertex -30.1504 0 49.8827
      vertex -30.0253 0 50.0253
    endloop
  endfacet
  facet normal -0.980783 0 0.195102
    outer loop
      vertex -30.4376 0 49.1893
      vertex -30.4006 6.4 49.3753
      vertex -30.4376 6.4 49.1893
    endloop
  endfacet
  facet normal -0.980783 0 0.195102
    outer loop
      vertex -30.4006 6.4 49.3753
      vertex -30.4376 0 49.1893
      vertex -30.4006 0 49.3753
    endloop
  endfacet
  facet normal 0.442356 0 0.896839
    outer loop
      vertex -28.4451 6.4 50.3396
      vertex -28.275 0 50.2557
      vertex -28.275 6.4 50.2557
    endloop
  endfacet
  facet normal 0.442356 0 0.896839
    outer loop
      vertex -28.275 0 50.2557
      vertex -28.4451 6.4 50.3396
      vertex -28.4451 0 50.3396
    endloop
  endfacet
  facet normal 0.896839 0 -0.442356
    outer loop
      vertex -27.6604 0 48.4451
      vertex -27.7443 6.4 48.275
      vertex -27.6604 6.4 48.4451
    endloop
  endfacet
  facet normal 0.896839 0 -0.442356
    outer loop
      vertex -27.7443 6.4 48.275
      vertex -27.6604 0 48.4451
      vertex -27.7443 0 48.275
    endloop
  endfacet
  facet normal 0.980783 0 -0.195102
    outer loop
      vertex -27.5624 0 48.8107
      vertex -27.5994 6.4 48.6247
      vertex -27.5624 6.4 48.8107
    endloop
  endfacet
  facet normal 0.980783 0 -0.195102
    outer loop
      vertex -27.5994 6.4 48.6247
      vertex -27.5624 0 48.8107
      vertex -27.5994 0 48.6247
    endloop
  endfacet
  facet normal -0.442356 0 -0.896839
    outer loop
      vertex -29.725 0 47.7443
      vertex -29.5549 6.4 47.6604
      vertex -29.5549 0 47.6604
    endloop
  endfacet
  facet normal -0.442356 0 -0.896839
    outer loop
      vertex -29.5549 6.4 47.6604
      vertex -29.725 0 47.7443
      vertex -29.725 6.4 47.7443
    endloop
  endfacet
  facet normal 0.0653644 0 0.997861
    outer loop
      vertex -29 6.4 50.45
      vertex -28.8107 0 50.4376
      vertex -28.8107 6.4 50.4376
    endloop
  endfacet
  facet normal 0.0653644 0 0.997861
    outer loop
      vertex -28.8107 0 50.4376
      vertex -29 6.4 50.45
      vertex -29 0 50.45
    endloop
  endfacet
  facet normal -0.3216 0 -0.946876
    outer loop
      vertex -29.5549 0 47.6604
      vertex -29.3753 6.4 47.5994
      vertex -29.3753 0 47.5994
    endloop
  endfacet
  facet normal -0.3216 0 -0.946876
    outer loop
      vertex -29.3753 6.4 47.5994
      vertex -29.5549 0 47.6604
      vertex -29.5549 6.4 47.6604
    endloop
  endfacet
  facet normal 0.195102 0 -0.980783
    outer loop
      vertex -28.8107 0 47.5624
      vertex -28.6247 6.4 47.5994
      vertex -28.6247 0 47.5994
    endloop
  endfacet
  facet normal 0.195102 0 -0.980783
    outer loop
      vertex -28.6247 6.4 47.5994
      vertex -28.8107 0 47.5624
      vertex -28.8107 6.4 47.5624
    endloop
  endfacet
  facet normal 0.997861 0 -0.0653644
    outer loop
      vertex -27.55 0 49
      vertex -27.5624 6.4 48.8107
      vertex -27.55 6.4 49
    endloop
  endfacet
  facet normal 0.997861 0 -0.0653644
    outer loop
      vertex -27.5624 6.4 48.8107
      vertex -27.55 0 49
      vertex -27.5624 0 48.8107
    endloop
  endfacet
  facet normal 0.946876 -0 0.3216
    outer loop
      vertex -27.6604 0 49.5549
      vertex -27.5994 6.4 49.3753
      vertex -27.6604 6.4 49.5549
    endloop
  endfacet
  facet normal 0.946876 0 0.3216
    outer loop
      vertex -27.5994 6.4 49.3753
      vertex -27.6604 0 49.5549
      vertex -27.5994 0 49.3753
    endloop
  endfacet
  facet normal 0.195102 0 0.980783
    outer loop
      vertex -28.8107 6.4 50.4376
      vertex -28.6247 0 50.4006
      vertex -28.6247 6.4 50.4006
    endloop
  endfacet
  facet normal 0.195102 0 0.980783
    outer loop
      vertex -28.6247 0 50.4006
      vertex -28.8107 6.4 50.4376
      vertex -28.8107 0 50.4376
    endloop
  endfacet
  facet normal -0.0653644 0 0.997861
    outer loop
      vertex -29.1893 6.4 50.4376
      vertex -29 0 50.45
      vertex -29 6.4 50.45
    endloop
  endfacet
  facet normal -0.0653644 0 0.997861
    outer loop
      vertex -29 0 50.45
      vertex -29.1893 6.4 50.4376
      vertex -29.1893 0 50.4376
    endloop
  endfacet
  facet normal 0.3216 0 0.946876
    outer loop
      vertex -28.6247 6.4 50.4006
      vertex -28.4451 0 50.3396
      vertex -28.4451 6.4 50.3396
    endloop
  endfacet
  facet normal 0.3216 0 0.946876
    outer loop
      vertex -28.4451 0 50.3396
      vertex -28.6247 6.4 50.4006
      vertex -28.6247 0 50.4006
    endloop
  endfacet
  facet normal -0.0653644 0 -0.997861
    outer loop
      vertex -29.1893 0 47.5624
      vertex -29 6.4 47.55
      vertex -29 0 47.55
    endloop
  endfacet
  facet normal -0.0653644 0 -0.997861
    outer loop
      vertex -29 6.4 47.55
      vertex -29.1893 0 47.5624
      vertex -29.1893 6.4 47.5624
    endloop
  endfacet
  facet normal -0.3216 0 0.946876
    outer loop
      vertex -29.5549 6.4 50.3396
      vertex -29.3753 0 50.4006
      vertex -29.3753 6.4 50.4006
    endloop
  endfacet
  facet normal -0.3216 0 0.946876
    outer loop
      vertex -29.3753 0 50.4006
      vertex -29.5549 6.4 50.3396
      vertex -29.5549 0 50.3396
    endloop
  endfacet
  facet normal -0.442356 0 0.896839
    outer loop
      vertex -29.725 6.4 50.2557
      vertex -29.5549 0 50.3396
      vertex -29.5549 6.4 50.3396
    endloop
  endfacet
  facet normal -0.442356 0 0.896839
    outer loop
      vertex -29.5549 0 50.3396
      vertex -29.725 6.4 50.2557
      vertex -29.725 0 50.2557
    endloop
  endfacet
  facet normal -0.997861 0 -0.0653644
    outer loop
      vertex -30.4376 0 48.8107
      vertex -30.45 6.4 49
      vertex -30.4376 6.4 48.8107
    endloop
  endfacet
  facet normal -0.997861 -0 -0.0653644
    outer loop
      vertex -30.45 6.4 49
      vertex -30.4376 0 48.8107
      vertex -30.45 0 49
    endloop
  endfacet
  facet normal -0.946876 0 -0.3216
    outer loop
      vertex -30.3396 0 48.4451
      vertex -30.4006 6.4 48.6247
      vertex -30.3396 6.4 48.4451
    endloop
  endfacet
  facet normal -0.946876 -0 -0.3216
    outer loop
      vertex -30.4006 6.4 48.6247
      vertex -30.3396 0 48.4451
      vertex -30.4006 0 48.6247
    endloop
  endfacet
  facet normal -0.555309 0 0.831644
    outer loop
      vertex -29.8827 6.4 50.1504
      vertex -29.725 0 50.2557
      vertex -29.725 6.4 50.2557
    endloop
  endfacet
  facet normal -0.555309 0 0.831644
    outer loop
      vertex -29.725 0 50.2557
      vertex -29.8827 6.4 50.1504
      vertex -29.8827 0 50.1504
    endloop
  endfacet
  facet normal -0.980783 0 -0.195102
    outer loop
      vertex -30.4006 0 48.6247
      vertex -30.4376 6.4 48.8107
      vertex -30.4006 6.4 48.6247
    endloop
  endfacet
  facet normal -0.980783 -0 -0.195102
    outer loop
      vertex -30.4376 6.4 48.8107
      vertex -30.4006 0 48.6247
      vertex -30.4376 0 48.8107
    endloop
  endfacet
  facet normal -0.896839 0 0.442356
    outer loop
      vertex -30.3396 0 49.5549
      vertex -30.2557 6.4 49.725
      vertex -30.3396 6.4 49.5549
    endloop
  endfacet
  facet normal -0.896839 0 0.442356
    outer loop
      vertex -30.2557 6.4 49.725
      vertex -30.3396 0 49.5549
      vertex -30.2557 0 49.725
    endloop
  endfacet
  facet normal -0.659474 0 -0.751727
    outer loop
      vertex -30.0253 0 47.9747
      vertex -29.8827 6.4 47.8496
      vertex -29.8827 0 47.8496
    endloop
  endfacet
  facet normal -0.659474 0 -0.751727
    outer loop
      vertex -29.8827 6.4 47.8496
      vertex -30.0253 0 47.9747
      vertex -30.0253 6.4 47.9747
    endloop
  endfacet
  facet normal 0 1 0
    outer loop
      vertex 29.1893 6.4 18.4376
      vertex 28.8107 6.4 18.4376
      vertex 29 6.4 18.45
    endloop
  endfacet
  facet normal 0 1 0
    outer loop
      vertex 29.3753 6.4 18.4006
      vertex 28.8107 6.4 18.4376
      vertex 29.1893 6.4 18.4376
    endloop
  endfacet
  facet normal 0 1 0
    outer loop
      vertex 29.3753 6.4 18.4006
      vertex 28.6247 6.4 18.4006
      vertex 28.8107 6.4 18.4376
    endloop
  endfacet
  facet normal 0 1 0
    outer loop
      vertex 29.5549 6.4 18.3396
      vertex 28.6247 6.4 18.4006
      vertex 29.3753 6.4 18.4006
    endloop
  endfacet
  facet normal 0 1 0
    outer loop
      vertex 29.5549 6.4 18.3396
      vertex 28.4451 6.4 18.3396
      vertex 28.6247 6.4 18.4006
    endloop
  endfacet
  facet normal 0 1 0
    outer loop
      vertex 29.725 6.4 18.2557
      vertex 28.4451 6.4 18.3396
      vertex 29.5549 6.4 18.3396
    endloop
  endfacet
  facet normal 0 1 0
    outer loop
      vertex 29.725 6.4 18.2557
      vertex 28.275 6.4 18.2557
      vertex 28.4451 6.4 18.3396
    endloop
  endfacet
  facet normal 0 1 0
    outer loop
      vertex 29.8827 6.4 18.1504
      vertex 28.275 6.4 18.2557
      vertex 29.725 6.4 18.2557
    endloop
  endfacet
  facet normal 0 1 0
    outer loop
      vertex 29.8827 6.4 18.1504
      vertex 28.1173 6.4 18.1504
      vertex 28.275 6.4 18.2557
    endloop
  endfacet
  facet normal 0 1 0
    outer loop
      vertex 30.0253 6.4 18.0253
      vertex 28.1173 6.4 18.1504
      vertex 29.8827 6.4 18.1504
    endloop
  endfacet
  facet normal 0 1 0
    outer loop
      vertex 30.0253 6.4 18.0253
      vertex 27.9747 6.4 18.0253
      vertex 28.1173 6.4 18.1504
    endloop
  endfacet
  facet normal 0 1 0
    outer loop
      vertex 30.1504 6.4 17.8827
      vertex 27.9747 6.4 18.0253
      vertex 30.0253 6.4 18.0253
    endloop
  endfacet
  facet normal 0 1 0
    outer loop
      vertex 30.1504 6.4 17.8827
      vertex 27.8496 6.4 17.8827
      vertex 27.9747 6.4 18.0253
    endloop
  endfacet
  facet normal 0 1 0
    outer loop
      vertex 30.2557 6.4 17.725
      vertex 27.8496 6.4 17.8827
      vertex 30.1504 6.4 17.8827
    endloop
  endfacet
  facet normal 0 1 0
    outer loop
      vertex 30.2557 6.4 17.725
      vertex 27.7443 6.4 17.725
      vertex 27.8496 6.4 17.8827
    endloop
  endfacet
  facet normal 0 1 0
    outer loop
      vertex 30.3396 6.4 17.5549
      vertex 27.7443 6.4 17.725
      vertex 30.2557 6.4 17.725
    endloop
  endfacet
  facet normal 0 1 0
    outer loop
      vertex 30.3396 6.4 17.5549
      vertex 27.6604 6.4 17.5549
      vertex 27.7443 6.4 17.725
    endloop
  endfacet
  facet normal 0 1 0
    outer loop
      vertex 30.4006 6.4 17.3753
      vertex 27.6604 6.4 17.5549
      vertex 30.3396 6.4 17.5549
    endloop
  endfacet
  facet normal 0 1 0
    outer loop
      vertex 30.4006 6.4 17.3753
      vertex 27.5994 6.4 17.3753
      vertex 27.6604 6.4 17.5549
    endloop
  endfacet
  facet normal 0 1 0
    outer loop
      vertex 30.4376 6.4 17.1893
      vertex 27.5994 6.4 17.3753
      vertex 30.4006 6.4 17.3753
    endloop
  endfacet
  facet normal 0 1 0
    outer loop
      vertex 30.4376 6.4 17.1893
      vertex 27.5624 6.4 17.1893
      vertex 27.5994 6.4 17.3753
    endloop
  endfacet
  facet normal 0 1 0
    outer loop
      vertex 30.45 6.4 17
      vertex 27.5624 6.4 17.1893
      vertex 30.4376 6.4 17.1893
    endloop
  endfacet
  facet normal 0 1 0
    outer loop
      vertex 30.45 6.4 17
      vertex 27.55 6.4 17
      vertex 27.5624 6.4 17.1893
    endloop
  endfacet
  facet normal 0 1 -0
    outer loop
      vertex 30.4376 6.4 16.8107
      vertex 27.55 6.4 17
      vertex 30.45 6.4 17
    endloop
  endfacet
  facet normal 0 1 0
    outer loop
      vertex 30.4376 6.4 16.8107
      vertex 27.5624 6.4 16.8107
      vertex 27.55 6.4 17
    endloop
  endfacet
  facet normal 0 1 -0
    outer loop
      vertex 30.4006 6.4 16.6247
      vertex 27.5624 6.4 16.8107
      vertex 30.4376 6.4 16.8107
    endloop
  endfacet
  facet normal 0 1 0
    outer loop
      vertex 30.4006 6.4 16.6247
      vertex 27.5994 6.4 16.6247
      vertex 27.5624 6.4 16.8107
    endloop
  endfacet
  facet normal 0 1 -0
    outer loop
      vertex 30.3396 6.4 16.4451
      vertex 27.5994 6.4 16.6247
      vertex 30.4006 6.4 16.6247
    endloop
  endfacet
  facet normal 0 1 0
    outer loop
      vertex 30.3396 6.4 16.4451
      vertex 27.6604 6.4 16.4451
      vertex 27.5994 6.4 16.6247
    endloop
  endfacet
  facet normal 0 1 -0
    outer loop
      vertex 30.2557 6.4 16.275
      vertex 27.6604 6.4 16.4451
      vertex 30.3396 6.4 16.4451
    endloop
  endfacet
  facet normal 0 1 0
    outer loop
      vertex 30.2557 6.4 16.275
      vertex 27.7443 6.4 16.275
      vertex 27.6604 6.4 16.4451
    endloop
  endfacet
  facet normal 0 1 -0
    outer loop
      vertex 30.1504 6.4 16.1173
      vertex 27.7443 6.4 16.275
      vertex 30.2557 6.4 16.275
    endloop
  endfacet
  facet normal 0 1 0
    outer loop
      vertex 30.1504 6.4 16.1173
      vertex 27.8496 6.4 16.1173
      vertex 27.7443 6.4 16.275
    endloop
  endfacet
  facet normal 0 1 -0
    outer loop
      vertex 30.0253 6.4 15.9747
      vertex 27.8496 6.4 16.1173
      vertex 30.1504 6.4 16.1173
    endloop
  endfacet
  facet normal 0 1 0
    outer loop
      vertex 30.0253 6.4 15.9747
      vertex 27.9747 6.4 15.9747
      vertex 27.8496 6.4 16.1173
    endloop
  endfacet
  facet normal 0 1 -0
    outer loop
      vertex 29.8827 6.4 15.8496
      vertex 27.9747 6.4 15.9747
      vertex 30.0253 6.4 15.9747
    endloop
  endfacet
  facet normal 0 1 0
    outer loop
      vertex 29.8827 6.4 15.8496
      vertex 28.1173 6.4 15.8496
      vertex 27.9747 6.4 15.9747
    endloop
  endfacet
  facet normal 0 1 -0
    outer loop
      vertex 29.725 6.4 15.7443
      vertex 28.1173 6.4 15.8496
      vertex 29.8827 6.4 15.8496
    endloop
  endfacet
  facet normal 0 1 0
    outer loop
      vertex 29.725 6.4 15.7443
      vertex 28.275 6.4 15.7443
      vertex 28.1173 6.4 15.8496
    endloop
  endfacet
  facet normal 0 1 -0
    outer loop
      vertex 29.5549 6.4 15.6604
      vertex 28.275 6.4 15.7443
      vertex 29.725 6.4 15.7443
    endloop
  endfacet
  facet normal 0 1 0
    outer loop
      vertex 29.5549 6.4 15.6604
      vertex 28.4451 6.4 15.6604
      vertex 28.275 6.4 15.7443
    endloop
  endfacet
  facet normal 0 1 -0
    outer loop
      vertex 29.3753 6.4 15.5994
      vertex 28.4451 6.4 15.6604
      vertex 29.5549 6.4 15.6604
    endloop
  endfacet
  facet normal 0 1 0
    outer loop
      vertex 29.3753 6.4 15.5994
      vertex 28.6247 6.4 15.5994
      vertex 28.4451 6.4 15.6604
    endloop
  endfacet
  facet normal 0 1 -0
    outer loop
      vertex 29.1893 6.4 15.5624
      vertex 28.6247 6.4 15.5994
      vertex 29.3753 6.4 15.5994
    endloop
  endfacet
  facet normal 0 1 0
    outer loop
      vertex 29.1893 6.4 15.5624
      vertex 28.8107 6.4 15.5624
      vertex 28.6247 6.4 15.5994
    endloop
  endfacet
  facet normal -0 1 0
    outer loop
      vertex 28.8107 6.4 15.5624
      vertex 29.1893 6.4 15.5624
      vertex 29 6.4 15.55
    endloop
  endfacet
  facet normal -0.195102 0 0.980783
    outer loop
      vertex 28.6247 6.4 18.4006
      vertex 28.8107 0 18.4376
      vertex 28.8107 6.4 18.4376
    endloop
  endfacet
  facet normal -0.195102 0 0.980783
    outer loop
      vertex 28.8107 0 18.4376
      vertex 28.6247 6.4 18.4006
      vertex 28.6247 0 18.4006
    endloop
  endfacet
  facet normal 0.980783 -0 0.195102
    outer loop
      vertex 30.4006 0 17.3753
      vertex 30.4376 6.4 17.1893
      vertex 30.4006 6.4 17.3753
    endloop
  endfacet
  facet normal 0.980783 0 0.195102
    outer loop
      vertex 30.4376 6.4 17.1893
      vertex 30.4006 0 17.3753
      vertex 30.4376 0 17.1893
    endloop
  endfacet
  facet normal 0.997861 -0 0.0653644
    outer loop
      vertex 30.4376 0 17.1893
      vertex 30.45 6.4 17
      vertex 30.4376 6.4 17.1893
    endloop
  endfacet
  facet normal 0.997861 0 0.0653644
    outer loop
      vertex 30.45 6.4 17
      vertex 30.4376 0 17.1893
      vertex 30.45 0 17
    endloop
  endfacet
  facet normal -0.997861 0 0.0653644
    outer loop
      vertex 27.55 0 17
      vertex 27.5624 6.4 17.1893
      vertex 27.55 6.4 17
    endloop
  endfacet
  facet normal -0.997861 0 0.0653644
    outer loop
      vertex 27.5624 6.4 17.1893
      vertex 27.55 0 17
      vertex 27.5624 0 17.1893
    endloop
  endfacet
  facet normal -0.659474 0 0.751727
    outer loop
      vertex 27.9747 6.4 18.0253
      vertex 28.1173 0 18.1504
      vertex 28.1173 6.4 18.1504
    endloop
  endfacet
  facet normal -0.659474 0 0.751727
    outer loop
      vertex 28.1173 0 18.1504
      vertex 27.9747 6.4 18.0253
      vertex 27.9747 0 18.0253
    endloop
  endfacet
  facet normal -0.831644 0 -0.555309
    outer loop
      vertex 27.8496 0 16.1173
      vertex 27.7443 6.4 16.275
      vertex 27.8496 6.4 16.1173
    endloop
  endfacet
  facet normal -0.831644 -0 -0.555309
    outer loop
      vertex 27.7443 6.4 16.275
      vertex 27.8496 0 16.1173
      vertex 27.7443 0 16.275
    endloop
  endfacet
  facet normal 0.659474 0 0.751727
    outer loop
      vertex 29.8827 6.4 18.1504
      vertex 30.0253 0 18.0253
      vertex 30.0253 6.4 18.0253
    endloop
  endfacet
  facet normal 0.659474 0 0.751727
    outer loop
      vertex 30.0253 0 18.0253
      vertex 29.8827 6.4 18.1504
      vertex 29.8827 0 18.1504
    endloop
  endfacet
  facet normal 0.659474 0 -0.751727
    outer loop
      vertex 29.8827 0 15.8496
      vertex 30.0253 6.4 15.9747
      vertex 30.0253 0 15.9747
    endloop
  endfacet
  facet normal 0.659474 0 -0.751727
    outer loop
      vertex 30.0253 6.4 15.9747
      vertex 29.8827 0 15.8496
      vertex 29.8827 6.4 15.8496
    endloop
  endfacet
  facet normal 0.0653644 0 -0.997861
    outer loop
      vertex 29 0 15.55
      vertex 29.1893 6.4 15.5624
      vertex 29.1893 0 15.5624
    endloop
  endfacet
  facet normal 0.0653644 0 -0.997861
    outer loop
      vertex 29.1893 6.4 15.5624
      vertex 29 0 15.55
      vertex 29 6.4 15.55
    endloop
  endfacet
  facet normal 0.555309 0 0.831644
    outer loop
      vertex 29.725 6.4 18.2557
      vertex 29.8827 0 18.1504
      vertex 29.8827 6.4 18.1504
    endloop
  endfacet
  facet normal 0.555309 0 0.831644
    outer loop
      vertex 29.8827 0 18.1504
      vertex 29.725 6.4 18.2557
      vertex 29.725 0 18.2557
    endloop
  endfacet
  facet normal 0.946876 0 -0.3216
    outer loop
      vertex 30.4006 0 16.6247
      vertex 30.3396 6.4 16.4451
      vertex 30.4006 6.4 16.6247
    endloop
  endfacet
  facet normal 0.946876 0 -0.3216
    outer loop
      vertex 30.3396 6.4 16.4451
      vertex 30.4006 0 16.6247
      vertex 30.3396 0 16.4451
    endloop
  endfacet
  facet normal 0.831644 0 -0.555309
    outer loop
      vertex 30.2557 0 16.275
      vertex 30.1504 6.4 16.1173
      vertex 30.2557 6.4 16.275
    endloop
  endfacet
  facet normal 0.831644 0 -0.555309
    outer loop
      vertex 30.1504 6.4 16.1173
      vertex 30.2557 0 16.275
      vertex 30.1504 0 16.1173
    endloop
  endfacet
  facet normal -0.195102 0 -0.980783
    outer loop
      vertex 28.6247 0 15.5994
      vertex 28.8107 6.4 15.5624
      vertex 28.8107 0 15.5624
    endloop
  endfacet
  facet normal -0.195102 0 -0.980783
    outer loop
      vertex 28.8107 6.4 15.5624
      vertex 28.6247 0 15.5994
      vertex 28.6247 6.4 15.5994
    endloop
  endfacet
  facet normal 0.555309 0 -0.831644
    outer loop
      vertex 29.725 0 15.7443
      vertex 29.8827 6.4 15.8496
      vertex 29.8827 0 15.8496
    endloop
  endfacet
  facet normal 0.555309 0 -0.831644
    outer loop
      vertex 29.8827 6.4 15.8496
      vertex 29.725 0 15.7443
      vertex 29.725 6.4 15.7443
    endloop
  endfacet
  facet normal -0.831644 0 0.555309
    outer loop
      vertex 27.7443 0 17.725
      vertex 27.8496 6.4 17.8827
      vertex 27.7443 6.4 17.725
    endloop
  endfacet
  facet normal -0.831644 0 0.555309
    outer loop
      vertex 27.8496 6.4 17.8827
      vertex 27.7443 0 17.725
      vertex 27.8496 0 17.8827
    endloop
  endfacet
  facet normal -0.980783 0 -0.195102
    outer loop
      vertex 27.5994 0 16.6247
      vertex 27.5624 6.4 16.8107
      vertex 27.5994 6.4 16.6247
    endloop
  endfacet
  facet normal -0.980783 -0 -0.195102
    outer loop
      vertex 27.5624 6.4 16.8107
      vertex 27.5994 0 16.6247
      vertex 27.5624 0 16.8107
    endloop
  endfacet
  facet normal -0.896839 0 -0.442356
    outer loop
      vertex 27.7443 0 16.275
      vertex 27.6604 6.4 16.4451
      vertex 27.7443 6.4 16.275
    endloop
  endfacet
  facet normal -0.896839 -0 -0.442356
    outer loop
      vertex 27.6604 6.4 16.4451
      vertex 27.7443 0 16.275
      vertex 27.6604 0 16.4451
    endloop
  endfacet
  facet normal -0.751727 0 -0.659474
    outer loop
      vertex 27.9747 0 15.9747
      vertex 27.8496 6.4 16.1173
      vertex 27.9747 6.4 15.9747
    endloop
  endfacet
  facet normal -0.751727 -0 -0.659474
    outer loop
      vertex 27.8496 6.4 16.1173
      vertex 27.9747 0 15.9747
      vertex 27.8496 0 16.1173
    endloop
  endfacet
  facet normal 0.442356 0 -0.896839
    outer loop
      vertex 29.5549 0 15.6604
      vertex 29.725 6.4 15.7443
      vertex 29.725 0 15.7443
    endloop
  endfacet
  facet normal 0.442356 0 -0.896839
    outer loop
      vertex 29.725 6.4 15.7443
      vertex 29.5549 0 15.6604
      vertex 29.5549 6.4 15.6604
    endloop
  endfacet
  facet normal 0.896839 -0 0.442356
    outer loop
      vertex 30.2557 0 17.725
      vertex 30.3396 6.4 17.5549
      vertex 30.2557 6.4 17.725
    endloop
  endfacet
  facet normal 0.896839 0 0.442356
    outer loop
      vertex 30.3396 6.4 17.5549
      vertex 30.2557 0 17.725
      vertex 30.3396 0 17.5549
    endloop
  endfacet
  facet normal 0.831644 -0 0.555309
    outer loop
      vertex 30.1504 0 17.8827
      vertex 30.2557 6.4 17.725
      vertex 30.1504 6.4 17.8827
    endloop
  endfacet
  facet normal 0.831644 0 0.555309
    outer loop
      vertex 30.2557 6.4 17.725
      vertex 30.1504 0 17.8827
      vertex 30.2557 0 17.725
    endloop
  endfacet
  facet normal 0.3216 0 -0.946876
    outer loop
      vertex 29.3753 0 15.5994
      vertex 29.5549 6.4 15.6604
      vertex 29.5549 0 15.6604
    endloop
  endfacet
  facet normal 0.3216 0 -0.946876
    outer loop
      vertex 29.5549 6.4 15.6604
      vertex 29.3753 0 15.5994
      vertex 29.3753 6.4 15.5994
    endloop
  endfacet
  facet normal -0.751727 0 0.659474
    outer loop
      vertex 27.8496 0 17.8827
      vertex 27.9747 6.4 18.0253
      vertex 27.8496 6.4 17.8827
    endloop
  endfacet
  facet normal -0.751727 0 0.659474
    outer loop
      vertex 27.9747 6.4 18.0253
      vertex 27.8496 0 17.8827
      vertex 27.9747 0 18.0253
    endloop
  endfacet
  facet normal -0.555309 0 -0.831644
    outer loop
      vertex 28.1173 0 15.8496
      vertex 28.275 6.4 15.7443
      vertex 28.275 0 15.7443
    endloop
  endfacet
  facet normal -0.555309 0 -0.831644
    outer loop
      vertex 28.275 6.4 15.7443
      vertex 28.1173 0 15.8496
      vertex 28.1173 6.4 15.8496
    endloop
  endfacet
  facet normal -0.946876 0 0.3216
    outer loop
      vertex 27.5994 0 17.3753
      vertex 27.6604 6.4 17.5549
      vertex 27.5994 6.4 17.3753
    endloop
  endfacet
  facet normal -0.946876 0 0.3216
    outer loop
      vertex 27.6604 6.4 17.5549
      vertex 27.5994 0 17.3753
      vertex 27.6604 0 17.5549
    endloop
  endfacet
  facet normal 0.751727 0 -0.659474
    outer loop
      vertex 30.1504 0 16.1173
      vertex 30.0253 6.4 15.9747
      vertex 30.1504 6.4 16.1173
    endloop
  endfacet
  facet normal 0.751727 0 -0.659474
    outer loop
      vertex 30.0253 6.4 15.9747
      vertex 30.1504 0 16.1173
      vertex 30.0253 0 15.9747
    endloop
  endfacet
  facet normal -0.980783 0 0.195102
    outer loop
      vertex 27.5624 0 17.1893
      vertex 27.5994 6.4 17.3753
      vertex 27.5624 6.4 17.1893
    endloop
  endfacet
  facet normal -0.980783 0 0.195102
    outer loop
      vertex 27.5994 6.4 17.3753
      vertex 27.5624 0 17.1893
      vertex 27.5994 0 17.3753
    endloop
  endfacet
  facet normal 0.442356 0 0.896839
    outer loop
      vertex 29.5549 6.4 18.3396
      vertex 29.725 0 18.2557
      vertex 29.725 6.4 18.2557
    endloop
  endfacet
  facet normal 0.442356 0 0.896839
    outer loop
      vertex 29.725 0 18.2557
      vertex 29.5549 6.4 18.3396
      vertex 29.5549 0 18.3396
    endloop
  endfacet
  facet normal 0.896839 0 -0.442356
    outer loop
      vertex 30.3396 0 16.4451
      vertex 30.2557 6.4 16.275
      vertex 30.3396 6.4 16.4451
    endloop
  endfacet
  facet normal 0.896839 0 -0.442356
    outer loop
      vertex 30.2557 6.4 16.275
      vertex 30.3396 0 16.4451
      vertex 30.2557 0 16.275
    endloop
  endfacet
  facet normal 0.980783 0 -0.195102
    outer loop
      vertex 30.4376 0 16.8107
      vertex 30.4006 6.4 16.6247
      vertex 30.4376 6.4 16.8107
    endloop
  endfacet
  facet normal 0.980783 0 -0.195102
    outer loop
      vertex 30.4006 6.4 16.6247
      vertex 30.4376 0 16.8107
      vertex 30.4006 0 16.6247
    endloop
  endfacet
  facet normal -0.442356 0 -0.896839
    outer loop
      vertex 28.275 0 15.7443
      vertex 28.4451 6.4 15.6604
      vertex 28.4451 0 15.6604
    endloop
  endfacet
  facet normal -0.442356 0 -0.896839
    outer loop
      vertex 28.4451 6.4 15.6604
      vertex 28.275 0 15.7443
      vertex 28.275 6.4 15.7443
    endloop
  endfacet
  facet normal -0.3216 0 -0.946876
    outer loop
      vertex 28.4451 0 15.6604
      vertex 28.6247 6.4 15.5994
      vertex 28.6247 0 15.5994
    endloop
  endfacet
  facet normal -0.3216 0 -0.946876
    outer loop
      vertex 28.6247 6.4 15.5994
      vertex 28.4451 0 15.6604
      vertex 28.4451 6.4 15.6604
    endloop
  endfacet
  facet normal 0.997861 0 -0.0653644
    outer loop
      vertex 30.45 0 17
      vertex 30.4376 6.4 16.8107
      vertex 30.45 6.4 17
    endloop
  endfacet
  facet normal 0.997861 0 -0.0653644
    outer loop
      vertex 30.4376 6.4 16.8107
      vertex 30.45 0 17
      vertex 30.4376 0 16.8107
    endloop
  endfacet
  facet normal 0.946876 -0 0.3216
    outer loop
      vertex 30.3396 0 17.5549
      vertex 30.4006 6.4 17.3753
      vertex 30.3396 6.4 17.5549
    endloop
  endfacet
  facet normal 0.946876 0 0.3216
    outer loop
      vertex 30.4006 6.4 17.3753
      vertex 30.3396 0 17.5549
      vertex 30.4006 0 17.3753
    endloop
  endfacet
  facet normal 0.195102 0 -0.980783
    outer loop
      vertex 29.1893 0 15.5624
      vertex 29.3753 6.4 15.5994
      vertex 29.3753 0 15.5994
    endloop
  endfacet
  facet normal 0.195102 0 -0.980783
    outer loop
      vertex 29.3753 6.4 15.5994
      vertex 29.1893 0 15.5624
      vertex 29.1893 6.4 15.5624
    endloop
  endfacet
  facet normal 0.195102 0 0.980783
    outer loop
      vertex 29.1893 6.4 18.4376
      vertex 29.3753 0 18.4006
      vertex 29.3753 6.4 18.4006
    endloop
  endfacet
  facet normal 0.195102 0 0.980783
    outer loop
      vertex 29.3753 0 18.4006
      vertex 29.1893 6.4 18.4376
      vertex 29.1893 0 18.4376
    endloop
  endfacet
  facet normal -0.0653644 0 0.997861
    outer loop
      vertex 28.8107 6.4 18.4376
      vertex 29 0 18.45
      vertex 29 6.4 18.45
    endloop
  endfacet
  facet normal -0.0653644 0 0.997861
    outer loop
      vertex 29 0 18.45
      vertex 28.8107 6.4 18.4376
      vertex 28.8107 0 18.4376
    endloop
  endfacet
  facet normal 0.3216 0 0.946876
    outer loop
      vertex 29.3753 6.4 18.4006
      vertex 29.5549 0 18.3396
      vertex 29.5549 6.4 18.3396
    endloop
  endfacet
  facet normal 0.3216 0 0.946876
    outer loop
      vertex 29.5549 0 18.3396
      vertex 29.3753 6.4 18.4006
      vertex 29.3753 0 18.4006
    endloop
  endfacet
  facet normal -0.0653644 0 -0.997861
    outer loop
      vertex 28.8107 0 15.5624
      vertex 29 6.4 15.55
      vertex 29 0 15.55
    endloop
  endfacet
  facet normal -0.0653644 0 -0.997861
    outer loop
      vertex 29 6.4 15.55
      vertex 28.8107 0 15.5624
      vertex 28.8107 6.4 15.5624
    endloop
  endfacet
  facet normal 0.751727 -0 0.659474
    outer loop
      vertex 30.0253 0 18.0253
      vertex 30.1504 6.4 17.8827
      vertex 30.0253 6.4 18.0253
    endloop
  endfacet
  facet normal 0.751727 0 0.659474
    outer loop
      vertex 30.1504 6.4 17.8827
      vertex 30.0253 0 18.0253
      vertex 30.1504 0 17.8827
    endloop
  endfacet
  facet normal 0.0653644 0 0.997861
    outer loop
      vertex 29 6.4 18.45
      vertex 29.1893 0 18.4376
      vertex 29.1893 6.4 18.4376
    endloop
  endfacet
  facet normal 0.0653644 0 0.997861
    outer loop
      vertex 29.1893 0 18.4376
      vertex 29 6.4 18.45
      vertex 29 0 18.45
    endloop
  endfacet
  facet normal -0.3216 0 0.946876
    outer loop
      vertex 28.4451 6.4 18.3396
      vertex 28.6247 0 18.4006
      vertex 28.6247 6.4 18.4006
    endloop
  endfacet
  facet normal -0.3216 0 0.946876
    outer loop
      vertex 28.6247 0 18.4006
      vertex 28.4451 6.4 18.3396
      vertex 28.4451 0 18.3396
    endloop
  endfacet
  facet normal -0.442356 0 0.896839
    outer loop
      vertex 28.275 6.4 18.2557
      vertex 28.4451 0 18.3396
      vertex 28.4451 6.4 18.3396
    endloop
  endfacet
  facet normal -0.442356 0 0.896839
    outer loop
      vertex 28.4451 0 18.3396
      vertex 28.275 6.4 18.2557
      vertex 28.275 0 18.2557
    endloop
  endfacet
  facet normal -0.997861 0 -0.0653644
    outer loop
      vertex 27.5624 0 16.8107
      vertex 27.55 6.4 17
      vertex 27.5624 6.4 16.8107
    endloop
  endfacet
  facet normal -0.997861 -0 -0.0653644
    outer loop
      vertex 27.55 6.4 17
      vertex 27.5624 0 16.8107
      vertex 27.55 0 17
    endloop
  endfacet
  facet normal -0.946876 0 -0.3216
    outer loop
      vertex 27.6604 0 16.4451
      vertex 27.5994 6.4 16.6247
      vertex 27.6604 6.4 16.4451
    endloop
  endfacet
  facet normal -0.946876 -0 -0.3216
    outer loop
      vertex 27.5994 6.4 16.6247
      vertex 27.6604 0 16.4451
      vertex 27.5994 0 16.6247
    endloop
  endfacet
  facet normal -0.555309 0 0.831644
    outer loop
      vertex 28.1173 6.4 18.1504
      vertex 28.275 0 18.2557
      vertex 28.275 6.4 18.2557
    endloop
  endfacet
  facet normal -0.555309 0 0.831644
    outer loop
      vertex 28.275 0 18.2557
      vertex 28.1173 6.4 18.1504
      vertex 28.1173 0 18.1504
    endloop
  endfacet
  facet normal -0.896839 0 0.442356
    outer loop
      vertex 27.6604 0 17.5549
      vertex 27.7443 6.4 17.725
      vertex 27.6604 6.4 17.5549
    endloop
  endfacet
  facet normal -0.896839 0 0.442356
    outer loop
      vertex 27.7443 6.4 17.725
      vertex 27.6604 0 17.5549
      vertex 27.7443 0 17.725
    endloop
  endfacet
  facet normal -0.659474 0 -0.751727
    outer loop
      vertex 27.9747 0 15.9747
      vertex 28.1173 6.4 15.8496
      vertex 28.1173 0 15.8496
    endloop
  endfacet
  facet normal -0.659474 0 -0.751727
    outer loop
      vertex 28.1173 6.4 15.8496
      vertex 27.9747 0 15.9747
      vertex 27.9747 6.4 15.9747
    endloop
  endfacet
  facet normal 0 1 0
    outer loop
      vertex 29.1893 6.4 50.4376
      vertex 28.8107 6.4 50.4376
      vertex 29 6.4 50.45
    endloop
  endfacet
  facet normal 0 1 0
    outer loop
      vertex 29.3753 6.4 50.4006
      vertex 28.8107 6.4 50.4376
      vertex 29.1893 6.4 50.4376
    endloop
  endfacet
  facet normal 0 1 0
    outer loop
      vertex 29.3753 6.4 50.4006
      vertex 28.6247 6.4 50.4006
      vertex 28.8107 6.4 50.4376
    endloop
  endfacet
  facet normal 0 1 0
    outer loop
      vertex 29.5549 6.4 50.3396
      vertex 28.6247 6.4 50.4006
      vertex 29.3753 6.4 50.4006
    endloop
  endfacet
  facet normal 0 1 0
    outer loop
      vertex 29.5549 6.4 50.3396
      vertex 28.4451 6.4 50.3396
      vertex 28.6247 6.4 50.4006
    endloop
  endfacet
  facet normal 0 1 0
    outer loop
      vertex 29.725 6.4 50.2557
      vertex 28.4451 6.4 50.3396
      vertex 29.5549 6.4 50.3396
    endloop
  endfacet
  facet normal 0 1 0
    outer loop
      vertex 29.725 6.4 50.2557
      vertex 28.275 6.4 50.2557
      vertex 28.4451 6.4 50.3396
    endloop
  endfacet
  facet normal 0 1 0
    outer loop
      vertex 29.8827 6.4 50.1504
      vertex 28.275 6.4 50.2557
      vertex 29.725 6.4 50.2557
    endloop
  endfacet
  facet normal 0 1 0
    outer loop
      vertex 29.8827 6.4 50.1504
      vertex 28.1173 6.4 50.1504
      vertex 28.275 6.4 50.2557
    endloop
  endfacet
  facet normal 0 1 0
    outer loop
      vertex 30.0253 6.4 50.0253
      vertex 28.1173 6.4 50.1504
      vertex 29.8827 6.4 50.1504
    endloop
  endfacet
  facet normal 0 1 0
    outer loop
      vertex 30.0253 6.4 50.0253
      vertex 27.9747 6.4 50.0253
      vertex 28.1173 6.4 50.1504
    endloop
  endfacet
  facet normal 0 1 0
    outer loop
      vertex 30.1504 6.4 49.8827
      vertex 27.9747 6.4 50.0253
      vertex 30.0253 6.4 50.0253
    endloop
  endfacet
  facet normal 0 1 0
    outer loop
      vertex 30.1504 6.4 49.8827
      vertex 27.8496 6.4 49.8827
      vertex 27.9747 6.4 50.0253
    endloop
  endfacet
  facet normal 0 1 0
    outer loop
      vertex 30.2557 6.4 49.725
      vertex 27.8496 6.4 49.8827
      vertex 30.1504 6.4 49.8827
    endloop
  endfacet
  facet normal 0 1 0
    outer loop
      vertex 30.2557 6.4 49.725
      vertex 27.7443 6.4 49.725
      vertex 27.8496 6.4 49.8827
    endloop
  endfacet
  facet normal 0 1 0
    outer loop
      vertex 30.3396 6.4 49.5549
      vertex 27.7443 6.4 49.725
      vertex 30.2557 6.4 49.725
    endloop
  endfacet
  facet normal 0 1 0
    outer loop
      vertex 30.3396 6.4 49.5549
      vertex 27.6604 6.4 49.5549
      vertex 27.7443 6.4 49.725
    endloop
  endfacet
  facet normal 0 1 0
    outer loop
      vertex 30.4006 6.4 49.3753
      vertex 27.6604 6.4 49.5549
      vertex 30.3396 6.4 49.5549
    endloop
  endfacet
  facet normal 0 1 0
    outer loop
      vertex 30.4006 6.4 49.3753
      vertex 27.5994 6.4 49.3753
      vertex 27.6604 6.4 49.5549
    endloop
  endfacet
  facet normal 0 1 0
    outer loop
      vertex 30.4376 6.4 49.1893
      vertex 27.5994 6.4 49.3753
      vertex 30.4006 6.4 49.3753
    endloop
  endfacet
  facet normal 0 1 0
    outer loop
      vertex 30.4376 6.4 49.1893
      vertex 27.5624 6.4 49.1893
      vertex 27.5994 6.4 49.3753
    endloop
  endfacet
  facet normal 0 1 0
    outer loop
      vertex 30.45 6.4 49
      vertex 27.5624 6.4 49.1893
      vertex 30.4376 6.4 49.1893
    endloop
  endfacet
  facet normal 0 1 0
    outer loop
      vertex 30.45 6.4 49
      vertex 27.55 6.4 49
      vertex 27.5624 6.4 49.1893
    endloop
  endfacet
  facet normal 0 1 -0
    outer loop
      vertex 30.4376 6.4 48.8107
      vertex 27.55 6.4 49
      vertex 30.45 6.4 49
    endloop
  endfacet
  facet normal 0 1 0
    outer loop
      vertex 30.4376 6.4 48.8107
      vertex 27.5624 6.4 48.8107
      vertex 27.55 6.4 49
    endloop
  endfacet
  facet normal 0 1 -0
    outer loop
      vertex 30.4006 6.4 48.6247
      vertex 27.5624 6.4 48.8107
      vertex 30.4376 6.4 48.8107
    endloop
  endfacet
  facet normal 0 1 0
    outer loop
      vertex 30.4006 6.4 48.6247
      vertex 27.5994 6.4 48.6247
      vertex 27.5624 6.4 48.8107
    endloop
  endfacet
  facet normal 0 1 -0
    outer loop
      vertex 30.3396 6.4 48.4451
      vertex 27.5994 6.4 48.6247
      vertex 30.4006 6.4 48.6247
    endloop
  endfacet
  facet normal 0 1 0
    outer loop
      vertex 30.3396 6.4 48.4451
      vertex 27.6604 6.4 48.4451
      vertex 27.5994 6.4 48.6247
    endloop
  endfacet
  facet normal 0 1 -0
    outer loop
      vertex 30.2557 6.4 48.275
      vertex 27.6604 6.4 48.4451
      vertex 30.3396 6.4 48.4451
    endloop
  endfacet
  facet normal 0 1 0
    outer loop
      vertex 30.2557 6.4 48.275
      vertex 27.7443 6.4 48.275
      vertex 27.6604 6.4 48.4451
    endloop
  endfacet
  facet normal 0 1 -0
    outer loop
      vertex 30.1504 6.4 48.1173
      vertex 27.7443 6.4 48.275
      vertex 30.2557 6.4 48.275
    endloop
  endfacet
  facet normal 0 1 0
    outer loop
      vertex 30.1504 6.4 48.1173
      vertex 27.8496 6.4 48.1173
      vertex 27.7443 6.4 48.275
    endloop
  endfacet
  facet normal 0 1 -0
    outer loop
      vertex 30.0253 6.4 47.9747
      vertex 27.8496 6.4 48.1173
      vertex 30.1504 6.4 48.1173
    endloop
  endfacet
  facet normal 0 1 0
    outer loop
      vertex 30.0253 6.4 47.9747
      vertex 27.9747 6.4 47.9747
      vertex 27.8496 6.4 48.1173
    endloop
  endfacet
  facet normal 0 1 -0
    outer loop
      vertex 29.8827 6.4 47.8496
      vertex 27.9747 6.4 47.9747
      vertex 30.0253 6.4 47.9747
    endloop
  endfacet
  facet normal 0 1 0
    outer loop
      vertex 29.8827 6.4 47.8496
      vertex 28.1173 6.4 47.8496
      vertex 27.9747 6.4 47.9747
    endloop
  endfacet
  facet normal 0 1 -0
    outer loop
      vertex 29.725 6.4 47.7443
      vertex 28.1173 6.4 47.8496
      vertex 29.8827 6.4 47.8496
    endloop
  endfacet
  facet normal 0 1 0
    outer loop
      vertex 29.725 6.4 47.7443
      vertex 28.275 6.4 47.7443
      vertex 28.1173 6.4 47.8496
    endloop
  endfacet
  facet normal 0 1 -0
    outer loop
      vertex 29.5549 6.4 47.6604
      vertex 28.275 6.4 47.7443
      vertex 29.725 6.4 47.7443
    endloop
  endfacet
  facet normal 0 1 0
    outer loop
      vertex 29.5549 6.4 47.6604
      vertex 28.4451 6.4 47.6604
      vertex 28.275 6.4 47.7443
    endloop
  endfacet
  facet normal 0 1 -0
    outer loop
      vertex 29.3753 6.4 47.5994
      vertex 28.4451 6.4 47.6604
      vertex 29.5549 6.4 47.6604
    endloop
  endfacet
  facet normal 0 1 0
    outer loop
      vertex 29.3753 6.4 47.5994
      vertex 28.6247 6.4 47.5994
      vertex 28.4451 6.4 47.6604
    endloop
  endfacet
  facet normal 0 1 -0
    outer loop
      vertex 29.1893 6.4 47.5624
      vertex 28.6247 6.4 47.5994
      vertex 29.3753 6.4 47.5994
    endloop
  endfacet
  facet normal 0 1 0
    outer loop
      vertex 29.1893 6.4 47.5624
      vertex 28.8107 6.4 47.5624
      vertex 28.6247 6.4 47.5994
    endloop
  endfacet
  facet normal -0 1 0
    outer loop
      vertex 28.8107 6.4 47.5624
      vertex 29.1893 6.4 47.5624
      vertex 29 6.4 47.55
    endloop
  endfacet
  facet normal -0.195102 0 0.980783
    outer loop
      vertex 28.6247 6.4 50.4006
      vertex 28.8107 0 50.4376
      vertex 28.8107 6.4 50.4376
    endloop
  endfacet
  facet normal -0.195102 0 0.980783
    outer loop
      vertex 28.8107 0 50.4376
      vertex 28.6247 6.4 50.4006
      vertex 28.6247 0 50.4006
    endloop
  endfacet
  facet normal 0.980783 -0 0.195102
    outer loop
      vertex 30.4006 0 49.3753
      vertex 30.4376 6.4 49.1893
      vertex 30.4006 6.4 49.3753
    endloop
  endfacet
  facet normal 0.980783 0 0.195102
    outer loop
      vertex 30.4376 6.4 49.1893
      vertex 30.4006 0 49.3753
      vertex 30.4376 0 49.1893
    endloop
  endfacet
  facet normal 0.997861 -0 0.0653644
    outer loop
      vertex 30.4376 0 49.1893
      vertex 30.45 6.4 49
      vertex 30.4376 6.4 49.1893
    endloop
  endfacet
  facet normal 0.997861 0 0.0653644
    outer loop
      vertex 30.45 6.4 49
      vertex 30.4376 0 49.1893
      vertex 30.45 0 49
    endloop
  endfacet
  facet normal -0.997861 0 0.0653644
    outer loop
      vertex 27.55 0 49
      vertex 27.5624 6.4 49.1893
      vertex 27.55 6.4 49
    endloop
  endfacet
  facet normal -0.997861 0 0.0653644
    outer loop
      vertex 27.5624 6.4 49.1893
      vertex 27.55 0 49
      vertex 27.5624 0 49.1893
    endloop
  endfacet
  facet normal -0.659474 0 0.751727
    outer loop
      vertex 27.9747 6.4 50.0253
      vertex 28.1173 0 50.1504
      vertex 28.1173 6.4 50.1504
    endloop
  endfacet
  facet normal -0.659474 0 0.751727
    outer loop
      vertex 28.1173 0 50.1504
      vertex 27.9747 6.4 50.0253
      vertex 27.9747 0 50.0253
    endloop
  endfacet
  facet normal -0.831644 0 -0.555309
    outer loop
      vertex 27.8496 0 48.1173
      vertex 27.7443 6.4 48.275
      vertex 27.8496 6.4 48.1173
    endloop
  endfacet
  facet normal -0.831644 -0 -0.555309
    outer loop
      vertex 27.7443 6.4 48.275
      vertex 27.8496 0 48.1173
      vertex 27.7443 0 48.275
    endloop
  endfacet
  facet normal 0.659474 0 0.751727
    outer loop
      vertex 29.8827 6.4 50.1504
      vertex 30.0253 0 50.0253
      vertex 30.0253 6.4 50.0253
    endloop
  endfacet
  facet normal 0.659474 0 0.751727
    outer loop
      vertex 30.0253 0 50.0253
      vertex 29.8827 6.4 50.1504
      vertex 29.8827 0 50.1504
    endloop
  endfacet
  facet normal 0.659474 0 -0.751727
    outer loop
      vertex 29.8827 0 47.8496
      vertex 30.0253 6.4 47.9747
      vertex 30.0253 0 47.9747
    endloop
  endfacet
  facet normal 0.659474 0 -0.751727
    outer loop
      vertex 30.0253 6.4 47.9747
      vertex 29.8827 0 47.8496
      vertex 29.8827 6.4 47.8496
    endloop
  endfacet
  facet normal 0.0653644 0 -0.997861
    outer loop
      vertex 29 0 47.55
      vertex 29.1893 6.4 47.5624
      vertex 29.1893 0 47.5624
    endloop
  endfacet
  facet normal 0.0653644 0 -0.997861
    outer loop
      vertex 29.1893 6.4 47.5624
      vertex 29 0 47.55
      vertex 29 6.4 47.55
    endloop
  endfacet
  facet normal 0.555309 0 0.831644
    outer loop
      vertex 29.725 6.4 50.2557
      vertex 29.8827 0 50.1504
      vertex 29.8827 6.4 50.1504
    endloop
  endfacet
  facet normal 0.555309 0 0.831644
    outer loop
      vertex 29.8827 0 50.1504
      vertex 29.725 6.4 50.2557
      vertex 29.725 0 50.2557
    endloop
  endfacet
  facet normal 0.751727 -0 0.659474
    outer loop
      vertex 30.0253 0 50.0253
      vertex 30.1504 6.4 49.8827
      vertex 30.0253 6.4 50.0253
    endloop
  endfacet
  facet normal 0.751727 0 0.659474
    outer loop
      vertex 30.1504 6.4 49.8827
      vertex 30.0253 0 50.0253
      vertex 30.1504 0 49.8827
    endloop
  endfacet
  facet normal 0.946876 0 -0.3216
    outer loop
      vertex 30.4006 0 48.6247
      vertex 30.3396 6.4 48.4451
      vertex 30.4006 6.4 48.6247
    endloop
  endfacet
  facet normal 0.946876 0 -0.3216
    outer loop
      vertex 30.3396 6.4 48.4451
      vertex 30.4006 0 48.6247
      vertex 30.3396 0 48.4451
    endloop
  endfacet
  facet normal 0.831644 0 -0.555309
    outer loop
      vertex 30.2557 0 48.275
      vertex 30.1504 6.4 48.1173
      vertex 30.2557 6.4 48.275
    endloop
  endfacet
  facet normal 0.831644 0 -0.555309
    outer loop
      vertex 30.1504 6.4 48.1173
      vertex 30.2557 0 48.275
      vertex 30.1504 0 48.1173
    endloop
  endfacet
  facet normal -0.195102 0 -0.980783
    outer loop
      vertex 28.6247 0 47.5994
      vertex 28.8107 6.4 47.5624
      vertex 28.8107 0 47.5624
    endloop
  endfacet
  facet normal -0.195102 0 -0.980783
    outer loop
      vertex 28.8107 6.4 47.5624
      vertex 28.6247 0 47.5994
      vertex 28.6247 6.4 47.5994
    endloop
  endfacet
  facet normal 0.555309 0 -0.831644
    outer loop
      vertex 29.725 0 47.7443
      vertex 29.8827 6.4 47.8496
      vertex 29.8827 0 47.8496
    endloop
  endfacet
  facet normal 0.555309 0 -0.831644
    outer loop
      vertex 29.8827 6.4 47.8496
      vertex 29.725 0 47.7443
      vertex 29.725 6.4 47.7443
    endloop
  endfacet
  facet normal -0.831644 0 0.555309
    outer loop
      vertex 27.7443 0 49.725
      vertex 27.8496 6.4 49.8827
      vertex 27.7443 6.4 49.725
    endloop
  endfacet
  facet normal -0.831644 0 0.555309
    outer loop
      vertex 27.8496 6.4 49.8827
      vertex 27.7443 0 49.725
      vertex 27.8496 0 49.8827
    endloop
  endfacet
  facet normal -0.980783 0 -0.195102
    outer loop
      vertex 27.5994 0 48.6247
      vertex 27.5624 6.4 48.8107
      vertex 27.5994 6.4 48.6247
    endloop
  endfacet
  facet normal -0.980783 -0 -0.195102
    outer loop
      vertex 27.5624 6.4 48.8107
      vertex 27.5994 0 48.6247
      vertex 27.5624 0 48.8107
    endloop
  endfacet
  facet normal -0.896839 0 -0.442356
    outer loop
      vertex 27.7443 0 48.275
      vertex 27.6604 6.4 48.4451
      vertex 27.7443 6.4 48.275
    endloop
  endfacet
  facet normal -0.896839 -0 -0.442356
    outer loop
      vertex 27.6604 6.4 48.4451
      vertex 27.7443 0 48.275
      vertex 27.6604 0 48.4451
    endloop
  endfacet
  facet normal -0.751727 0 -0.659474
    outer loop
      vertex 27.9747 0 47.9747
      vertex 27.8496 6.4 48.1173
      vertex 27.9747 6.4 47.9747
    endloop
  endfacet
  facet normal -0.751727 -0 -0.659474
    outer loop
      vertex 27.8496 6.4 48.1173
      vertex 27.9747 0 47.9747
      vertex 27.8496 0 48.1173
    endloop
  endfacet
  facet normal 0.442356 0 -0.896839
    outer loop
      vertex 29.5549 0 47.6604
      vertex 29.725 6.4 47.7443
      vertex 29.725 0 47.7443
    endloop
  endfacet
  facet normal 0.442356 0 -0.896839
    outer loop
      vertex 29.725 6.4 47.7443
      vertex 29.5549 0 47.6604
      vertex 29.5549 6.4 47.6604
    endloop
  endfacet
  facet normal 0.896839 -0 0.442356
    outer loop
      vertex 30.2557 0 49.725
      vertex 30.3396 6.4 49.5549
      vertex 30.2557 6.4 49.725
    endloop
  endfacet
  facet normal 0.896839 0 0.442356
    outer loop
      vertex 30.3396 6.4 49.5549
      vertex 30.2557 0 49.725
      vertex 30.3396 0 49.5549
    endloop
  endfacet
  facet normal 0.831644 -0 0.555309
    outer loop
      vertex 30.1504 0 49.8827
      vertex 30.2557 6.4 49.725
      vertex 30.1504 6.4 49.8827
    endloop
  endfacet
  facet normal 0.831644 0 0.555309
    outer loop
      vertex 30.2557 6.4 49.725
      vertex 30.1504 0 49.8827
      vertex 30.2557 0 49.725
    endloop
  endfacet
  facet normal 0.3216 0 -0.946876
    outer loop
      vertex 29.3753 0 47.5994
      vertex 29.5549 6.4 47.6604
      vertex 29.5549 0 47.6604
    endloop
  endfacet
  facet normal 0.3216 0 -0.946876
    outer loop
      vertex 29.5549 6.4 47.6604
      vertex 29.3753 0 47.5994
      vertex 29.3753 6.4 47.5994
    endloop
  endfacet
  facet normal -0.555309 0 -0.831644
    outer loop
      vertex 28.1173 0 47.8496
      vertex 28.275 6.4 47.7443
      vertex 28.275 0 47.7443
    endloop
  endfacet
  facet normal -0.555309 0 -0.831644
    outer loop
      vertex 28.275 6.4 47.7443
      vertex 28.1173 0 47.8496
      vertex 28.1173 6.4 47.8496
    endloop
  endfacet
  facet normal -0.946876 0 0.3216
    outer loop
      vertex 27.5994 0 49.3753
      vertex 27.6604 6.4 49.5549
      vertex 27.5994 6.4 49.3753
    endloop
  endfacet
  facet normal -0.946876 0 0.3216
    outer loop
      vertex 27.6604 6.4 49.5549
      vertex 27.5994 0 49.3753
      vertex 27.6604 0 49.5549
    endloop
  endfacet
  facet normal 0.751727 0 -0.659474
    outer loop
      vertex 30.1504 0 48.1173
      vertex 30.0253 6.4 47.9747
      vertex 30.1504 6.4 48.1173
    endloop
  endfacet
  facet normal 0.751727 0 -0.659474
    outer loop
      vertex 30.0253 6.4 47.9747
      vertex 30.1504 0 48.1173
      vertex 30.0253 0 47.9747
    endloop
  endfacet
  facet normal -0.751727 0 0.659474
    outer loop
      vertex 27.8496 0 49.8827
      vertex 27.9747 6.4 50.0253
      vertex 27.8496 6.4 49.8827
    endloop
  endfacet
  facet normal -0.751727 0 0.659474
    outer loop
      vertex 27.9747 6.4 50.0253
      vertex 27.8496 0 49.8827
      vertex 27.9747 0 50.0253
    endloop
  endfacet
  facet normal -0.980783 0 0.195102
    outer loop
      vertex 27.5624 0 49.1893
      vertex 27.5994 6.4 49.3753
      vertex 27.5624 6.4 49.1893
    endloop
  endfacet
  facet normal -0.980783 0 0.195102
    outer loop
      vertex 27.5994 6.4 49.3753
      vertex 27.5624 0 49.1893
      vertex 27.5994 0 49.3753
    endloop
  endfacet
  facet normal 0.442356 0 0.896839
    outer loop
      vertex 29.5549 6.4 50.3396
      vertex 29.725 0 50.2557
      vertex 29.725 6.4 50.2557
    endloop
  endfacet
  facet normal 0.442356 0 0.896839
    outer loop
      vertex 29.725 0 50.2557
      vertex 29.5549 6.4 50.3396
      vertex 29.5549 0 50.3396
    endloop
  endfacet
  facet normal 0.896839 0 -0.442356
    outer loop
      vertex 30.3396 0 48.4451
      vertex 30.2557 6.4 48.275
      vertex 30.3396 6.4 48.4451
    endloop
  endfacet
  facet normal 0.896839 0 -0.442356
    outer loop
      vertex 30.2557 6.4 48.275
      vertex 30.3396 0 48.4451
      vertex 30.2557 0 48.275
    endloop
  endfacet
  facet normal 0.980783 0 -0.195102
    outer loop
      vertex 30.4376 0 48.8107
      vertex 30.4006 6.4 48.6247
      vertex 30.4376 6.4 48.8107
    endloop
  endfacet
  facet normal 0.980783 0 -0.195102
    outer loop
      vertex 30.4006 6.4 48.6247
      vertex 30.4376 0 48.8107
      vertex 30.4006 0 48.6247
    endloop
  endfacet
  facet normal -0.442356 0 -0.896839
    outer loop
      vertex 28.275 0 47.7443
      vertex 28.4451 6.4 47.6604
      vertex 28.4451 0 47.6604
    endloop
  endfacet
  facet normal -0.442356 0 -0.896839
    outer loop
      vertex 28.4451 6.4 47.6604
      vertex 28.275 0 47.7443
      vertex 28.275 6.4 47.7443
    endloop
  endfacet
  facet normal 0.0653644 0 0.997861
    outer loop
      vertex 29 6.4 50.45
      vertex 29.1893 0 50.4376
      vertex 29.1893 6.4 50.4376
    endloop
  endfacet
  facet normal 0.0653644 0 0.997861
    outer loop
      vertex 29.1893 0 50.4376
      vertex 29 6.4 50.45
      vertex 29 0 50.45
    endloop
  endfacet
  facet normal -0.3216 0 -0.946876
    outer loop
      vertex 28.4451 0 47.6604
      vertex 28.6247 6.4 47.5994
      vertex 28.6247 0 47.5994
    endloop
  endfacet
  facet normal -0.3216 0 -0.946876
    outer loop
      vertex 28.6247 6.4 47.5994
      vertex 28.4451 0 47.6604
      vertex 28.4451 6.4 47.6604
    endloop
  endfacet
  facet normal 0.195102 0 -0.980783
    outer loop
      vertex 29.1893 0 47.5624
      vertex 29.3753 6.4 47.5994
      vertex 29.3753 0 47.5994
    endloop
  endfacet
  facet normal 0.195102 0 -0.980783
    outer loop
      vertex 29.3753 6.4 47.5994
      vertex 29.1893 0 47.5624
      vertex 29.1893 6.4 47.5624
    endloop
  endfacet
  facet normal 0.997861 0 -0.0653644
    outer loop
      vertex 30.45 0 49
      vertex 30.4376 6.4 48.8107
      vertex 30.45 6.4 49
    endloop
  endfacet
  facet normal 0.997861 0 -0.0653644
    outer loop
      vertex 30.4376 6.4 48.8107
      vertex 30.45 0 49
      vertex 30.4376 0 48.8107
    endloop
  endfacet
  facet normal 0.946876 -0 0.3216
    outer loop
      vertex 30.3396 0 49.5549
      vertex 30.4006 6.4 49.3753
      vertex 30.3396 6.4 49.5549
    endloop
  endfacet
  facet normal 0.946876 0 0.3216
    outer loop
      vertex 30.4006 6.4 49.3753
      vertex 30.3396 0 49.5549
      vertex 30.4006 0 49.3753
    endloop
  endfacet
  facet normal 0.195102 0 0.980783
    outer loop
      vertex 29.1893 6.4 50.4376
      vertex 29.3753 0 50.4006
      vertex 29.3753 6.4 50.4006
    endloop
  endfacet
  facet normal 0.195102 0 0.980783
    outer loop
      vertex 29.3753 0 50.4006
      vertex 29.1893 6.4 50.4376
      vertex 29.1893 0 50.4376
    endloop
  endfacet
  facet normal -0.0653644 0 0.997861
    outer loop
      vertex 28.8107 6.4 50.4376
      vertex 29 0 50.45
      vertex 29 6.4 50.45
    endloop
  endfacet
  facet normal -0.0653644 0 0.997861
    outer loop
      vertex 29 0 50.45
      vertex 28.8107 6.4 50.4376
      vertex 28.8107 0 50.4376
    endloop
  endfacet
  facet normal 0.3216 0 0.946876
    outer loop
      vertex 29.3753 6.4 50.4006
      vertex 29.5549 0 50.3396
      vertex 29.5549 6.4 50.3396
    endloop
  endfacet
  facet normal 0.3216 0 0.946876
    outer loop
      vertex 29.5549 0 50.3396
      vertex 29.3753 6.4 50.4006
      vertex 29.3753 0 50.4006
    endloop
  endfacet
  facet normal -0.0653644 0 -0.997861
    outer loop
      vertex 28.8107 0 47.5624
      vertex 29 6.4 47.55
      vertex 29 0 47.55
    endloop
  endfacet
  facet normal -0.0653644 0 -0.997861
    outer loop
      vertex 29 6.4 47.55
      vertex 28.8107 0 47.5624
      vertex 28.8107 6.4 47.5624
    endloop
  endfacet
  facet normal -0.3216 0 0.946876
    outer loop
      vertex 28.4451 6.4 50.3396
      vertex 28.6247 0 50.4006
      vertex 28.6247 6.4 50.4006
    endloop
  endfacet
  facet normal -0.3216 0 0.946876
    outer loop
      vertex 28.6247 0 50.4006
      vertex 28.4451 6.4 50.3396
      vertex 28.4451 0 50.3396
    endloop
  endfacet
  facet normal -0.442356 0 0.896839
    outer loop
      vertex 28.275 6.4 50.2557
      vertex 28.4451 0 50.3396
      vertex 28.4451 6.4 50.3396
    endloop
  endfacet
  facet normal -0.442356 0 0.896839
    outer loop
      vertex 28.4451 0 50.3396
      vertex 28.275 6.4 50.2557
      vertex 28.275 0 50.2557
    endloop
  endfacet
  facet normal -0.997861 0 -0.0653644
    outer loop
      vertex 27.5624 0 48.8107
      vertex 27.55 6.4 49
      vertex 27.5624 6.4 48.8107
    endloop
  endfacet
  facet normal -0.997861 -0 -0.0653644
    outer loop
      vertex 27.55 6.4 49
      vertex 27.5624 0 48.8107
      vertex 27.55 0 49
    endloop
  endfacet
  facet normal -0.946876 0 -0.3216
    outer loop
      vertex 27.6604 0 48.4451
      vertex 27.5994 6.4 48.6247
      vertex 27.6604 6.4 48.4451
    endloop
  endfacet
  facet normal -0.946876 -0 -0.3216
    outer loop
      vertex 27.5994 6.4 48.6247
      vertex 27.6604 0 48.4451
      vertex 27.5994 0 48.6247
    endloop
  endfacet
  facet normal -0.555309 0 0.831644
    outer loop
      vertex 28.1173 6.4 50.1504
      vertex 28.275 0 50.2557
      vertex 28.275 6.4 50.2557
    endloop
  endfacet
  facet normal -0.555309 0 0.831644
    outer loop
      vertex 28.275 0 50.2557
      vertex 28.1173 6.4 50.1504
      vertex 28.1173 0 50.1504
    endloop
  endfacet
  facet normal -0.896839 0 0.442356
    outer loop
      vertex 27.6604 0 49.5549
      vertex 27.7443 6.4 49.725
      vertex 27.6604 6.4 49.5549
    endloop
  endfacet
  facet normal -0.896839 0 0.442356
    outer loop
      vertex 27.7443 6.4 49.725
      vertex 27.6604 0 49.5549
      vertex 27.7443 0 49.725
    endloop
  endfacet
  facet normal -0.659474 0 -0.751727
    outer loop
      vertex 27.9747 0 47.9747
      vertex 28.1173 6.4 47.8496
      vertex 28.1173 0 47.8496
    endloop
  endfacet
  facet normal -0.659474 0 -0.751727
    outer loop
      vertex 28.1173 6.4 47.8496
      vertex 27.9747 0 47.9747
      vertex 27.9747 6.4 47.9747
    endloop
  endfacet
  facet normal 0.98077 -0 0.195165
    outer loop
      vertex -14.9679 0 51.95
      vertex -14.9245 12.85 51.7319
      vertex -14.9679 12.85 51.95
    endloop
  endfacet
  facet normal 0.98077 0 0.195165
    outer loop
      vertex -14.9245 12.85 51.7319
      vertex -14.9679 0 51.95
      vertex -14.9245 0 51.7319
    endloop
  endfacet
  facet normal 0.997872 -0 0.0652057
    outer loop
      vertex -14.9245 0 51.7319
      vertex -14.91 12.85 51.51
      vertex -14.9245 12.85 51.7319
    endloop
  endfacet
  facet normal 0.997872 0 0.0652057
    outer loop
      vertex -14.91 12.85 51.51
      vertex -14.9245 0 51.7319
      vertex -14.91 0 51.51
    endloop
  endfacet
  facet normal 0.659268 0 -0.751908
    outer loop
      vertex -15.5751 0 50.1613
      vertex -15.4079 12.85 50.3079
      vertex -15.4079 0 50.3079
    endloop
  endfacet
  facet normal 0.659268 0 -0.751908
    outer loop
      vertex -15.4079 12.85 50.3079
      vertex -15.5751 0 50.1613
      vertex -15.5751 12.85 50.1613
    endloop
  endfacet
  facet normal 0.321484 0 0.946915
    outer loop
      vertex -16.17 12.85 53.1521
      vertex -15.9594 0 53.0806
      vertex -15.9594 12.85 53.0806
    endloop
  endfacet
  facet normal 0.321484 0 0.946915
    outer loop
      vertex -15.9594 0 53.0806
      vertex -16.17 12.85 53.1521
      vertex -16.17 0 53.1521
    endloop
  endfacet
  facet normal 0.0652057 0 -0.997872
    outer loop
      vertex -16.61 0 49.81
      vertex -16.3881 12.85 49.8245
      vertex -16.3881 0 49.8245
    endloop
  endfacet
  facet normal 0.0652057 0 -0.997872
    outer loop
      vertex -16.3881 12.85 49.8245
      vertex -16.61 0 49.81
      vertex -16.61 12.85 49.81
    endloop
  endfacet
  facet normal 0.321484 0 -0.946915
    outer loop
      vertex -16.17 0 49.8679
      vertex -15.9594 12.85 49.9394
      vertex -15.9594 0 49.9394
    endloop
  endfacet
  facet normal 0.321484 0 -0.946915
    outer loop
      vertex -15.9594 12.85 49.9394
      vertex -16.17 0 49.8679
      vertex -16.17 12.85 49.8679
    endloop
  endfacet
  facet normal -0.98077 0 -0.195165
    outer loop
      vertex -18.2521 0 51.07
      vertex -18.2955 12.85 51.2881
      vertex -18.2521 12.85 51.07
    endloop
  endfacet
  facet normal -0.98077 -0 -0.195165
    outer loop
      vertex -18.2955 12.85 51.2881
      vertex -18.2521 0 51.07
      vertex -18.2955 0 51.2881
    endloop
  endfacet
  facet normal -0.321484 0 -0.946915
    outer loop
      vertex -17.2606 0 49.9394
      vertex -17.05 12.85 49.8679
      vertex -17.05 0 49.8679
    endloop
  endfacet
  facet normal -0.321484 0 -0.946915
    outer loop
      vertex -17.05 12.85 49.8679
      vertex -17.2606 0 49.9394
      vertex -17.2606 12.85 49.9394
    endloop
  endfacet
  facet normal 0.896754 0 -0.44253
    outer loop
      vertex -15.0394 0 50.8594
      vertex -15.1378 12.85 50.66
      vertex -15.0394 12.85 50.8594
    endloop
  endfacet
  facet normal 0.896754 0 -0.44253
    outer loop
      vertex -15.1378 12.85 50.66
      vertex -15.0394 0 50.8594
      vertex -15.1378 0 50.66
    endloop
  endfacet
  facet normal 0 1 0
    outer loop
      vertex -16.3881 12.85 53.1955
      vertex -16.8319 12.85 53.1955
      vertex -16.61 12.85 53.21
    endloop
  endfacet
  facet normal 0 1 0
    outer loop
      vertex -16.17 12.85 53.1521
      vertex -16.8319 12.85 53.1955
      vertex -16.3881 12.85 53.1955
    endloop
  endfacet
  facet normal 0 1 0
    outer loop
      vertex -16.17 12.85 53.1521
      vertex -17.05 12.85 53.1521
      vertex -16.8319 12.85 53.1955
    endloop
  endfacet
  facet normal 0 1 0
    outer loop
      vertex -15.9594 12.85 53.0806
      vertex -17.05 12.85 53.1521
      vertex -16.17 12.85 53.1521
    endloop
  endfacet
  facet normal 0 1 0
    outer loop
      vertex -15.9594 12.85 53.0806
      vertex -17.2606 12.85 53.0806
      vertex -17.05 12.85 53.1521
    endloop
  endfacet
  facet normal 0 1 0
    outer loop
      vertex -15.76 12.85 52.9822
      vertex -17.2606 12.85 53.0806
      vertex -15.9594 12.85 53.0806
    endloop
  endfacet
  facet normal 0 1 0
    outer loop
      vertex -15.76 12.85 52.9822
      vertex -17.46 12.85 52.9822
      vertex -17.2606 12.85 53.0806
    endloop
  endfacet
  facet normal 0 1 0
    outer loop
      vertex -15.5751 12.85 52.8587
      vertex -17.46 12.85 52.9822
      vertex -15.76 12.85 52.9822
    endloop
  endfacet
  facet normal 0 1 0
    outer loop
      vertex -15.5751 12.85 52.8587
      vertex -17.6449 12.85 52.8587
      vertex -17.46 12.85 52.9822
    endloop
  endfacet
  facet normal 0 1 0
    outer loop
      vertex -15.4079 12.85 52.7121
      vertex -17.6449 12.85 52.8587
      vertex -15.5751 12.85 52.8587
    endloop
  endfacet
  facet normal 0 1 0
    outer loop
      vertex -15.4079 12.85 52.7121
      vertex -17.8121 12.85 52.7121
      vertex -17.6449 12.85 52.8587
    endloop
  endfacet
  facet normal 0 1 0
    outer loop
      vertex -15.2613 12.85 52.5449
      vertex -17.8121 12.85 52.7121
      vertex -15.4079 12.85 52.7121
    endloop
  endfacet
  facet normal 0 1 0
    outer loop
      vertex -15.2613 12.85 52.5449
      vertex -17.9587 12.85 52.5449
      vertex -17.8121 12.85 52.7121
    endloop
  endfacet
  facet normal 0 1 0
    outer loop
      vertex -15.1378 12.85 52.36
      vertex -17.9587 12.85 52.5449
      vertex -15.2613 12.85 52.5449
    endloop
  endfacet
  facet normal 0 1 0
    outer loop
      vertex -15.1378 12.85 52.36
      vertex -18.0822 12.85 52.36
      vertex -17.9587 12.85 52.5449
    endloop
  endfacet
  facet normal 0 1 0
    outer loop
      vertex -15.0394 12.85 52.1606
      vertex -18.0822 12.85 52.36
      vertex -15.1378 12.85 52.36
    endloop
  endfacet
  facet normal 0 1 0
    outer loop
      vertex -15.0394 12.85 52.1606
      vertex -18.1806 12.85 52.1606
      vertex -18.0822 12.85 52.36
    endloop
  endfacet
  facet normal 0 1 0
    outer loop
      vertex -14.9679 12.85 51.95
      vertex -18.1806 12.85 52.1606
      vertex -15.0394 12.85 52.1606
    endloop
  endfacet
  facet normal 0 1 0
    outer loop
      vertex -14.9679 12.85 51.95
      vertex -18.2521 12.85 51.95
      vertex -18.1806 12.85 52.1606
    endloop
  endfacet
  facet normal 0 1 0
    outer loop
      vertex -14.9245 12.85 51.7319
      vertex -18.2521 12.85 51.95
      vertex -14.9679 12.85 51.95
    endloop
  endfacet
  facet normal 0 1 0
    outer loop
      vertex -14.9245 12.85 51.7319
      vertex -18.2955 12.85 51.7319
      vertex -18.2521 12.85 51.95
    endloop
  endfacet
  facet normal 0 1 0
    outer loop
      vertex -14.91 12.85 51.51
      vertex -18.2955 12.85 51.7319
      vertex -14.9245 12.85 51.7319
    endloop
  endfacet
  facet normal 0 1 0
    outer loop
      vertex -14.91 12.85 51.51
      vertex -18.31 12.85 51.51
      vertex -18.2955 12.85 51.7319
    endloop
  endfacet
  facet normal 0 1 -0
    outer loop
      vertex -14.9245 12.85 51.2881
      vertex -18.31 12.85 51.51
      vertex -14.91 12.85 51.51
    endloop
  endfacet
  facet normal 0 1 0
    outer loop
      vertex -14.9245 12.85 51.2881
      vertex -18.2955 12.85 51.2881
      vertex -18.31 12.85 51.51
    endloop
  endfacet
  facet normal 0 1 -0
    outer loop
      vertex -14.9679 12.85 51.07
      vertex -18.2955 12.85 51.2881
      vertex -14.9245 12.85 51.2881
    endloop
  endfacet
  facet normal 0 1 0
    outer loop
      vertex -14.9679 12.85 51.07
      vertex -18.2521 12.85 51.07
      vertex -18.2955 12.85 51.2881
    endloop
  endfacet
  facet normal 0 1 -0
    outer loop
      vertex -15.0394 12.85 50.8594
      vertex -18.2521 12.85 51.07
      vertex -14.9679 12.85 51.07
    endloop
  endfacet
  facet normal 0 1 0
    outer loop
      vertex -15.0394 12.85 50.8594
      vertex -18.1806 12.85 50.8594
      vertex -18.2521 12.85 51.07
    endloop
  endfacet
  facet normal 0 1 -0
    outer loop
      vertex -15.1378 12.85 50.66
      vertex -18.1806 12.85 50.8594
      vertex -15.0394 12.85 50.8594
    endloop
  endfacet
  facet normal 0 1 0
    outer loop
      vertex -15.1378 12.85 50.66
      vertex -18.0822 12.85 50.66
      vertex -18.1806 12.85 50.8594
    endloop
  endfacet
  facet normal 0 1 -0
    outer loop
      vertex -15.2613 12.85 50.4751
      vertex -18.0822 12.85 50.66
      vertex -15.1378 12.85 50.66
    endloop
  endfacet
  facet normal 0 1 0
    outer loop
      vertex -15.2613 12.85 50.4751
      vertex -17.9587 12.85 50.4751
      vertex -18.0822 12.85 50.66
    endloop
  endfacet
  facet normal 0 1 -0
    outer loop
      vertex -15.4079 12.85 50.3079
      vertex -17.9587 12.85 50.4751
      vertex -15.2613 12.85 50.4751
    endloop
  endfacet
  facet normal 0 1 0
    outer loop
      vertex -15.4079 12.85 50.3079
      vertex -17.8121 12.85 50.3079
      vertex -17.9587 12.85 50.4751
    endloop
  endfacet
  facet normal 0 1 -0
    outer loop
      vertex -15.5751 12.85 50.1613
      vertex -17.8121 12.85 50.3079
      vertex -15.4079 12.85 50.3079
    endloop
  endfacet
  facet normal 0 1 0
    outer loop
      vertex -15.5751 12.85 50.1613
      vertex -17.6449 12.85 50.1613
      vertex -17.8121 12.85 50.3079
    endloop
  endfacet
  facet normal 0 1 -0
    outer loop
      vertex -15.76 12.85 50.0378
      vertex -17.6449 12.85 50.1613
      vertex -15.5751 12.85 50.1613
    endloop
  endfacet
  facet normal 0 1 0
    outer loop
      vertex -15.76 12.85 50.0378
      vertex -17.46 12.85 50.0378
      vertex -17.6449 12.85 50.1613
    endloop
  endfacet
  facet normal 0 1 -0
    outer loop
      vertex -15.9594 12.85 49.9394
      vertex -17.46 12.85 50.0378
      vertex -15.76 12.85 50.0378
    endloop
  endfacet
  facet normal 0 1 0
    outer loop
      vertex -15.9594 12.85 49.9394
      vertex -17.2606 12.85 49.9394
      vertex -17.46 12.85 50.0378
    endloop
  endfacet
  facet normal 0 1 -0
    outer loop
      vertex -16.17 12.85 49.8679
      vertex -17.2606 12.85 49.9394
      vertex -15.9594 12.85 49.9394
    endloop
  endfacet
  facet normal 0 1 0
    outer loop
      vertex -16.17 12.85 49.8679
      vertex -17.05 12.85 49.8679
      vertex -17.2606 12.85 49.9394
    endloop
  endfacet
  facet normal 0 1 -0
    outer loop
      vertex -16.3881 12.85 49.8245
      vertex -17.05 12.85 49.8679
      vertex -16.17 12.85 49.8679
    endloop
  endfacet
  facet normal 0 1 0
    outer loop
      vertex -16.3881 12.85 49.8245
      vertex -16.8319 12.85 49.8245
      vertex -17.05 12.85 49.8679
    endloop
  endfacet
  facet normal -0 1 0
    outer loop
      vertex -16.8319 12.85 49.8245
      vertex -16.3881 12.85 49.8245
      vertex -16.61 12.85 49.81
    endloop
  endfacet
  facet normal 0.0652057 0 0.997872
    outer loop
      vertex -16.61 12.85 53.21
      vertex -16.3881 0 53.1955
      vertex -16.3881 12.85 53.1955
    endloop
  endfacet
  facet normal 0.0652057 0 0.997872
    outer loop
      vertex -16.3881 0 53.1955
      vertex -16.61 12.85 53.21
      vertex -16.61 0 53.21
    endloop
  endfacet
  facet normal 0.946915 0 -0.321484
    outer loop
      vertex -14.9679 0 51.07
      vertex -15.0394 12.85 50.8594
      vertex -14.9679 12.85 51.07
    endloop
  endfacet
  facet normal 0.946915 0 -0.321484
    outer loop
      vertex -15.0394 12.85 50.8594
      vertex -14.9679 0 51.07
      vertex -15.0394 0 50.8594
    endloop
  endfacet
  facet normal 0.946915 -0 0.321484
    outer loop
      vertex -15.0394 0 52.1606
      vertex -14.9679 12.85 51.95
      vertex -15.0394 12.85 52.1606
    endloop
  endfacet
  facet normal 0.946915 0 0.321484
    outer loop
      vertex -14.9679 12.85 51.95
      vertex -15.0394 0 52.1606
      vertex -14.9679 0 51.95
    endloop
  endfacet
  facet normal 0.98077 0 -0.195165
    outer loop
      vertex -14.9245 0 51.2881
      vertex -14.9679 12.85 51.07
      vertex -14.9245 12.85 51.2881
    endloop
  endfacet
  facet normal 0.98077 0 -0.195165
    outer loop
      vertex -14.9679 12.85 51.07
      vertex -14.9245 0 51.2881
      vertex -14.9679 0 51.07
    endloop
  endfacet
  facet normal -0.751908 0 0.659268
    outer loop
      vertex -17.9587 0 52.5449
      vertex -17.8121 12.85 52.7121
      vertex -17.9587 12.85 52.5449
    endloop
  endfacet
  facet normal -0.751908 0 0.659268
    outer loop
      vertex -17.8121 12.85 52.7121
      vertex -17.9587 0 52.5449
      vertex -17.8121 0 52.7121
    endloop
  endfacet
  facet normal -0.659268 0 -0.751908
    outer loop
      vertex -17.8121 0 50.3079
      vertex -17.6449 12.85 50.1613
      vertex -17.6449 0 50.1613
    endloop
  endfacet
  facet normal -0.659268 0 -0.751908
    outer loop
      vertex -17.6449 12.85 50.1613
      vertex -17.8121 0 50.3079
      vertex -17.8121 12.85 50.3079
    endloop
  endfacet
  facet normal 0.195165 0 -0.98077
    outer loop
      vertex -16.3881 0 49.8245
      vertex -16.17 12.85 49.8679
      vertex -16.17 0 49.8679
    endloop
  endfacet
  facet normal 0.195165 0 -0.98077
    outer loop
      vertex -16.17 12.85 49.8679
      vertex -16.3881 0 49.8245
      vertex -16.3881 12.85 49.8245
    endloop
  endfacet
  facet normal -0.831566 0 0.555426
    outer loop
      vertex -18.0822 0 52.36
      vertex -17.9587 12.85 52.5449
      vertex -18.0822 12.85 52.36
    endloop
  endfacet
  facet normal -0.831566 0 0.555426
    outer loop
      vertex -17.9587 12.85 52.5449
      vertex -18.0822 0 52.36
      vertex -17.9587 0 52.5449
    endloop
  endfacet
  facet normal -0.195165 0 0.98077
    outer loop
      vertex -17.05 12.85 53.1521
      vertex -16.8319 0 53.1955
      vertex -16.8319 12.85 53.1955
    endloop
  endfacet
  facet normal -0.195165 0 0.98077
    outer loop
      vertex -16.8319 0 53.1955
      vertex -17.05 12.85 53.1521
      vertex -17.05 0 53.1521
    endloop
  endfacet
  facet normal 0.896754 -0 0.44253
    outer loop
      vertex -15.1378 0 52.36
      vertex -15.0394 12.85 52.1606
      vertex -15.1378 12.85 52.36
    endloop
  endfacet
  facet normal 0.896754 0 0.44253
    outer loop
      vertex -15.0394 12.85 52.1606
      vertex -15.1378 0 52.36
      vertex -15.0394 0 52.1606
    endloop
  endfacet
  facet normal 0.831566 0 -0.555426
    outer loop
      vertex -15.1378 0 50.66
      vertex -15.2613 12.85 50.4751
      vertex -15.1378 12.85 50.66
    endloop
  endfacet
  facet normal 0.831566 0 -0.555426
    outer loop
      vertex -15.2613 12.85 50.4751
      vertex -15.1378 0 50.66
      vertex -15.2613 0 50.4751
    endloop
  endfacet
  facet normal -0.555426 0 -0.831566
    outer loop
      vertex -17.6449 0 50.1613
      vertex -17.46 12.85 50.0378
      vertex -17.46 0 50.0378
    endloop
  endfacet
  facet normal -0.555426 0 -0.831566
    outer loop
      vertex -17.46 12.85 50.0378
      vertex -17.6449 0 50.1613
      vertex -17.6449 12.85 50.1613
    endloop
  endfacet
  facet normal -0.44253 0 0.896754
    outer loop
      vertex -17.46 12.85 52.9822
      vertex -17.2606 0 53.0806
      vertex -17.2606 12.85 53.0806
    endloop
  endfacet
  facet normal -0.44253 0 0.896754
    outer loop
      vertex -17.2606 0 53.0806
      vertex -17.46 12.85 52.9822
      vertex -17.46 0 52.9822
    endloop
  endfacet
  facet normal 0.659268 0 0.751908
    outer loop
      vertex -15.5751 12.85 52.8587
      vertex -15.4079 0 52.7121
      vertex -15.4079 12.85 52.7121
    endloop
  endfacet
  facet normal 0.659268 0 0.751908
    outer loop
      vertex -15.4079 0 52.7121
      vertex -15.5751 12.85 52.8587
      vertex -15.5751 0 52.8587
    endloop
  endfacet
  facet normal 0.195165 0 0.98077
    outer loop
      vertex -16.3881 12.85 53.1955
      vertex -16.17 0 53.1521
      vertex -16.17 12.85 53.1521
    endloop
  endfacet
  facet normal 0.195165 0 0.98077
    outer loop
      vertex -16.17 0 53.1521
      vertex -16.3881 12.85 53.1955
      vertex -16.3881 0 53.1955
    endloop
  endfacet
  facet normal 0.555426 0 0.831566
    outer loop
      vertex -15.76 12.85 52.9822
      vertex -15.5751 0 52.8587
      vertex -15.5751 12.85 52.8587
    endloop
  endfacet
  facet normal 0.555426 0 0.831566
    outer loop
      vertex -15.5751 0 52.8587
      vertex -15.76 12.85 52.9822
      vertex -15.76 0 52.9822
    endloop
  endfacet
  facet normal 0.44253 0 -0.896754
    outer loop
      vertex -15.9594 0 49.9394
      vertex -15.76 12.85 50.0378
      vertex -15.76 0 50.0378
    endloop
  endfacet
  facet normal 0.44253 0 -0.896754
    outer loop
      vertex -15.76 12.85 50.0378
      vertex -15.9594 0 49.9394
      vertex -15.9594 12.85 49.9394
    endloop
  endfacet
  facet normal 0.751908 -0 0.659268
    outer loop
      vertex -15.4079 0 52.7121
      vertex -15.2613 12.85 52.5449
      vertex -15.4079 12.85 52.7121
    endloop
  endfacet
  facet normal 0.751908 0 0.659268
    outer loop
      vertex -15.2613 12.85 52.5449
      vertex -15.4079 0 52.7121
      vertex -15.2613 0 52.5449
    endloop
  endfacet
  facet normal 0.831566 -0 0.555426
    outer loop
      vertex -15.2613 0 52.5449
      vertex -15.1378 12.85 52.36
      vertex -15.2613 12.85 52.5449
    endloop
  endfacet
  facet normal 0.831566 0 0.555426
    outer loop
      vertex -15.1378 12.85 52.36
      vertex -15.2613 0 52.5449
      vertex -15.1378 0 52.36
    endloop
  endfacet
  facet normal -0.659268 0 0.751908
    outer loop
      vertex -17.8121 12.85 52.7121
      vertex -17.6449 0 52.8587
      vertex -17.6449 12.85 52.8587
    endloop
  endfacet
  facet normal -0.659268 0 0.751908
    outer loop
      vertex -17.6449 0 52.8587
      vertex -17.8121 12.85 52.7121
      vertex -17.8121 0 52.7121
    endloop
  endfacet
  facet normal -0.44253 0 -0.896754
    outer loop
      vertex -17.46 0 50.0378
      vertex -17.2606 12.85 49.9394
      vertex -17.2606 0 49.9394
    endloop
  endfacet
  facet normal -0.44253 0 -0.896754
    outer loop
      vertex -17.2606 12.85 49.9394
      vertex -17.46 0 50.0378
      vertex -17.46 12.85 50.0378
    endloop
  endfacet
  facet normal -0.831566 0 -0.555426
    outer loop
      vertex -17.9587 0 50.4751
      vertex -18.0822 12.85 50.66
      vertex -17.9587 12.85 50.4751
    endloop
  endfacet
  facet normal -0.831566 -0 -0.555426
    outer loop
      vertex -18.0822 12.85 50.66
      vertex -17.9587 0 50.4751
      vertex -18.0822 0 50.66
    endloop
  endfacet
  facet normal -0.997872 0 -0.0652057
    outer loop
      vertex -18.2955 0 51.2881
      vertex -18.31 12.85 51.51
      vertex -18.2955 12.85 51.2881
    endloop
  endfacet
  facet normal -0.997872 -0 -0.0652057
    outer loop
      vertex -18.31 12.85 51.51
      vertex -18.2955 0 51.2881
      vertex -18.31 0 51.51
    endloop
  endfacet
  facet normal -0.0652057 0 -0.997872
    outer loop
      vertex -16.8319 0 49.8245
      vertex -16.61 12.85 49.81
      vertex -16.61 0 49.81
    endloop
  endfacet
  facet normal -0.0652057 0 -0.997872
    outer loop
      vertex -16.61 12.85 49.81
      vertex -16.8319 0 49.8245
      vertex -16.8319 12.85 49.8245
    endloop
  endfacet
  facet normal -0.896754 0 -0.44253
    outer loop
      vertex -18.0822 0 50.66
      vertex -18.1806 12.85 50.8594
      vertex -18.0822 12.85 50.66
    endloop
  endfacet
  facet normal -0.896754 -0 -0.44253
    outer loop
      vertex -18.1806 12.85 50.8594
      vertex -18.0822 0 50.66
      vertex -18.1806 0 50.8594
    endloop
  endfacet
  facet normal 0.997872 0 -0.0652057
    outer loop
      vertex -14.91 0 51.51
      vertex -14.9245 12.85 51.2881
      vertex -14.91 12.85 51.51
    endloop
  endfacet
  facet normal 0.997872 0 -0.0652057
    outer loop
      vertex -14.9245 12.85 51.2881
      vertex -14.91 0 51.51
      vertex -14.9245 0 51.2881
    endloop
  endfacet
  facet normal -0.98077 0 0.195165
    outer loop
      vertex -18.2955 0 51.7319
      vertex -18.2521 12.85 51.95
      vertex -18.2955 12.85 51.7319
    endloop
  endfacet
  facet normal -0.98077 0 0.195165
    outer loop
      vertex -18.2521 12.85 51.95
      vertex -18.2955 0 51.7319
      vertex -18.2521 0 51.95
    endloop
  endfacet
  facet normal -0.997872 0 0.0652057
    outer loop
      vertex -18.31 0 51.51
      vertex -18.2955 12.85 51.7319
      vertex -18.31 12.85 51.51
    endloop
  endfacet
  facet normal -0.997872 0 0.0652057
    outer loop
      vertex -18.2955 12.85 51.7319
      vertex -18.31 0 51.51
      vertex -18.2955 0 51.7319
    endloop
  endfacet
  facet normal -0.0652057 0 0.997872
    outer loop
      vertex -16.8319 12.85 53.1955
      vertex -16.61 0 53.21
      vertex -16.61 12.85 53.21
    endloop
  endfacet
  facet normal -0.0652057 0 0.997872
    outer loop
      vertex -16.61 0 53.21
      vertex -16.8319 12.85 53.1955
      vertex -16.8319 0 53.1955
    endloop
  endfacet
  facet normal 0.44253 0 0.896754
    outer loop
      vertex -15.9594 12.85 53.0806
      vertex -15.76 0 52.9822
      vertex -15.76 12.85 52.9822
    endloop
  endfacet
  facet normal 0.44253 0 0.896754
    outer loop
      vertex -15.76 0 52.9822
      vertex -15.9594 12.85 53.0806
      vertex -15.9594 0 53.0806
    endloop
  endfacet
  facet normal -0.946915 0 0.321484
    outer loop
      vertex -18.2521 0 51.95
      vertex -18.1806 12.85 52.1606
      vertex -18.2521 12.85 51.95
    endloop
  endfacet
  facet normal -0.946915 0 0.321484
    outer loop
      vertex -18.1806 12.85 52.1606
      vertex -18.2521 0 51.95
      vertex -18.1806 0 52.1606
    endloop
  endfacet
  facet normal -0.896754 0 0.44253
    outer loop
      vertex -18.1806 0 52.1606
      vertex -18.0822 12.85 52.36
      vertex -18.1806 12.85 52.1606
    endloop
  endfacet
  facet normal -0.896754 0 0.44253
    outer loop
      vertex -18.0822 12.85 52.36
      vertex -18.1806 0 52.1606
      vertex -18.0822 0 52.36
    endloop
  endfacet
  facet normal -0.321484 0 0.946915
    outer loop
      vertex -17.2606 12.85 53.0806
      vertex -17.05 0 53.1521
      vertex -17.05 12.85 53.1521
    endloop
  endfacet
  facet normal -0.321484 0 0.946915
    outer loop
      vertex -17.05 0 53.1521
      vertex -17.2606 12.85 53.0806
      vertex -17.2606 0 53.0806
    endloop
  endfacet
  facet normal -0.751908 0 -0.659268
    outer loop
      vertex -17.8121 0 50.3079
      vertex -17.9587 12.85 50.4751
      vertex -17.8121 12.85 50.3079
    endloop
  endfacet
  facet normal -0.751908 -0 -0.659268
    outer loop
      vertex -17.9587 12.85 50.4751
      vertex -17.8121 0 50.3079
      vertex -17.9587 0 50.4751
    endloop
  endfacet
  facet normal 0.751908 0 -0.659268
    outer loop
      vertex -15.2613 0 50.4751
      vertex -15.4079 12.85 50.3079
      vertex -15.2613 12.85 50.4751
    endloop
  endfacet
  facet normal 0.751908 0 -0.659268
    outer loop
      vertex -15.4079 12.85 50.3079
      vertex -15.2613 0 50.4751
      vertex -15.4079 0 50.3079
    endloop
  endfacet
  facet normal 0.555426 0 -0.831566
    outer loop
      vertex -15.76 0 50.0378
      vertex -15.5751 12.85 50.1613
      vertex -15.5751 0 50.1613
    endloop
  endfacet
  facet normal 0.555426 0 -0.831566
    outer loop
      vertex -15.5751 12.85 50.1613
      vertex -15.76 0 50.0378
      vertex -15.76 12.85 50.0378
    endloop
  endfacet
  facet normal -0.946915 0 -0.321484
    outer loop
      vertex -18.1806 0 50.8594
      vertex -18.2521 12.85 51.07
      vertex -18.1806 12.85 50.8594
    endloop
  endfacet
  facet normal -0.946915 -0 -0.321484
    outer loop
      vertex -18.2521 12.85 51.07
      vertex -18.1806 0 50.8594
      vertex -18.2521 0 51.07
    endloop
  endfacet
  facet normal -0.195165 0 -0.98077
    outer loop
      vertex -17.05 0 49.8679
      vertex -16.8319 12.85 49.8245
      vertex -16.8319 0 49.8245
    endloop
  endfacet
  facet normal -0.195165 0 -0.98077
    outer loop
      vertex -16.8319 12.85 49.8245
      vertex -17.05 0 49.8679
      vertex -17.05 12.85 49.8679
    endloop
  endfacet
  facet normal -0.555426 0 0.831566
    outer loop
      vertex -17.6449 12.85 52.8587
      vertex -17.46 0 52.9822
      vertex -17.46 12.85 52.9822
    endloop
  endfacet
  facet normal -0.555426 0 0.831566
    outer loop
      vertex -17.46 0 52.9822
      vertex -17.6449 12.85 52.8587
      vertex -17.6449 0 52.8587
    endloop
  endfacet
  facet normal 0.980779 -0 0.195122
    outer loop
      vertex 4.43207 0 52.15
      vertex 4.47546 12.85 51.9319
      vertex 4.43207 12.85 52.15
    endloop
  endfacet
  facet normal 0.980779 0 0.195122
    outer loop
      vertex 4.47546 12.85 51.9319
      vertex 4.43207 0 52.15
      vertex 4.47546 0 51.9319
    endloop
  endfacet
  facet normal 0.99786 -0 0.0653848
    outer loop
      vertex 4.47546 0 51.9319
      vertex 4.49 12.85 51.71
      vertex 4.47546 12.85 51.9319
    endloop
  endfacet
  facet normal 0.99786 0 0.0653848
    outer loop
      vertex 4.49 12.85 51.71
      vertex 4.47546 0 51.9319
      vertex 4.49 0 51.71
    endloop
  endfacet
  facet normal -0.442459 0 0.896789
    outer loop
      vertex 1.94 12.85 53.1822
      vertex 2.13944 0 53.2806
      vertex 2.13944 12.85 53.2806
    endloop
  endfacet
  facet normal -0.442459 0 0.896789
    outer loop
      vertex 2.13944 0 53.2806
      vertex 1.94 12.85 53.1822
      vertex 1.94 0 53.1822
    endloop
  endfacet
  facet normal 0.321525 0 0.946901
    outer loop
      vertex 3.22999 12.85 53.3521
      vertex 3.44056 0 53.2806
      vertex 3.44056 12.85 53.2806
    endloop
  endfacet
  facet normal 0.321525 0 0.946901
    outer loop
      vertex 3.44056 0 53.2806
      vertex 3.22999 12.85 53.3521
      vertex 3.22999 0 53.3521
    endloop
  endfacet
  facet normal -0.896825 0 -0.442386
    outer loop
      vertex 1.31776 0 50.86
      vertex 1.2194 12.85 51.0594
      vertex 1.31776 12.85 50.86
    endloop
  endfacet
  facet normal -0.896825 -0 -0.442386
    outer loop
      vertex 1.2194 12.85 51.0594
      vertex 1.31776 0 50.86
      vertex 1.2194 0 51.0594
    endloop
  endfacet
  facet normal 0.0652086 0 -0.997872
    outer loop
      vertex 2.79 0 50.01
      vertex 3.01189 12.85 50.0245
      vertex 3.01189 0 50.0245
    endloop
  endfacet
  facet normal 0.0652086 0 -0.997872
    outer loop
      vertex 3.01189 12.85 50.0245
      vertex 2.79 0 50.01
      vertex 2.79 12.85 50.01
    endloop
  endfacet
  facet normal -0.195173 0 -0.980769
    outer loop
      vertex 2.35001 0 50.0679
      vertex 2.5681 12.85 50.0245
      vertex 2.5681 0 50.0245
    endloop
  endfacet
  facet normal -0.195173 0 -0.980769
    outer loop
      vertex 2.5681 12.85 50.0245
      vertex 2.35001 0 50.0679
      vertex 2.35001 12.85 50.0679
    endloop
  endfacet
  facet normal 0.321525 0 -0.946901
    outer loop
      vertex 3.22999 0 50.0679
      vertex 3.44056 12.85 50.1394
      vertex 3.44056 0 50.1394
    endloop
  endfacet
  facet normal 0.321525 0 -0.946901
    outer loop
      vertex 3.44056 12.85 50.1394
      vertex 3.22999 0 50.0679
      vertex 3.22999 12.85 50.0679
    endloop
  endfacet
  facet normal -0.0652057 0 -0.997872
    outer loop
      vertex 2.5681 0 50.0245
      vertex 2.79 12.85 50.01
      vertex 2.79 0 50.01
    endloop
  endfacet
  facet normal -0.0652057 0 -0.997872
    outer loop
      vertex 2.79 12.85 50.01
      vertex 2.5681 0 50.0245
      vertex 2.5681 12.85 50.0245
    endloop
  endfacet
  facet normal -0.751863 0 -0.659319
    outer loop
      vertex 1.58792 0 50.5079
      vertex 1.4413 12.85 50.6751
      vertex 1.58792 12.85 50.5079
    endloop
  endfacet
  facet normal -0.751863 -0 -0.659319
    outer loop
      vertex 1.4413 12.85 50.6751
      vertex 1.58792 0 50.5079
      vertex 1.4413 0 50.6751
    endloop
  endfacet
  facet normal 0.946943 0 -0.321403
    outer loop
      vertex 4.43207 0 51.27
      vertex 4.36059 12.85 51.0594
      vertex 4.43207 12.85 51.27
    endloop
  endfacet
  facet normal 0.946943 0 -0.321403
    outer loop
      vertex 4.36059 12.85 51.0594
      vertex 4.43207 0 51.27
      vertex 4.36059 0 51.0594
    endloop
  endfacet
  facet normal 0.946943 -0 0.321403
    outer loop
      vertex 4.36059 0 52.3606
      vertex 4.43207 12.85 52.15
      vertex 4.36059 12.85 52.3606
    endloop
  endfacet
  facet normal 0.946943 0 0.321403
    outer loop
      vertex 4.43207 12.85 52.15
      vertex 4.36059 0 52.3606
      vertex 4.43207 0 52.15
    endloop
  endfacet
  facet normal 0.896843 0 -0.442349
    outer loop
      vertex 4.36059 0 51.0594
      vertex 4.26224 12.85 50.86
      vertex 4.36059 12.85 51.0594
    endloop
  endfacet
  facet normal 0.896843 0 -0.442349
    outer loop
      vertex 4.26224 12.85 50.86
      vertex 4.36059 0 51.0594
      vertex 4.26224 0 50.86
    endloop
  endfacet
  facet normal -0.659291 0 0.751888
    outer loop
      vertex 1.58792 12.85 52.9121
      vertex 1.75511 0 53.0587
      vertex 1.75511 12.85 53.0587
    endloop
  endfacet
  facet normal -0.659291 0 0.751888
    outer loop
      vertex 1.75511 0 53.0587
      vertex 1.58792 12.85 52.9121
      vertex 1.58792 0 52.9121
    endloop
  endfacet
  facet normal -0.831483 0 -0.555551
    outer loop
      vertex 1.4413 0 50.6751
      vertex 1.31776 12.85 50.86
      vertex 1.4413 12.85 50.6751
    endloop
  endfacet
  facet normal -0.831483 -0 -0.555551
    outer loop
      vertex 1.31776 12.85 50.86
      vertex 1.4413 0 50.6751
      vertex 1.31776 0 50.86
    endloop
  endfacet
  facet normal -0.321525 0 -0.946901
    outer loop
      vertex 2.13944 0 50.1394
      vertex 2.35001 12.85 50.0679
      vertex 2.35001 0 50.0679
    endloop
  endfacet
  facet normal -0.321525 0 -0.946901
    outer loop
      vertex 2.35001 12.85 50.0679
      vertex 2.13944 0 50.1394
      vertex 2.13944 12.85 50.1394
    endloop
  endfacet
  facet normal -0.980779 0 -0.195122
    outer loop
      vertex 1.14793 0 51.27
      vertex 1.10454 12.85 51.4881
      vertex 1.14793 12.85 51.27
    endloop
  endfacet
  facet normal -0.980779 -0 -0.195122
    outer loop
      vertex 1.10454 12.85 51.4881
      vertex 1.14793 0 51.27
      vertex 1.10454 0 51.4881
    endloop
  endfacet
  facet normal -0.321525 0 0.946901
    outer loop
      vertex 2.13944 12.85 53.2806
      vertex 2.35001 0 53.3521
      vertex 2.35001 12.85 53.3521
    endloop
  endfacet
  facet normal -0.321525 0 0.946901
    outer loop
      vertex 2.35001 0 53.3521
      vertex 2.13944 12.85 53.2806
      vertex 2.13944 0 53.2806
    endloop
  endfacet
  facet normal 0.896843 -0 0.442349
    outer loop
      vertex 4.26224 0 52.56
      vertex 4.36059 12.85 52.3606
      vertex 4.26224 12.85 52.56
    endloop
  endfacet
  facet normal 0.896843 0 0.442349
    outer loop
      vertex 4.36059 12.85 52.3606
      vertex 4.26224 0 52.56
      vertex 4.36059 0 52.3606
    endloop
  endfacet
  facet normal 0.195165 0 0.98077
    outer loop
      vertex 3.01189 12.85 53.3955
      vertex 3.22999 0 53.3521
      vertex 3.22999 12.85 53.3521
    endloop
  endfacet
  facet normal 0.195165 0 0.98077
    outer loop
      vertex 3.22999 0 53.3521
      vertex 3.01189 12.85 53.3955
      vertex 3.01189 0 53.3955
    endloop
  endfacet
  facet normal -0.99786 0 0.0653848
    outer loop
      vertex 1.09 0 51.71
      vertex 1.10454 12.85 51.9319
      vertex 1.09 12.85 51.71
    endloop
  endfacet
  facet normal -0.99786 0 0.0653848
    outer loop
      vertex 1.10454 12.85 51.9319
      vertex 1.09 0 51.71
      vertex 1.10454 0 51.9319
    endloop
  endfacet
  facet normal 0.751863 -0 0.659319
    outer loop
      vertex 3.99208 0 52.9121
      vertex 4.1387 12.85 52.7449
      vertex 3.99208 12.85 52.9121
    endloop
  endfacet
  facet normal 0.751863 0 0.659319
    outer loop
      vertex 4.1387 12.85 52.7449
      vertex 3.99208 0 52.9121
      vertex 4.1387 0 52.7449
    endloop
  endfacet
  facet normal 0.751863 0 -0.659319
    outer loop
      vertex 4.1387 0 50.6751
      vertex 3.99208 12.85 50.5079
      vertex 4.1387 12.85 50.6751
    endloop
  endfacet
  facet normal 0.751863 0 -0.659319
    outer loop
      vertex 3.99208 12.85 50.5079
      vertex 4.1387 0 50.6751
      vertex 3.99208 0 50.5079
    endloop
  endfacet
  facet normal 0.980779 0 -0.195122
    outer loop
      vertex 4.47546 0 51.4881
      vertex 4.43207 12.85 51.27
      vertex 4.47546 12.85 51.4881
    endloop
  endfacet
  facet normal 0.980779 0 -0.195122
    outer loop
      vertex 4.43207 12.85 51.27
      vertex 4.47546 0 51.4881
      vertex 4.43207 0 51.27
    endloop
  endfacet
  facet normal 0.195165 0 -0.98077
    outer loop
      vertex 3.01189 0 50.0245
      vertex 3.22999 12.85 50.0679
      vertex 3.22999 0 50.0679
    endloop
  endfacet
  facet normal 0.195165 0 -0.98077
    outer loop
      vertex 3.22999 12.85 50.0679
      vertex 3.01189 0 50.0245
      vertex 3.01189 12.85 50.0245
    endloop
  endfacet
  facet normal 0.831483 -0 0.555551
    outer loop
      vertex 4.1387 0 52.7449
      vertex 4.26224 12.85 52.56
      vertex 4.1387 12.85 52.7449
    endloop
  endfacet
  facet normal 0.831483 0 0.555551
    outer loop
      vertex 4.26224 12.85 52.56
      vertex 4.1387 0 52.7449
      vertex 4.26224 0 52.56
    endloop
  endfacet
  facet normal -0.555447 0 -0.831552
    outer loop
      vertex 1.75511 0 50.3613
      vertex 1.94 12.85 50.2378
      vertex 1.94 0 50.2378
    endloop
  endfacet
  facet normal -0.555447 0 -0.831552
    outer loop
      vertex 1.94 12.85 50.2378
      vertex 1.75511 0 50.3613
      vertex 1.75511 12.85 50.3613
    endloop
  endfacet
  facet normal 0.555447 0 0.831552
    outer loop
      vertex 3.64 12.85 53.1822
      vertex 3.82489 0 53.0587
      vertex 3.82489 12.85 53.0587
    endloop
  endfacet
  facet normal 0.555447 0 0.831552
    outer loop
      vertex 3.82489 0 53.0587
      vertex 3.64 12.85 53.1822
      vertex 3.64 0 53.1822
    endloop
  endfacet
  facet normal -0.831483 0 0.555551
    outer loop
      vertex 1.31776 0 52.56
      vertex 1.4413 12.85 52.7449
      vertex 1.31776 12.85 52.56
    endloop
  endfacet
  facet normal -0.831483 0 0.555551
    outer loop
      vertex 1.4413 12.85 52.7449
      vertex 1.31776 0 52.56
      vertex 1.4413 0 52.7449
    endloop
  endfacet
  facet normal 0.659291 0 0.751888
    outer loop
      vertex 3.82489 12.85 53.0587
      vertex 3.99208 0 52.9121
      vertex 3.99208 12.85 52.9121
    endloop
  endfacet
  facet normal 0.659291 0 0.751888
    outer loop
      vertex 3.99208 0 52.9121
      vertex 3.82489 12.85 53.0587
      vertex 3.82489 0 53.0587
    endloop
  endfacet
  facet normal -0.751863 0 0.659319
    outer loop
      vertex 1.4413 0 52.7449
      vertex 1.58792 12.85 52.9121
      vertex 1.4413 12.85 52.7449
    endloop
  endfacet
  facet normal -0.751863 0 0.659319
    outer loop
      vertex 1.58792 12.85 52.9121
      vertex 1.4413 0 52.7449
      vertex 1.58792 0 52.9121
    endloop
  endfacet
  facet normal 0.0652086 0 0.997872
    outer loop
      vertex 2.79 12.85 53.41
      vertex 3.01189 0 53.3955
      vertex 3.01189 12.85 53.3955
    endloop
  endfacet
  facet normal 0.0652086 0 0.997872
    outer loop
      vertex 3.01189 0 53.3955
      vertex 2.79 12.85 53.41
      vertex 2.79 0 53.41
    endloop
  endfacet
  facet normal 0.659291 0 -0.751888
    outer loop
      vertex 3.82489 0 50.3613
      vertex 3.99208 12.85 50.5079
      vertex 3.99208 0 50.5079
    endloop
  endfacet
  facet normal 0.659291 0 -0.751888
    outer loop
      vertex 3.99208 12.85 50.5079
      vertex 3.82489 0 50.3613
      vertex 3.82489 12.85 50.3613
    endloop
  endfacet
  facet normal 0.442459 0 -0.896789
    outer loop
      vertex 3.44056 0 50.1394
      vertex 3.64 12.85 50.2378
      vertex 3.64 0 50.2378
    endloop
  endfacet
  facet normal 0.442459 0 -0.896789
    outer loop
      vertex 3.64 12.85 50.2378
      vertex 3.44056 0 50.1394
      vertex 3.44056 12.85 50.1394
    endloop
  endfacet
  facet normal -0.980779 0 0.195122
    outer loop
      vertex 1.10454 0 51.9319
      vertex 1.14793 12.85 52.15
      vertex 1.10454 12.85 51.9319
    endloop
  endfacet
  facet normal -0.980779 0 0.195122
    outer loop
      vertex 1.14793 12.85 52.15
      vertex 1.10454 0 51.9319
      vertex 1.14793 0 52.15
    endloop
  endfacet
  facet normal 0.99786 0 -0.0653848
    outer loop
      vertex 4.49 0 51.71
      vertex 4.47546 12.85 51.4881
      vertex 4.49 12.85 51.71
    endloop
  endfacet
  facet normal 0.99786 0 -0.0653848
    outer loop
      vertex 4.47546 12.85 51.4881
      vertex 4.49 0 51.71
      vertex 4.47546 0 51.4881
    endloop
  endfacet
  facet normal -0.442459 0 -0.896789
    outer loop
      vertex 1.94 0 50.2378
      vertex 2.13944 12.85 50.1394
      vertex 2.13944 0 50.1394
    endloop
  endfacet
  facet normal -0.442459 0 -0.896789
    outer loop
      vertex 2.13944 12.85 50.1394
      vertex 1.94 0 50.2378
      vertex 1.94 12.85 50.2378
    endloop
  endfacet
  facet normal -0.946956 0 0.321363
    outer loop
      vertex 1.14793 0 52.15
      vertex 1.2194 12.85 52.3606
      vertex 1.14793 12.85 52.15
    endloop
  endfacet
  facet normal -0.946956 0 0.321363
    outer loop
      vertex 1.2194 12.85 52.3606
      vertex 1.14793 0 52.15
      vertex 1.2194 0 52.3606
    endloop
  endfacet
  facet normal 0.442459 0 0.896789
    outer loop
      vertex 3.44056 12.85 53.2806
      vertex 3.64 0 53.1822
      vertex 3.64 12.85 53.1822
    endloop
  endfacet
  facet normal 0.442459 0 0.896789
    outer loop
      vertex 3.64 0 53.1822
      vertex 3.44056 12.85 53.2806
      vertex 3.44056 0 53.2806
    endloop
  endfacet
  facet normal -0.99786 0 -0.0653848
    outer loop
      vertex 1.10454 0 51.4881
      vertex 1.09 12.85 51.71
      vertex 1.10454 12.85 51.4881
    endloop
  endfacet
  facet normal -0.99786 -0 -0.0653848
    outer loop
      vertex 1.09 12.85 51.71
      vertex 1.10454 0 51.4881
      vertex 1.09 0 51.71
    endloop
  endfacet
  facet normal -0.195173 0 0.980769
    outer loop
      vertex 2.35001 12.85 53.3521
      vertex 2.5681 0 53.3955
      vertex 2.5681 12.85 53.3955
    endloop
  endfacet
  facet normal -0.195173 0 0.980769
    outer loop
      vertex 2.5681 0 53.3955
      vertex 2.35001 12.85 53.3521
      vertex 2.35001 0 53.3521
    endloop
  endfacet
  facet normal -0.659291 0 -0.751888
    outer loop
      vertex 1.58792 0 50.5079
      vertex 1.75511 12.85 50.3613
      vertex 1.75511 0 50.3613
    endloop
  endfacet
  facet normal -0.659291 0 -0.751888
    outer loop
      vertex 1.75511 12.85 50.3613
      vertex 1.58792 0 50.5079
      vertex 1.58792 12.85 50.5079
    endloop
  endfacet
  facet normal 0.555447 0 -0.831552
    outer loop
      vertex 3.64 0 50.2378
      vertex 3.82489 12.85 50.3613
      vertex 3.82489 0 50.3613
    endloop
  endfacet
  facet normal 0.555447 0 -0.831552
    outer loop
      vertex 3.82489 12.85 50.3613
      vertex 3.64 0 50.2378
      vertex 3.64 12.85 50.2378
    endloop
  endfacet
  facet normal 0.831483 0 -0.555551
    outer loop
      vertex 4.26224 0 50.86
      vertex 4.1387 12.85 50.6751
      vertex 4.26224 12.85 50.86
    endloop
  endfacet
  facet normal 0.831483 0 -0.555551
    outer loop
      vertex 4.1387 12.85 50.6751
      vertex 4.26224 0 50.86
      vertex 4.1387 0 50.6751
    endloop
  endfacet
  facet normal -0.0652057 0 0.997872
    outer loop
      vertex 2.5681 12.85 53.3955
      vertex 2.79 0 53.41
      vertex 2.79 12.85 53.41
    endloop
  endfacet
  facet normal -0.0652057 0 0.997872
    outer loop
      vertex 2.79 0 53.41
      vertex 2.5681 12.85 53.3955
      vertex 2.5681 0 53.3955
    endloop
  endfacet
  facet normal -0.946956 0 -0.321363
    outer loop
      vertex 1.2194 0 51.0594
      vertex 1.14793 12.85 51.27
      vertex 1.2194 12.85 51.0594
    endloop
  endfacet
  facet normal -0.946956 -0 -0.321363
    outer loop
      vertex 1.14793 12.85 51.27
      vertex 1.2194 0 51.0594
      vertex 1.14793 0 51.27
    endloop
  endfacet
  facet normal 0 1 0
    outer loop
      vertex 3.01189 12.85 53.3955
      vertex 2.5681 12.85 53.3955
      vertex 2.79 12.85 53.41
    endloop
  endfacet
  facet normal 0 1 0
    outer loop
      vertex 3.22999 12.85 53.3521
      vertex 2.5681 12.85 53.3955
      vertex 3.01189 12.85 53.3955
    endloop
  endfacet
  facet normal 0 1 0
    outer loop
      vertex 3.22999 12.85 53.3521
      vertex 2.35001 12.85 53.3521
      vertex 2.5681 12.85 53.3955
    endloop
  endfacet
  facet normal 0 1 0
    outer loop
      vertex 3.44056 12.85 53.2806
      vertex 2.35001 12.85 53.3521
      vertex 3.22999 12.85 53.3521
    endloop
  endfacet
  facet normal 0 1 0
    outer loop
      vertex 3.44056 12.85 53.2806
      vertex 2.13944 12.85 53.2806
      vertex 2.35001 12.85 53.3521
    endloop
  endfacet
  facet normal 0 1 0
    outer loop
      vertex 3.64 12.85 53.1822
      vertex 2.13944 12.85 53.2806
      vertex 3.44056 12.85 53.2806
    endloop
  endfacet
  facet normal 0 1 0
    outer loop
      vertex 3.64 12.85 53.1822
      vertex 1.94 12.85 53.1822
      vertex 2.13944 12.85 53.2806
    endloop
  endfacet
  facet normal 0 1 0
    outer loop
      vertex 3.82489 12.85 53.0587
      vertex 1.94 12.85 53.1822
      vertex 3.64 12.85 53.1822
    endloop
  endfacet
  facet normal 0 1 0
    outer loop
      vertex 3.82489 12.85 53.0587
      vertex 1.75511 12.85 53.0587
      vertex 1.94 12.85 53.1822
    endloop
  endfacet
  facet normal 0 1 0
    outer loop
      vertex 3.99208 12.85 52.9121
      vertex 1.75511 12.85 53.0587
      vertex 3.82489 12.85 53.0587
    endloop
  endfacet
  facet normal 0 1 0
    outer loop
      vertex 3.99208 12.85 52.9121
      vertex 1.58792 12.85 52.9121
      vertex 1.75511 12.85 53.0587
    endloop
  endfacet
  facet normal 0 1 0
    outer loop
      vertex 4.1387 12.85 52.7449
      vertex 1.58792 12.85 52.9121
      vertex 3.99208 12.85 52.9121
    endloop
  endfacet
  facet normal 0 1 0
    outer loop
      vertex 4.1387 12.85 52.7449
      vertex 1.4413 12.85 52.7449
      vertex 1.58792 12.85 52.9121
    endloop
  endfacet
  facet normal 0 1 0
    outer loop
      vertex 4.26224 12.85 52.56
      vertex 1.4413 12.85 52.7449
      vertex 4.1387 12.85 52.7449
    endloop
  endfacet
  facet normal 0 1 0
    outer loop
      vertex 4.26224 12.85 52.56
      vertex 1.31776 12.85 52.56
      vertex 1.4413 12.85 52.7449
    endloop
  endfacet
  facet normal 0 1 0
    outer loop
      vertex 4.36059 12.85 52.3606
      vertex 1.31776 12.85 52.56
      vertex 4.26224 12.85 52.56
    endloop
  endfacet
  facet normal 0 1 0
    outer loop
      vertex 4.36059 12.85 52.3606
      vertex 1.2194 12.85 52.3606
      vertex 1.31776 12.85 52.56
    endloop
  endfacet
  facet normal 0 1 0
    outer loop
      vertex 4.43207 12.85 52.15
      vertex 1.2194 12.85 52.3606
      vertex 4.36059 12.85 52.3606
    endloop
  endfacet
  facet normal 0 1 0
    outer loop
      vertex 4.43207 12.85 52.15
      vertex 1.14793 12.85 52.15
      vertex 1.2194 12.85 52.3606
    endloop
  endfacet
  facet normal 0 1 0
    outer loop
      vertex 4.47546 12.85 51.9319
      vertex 1.14793 12.85 52.15
      vertex 4.43207 12.85 52.15
    endloop
  endfacet
  facet normal 0 1 0
    outer loop
      vertex 4.47546 12.85 51.9319
      vertex 1.10454 12.85 51.9319
      vertex 1.14793 12.85 52.15
    endloop
  endfacet
  facet normal 0 1 0
    outer loop
      vertex 4.49 12.85 51.71
      vertex 1.10454 12.85 51.9319
      vertex 4.47546 12.85 51.9319
    endloop
  endfacet
  facet normal 0 1 0
    outer loop
      vertex 4.49 12.85 51.71
      vertex 1.09 12.85 51.71
      vertex 1.10454 12.85 51.9319
    endloop
  endfacet
  facet normal 0 1 -0
    outer loop
      vertex 4.47546 12.85 51.4881
      vertex 1.09 12.85 51.71
      vertex 4.49 12.85 51.71
    endloop
  endfacet
  facet normal 0 1 0
    outer loop
      vertex 4.47546 12.85 51.4881
      vertex 1.10454 12.85 51.4881
      vertex 1.09 12.85 51.71
    endloop
  endfacet
  facet normal 0 1 -0
    outer loop
      vertex 4.43207 12.85 51.27
      vertex 1.10454 12.85 51.4881
      vertex 4.47546 12.85 51.4881
    endloop
  endfacet
  facet normal 0 1 0
    outer loop
      vertex 4.43207 12.85 51.27
      vertex 1.14793 12.85 51.27
      vertex 1.10454 12.85 51.4881
    endloop
  endfacet
  facet normal 0 1 -0
    outer loop
      vertex 4.36059 12.85 51.0594
      vertex 1.14793 12.85 51.27
      vertex 4.43207 12.85 51.27
    endloop
  endfacet
  facet normal 0 1 0
    outer loop
      vertex 4.36059 12.85 51.0594
      vertex 1.2194 12.85 51.0594
      vertex 1.14793 12.85 51.27
    endloop
  endfacet
  facet normal 0 1 -0
    outer loop
      vertex 4.26224 12.85 50.86
      vertex 1.2194 12.85 51.0594
      vertex 4.36059 12.85 51.0594
    endloop
  endfacet
  facet normal 0 1 0
    outer loop
      vertex 4.26224 12.85 50.86
      vertex 1.31776 12.85 50.86
      vertex 1.2194 12.85 51.0594
    endloop
  endfacet
  facet normal 0 1 -0
    outer loop
      vertex 4.1387 12.85 50.6751
      vertex 1.31776 12.85 50.86
      vertex 4.26224 12.85 50.86
    endloop
  endfacet
  facet normal 0 1 0
    outer loop
      vertex 4.1387 12.85 50.6751
      vertex 1.4413 12.85 50.6751
      vertex 1.31776 12.85 50.86
    endloop
  endfacet
  facet normal 0 1 -0
    outer loop
      vertex 3.99208 12.85 50.5079
      vertex 1.4413 12.85 50.6751
      vertex 4.1387 12.85 50.6751
    endloop
  endfacet
  facet normal 0 1 0
    outer loop
      vertex 3.99208 12.85 50.5079
      vertex 1.58792 12.85 50.5079
      vertex 1.4413 12.85 50.6751
    endloop
  endfacet
  facet normal 0 1 -0
    outer loop
      vertex 3.82489 12.85 50.3613
      vertex 1.58792 12.85 50.5079
      vertex 3.99208 12.85 50.5079
    endloop
  endfacet
  facet normal 0 1 0
    outer loop
      vertex 3.82489 12.85 50.3613
      vertex 1.75511 12.85 50.3613
      vertex 1.58792 12.85 50.5079
    endloop
  endfacet
  facet normal 0 1 -0
    outer loop
      vertex 3.64 12.85 50.2378
      vertex 1.75511 12.85 50.3613
      vertex 3.82489 12.85 50.3613
    endloop
  endfacet
  facet normal 0 1 0
    outer loop
      vertex 3.64 12.85 50.2378
      vertex 1.94 12.85 50.2378
      vertex 1.75511 12.85 50.3613
    endloop
  endfacet
  facet normal 0 1 -0
    outer loop
      vertex 3.44056 12.85 50.1394
      vertex 1.94 12.85 50.2378
      vertex 3.64 12.85 50.2378
    endloop
  endfacet
  facet normal 0 1 0
    outer loop
      vertex 3.44056 12.85 50.1394
      vertex 2.13944 12.85 50.1394
      vertex 1.94 12.85 50.2378
    endloop
  endfacet
  facet normal 0 1 -0
    outer loop
      vertex 3.22999 12.85 50.0679
      vertex 2.13944 12.85 50.1394
      vertex 3.44056 12.85 50.1394
    endloop
  endfacet
  facet normal 0 1 0
    outer loop
      vertex 3.22999 12.85 50.0679
      vertex 2.35001 12.85 50.0679
      vertex 2.13944 12.85 50.1394
    endloop
  endfacet
  facet normal 0 1 -0
    outer loop
      vertex 3.01189 12.85 50.0245
      vertex 2.35001 12.85 50.0679
      vertex 3.22999 12.85 50.0679
    endloop
  endfacet
  facet normal 0 1 0
    outer loop
      vertex 3.01189 12.85 50.0245
      vertex 2.5681 12.85 50.0245
      vertex 2.35001 12.85 50.0679
    endloop
  endfacet
  facet normal -0 1 0
    outer loop
      vertex 2.5681 12.85 50.0245
      vertex 3.01189 12.85 50.0245
      vertex 2.79 12.85 50.01
    endloop
  endfacet
  facet normal -0.555447 0 0.831552
    outer loop
      vertex 1.75511 12.85 53.0587
      vertex 1.94 0 53.1822
      vertex 1.94 12.85 53.1822
    endloop
  endfacet
  facet normal -0.555447 0 0.831552
    outer loop
      vertex 1.94 0 53.1822
      vertex 1.75511 12.85 53.0587
      vertex 1.75511 0 53.0587
    endloop
  endfacet
  facet normal -0.896825 0 0.442386
    outer loop
      vertex 1.2194 0 52.3606
      vertex 1.31776 12.85 52.56
      vertex 1.2194 12.85 52.3606
    endloop
  endfacet
  facet normal -0.896825 0 0.442386
    outer loop
      vertex 1.31776 12.85 52.56
      vertex 1.2194 0 52.3606
      vertex 1.31776 0 52.56
    endloop
  endfacet
  facet normal -0.896789 0 -0.442459
    outer loop
      vertex -15.8622 0 6.75
      vertex -15.9606 12.85 6.94944
      vertex -15.8622 12.85 6.75
    endloop
  endfacet
  facet normal -0.896789 -0 -0.442459
    outer loop
      vertex -15.9606 12.85 6.94944
      vertex -15.8622 0 6.75
      vertex -15.9606 0 6.94944
    endloop
  endfacet
  facet normal 0.98077 -5.46404e-06 0.195165
    outer loop
      vertex -12.7479 12.85 8.03999
      vertex -12.74 2.5 8
      vertex -12.7045 12.85 7.82189
    endloop
  endfacet
  facet normal 0.98104 -0 0.193804
    outer loop
      vertex -12.7479 0 8.03999
      vertex -12.74 2.5 8
      vertex -12.7479 12.85 8.03999
    endloop
  endfacet
  facet normal 0.98104 0 0.193804
    outer loop
      vertex -12.74 2.5 8
      vertex -12.7479 0 8.03999
      vertex -12.74 0 8
    endloop
  endfacet
  facet normal 0.98071 0 0.19547
    outer loop
      vertex -12.7045 12.85 7.82189
      vertex -12.74 2.5 8
      vertex -12.7045 2.5 7.82189
    endloop
  endfacet
  facet normal 0.997872 -0 0.0652086
    outer loop
      vertex -12.7045 2.5 7.82189
      vertex -12.69 12.85 7.6
      vertex -12.7045 12.85 7.82189
    endloop
  endfacet
  facet normal 0.997872 0 0.0652086
    outer loop
      vertex -12.69 12.85 7.6
      vertex -12.7045 2.5 7.82189
      vertex -12.69 2.5 7.6
    endloop
  endfacet
  facet normal 0.0653848 0 0.99786
    outer loop
      vertex -14.39 12.85 9.3
      vertex -14.1681 0 9.28546
      vertex -14.1681 12.85 9.28546
    endloop
  endfacet
  facet normal 0.0653848 0 0.99786
    outer loop
      vertex -14.1681 0 9.28546
      vertex -14.39 12.85 9.3
      vertex -14.39 0 9.3
    endloop
  endfacet
  facet normal -0.0653848 0 0.99786
    outer loop
      vertex -14.6119 12.85 9.28546
      vertex -14.39 0 9.3
      vertex -14.39 12.85 9.3
    endloop
  endfacet
  facet normal -0.0653848 0 0.99786
    outer loop
      vertex -14.39 0 9.3
      vertex -14.6119 12.85 9.28546
      vertex -14.6119 0 9.28546
    endloop
  endfacet
  facet normal 0.659319 0 0.751863
    outer loop
      vertex -13.3551 12.85 8.9487
      vertex -13.1879 0 8.80208
      vertex -13.1879 12.85 8.80208
    endloop
  endfacet
  facet normal 0.659319 0 0.751863
    outer loop
      vertex -13.1879 0 8.80208
      vertex -13.3551 12.85 8.9487
      vertex -13.3551 0 8.9487
    endloop
  endfacet
  facet normal 0.98077 0 -0.195165
    outer loop
      vertex -12.7045 2.5 7.37811
      vertex -12.7479 12.85 7.16001
      vertex -12.7045 12.85 7.37811
    endloop
  endfacet
  facet normal 0.98077 0 -0.195165
    outer loop
      vertex -12.7479 12.85 7.16001
      vertex -12.7045 2.5 7.37811
      vertex -12.7479 2.5 7.16001
    endloop
  endfacet
  facet normal 0.751888 -0 0.659291
    outer loop
      vertex -13.1879 0 8.80208
      vertex -13.0413 12.85 8.63489
      vertex -13.1879 12.85 8.80208
    endloop
  endfacet
  facet normal 0.751888 0 0.659291
    outer loop
      vertex -13.0413 12.85 8.63489
      vertex -13.1879 0 8.80208
      vertex -13.0413 0 8.63489
    endloop
  endfacet
  facet normal 0.442386 0 -0.896825
    outer loop
      vertex -13.7394 2.5 6.0294
      vertex -13.54 12.85 6.12776
      vertex -13.54 2.5 6.12776
    endloop
  endfacet
  facet normal 0.442386 0 -0.896825
    outer loop
      vertex -13.54 12.85 6.12776
      vertex -13.7394 2.5 6.0294
      vertex -13.7394 12.85 6.0294
    endloop
  endfacet
  facet normal -0.555551 0 0.831483
    outer loop
      vertex -15.4249 12.85 8.9487
      vertex -15.24 0 9.07224
      vertex -15.24 12.85 9.07224
    endloop
  endfacet
  facet normal -0.555551 0 0.831483
    outer loop
      vertex -15.24 0 9.07224
      vertex -15.4249 12.85 8.9487
      vertex -15.4249 0 8.9487
    endloop
  endfacet
  facet normal 0.321363 0 0.946956
    outer loop
      vertex -13.95 12.85 9.24207
      vertex -13.7394 0 9.1706
      vertex -13.7394 12.85 9.1706
    endloop
  endfacet
  facet normal 0.321363 0 0.946956
    outer loop
      vertex -13.7394 0 9.1706
      vertex -13.95 12.85 9.24207
      vertex -13.95 0 9.24207
    endloop
  endfacet
  facet normal 0.946901 -0 0.321525
    outer loop
      vertex -12.8194 0 8.25056
      vertex -12.7479 12.85 8.03999
      vertex -12.8194 12.85 8.25056
    endloop
  endfacet
  facet normal 0.946901 0 0.321525
    outer loop
      vertex -12.7479 12.85 8.03999
      vertex -12.8194 0 8.25056
      vertex -12.7479 0 8.03999
    endloop
  endfacet
  facet normal -0.195122 0 -0.980779
    outer loop
      vertex -14.83 0 5.95793
      vertex -14.6119 12.85 5.91454
      vertex -14.6119 0 5.91454
    endloop
  endfacet
  facet normal -0.195122 0 -0.980779
    outer loop
      vertex -14.6119 12.85 5.91454
      vertex -14.83 0 5.95793
      vertex -14.83 12.85 5.95793
    endloop
  endfacet
  facet normal 0.751888 0 -0.659291
    outer loop
      vertex -13.0413 2.5 6.56511
      vertex -13.1879 12.85 6.39792
      vertex -13.0413 12.85 6.56511
    endloop
  endfacet
  facet normal 0.751888 0 -0.659291
    outer loop
      vertex -13.1879 12.85 6.39792
      vertex -13.0413 2.5 6.56511
      vertex -13.1879 2.5 6.39792
    endloop
  endfacet
  facet normal 0.195106 0 -0.980782
    outer loop
      vertex -14 0 5.94798
      vertex -14.1681 0 5.91454
      vertex -14 2.5 5.94798
    endloop
  endfacet
  facet normal 0.195173 0 -0.980769
    outer loop
      vertex -14 2.5 5.94798
      vertex -13.95 12.85 5.95793
      vertex -13.95 2.5 5.95793
    endloop
  endfacet
  facet normal 0.195106 0 -0.980782
    outer loop
      vertex -14.1681 12.85 5.91454
      vertex -14 2.5 5.94798
      vertex -14.1681 0 5.91454
    endloop
  endfacet
  facet normal 0.195122 2.58519e-07 -0.980779
    outer loop
      vertex -14 2.5 5.94798
      vertex -14.1681 12.85 5.91454
      vertex -13.95 12.85 5.95793
    endloop
  endfacet
  facet normal -0.751888 0 0.659291
    outer loop
      vertex -15.7387 0 8.63489
      vertex -15.5921 12.85 8.80208
      vertex -15.7387 12.85 8.63489
    endloop
  endfacet
  facet normal -0.751888 0 0.659291
    outer loop
      vertex -15.5921 12.85 8.80208
      vertex -15.7387 0 8.63489
      vertex -15.5921 0 8.80208
    endloop
  endfacet
  facet normal -0.321363 0 0.946956
    outer loop
      vertex -15.0406 12.85 9.1706
      vertex -14.83 0 9.24207
      vertex -14.83 12.85 9.24207
    endloop
  endfacet
  facet normal -0.321363 0 0.946956
    outer loop
      vertex -14.83 0 9.24207
      vertex -15.0406 12.85 9.1706
      vertex -15.0406 0 9.1706
    endloop
  endfacet
  facet normal -0.751888 0 -0.659291
    outer loop
      vertex -15.5921 0 6.39792
      vertex -15.7387 12.85 6.56511
      vertex -15.5921 12.85 6.39792
    endloop
  endfacet
  facet normal -0.751888 -0 -0.659291
    outer loop
      vertex -15.7387 12.85 6.56511
      vertex -15.5921 0 6.39792
      vertex -15.7387 0 6.56511
    endloop
  endfacet
  facet normal 0.442386 0 0.896825
    outer loop
      vertex -13.7394 12.85 9.1706
      vertex -13.54 0 9.07224
      vertex -13.54 12.85 9.07224
    endloop
  endfacet
  facet normal 0.442386 0 0.896825
    outer loop
      vertex -13.54 0 9.07224
      vertex -13.7394 12.85 9.1706
      vertex -13.7394 0 9.1706
    endloop
  endfacet
  facet normal 0.659319 0 -0.751863
    outer loop
      vertex -13.3551 2.5 6.2513
      vertex -13.1879 12.85 6.39792
      vertex -13.1879 2.5 6.39792
    endloop
  endfacet
  facet normal 0.659319 0 -0.751863
    outer loop
      vertex -13.1879 12.85 6.39792
      vertex -13.3551 2.5 6.2513
      vertex -13.3551 12.85 6.2513
    endloop
  endfacet
  facet normal 0.831552 -0 0.555447
    outer loop
      vertex -13.0413 0 8.63489
      vertex -12.9178 12.85 8.45
      vertex -13.0413 12.85 8.63489
    endloop
  endfacet
  facet normal 0.831552 0 0.555447
    outer loop
      vertex -12.9178 12.85 8.45
      vertex -13.0413 0 8.63489
      vertex -12.9178 0 8.45
    endloop
  endfacet
  facet normal 0.896789 0 -0.442459
    outer loop
      vertex -12.8194 2.5 6.94944
      vertex -12.9178 12.85 6.75
      vertex -12.8194 12.85 6.94944
    endloop
  endfacet
  facet normal 0.896789 0 -0.442459
    outer loop
      vertex -12.9178 12.85 6.75
      vertex -12.8194 2.5 6.94944
      vertex -12.9178 2.5 6.75
    endloop
  endfacet
  facet normal 0.997872 0 -0.0652086
    outer loop
      vertex -12.69 2.5 7.6
      vertex -12.7045 12.85 7.37811
      vertex -12.69 12.85 7.6
    endloop
  endfacet
  facet normal 0.997872 0 -0.0652086
    outer loop
      vertex -12.7045 12.85 7.37811
      vertex -12.69 2.5 7.6
      vertex -12.7045 2.5 7.37811
    endloop
  endfacet
  facet normal 0.831552 0 -0.555447
    outer loop
      vertex -12.9178 2.5 6.75
      vertex -13.0413 12.85 6.56511
      vertex -12.9178 12.85 6.75
    endloop
  endfacet
  facet normal 0.831552 0 -0.555447
    outer loop
      vertex -13.0413 12.85 6.56511
      vertex -12.9178 2.5 6.75
      vertex -13.0413 2.5 6.56511
    endloop
  endfacet
  facet normal 0.321363 0 -0.946956
    outer loop
      vertex -13.95 2.5 5.95793
      vertex -13.7394 12.85 6.0294
      vertex -13.7394 2.5 6.0294
    endloop
  endfacet
  facet normal 0.321363 0 -0.946956
    outer loop
      vertex -13.7394 12.85 6.0294
      vertex -13.95 2.5 5.95793
      vertex -13.95 12.85 5.95793
    endloop
  endfacet
  facet normal -0.831552 0 -0.555447
    outer loop
      vertex -15.7387 0 6.56511
      vertex -15.8622 12.85 6.75
      vertex -15.7387 12.85 6.56511
    endloop
  endfacet
  facet normal -0.831552 -0 -0.555447
    outer loop
      vertex -15.8622 12.85 6.75
      vertex -15.7387 0 6.56511
      vertex -15.8622 0 6.75
    endloop
  endfacet
  facet normal -0.555551 0 -0.831483
    outer loop
      vertex -15.4249 0 6.2513
      vertex -15.24 12.85 6.12776
      vertex -15.24 0 6.12776
    endloop
  endfacet
  facet normal -0.555551 0 -0.831483
    outer loop
      vertex -15.24 12.85 6.12776
      vertex -15.4249 0 6.2513
      vertex -15.4249 12.85 6.2513
    endloop
  endfacet
  facet normal -0.0653848 0 -0.99786
    outer loop
      vertex -14.6119 0 5.91454
      vertex -14.39 12.85 5.9
      vertex -14.39 0 5.9
    endloop
  endfacet
  facet normal -0.0653848 0 -0.99786
    outer loop
      vertex -14.39 12.85 5.9
      vertex -14.6119 0 5.91454
      vertex -14.6119 12.85 5.91454
    endloop
  endfacet
  facet normal -0.321363 0 -0.946956
    outer loop
      vertex -15.0406 0 6.0294
      vertex -14.83 12.85 5.95793
      vertex -14.83 0 5.95793
    endloop
  endfacet
  facet normal -0.321363 0 -0.946956
    outer loop
      vertex -14.83 12.85 5.95793
      vertex -15.0406 0 6.0294
      vertex -15.0406 12.85 6.0294
    endloop
  endfacet
  facet normal -0.195122 0 0.980779
    outer loop
      vertex -14.83 12.85 9.24207
      vertex -14.6119 0 9.28546
      vertex -14.6119 12.85 9.28546
    endloop
  endfacet
  facet normal -0.195122 0 0.980779
    outer loop
      vertex -14.6119 0 9.28546
      vertex -14.83 12.85 9.24207
      vertex -14.83 0 9.24207
    endloop
  endfacet
  facet normal -0.442386 0 0.896825
    outer loop
      vertex -15.24 12.85 9.07224
      vertex -15.0406 0 9.1706
      vertex -15.0406 12.85 9.1706
    endloop
  endfacet
  facet normal -0.442386 0 0.896825
    outer loop
      vertex -15.0406 0 9.1706
      vertex -15.24 12.85 9.07224
      vertex -15.24 0 9.07224
    endloop
  endfacet
  facet normal 0.896789 -0 0.442459
    outer loop
      vertex -12.9178 0 8.45
      vertex -12.8194 12.85 8.25056
      vertex -12.9178 12.85 8.45
    endloop
  endfacet
  facet normal 0.896789 0 0.442459
    outer loop
      vertex -12.8194 12.85 8.25056
      vertex -12.9178 0 8.45
      vertex -12.8194 0 8.25056
    endloop
  endfacet
  facet normal 0.555551 0 0.831483
    outer loop
      vertex -13.54 12.85 9.07224
      vertex -13.3551 0 8.9487
      vertex -13.3551 12.85 8.9487
    endloop
  endfacet
  facet normal 0.555551 0 0.831483
    outer loop
      vertex -13.3551 0 8.9487
      vertex -13.54 12.85 9.07224
      vertex -13.54 0 9.07224
    endloop
  endfacet
  facet normal 0.555551 0 -0.831483
    outer loop
      vertex -13.54 2.5 6.12776
      vertex -13.3551 12.85 6.2513
      vertex -13.3551 2.5 6.2513
    endloop
  endfacet
  facet normal 0.555551 0 -0.831483
    outer loop
      vertex -13.3551 12.85 6.2513
      vertex -13.54 2.5 6.12776
      vertex -13.54 12.85 6.12776
    endloop
  endfacet
  facet normal -0.831552 0 0.555447
    outer loop
      vertex -15.8622 0 8.45
      vertex -15.7387 12.85 8.63489
      vertex -15.8622 12.85 8.45
    endloop
  endfacet
  facet normal -0.831552 0 0.555447
    outer loop
      vertex -15.7387 12.85 8.63489
      vertex -15.8622 0 8.45
      vertex -15.7387 0 8.63489
    endloop
  endfacet
  facet normal 0.946901 0 -0.321525
    outer loop
      vertex -12.7479 2.5 7.16001
      vertex -12.8194 12.85 6.94944
      vertex -12.7479 12.85 7.16001
    endloop
  endfacet
  facet normal 0.946901 0 -0.321525
    outer loop
      vertex -12.8194 12.85 6.94944
      vertex -12.7479 2.5 7.16001
      vertex -12.8194 2.5 6.94944
    endloop
  endfacet
  facet normal 0.195122 0 0.980779
    outer loop
      vertex -14.1681 12.85 9.28546
      vertex -13.95 0 9.24207
      vertex -13.95 12.85 9.24207
    endloop
  endfacet
  facet normal 0.195122 0 0.980779
    outer loop
      vertex -13.95 0 9.24207
      vertex -14.1681 12.85 9.28546
      vertex -14.1681 0 9.28546
    endloop
  endfacet
  facet normal -0.997872 0 0.0652086
    outer loop
      vertex -16.09 0 7.6
      vertex -16.0755 12.85 7.82189
      vertex -16.09 12.85 7.6
    endloop
  endfacet
  facet normal -0.997872 0 0.0652086
    outer loop
      vertex -16.0755 12.85 7.82189
      vertex -16.09 0 7.6
      vertex -16.0755 0 7.82189
    endloop
  endfacet
  facet normal -0.997872 0 -0.0652086
    outer loop
      vertex -16.0755 0 7.37811
      vertex -16.09 12.85 7.6
      vertex -16.0755 12.85 7.37811
    endloop
  endfacet
  facet normal -0.997872 -0 -0.0652086
    outer loop
      vertex -16.09 12.85 7.6
      vertex -16.0755 0 7.37811
      vertex -16.09 0 7.6
    endloop
  endfacet
  facet normal -0.442386 0 -0.896825
    outer loop
      vertex -15.24 0 6.12776
      vertex -15.0406 12.85 6.0294
      vertex -15.0406 0 6.0294
    endloop
  endfacet
  facet normal -0.442386 0 -0.896825
    outer loop
      vertex -15.0406 12.85 6.0294
      vertex -15.24 0 6.12776
      vertex -15.24 12.85 6.12776
    endloop
  endfacet
  facet normal -0.659319 0 0.751863
    outer loop
      vertex -15.5921 12.85 8.80208
      vertex -15.4249 0 8.9487
      vertex -15.4249 12.85 8.9487
    endloop
  endfacet
  facet normal -0.659319 0 0.751863
    outer loop
      vertex -15.4249 0 8.9487
      vertex -15.5921 12.85 8.80208
      vertex -15.5921 0 8.80208
    endloop
  endfacet
  facet normal -0.946901 0 -0.321525
    outer loop
      vertex -15.9606 0 6.94944
      vertex -16.0321 12.85 7.16001
      vertex -15.9606 12.85 6.94944
    endloop
  endfacet
  facet normal -0.946901 -0 -0.321525
    outer loop
      vertex -16.0321 12.85 7.16001
      vertex -15.9606 0 6.94944
      vertex -16.0321 0 7.16001
    endloop
  endfacet
  facet normal -0.98077 0 -0.195165
    outer loop
      vertex -16.0321 0 7.16001
      vertex -16.0755 12.85 7.37811
      vertex -16.0321 12.85 7.16001
    endloop
  endfacet
  facet normal -0.98077 -0 -0.195165
    outer loop
      vertex -16.0755 12.85 7.37811
      vertex -16.0321 0 7.16001
      vertex -16.0755 0 7.37811
    endloop
  endfacet
  facet normal 0.0653848 0 -0.99786
    outer loop
      vertex -14.39 0 5.9
      vertex -14.1681 12.85 5.91454
      vertex -14.1681 0 5.91454
    endloop
  endfacet
  facet normal 0.0653848 0 -0.99786
    outer loop
      vertex -14.1681 12.85 5.91454
      vertex -14.39 0 5.9
      vertex -14.39 12.85 5.9
    endloop
  endfacet
  facet normal -0.946901 0 0.321525
    outer loop
      vertex -16.0321 0 8.03999
      vertex -15.9606 12.85 8.25056
      vertex -16.0321 12.85 8.03999
    endloop
  endfacet
  facet normal -0.946901 0 0.321525
    outer loop
      vertex -15.9606 12.85 8.25056
      vertex -16.0321 0 8.03999
      vertex -15.9606 0 8.25056
    endloop
  endfacet
  facet normal -0.98077 0 0.195165
    outer loop
      vertex -16.0755 0 7.82189
      vertex -16.0321 12.85 8.03999
      vertex -16.0755 12.85 7.82189
    endloop
  endfacet
  facet normal -0.98077 0 0.195165
    outer loop
      vertex -16.0321 12.85 8.03999
      vertex -16.0755 0 7.82189
      vertex -16.0321 0 8.03999
    endloop
  endfacet
  facet normal -0.659319 0 -0.751863
    outer loop
      vertex -15.5921 0 6.39792
      vertex -15.4249 12.85 6.2513
      vertex -15.4249 0 6.2513
    endloop
  endfacet
  facet normal -0.659319 0 -0.751863
    outer loop
      vertex -15.4249 12.85 6.2513
      vertex -15.5921 0 6.39792
      vertex -15.5921 12.85 6.39792
    endloop
  endfacet
  facet normal -0.896789 0 0.442459
    outer loop
      vertex -15.9606 0 8.25056
      vertex -15.8622 12.85 8.45
      vertex -15.9606 12.85 8.25056
    endloop
  endfacet
  facet normal -0.896789 0 0.442459
    outer loop
      vertex -15.8622 12.85 8.45
      vertex -15.9606 0 8.25056
      vertex -15.8622 0 8.45
    endloop
  endfacet
  facet normal 0 1 0
    outer loop
      vertex -14.1681 12.85 9.28546
      vertex -14.6119 12.85 9.28546
      vertex -14.39 12.85 9.3
    endloop
  endfacet
  facet normal 0 1 0
    outer loop
      vertex -13.95 12.85 9.24207
      vertex -14.6119 12.85 9.28546
      vertex -14.1681 12.85 9.28546
    endloop
  endfacet
  facet normal 0 1 0
    outer loop
      vertex -13.95 12.85 9.24207
      vertex -14.83 12.85 9.24207
      vertex -14.6119 12.85 9.28546
    endloop
  endfacet
  facet normal 0 1 0
    outer loop
      vertex -13.7394 12.85 9.1706
      vertex -14.83 12.85 9.24207
      vertex -13.95 12.85 9.24207
    endloop
  endfacet
  facet normal 0 1 0
    outer loop
      vertex -13.7394 12.85 9.1706
      vertex -15.0406 12.85 9.1706
      vertex -14.83 12.85 9.24207
    endloop
  endfacet
  facet normal 0 1 0
    outer loop
      vertex -13.54 12.85 9.07224
      vertex -15.0406 12.85 9.1706
      vertex -13.7394 12.85 9.1706
    endloop
  endfacet
  facet normal 0 1 0
    outer loop
      vertex -13.54 12.85 9.07224
      vertex -15.24 12.85 9.07224
      vertex -15.0406 12.85 9.1706
    endloop
  endfacet
  facet normal 0 1 0
    outer loop
      vertex -13.3551 12.85 8.9487
      vertex -15.24 12.85 9.07224
      vertex -13.54 12.85 9.07224
    endloop
  endfacet
  facet normal 0 1 0
    outer loop
      vertex -13.3551 12.85 8.9487
      vertex -15.4249 12.85 8.9487
      vertex -15.24 12.85 9.07224
    endloop
  endfacet
  facet normal 0 1 0
    outer loop
      vertex -13.1879 12.85 8.80208
      vertex -15.4249 12.85 8.9487
      vertex -13.3551 12.85 8.9487
    endloop
  endfacet
  facet normal 0 1 0
    outer loop
      vertex -13.1879 12.85 8.80208
      vertex -15.5921 12.85 8.80208
      vertex -15.4249 12.85 8.9487
    endloop
  endfacet
  facet normal 0 1 0
    outer loop
      vertex -13.0413 12.85 8.63489
      vertex -15.5921 12.85 8.80208
      vertex -13.1879 12.85 8.80208
    endloop
  endfacet
  facet normal 0 1 0
    outer loop
      vertex -13.0413 12.85 8.63489
      vertex -15.7387 12.85 8.63489
      vertex -15.5921 12.85 8.80208
    endloop
  endfacet
  facet normal 0 1 0
    outer loop
      vertex -12.9178 12.85 8.45
      vertex -15.7387 12.85 8.63489
      vertex -13.0413 12.85 8.63489
    endloop
  endfacet
  facet normal 0 1 0
    outer loop
      vertex -12.9178 12.85 8.45
      vertex -15.8622 12.85 8.45
      vertex -15.7387 12.85 8.63489
    endloop
  endfacet
  facet normal 0 1 0
    outer loop
      vertex -12.8194 12.85 8.25056
      vertex -15.8622 12.85 8.45
      vertex -12.9178 12.85 8.45
    endloop
  endfacet
  facet normal 0 1 0
    outer loop
      vertex -12.8194 12.85 8.25056
      vertex -15.9606 12.85 8.25056
      vertex -15.8622 12.85 8.45
    endloop
  endfacet
  facet normal 0 1 0
    outer loop
      vertex -12.7479 12.85 8.03999
      vertex -15.9606 12.85 8.25056
      vertex -12.8194 12.85 8.25056
    endloop
  endfacet
  facet normal 0 1 0
    outer loop
      vertex -12.7479 12.85 8.03999
      vertex -16.0321 12.85 8.03999
      vertex -15.9606 12.85 8.25056
    endloop
  endfacet
  facet normal 0 1 0
    outer loop
      vertex -12.7045 12.85 7.82189
      vertex -16.0321 12.85 8.03999
      vertex -12.7479 12.85 8.03999
    endloop
  endfacet
  facet normal 0 1 0
    outer loop
      vertex -12.7045 12.85 7.82189
      vertex -16.0755 12.85 7.82189
      vertex -16.0321 12.85 8.03999
    endloop
  endfacet
  facet normal 0 1 0
    outer loop
      vertex -12.69 12.85 7.6
      vertex -16.0755 12.85 7.82189
      vertex -12.7045 12.85 7.82189
    endloop
  endfacet
  facet normal 0 1 0
    outer loop
      vertex -12.69 12.85 7.6
      vertex -16.09 12.85 7.6
      vertex -16.0755 12.85 7.82189
    endloop
  endfacet
  facet normal 0 1 -0
    outer loop
      vertex -12.7045 12.85 7.37811
      vertex -16.09 12.85 7.6
      vertex -12.69 12.85 7.6
    endloop
  endfacet
  facet normal 0 1 0
    outer loop
      vertex -12.7045 12.85 7.37811
      vertex -16.0755 12.85 7.37811
      vertex -16.09 12.85 7.6
    endloop
  endfacet
  facet normal 0 1 -0
    outer loop
      vertex -12.7479 12.85 7.16001
      vertex -16.0755 12.85 7.37811
      vertex -12.7045 12.85 7.37811
    endloop
  endfacet
  facet normal 0 1 0
    outer loop
      vertex -12.7479 12.85 7.16001
      vertex -16.0321 12.85 7.16001
      vertex -16.0755 12.85 7.37811
    endloop
  endfacet
  facet normal 0 1 -0
    outer loop
      vertex -12.8194 12.85 6.94944
      vertex -16.0321 12.85 7.16001
      vertex -12.7479 12.85 7.16001
    endloop
  endfacet
  facet normal 0 1 0
    outer loop
      vertex -12.8194 12.85 6.94944
      vertex -15.9606 12.85 6.94944
      vertex -16.0321 12.85 7.16001
    endloop
  endfacet
  facet normal 0 1 -0
    outer loop
      vertex -12.9178 12.85 6.75
      vertex -15.9606 12.85 6.94944
      vertex -12.8194 12.85 6.94944
    endloop
  endfacet
  facet normal 0 1 0
    outer loop
      vertex -12.9178 12.85 6.75
      vertex -15.8622 12.85 6.75
      vertex -15.9606 12.85 6.94944
    endloop
  endfacet
  facet normal 0 1 -0
    outer loop
      vertex -13.0413 12.85 6.56511
      vertex -15.8622 12.85 6.75
      vertex -12.9178 12.85 6.75
    endloop
  endfacet
  facet normal 0 1 0
    outer loop
      vertex -13.0413 12.85 6.56511
      vertex -15.7387 12.85 6.56511
      vertex -15.8622 12.85 6.75
    endloop
  endfacet
  facet normal 0 1 -0
    outer loop
      vertex -13.1879 12.85 6.39792
      vertex -15.7387 12.85 6.56511
      vertex -13.0413 12.85 6.56511
    endloop
  endfacet
  facet normal 0 1 0
    outer loop
      vertex -13.1879 12.85 6.39792
      vertex -15.5921 12.85 6.39792
      vertex -15.7387 12.85 6.56511
    endloop
  endfacet
  facet normal 0 1 -0
    outer loop
      vertex -13.3551 12.85 6.2513
      vertex -15.5921 12.85 6.39792
      vertex -13.1879 12.85 6.39792
    endloop
  endfacet
  facet normal 0 1 0
    outer loop
      vertex -13.3551 12.85 6.2513
      vertex -15.4249 12.85 6.2513
      vertex -15.5921 12.85 6.39792
    endloop
  endfacet
  facet normal 0 1 -0
    outer loop
      vertex -13.54 12.85 6.12776
      vertex -15.4249 12.85 6.2513
      vertex -13.3551 12.85 6.2513
    endloop
  endfacet
  facet normal 0 1 0
    outer loop
      vertex -13.54 12.85 6.12776
      vertex -15.24 12.85 6.12776
      vertex -15.4249 12.85 6.2513
    endloop
  endfacet
  facet normal 0 1 -0
    outer loop
      vertex -13.7394 12.85 6.0294
      vertex -15.24 12.85 6.12776
      vertex -13.54 12.85 6.12776
    endloop
  endfacet
  facet normal 0 1 0
    outer loop
      vertex -13.7394 12.85 6.0294
      vertex -15.0406 12.85 6.0294
      vertex -15.24 12.85 6.12776
    endloop
  endfacet
  facet normal 0 1 -0
    outer loop
      vertex -13.95 12.85 5.95793
      vertex -15.0406 12.85 6.0294
      vertex -13.7394 12.85 6.0294
    endloop
  endfacet
  facet normal 0 1 0
    outer loop
      vertex -13.95 12.85 5.95793
      vertex -14.83 12.85 5.95793
      vertex -15.0406 12.85 6.0294
    endloop
  endfacet
  facet normal 0 1 -0
    outer loop
      vertex -14.1681 12.85 5.91454
      vertex -14.83 12.85 5.95793
      vertex -13.95 12.85 5.95793
    endloop
  endfacet
  facet normal 0 1 0
    outer loop
      vertex -14.1681 12.85 5.91454
      vertex -14.6119 12.85 5.91454
      vertex -14.83 12.85 5.95793
    endloop
  endfacet
  facet normal -0 1 0
    outer loop
      vertex -14.6119 12.85 5.91454
      vertex -14.1681 12.85 5.91454
      vertex -14.39 12.85 5.9
    endloop
  endfacet
  facet normal 0.195113 0 -0.980781
    outer loop
      vertex 9.93189 0 9.01454
      vertex 10.15 12.85 9.05793
      vertex 10.15 0 9.05793
    endloop
  endfacet
  facet normal 0.195113 0 -0.980781
    outer loop
      vertex 10.15 12.85 9.05793
      vertex 9.93189 0 9.01454
      vertex 9.93189 12.85 9.01454
    endloop
  endfacet
  facet normal 0.98077 -0 0.195165
    outer loop
      vertex 11.3521 0 11.14
      vertex 11.3955 12.85 10.9219
      vertex 11.3521 12.85 11.14
    endloop
  endfacet
  facet normal 0.98077 0 0.195165
    outer loop
      vertex 11.3955 12.85 10.9219
      vertex 11.3521 0 11.14
      vertex 11.3955 0 10.9219
    endloop
  endfacet
  facet normal 0.997872 -0 0.0652057
    outer loop
      vertex 11.3955 0 10.9219
      vertex 11.41 12.85 10.7
      vertex 11.3955 12.85 10.9219
    endloop
  endfacet
  facet normal 0.997872 0 0.0652057
    outer loop
      vertex 11.41 12.85 10.7
      vertex 11.3955 0 10.9219
      vertex 11.41 0 10.7
    endloop
  endfacet
  facet normal 0.751869 0 -0.659313
    outer loop
      vertex 11.0587 0 9.6651
      vertex 10.9121 12.85 9.49792
      vertex 11.0587 12.85 9.6651
    endloop
  endfacet
  facet normal 0.751869 0 -0.659313
    outer loop
      vertex 10.9121 12.85 9.49792
      vertex 11.0587 0 9.6651
      vertex 10.9121 0 9.49792
    endloop
  endfacet
  facet normal 0.896754 0 -0.44253
    outer loop
      vertex 11.2806 0 10.0494
      vertex 11.1822 12.85 9.85
      vertex 11.2806 12.85 10.0494
    endloop
  endfacet
  facet normal 0.896754 0 -0.44253
    outer loop
      vertex 11.1822 12.85 9.85
      vertex 11.2806 0 10.0494
      vertex 11.1822 0 9.85
    endloop
  endfacet
  facet normal -0.896825 0 -0.442386
    outer loop
      vertex 8.23776 0 9.85
      vertex 8.1394 12.85 10.0494
      vertex 8.23776 12.85 9.85
    endloop
  endfacet
  facet normal -0.896825 -0 -0.442386
    outer loop
      vertex 8.1394 12.85 10.0494
      vertex 8.23776 0 9.85
      vertex 8.1394 0 10.0494
    endloop
  endfacet
  facet normal 0.946915 0 -0.321484
    outer loop
      vertex 11.3521 0 10.26
      vertex 11.2806 12.85 10.0494
      vertex 11.3521 12.85 10.26
    endloop
  endfacet
  facet normal 0.946915 0 -0.321484
    outer loop
      vertex 11.2806 12.85 10.0494
      vertex 11.3521 0 10.26
      vertex 11.2806 0 10.0494
    endloop
  endfacet
  facet normal 0.195156 0 0.980772
    outer loop
      vertex 9.93189 12.85 12.3855
      vertex 10.15 0 12.3421
      vertex 10.15 12.85 12.3421
    endloop
  endfacet
  facet normal 0.195156 0 0.980772
    outer loop
      vertex 10.15 0 12.3421
      vertex 9.93189 12.85 12.3855
      vertex 9.93189 0 12.3855
    endloop
  endfacet
  facet normal -0.896825 0 0.442386
    outer loop
      vertex 8.1394 0 11.3506
      vertex 8.23776 12.85 11.55
      vertex 8.1394 12.85 11.3506
    endloop
  endfacet
  facet normal -0.896825 0 0.442386
    outer loop
      vertex 8.23776 12.85 11.55
      vertex 8.1394 0 11.3506
      vertex 8.23776 0 11.55
    endloop
  endfacet
  facet normal 0.44253 0 0.896754
    outer loop
      vertex 10.3606 12.85 12.2706
      vertex 10.56 0 12.1722
      vertex 10.56 12.85 12.1722
    endloop
  endfacet
  facet normal 0.44253 0 0.896754
    outer loop
      vertex 10.56 0 12.1722
      vertex 10.3606 12.85 12.2706
      vertex 10.3606 0 12.2706
    endloop
  endfacet
  facet normal -0.442459 0 0.896789
    outer loop
      vertex 8.86 12.85 12.1722
      vertex 9.05944 0 12.2706
      vertex 9.05944 12.85 12.2706
    endloop
  endfacet
  facet normal -0.442459 0 0.896789
    outer loop
      vertex 9.05944 0 12.2706
      vertex 8.86 12.85 12.1722
      vertex 8.86 0 12.1722
    endloop
  endfacet
  facet normal -0.321525 0 0.946901
    outer loop
      vertex 9.05944 12.85 12.2706
      vertex 9.27001 0 12.3421
      vertex 9.27001 12.85 12.3421
    endloop
  endfacet
  facet normal -0.321525 0 0.946901
    outer loop
      vertex 9.27001 0 12.3421
      vertex 9.05944 12.85 12.2706
      vertex 9.05944 0 12.2706
    endloop
  endfacet
  facet normal 0.751908 -0 0.659268
    outer loop
      vertex 10.9121 0 11.9021
      vertex 11.0587 12.85 11.7349
      vertex 10.9121 12.85 11.9021
    endloop
  endfacet
  facet normal 0.751908 0 0.659268
    outer loop
      vertex 11.0587 12.85 11.7349
      vertex 10.9121 0 11.9021
      vertex 11.0587 0 11.7349
    endloop
  endfacet
  facet normal -0.0653848 0 -0.99786
    outer loop
      vertex 9.4881 0 9.01454
      vertex 9.71 12.85 9
      vertex 9.71 0 9
    endloop
  endfacet
  facet normal -0.0653848 0 -0.99786
    outer loop
      vertex 9.71 12.85 9
      vertex 9.4881 0 9.01454
      vertex 9.4881 12.85 9.01454
    endloop
  endfacet
  facet normal -0.980779 0 -0.195122
    outer loop
      vertex 8.06793 0 10.26
      vertex 8.02454 12.85 10.4781
      vertex 8.06793 12.85 10.26
    endloop
  endfacet
  facet normal -0.980779 -0 -0.195122
    outer loop
      vertex 8.02454 12.85 10.4781
      vertex 8.06793 0 10.26
      vertex 8.02454 0 10.4781
    endloop
  endfacet
  facet normal -0.831483 0 -0.555551
    outer loop
      vertex 8.3613 0 9.6651
      vertex 8.23776 12.85 9.85
      vertex 8.3613 12.85 9.6651
    endloop
  endfacet
  facet normal -0.831483 -0 -0.555551
    outer loop
      vertex 8.23776 12.85 9.85
      vertex 8.3613 0 9.6651
      vertex 8.23776 0 9.85
    endloop
  endfacet
  facet normal -0.195173 0 0.980769
    outer loop
      vertex 9.27001 12.85 12.3421
      vertex 9.4881 0 12.3855
      vertex 9.4881 12.85 12.3855
    endloop
  endfacet
  facet normal -0.195173 0 0.980769
    outer loop
      vertex 9.4881 0 12.3855
      vertex 9.27001 12.85 12.3421
      vertex 9.27001 0 12.3421
    endloop
  endfacet
  facet normal 0.946915 -0 0.321484
    outer loop
      vertex 11.2806 0 11.3506
      vertex 11.3521 12.85 11.14
      vertex 11.2806 12.85 11.3506
    endloop
  endfacet
  facet normal 0.946915 0 0.321484
    outer loop
      vertex 11.3521 12.85 11.14
      vertex 11.2806 0 11.3506
      vertex 11.3521 0 11.14
    endloop
  endfacet
  facet normal 0 1 0
    outer loop
      vertex 9.93189 12.85 12.3855
      vertex 9.4881 12.85 12.3855
      vertex 9.71 12.85 12.4
    endloop
  endfacet
  facet normal 0 1 0
    outer loop
      vertex 10.15 12.85 12.3421
      vertex 9.4881 12.85 12.3855
      vertex 9.93189 12.85 12.3855
    endloop
  endfacet
  facet normal 0 1 0
    outer loop
      vertex 10.15 12.85 12.3421
      vertex 9.27001 12.85 12.3421
      vertex 9.4881 12.85 12.3855
    endloop
  endfacet
  facet normal 0 1 0
    outer loop
      vertex 10.3606 12.85 12.2706
      vertex 9.27001 12.85 12.3421
      vertex 10.15 12.85 12.3421
    endloop
  endfacet
  facet normal 0 1 0
    outer loop
      vertex 10.3606 12.85 12.2706
      vertex 9.05944 12.85 12.2706
      vertex 9.27001 12.85 12.3421
    endloop
  endfacet
  facet normal 0 1 0
    outer loop
      vertex 10.56 12.85 12.1722
      vertex 9.05944 12.85 12.2706
      vertex 10.3606 12.85 12.2706
    endloop
  endfacet
  facet normal 0 1 0
    outer loop
      vertex 10.56 12.85 12.1722
      vertex 8.86 12.85 12.1722
      vertex 9.05944 12.85 12.2706
    endloop
  endfacet
  facet normal 0 1 0
    outer loop
      vertex 10.7449 12.85 12.0487
      vertex 8.86 12.85 12.1722
      vertex 10.56 12.85 12.1722
    endloop
  endfacet
  facet normal 0 1 0
    outer loop
      vertex 10.7449 12.85 12.0487
      vertex 8.67511 12.85 12.0487
      vertex 8.86 12.85 12.1722
    endloop
  endfacet
  facet normal 0 1 0
    outer loop
      vertex 10.9121 12.85 11.9021
      vertex 8.67511 12.85 12.0487
      vertex 10.7449 12.85 12.0487
    endloop
  endfacet
  facet normal 0 1 0
    outer loop
      vertex 10.9121 12.85 11.9021
      vertex 8.50792 12.85 11.9021
      vertex 8.67511 12.85 12.0487
    endloop
  endfacet
  facet normal 0 1 0
    outer loop
      vertex 11.0587 12.85 11.7349
      vertex 8.50792 12.85 11.9021
      vertex 10.9121 12.85 11.9021
    endloop
  endfacet
  facet normal 0 1 0
    outer loop
      vertex 11.0587 12.85 11.7349
      vertex 8.3613 12.85 11.7349
      vertex 8.50792 12.85 11.9021
    endloop
  endfacet
  facet normal 0 1 0
    outer loop
      vertex 11.1822 12.85 11.55
      vertex 8.3613 12.85 11.7349
      vertex 11.0587 12.85 11.7349
    endloop
  endfacet
  facet normal 0 1 0
    outer loop
      vertex 11.1822 12.85 11.55
      vertex 8.23776 12.85 11.55
      vertex 8.3613 12.85 11.7349
    endloop
  endfacet
  facet normal 0 1 0
    outer loop
      vertex 11.2806 12.85 11.3506
      vertex 8.23776 12.85 11.55
      vertex 11.1822 12.85 11.55
    endloop
  endfacet
  facet normal 0 1 0
    outer loop
      vertex 11.2806 12.85 11.3506
      vertex 8.1394 12.85 11.3506
      vertex 8.23776 12.85 11.55
    endloop
  endfacet
  facet normal 0 1 0
    outer loop
      vertex 11.3521 12.85 11.14
      vertex 8.1394 12.85 11.3506
      vertex 11.2806 12.85 11.3506
    endloop
  endfacet
  facet normal 0 1 0
    outer loop
      vertex 11.3521 12.85 11.14
      vertex 8.06793 12.85 11.14
      vertex 8.1394 12.85 11.3506
    endloop
  endfacet
  facet normal 0 1 0
    outer loop
      vertex 11.3955 12.85 10.9219
      vertex 8.06793 12.85 11.14
      vertex 11.3521 12.85 11.14
    endloop
  endfacet
  facet normal 0 1 0
    outer loop
      vertex 11.3955 12.85 10.9219
      vertex 8.02454 12.85 10.9219
      vertex 8.06793 12.85 11.14
    endloop
  endfacet
  facet normal 0 1 0
    outer loop
      vertex 11.41 12.85 10.7
      vertex 8.02454 12.85 10.9219
      vertex 11.3955 12.85 10.9219
    endloop
  endfacet
  facet normal 0 1 0
    outer loop
      vertex 11.41 12.85 10.7
      vertex 8.01 12.85 10.7
      vertex 8.02454 12.85 10.9219
    endloop
  endfacet
  facet normal 0 1 -0
    outer loop
      vertex 11.3955 12.85 10.4781
      vertex 8.01 12.85 10.7
      vertex 11.41 12.85 10.7
    endloop
  endfacet
  facet normal 0 1 0
    outer loop
      vertex 11.3955 12.85 10.4781
      vertex 8.02454 12.85 10.4781
      vertex 8.01 12.85 10.7
    endloop
  endfacet
  facet normal 0 1 -0
    outer loop
      vertex 11.3521 12.85 10.26
      vertex 8.02454 12.85 10.4781
      vertex 11.3955 12.85 10.4781
    endloop
  endfacet
  facet normal 0 1 0
    outer loop
      vertex 11.3521 12.85 10.26
      vertex 8.06793 12.85 10.26
      vertex 8.02454 12.85 10.4781
    endloop
  endfacet
  facet normal 0 1 -0
    outer loop
      vertex 11.2806 12.85 10.0494
      vertex 8.06793 12.85 10.26
      vertex 11.3521 12.85 10.26
    endloop
  endfacet
  facet normal 0 1 0
    outer loop
      vertex 11.2806 12.85 10.0494
      vertex 8.1394 12.85 10.0494
      vertex 8.06793 12.85 10.26
    endloop
  endfacet
  facet normal 0 1 -0
    outer loop
      vertex 11.1822 12.85 9.85
      vertex 8.1394 12.85 10.0494
      vertex 11.2806 12.85 10.0494
    endloop
  endfacet
  facet normal 0 1 0
    outer loop
      vertex 11.1822 12.85 9.85
      vertex 8.23776 12.85 9.85
      vertex 8.1394 12.85 10.0494
    endloop
  endfacet
  facet normal 0 1 -0
    outer loop
      vertex 11.0587 12.85 9.6651
      vertex 8.23776 12.85 9.85
      vertex 11.1822 12.85 9.85
    endloop
  endfacet
  facet normal 0 1 0
    outer loop
      vertex 11.0587 12.85 9.6651
      vertex 8.3613 12.85 9.6651
      vertex 8.23776 12.85 9.85
    endloop
  endfacet
  facet normal 0 1 -0
    outer loop
      vertex 10.9121 12.85 9.49792
      vertex 8.3613 12.85 9.6651
      vertex 11.0587 12.85 9.6651
    endloop
  endfacet
  facet normal 0 1 0
    outer loop
      vertex 10.9121 12.85 9.49792
      vertex 8.50792 12.85 9.49792
      vertex 8.3613 12.85 9.6651
    endloop
  endfacet
  facet normal 0 1 -0
    outer loop
      vertex 10.7449 12.85 9.3513
      vertex 8.50792 12.85 9.49792
      vertex 10.9121 12.85 9.49792
    endloop
  endfacet
  facet normal 0 1 0
    outer loop
      vertex 10.7449 12.85 9.3513
      vertex 8.67511 12.85 9.3513
      vertex 8.50792 12.85 9.49792
    endloop
  endfacet
  facet normal 0 1 -0
    outer loop
      vertex 10.56 12.85 9.22776
      vertex 8.67511 12.85 9.3513
      vertex 10.7449 12.85 9.3513
    endloop
  endfacet
  facet normal 0 1 0
    outer loop
      vertex 10.56 12.85 9.22776
      vertex 8.86 12.85 9.22776
      vertex 8.67511 12.85 9.3513
    endloop
  endfacet
  facet normal 0 1 -0
    outer loop
      vertex 10.3606 12.85 9.1294
      vertex 8.86 12.85 9.22776
      vertex 10.56 12.85 9.22776
    endloop
  endfacet
  facet normal 0 1 0
    outer loop
      vertex 10.3606 12.85 9.1294
      vertex 9.05944 12.85 9.1294
      vertex 8.86 12.85 9.22776
    endloop
  endfacet
  facet normal 0 1 -0
    outer loop
      vertex 10.15 12.85 9.05793
      vertex 9.05944 12.85 9.1294
      vertex 10.3606 12.85 9.1294
    endloop
  endfacet
  facet normal 0 1 0
    outer loop
      vertex 10.15 12.85 9.05793
      vertex 9.27001 12.85 9.05793
      vertex 9.05944 12.85 9.1294
    endloop
  endfacet
  facet normal 0 1 -0
    outer loop
      vertex 9.93189 12.85 9.01454
      vertex 9.27001 12.85 9.05793
      vertex 10.15 12.85 9.05793
    endloop
  endfacet
  facet normal 0 1 0
    outer loop
      vertex 9.93189 12.85 9.01454
      vertex 9.4881 12.85 9.01454
      vertex 9.27001 12.85 9.05793
    endloop
  endfacet
  facet normal -0 1 0
    outer loop
      vertex 9.4881 12.85 9.01454
      vertex 9.93189 12.85 9.01454
      vertex 9.71 12.85 9
    endloop
  endfacet
  facet normal 0.321484 0 0.946915
    outer loop
      vertex 10.15 12.85 12.3421
      vertex 10.3606 0 12.2706
      vertex 10.3606 12.85 12.2706
    endloop
  endfacet
  facet normal 0.321484 0 0.946915
    outer loop
      vertex 10.3606 0 12.2706
      vertex 10.15 12.85 12.3421
      vertex 10.15 0 12.3421
    endloop
  endfacet
  facet normal 0.555426 0 0.831566
    outer loop
      vertex 10.56 12.85 12.1722
      vertex 10.7449 0 12.0487
      vertex 10.7449 12.85 12.0487
    endloop
  endfacet
  facet normal 0.555426 0 0.831566
    outer loop
      vertex 10.7449 0 12.0487
      vertex 10.56 12.85 12.1722
      vertex 10.56 0 12.1722
    endloop
  endfacet
  facet normal -0.980779 0 0.195122
    outer loop
      vertex 8.02454 0 10.9219
      vertex 8.06793 12.85 11.14
      vertex 8.02454 12.85 10.9219
    endloop
  endfacet
  facet normal -0.980779 0 0.195122
    outer loop
      vertex 8.06793 12.85 11.14
      vertex 8.02454 0 10.9219
      vertex 8.06793 0 11.14
    endloop
  endfacet
  facet normal 0.831566 -0 0.555426
    outer loop
      vertex 11.0587 0 11.7349
      vertex 11.1822 12.85 11.55
      vertex 11.0587 12.85 11.7349
    endloop
  endfacet
  facet normal 0.831566 0 0.555426
    outer loop
      vertex 11.1822 12.85 11.55
      vertex 11.0587 0 11.7349
      vertex 11.1822 0 11.55
    endloop
  endfacet
  facet normal 0.98077 0 -0.195165
    outer loop
      vertex 11.3955 0 10.4781
      vertex 11.3521 12.85 10.26
      vertex 11.3955 12.85 10.4781
    endloop
  endfacet
  facet normal 0.98077 0 -0.195165
    outer loop
      vertex 11.3521 12.85 10.26
      vertex 11.3955 0 10.4781
      vertex 11.3521 0 10.26
    endloop
  endfacet
  facet normal 0.997872 0 -0.0652057
    outer loop
      vertex 11.41 0 10.7
      vertex 11.3955 12.85 10.4781
      vertex 11.41 12.85 10.7
    endloop
  endfacet
  facet normal 0.997872 0 -0.0652057
    outer loop
      vertex 11.3955 12.85 10.4781
      vertex 11.41 0 10.7
      vertex 11.3955 0 10.4781
    endloop
  endfacet
  facet normal -0.751863 0 0.659319
    outer loop
      vertex 8.3613 0 11.7349
      vertex 8.50792 12.85 11.9021
      vertex 8.3613 12.85 11.7349
    endloop
  endfacet
  facet normal -0.751863 0 0.659319
    outer loop
      vertex 8.50792 12.85 11.9021
      vertex 8.3613 0 11.7349
      vertex 8.50792 0 11.9021
    endloop
  endfacet
  facet normal -0.442314 0 -0.89686
    outer loop
      vertex 8.86 0 9.22776
      vertex 9.05944 12.85 9.1294
      vertex 9.05944 0 9.1294
    endloop
  endfacet
  facet normal -0.442314 0 -0.89686
    outer loop
      vertex 9.05944 12.85 9.1294
      vertex 8.86 0 9.22776
      vertex 8.86 12.85 9.22776
    endloop
  endfacet
  facet normal -0.659291 0 0.751888
    outer loop
      vertex 8.50792 12.85 11.9021
      vertex 8.67511 0 12.0487
      vertex 8.67511 12.85 12.0487
    endloop
  endfacet
  facet normal -0.659291 0 0.751888
    outer loop
      vertex 8.67511 0 12.0487
      vertex 8.50792 12.85 11.9021
      vertex 8.50792 0 11.9021
    endloop
  endfacet
  facet normal 0.0652086 0 0.997872
    outer loop
      vertex 9.71 12.85 12.4
      vertex 9.93189 0 12.3855
      vertex 9.93189 12.85 12.3855
    endloop
  endfacet
  facet normal 0.0652086 0 0.997872
    outer loop
      vertex 9.93189 0 12.3855
      vertex 9.71 12.85 12.4
      vertex 9.71 0 12.4
    endloop
  endfacet
  facet normal -0.99786 0 -0.0653848
    outer loop
      vertex 8.02454 0 10.4781
      vertex 8.01 12.85 10.7
      vertex 8.02454 12.85 10.4781
    endloop
  endfacet
  facet normal -0.99786 -0 -0.0653848
    outer loop
      vertex 8.01 12.85 10.7
      vertex 8.02454 0 10.4781
      vertex 8.01 0 10.7
    endloop
  endfacet
  facet normal 0.555551 0 -0.831483
    outer loop
      vertex 10.56 0 9.22776
      vertex 10.7449 12.85 9.3513
      vertex 10.7449 0 9.3513
    endloop
  endfacet
  facet normal 0.555551 0 -0.831483
    outer loop
      vertex 10.7449 12.85 9.3513
      vertex 10.56 0 9.22776
      vertex 10.56 12.85 9.22776
    endloop
  endfacet
  facet normal 0.831566 0 -0.555426
    outer loop
      vertex 11.1822 0 9.85
      vertex 11.0587 12.85 9.6651
      vertex 11.1822 12.85 9.85
    endloop
  endfacet
  facet normal 0.831566 0 -0.555426
    outer loop
      vertex 11.0587 12.85 9.6651
      vertex 11.1822 0 9.85
      vertex 11.0587 0 9.6651
    endloop
  endfacet
  facet normal 0.0653877 0 -0.99786
    outer loop
      vertex 9.71 0 9
      vertex 9.93189 12.85 9.01454
      vertex 9.93189 0 9.01454
    endloop
  endfacet
  facet normal 0.0653877 0 -0.99786
    outer loop
      vertex 9.93189 12.85 9.01454
      vertex 9.71 0 9
      vertex 9.71 12.85 9
    endloop
  endfacet
  facet normal 0.659268 0 0.751908
    outer loop
      vertex 10.7449 12.85 12.0487
      vertex 10.9121 0 11.9021
      vertex 10.9121 12.85 11.9021
    endloop
  endfacet
  facet normal 0.659268 0 0.751908
    outer loop
      vertex 10.9121 0 11.9021
      vertex 10.7449 12.85 12.0487
      vertex 10.7449 0 12.0487
    endloop
  endfacet
  facet normal -0.0652057 0 0.997872
    outer loop
      vertex 9.4881 12.85 12.3855
      vertex 9.71 0 12.4
      vertex 9.71 12.85 12.4
    endloop
  endfacet
  facet normal -0.0652057 0 0.997872
    outer loop
      vertex 9.71 0 12.4
      vertex 9.4881 12.85 12.3855
      vertex 9.4881 0 12.3855
    endloop
  endfacet
  facet normal 0.896754 -0 0.44253
    outer loop
      vertex 11.1822 0 11.55
      vertex 11.2806 12.85 11.3506
      vertex 11.1822 12.85 11.55
    endloop
  endfacet
  facet normal 0.896754 0 0.44253
    outer loop
      vertex 11.2806 12.85 11.3506
      vertex 11.1822 0 11.55
      vertex 11.2806 0 11.3506
    endloop
  endfacet
  facet normal -0.946956 0 -0.321363
    outer loop
      vertex 8.1394 0 10.0494
      vertex 8.06793 12.85 10.26
      vertex 8.1394 12.85 10.0494
    endloop
  endfacet
  facet normal -0.946956 -0 -0.321363
    outer loop
      vertex 8.06793 12.85 10.26
      vertex 8.1394 0 10.0494
      vertex 8.06793 0 10.26
    endloop
  endfacet
  facet normal -0.321404 0 -0.946942
    outer loop
      vertex 9.05944 0 9.1294
      vertex 9.27001 12.85 9.05793
      vertex 9.27001 0 9.05793
    endloop
  endfacet
  facet normal -0.321404 0 -0.946942
    outer loop
      vertex 9.27001 12.85 9.05793
      vertex 9.05944 0 9.1294
      vertex 9.05944 12.85 9.1294
    endloop
  endfacet
  facet normal -0.99786 0 0.0653848
    outer loop
      vertex 8.01 0 10.7
      vertex 8.02454 12.85 10.9219
      vertex 8.01 12.85 10.7
    endloop
  endfacet
  facet normal -0.99786 0 0.0653848
    outer loop
      vertex 8.02454 12.85 10.9219
      vertex 8.01 0 10.7
      vertex 8.02454 0 10.9219
    endloop
  endfacet
  facet normal 0.321363 0 -0.946956
    outer loop
      vertex 10.15 0 9.05793
      vertex 10.3606 12.85 9.1294
      vertex 10.3606 0 9.1294
    endloop
  endfacet
  facet normal 0.321363 0 -0.946956
    outer loop
      vertex 10.3606 12.85 9.1294
      vertex 10.15 0 9.05793
      vertex 10.15 12.85 9.05793
    endloop
  endfacet
  facet normal 0.442386 0 -0.896825
    outer loop
      vertex 10.3606 0 9.1294
      vertex 10.56 12.85 9.22776
      vertex 10.56 0 9.22776
    endloop
  endfacet
  facet normal 0.442386 0 -0.896825
    outer loop
      vertex 10.56 12.85 9.22776
      vertex 10.3606 0 9.1294
      vertex 10.3606 12.85 9.1294
    endloop
  endfacet
  facet normal 0.659319 0 -0.751863
    outer loop
      vertex 10.7449 0 9.3513
      vertex 10.9121 12.85 9.49792
      vertex 10.9121 0 9.49792
    endloop
  endfacet
  facet normal 0.659319 0 -0.751863
    outer loop
      vertex 10.9121 12.85 9.49792
      vertex 10.7449 0 9.3513
      vertex 10.7449 12.85 9.3513
    endloop
  endfacet
  facet normal -0.19513 0 -0.980777
    outer loop
      vertex 9.27001 0 9.05793
      vertex 9.4881 12.85 9.01454
      vertex 9.4881 0 9.01454
    endloop
  endfacet
  facet normal -0.19513 0 -0.980777
    outer loop
      vertex 9.4881 12.85 9.01454
      vertex 9.27001 0 9.05793
      vertex 9.27001 12.85 9.05793
    endloop
  endfacet
  facet normal -0.831483 0 0.555551
    outer loop
      vertex 8.23776 0 11.55
      vertex 8.3613 12.85 11.7349
      vertex 8.23776 12.85 11.55
    endloop
  endfacet
  facet normal -0.831483 0 0.555551
    outer loop
      vertex 8.3613 12.85 11.7349
      vertex 8.23776 0 11.55
      vertex 8.3613 0 11.7349
    endloop
  endfacet
  facet normal -0.946956 0 0.321363
    outer loop
      vertex 8.06793 0 11.14
      vertex 8.1394 12.85 11.3506
      vertex 8.06793 12.85 11.14
    endloop
  endfacet
  facet normal -0.946956 0 0.321363
    outer loop
      vertex 8.1394 12.85 11.3506
      vertex 8.06793 0 11.14
      vertex 8.1394 0 11.3506
    endloop
  endfacet
  facet normal -0.751824 0 -0.659364
    outer loop
      vertex 8.50792 0 9.49792
      vertex 8.3613 12.85 9.6651
      vertex 8.50792 12.85 9.49792
    endloop
  endfacet
  facet normal -0.751824 -0 -0.659364
    outer loop
      vertex 8.3613 12.85 9.6651
      vertex 8.50792 0 9.49792
      vertex 8.3613 0 9.6651
    endloop
  endfacet
  facet normal -0.659342 0 -0.751844
    outer loop
      vertex 8.50792 0 9.49792
      vertex 8.67511 12.85 9.3513
      vertex 8.67511 0 9.3513
    endloop
  endfacet
  facet normal -0.659342 0 -0.751844
    outer loop
      vertex 8.67511 12.85 9.3513
      vertex 8.50792 0 9.49792
      vertex 8.50792 12.85 9.49792
    endloop
  endfacet
  facet normal -0.555572 0 -0.831469
    outer loop
      vertex 8.67511 0 9.3513
      vertex 8.86 12.85 9.22776
      vertex 8.86 0 9.22776
    endloop
  endfacet
  facet normal -0.555572 0 -0.831469
    outer loop
      vertex 8.86 12.85 9.22776
      vertex 8.67511 0 9.3513
      vertex 8.67511 12.85 9.3513
    endloop
  endfacet
  facet normal -0.555447 0 0.831552
    outer loop
      vertex 8.67511 12.85 12.0487
      vertex 8.86 0 12.1722
      vertex 8.86 12.85 12.1722
    endloop
  endfacet
  facet normal -0.555447 0 0.831552
    outer loop
      vertex 8.86 0 12.1722
      vertex 8.67511 12.85 12.0487
      vertex 8.67511 0 12.0487
    endloop
  endfacet
  facet normal -1 0 0
    outer loop
      vertex -33.7 -2 3.7
      vertex -33.7 0 55.7
      vertex -33.7 0 3.7
    endloop
  endfacet
  facet normal -1 -0 0
    outer loop
      vertex -33.7 0 55.7
      vertex -33.7 -2 3.7
      vertex -33.7 -2 55.7
    endloop
  endfacet
  facet normal 0.0653945 0 -0.997859
    outer loop
      vertex 30 -2 2.86102e-06
      vertex 30.4829 0 0.0316496
      vertex 30.4829 -2 0.0316496
    endloop
  endfacet
  facet normal 0.0653945 0 -0.997859
    outer loop
      vertex 30.4829 0 0.0316496
      vertex 30 -2 2.86102e-06
      vertex 30 0 2.86102e-06
    endloop
  endfacet
  facet normal 0.946975 -0 0.321306
    outer loop
      vertex 33.4184 -2 57.1159
      vertex 33.5739 0 56.6576
      vertex 33.4184 0 57.1159
    endloop
  endfacet
  facet normal 0.946975 0 0.321306
    outer loop
      vertex 33.5739 0 56.6576
      vertex 33.4184 -2 57.1159
      vertex 33.5739 -2 56.6576
    endloop
  endfacet
  facet normal 0 -1 0
    outer loop
      vertex 30 -2 2.86102e-06
      vertex 33 -2 3
      vertex -2 -2 3
    endloop
  endfacet
  facet normal -0 -1 0
    outer loop
      vertex 30.4829 -2 0.0316496
      vertex 33 -2 3
      vertex 30 -2 2.86102e-06
    endloop
  endfacet
  facet normal 0 -1 0
    outer loop
      vertex 33 -2 3
      vertex 33.4184 -2 2.28408
      vertex 33.5739 -2 2.74237
    endloop
  endfacet
  facet normal 0 -1 0
    outer loop
      vertex 33 -2 3
      vertex 33.2043 -2 1.84999
      vertex 33.4184 -2 2.28408
    endloop
  endfacet
  facet normal 0 -1 -0
    outer loop
      vertex 33 -2 3
      vertex 32.9354 -2 1.44759
      vertex 33.2043 -2 1.84999
    endloop
  endfacet
  facet normal 0 -1 0
    outer loop
      vertex 33 -2 3
      vertex 32.6163 -2 1.0837
      vertex 32.9354 -2 1.44759
    endloop
  endfacet
  facet normal 0 -1 0
    outer loop
      vertex 33 -2 3
      vertex 32.2524 -2 0.76459
      vertex 32.6163 -2 1.0837
    endloop
  endfacet
  facet normal 0 -1 0
    outer loop
      vertex 33 -2 3
      vertex 31.85 -2 0.4957
      vertex 32.2524 -2 0.76459
    endloop
  endfacet
  facet normal 0 -1 0
    outer loop
      vertex 33 -2 3
      vertex 31.4159 -2 0.28165
      vertex 31.85 -2 0.4957
    endloop
  endfacet
  facet normal 0 -1 0
    outer loop
      vertex 33 -2 3
      vertex 30.9576 -2 0.126071
      vertex 31.4159 -2 0.28165
    endloop
  endfacet
  facet normal 0 -1 0
    outer loop
      vertex 30 -2 2.86102e-06
      vertex -2 -2 3
      vertex -2 -2 2.86102e-06
    endloop
  endfacet
  facet normal 0 -1 0
    outer loop
      vertex 33 -2 3
      vertex 30.4829 -2 0.0316496
      vertex 30.9576 -2 0.126071
    endloop
  endfacet
  facet normal 0 -1 0
    outer loop
      vertex 27.3953 -2 55
      vertex 27.435 -2 54.9734
      vertex 27.5 -2 55
    endloop
  endfacet
  facet normal 0 -1 -0
    outer loop
      vertex 32.9354 -2 57.9524
      vertex 28.1734 -2 54.235
      vertex 33.2043 -2 57.55
    endloop
  endfacet
  facet normal 0 -1 -0
    outer loop
      vertex 33.2043 -2 57.55
      vertex 28.1734 -2 54.235
      vertex 33.4184 -2 57.1159
    endloop
  endfacet
  facet normal 0 -1 -0
    outer loop
      vertex 33.4184 -2 57.1159
      vertex 28.1734 -2 54.235
      vertex 33.5739 -2 56.6576
    endloop
  endfacet
  facet normal 0 -1 0
    outer loop
      vertex 25 -2 55.8
      vertex 27.5 -2 56.1
      vertex -25 -2 55.8
    endloop
  endfacet
  facet normal 0 -1 0
    outer loop
      vertex 25.5221 -2 55.7658
      vertex 27.5 -2 56.1
      vertex 25 -2 55.8
    endloop
  endfacet
  facet normal 0 -1 0
    outer loop
      vertex 26.0353 -2 55.6637
      vertex 27.5 -2 56.1
      vertex 25.5221 -2 55.7658
    endloop
  endfacet
  facet normal 0 -1 0
    outer loop
      vertex 26.5307 -2 55.4955
      vertex 27.5 -2 56.1
      vertex 26.0353 -2 55.6637
    endloop
  endfacet
  facet normal 0 -1 0
    outer loop
      vertex 28.1734 -2 54.235
      vertex 27.5 -2 56.1
      vertex 27.5 -2 55.45
    endloop
  endfacet
  facet normal 0 -1 0
    outer loop
      vertex 26.623 -2 55.45
      vertex 27.5 -2 56.1
      vertex 26.5307 -2 55.4955
    endloop
  endfacet
  facet normal 0 -1 -0
    outer loop
      vertex 27.5 -2 56.1
      vertex 26.623 -2 55.45
      vertex 27.5 -2 55.45
    endloop
  endfacet
  facet normal 0 -1 -0
    outer loop
      vertex 33.5739 -2 56.6576
      vertex 28.1734 -2 54.235
      vertex 33.6684 -2 56.1829
    endloop
  endfacet
  facet normal 0 -1 0
    outer loop
      vertex 27.8284 -2 54.6284
      vertex 27.5 -2 55.45
      vertex 27.5 -2 55
    endloop
  endfacet
  facet normal 0 -1 0
    outer loop
      vertex 27.8284 -2 54.6284
      vertex 27.5 -2 55
      vertex 27.435 -2 54.9734
    endloop
  endfacet
  facet normal 0 -1 0
    outer loop
      vertex 28.1734 -2 54.235
      vertex 27.5 -2 55.45
      vertex 27.8284 -2 54.6284
    endloop
  endfacet
  facet normal 0 -1 -0
    outer loop
      vertex 33.6684 -2 56.1829
      vertex 28.1734 -2 54.235
      vertex 33.7 -2 55.7
    endloop
  endfacet
  facet normal 0 -1 0
    outer loop
      vertex 28.4641 -2 53.8
      vertex 33.7 -2 55.7
      vertex 28.1734 -2 54.235
    endloop
  endfacet
  facet normal 0 -1 0
    outer loop
      vertex 28.6955 -2 53.3307
      vertex 33.7 -2 55.7
      vertex 28.4641 -2 53.8
    endloop
  endfacet
  facet normal 0 -1 0
    outer loop
      vertex 28.8637 -2 52.8353
      vertex 33.7 -2 55.7
      vertex 28.6955 -2 53.3307
    endloop
  endfacet
  facet normal 0 -1 0
    outer loop
      vertex 28.9658 -2 52.3221
      vertex 33.7 -2 55.7
      vertex 28.8637 -2 52.8353
    endloop
  endfacet
  facet normal 0 -1 0
    outer loop
      vertex 29 -2 51.8
      vertex 33.7 -2 55.7
      vertex 28.9658 -2 52.3221
    endloop
  endfacet
  facet normal 0 -1 0
    outer loop
      vertex 29 -2 24.8
      vertex 33.7 -2 55.7
      vertex 29 -2 51.8
    endloop
  endfacet
  facet normal 0 -1 0
    outer loop
      vertex 33 -2 17
      vertex 29 -2 24.8
      vertex 28.9658 -2 24.2779
    endloop
  endfacet
  facet normal 0 -1 0
    outer loop
      vertex 33 -2 17
      vertex 25 -2 20.8
      vertex -33 -2 17
    endloop
  endfacet
  facet normal 0 -1 0
    outer loop
      vertex 33 -2 17
      vertex 25.5221 -2 20.8342
      vertex 25 -2 20.8
    endloop
  endfacet
  facet normal 0 -1 0
    outer loop
      vertex 33 -2 17
      vertex 26.0353 -2 20.9363
      vertex 25.5221 -2 20.8342
    endloop
  endfacet
  facet normal 0 -1 0
    outer loop
      vertex 33 -2 17
      vertex 26.5307 -2 21.1045
      vertex 26.0353 -2 20.9363
    endloop
  endfacet
  facet normal 0 -1 0
    outer loop
      vertex 33 -2 17
      vertex 27 -2 21.3359
      vertex 26.5307 -2 21.1045
    endloop
  endfacet
  facet normal 0 -1 0
    outer loop
      vertex 33 -2 17
      vertex 27.435 -2 21.6266
      vertex 27 -2 21.3359
    endloop
  endfacet
  facet normal 0 -1 0
    outer loop
      vertex 33 -2 17
      vertex 27.8284 -2 21.9716
      vertex 27.435 -2 21.6266
    endloop
  endfacet
  facet normal 0 -1 0
    outer loop
      vertex 33 -2 17
      vertex 28.1734 -2 22.365
      vertex 27.8284 -2 21.9716
    endloop
  endfacet
  facet normal 0 -1 0
    outer loop
      vertex 33 -2 17
      vertex 28.4641 -2 22.8
      vertex 28.1734 -2 22.365
    endloop
  endfacet
  facet normal 0 -1 0
    outer loop
      vertex 33 -2 17
      vertex 28.6955 -2 23.2693
      vertex 28.4641 -2 22.8
    endloop
  endfacet
  facet normal 0 -1 0
    outer loop
      vertex 33 -2 17
      vertex 28.8637 -2 23.7647
      vertex 28.6955 -2 23.2693
    endloop
  endfacet
  facet normal 0 -1 0
    outer loop
      vertex 33 -2 17
      vertex 28.9658 -2 24.2779
      vertex 28.8637 -2 23.7647
    endloop
  endfacet
  facet normal 0 -1 0
    outer loop
      vertex 29 -2 24.8
      vertex 33 -2 17
      vertex 33.7 -2 55.7
    endloop
  endfacet
  facet normal 0 -1 0
    outer loop
      vertex 33 -2 17
      vertex 33.7 -2 3.7
      vertex 33.7 -2 55.7
    endloop
  endfacet
  facet normal 0 -1 0
    outer loop
      vertex 33 -2 3
      vertex 33.7 -2 3.7
      vertex 33 -2 17
    endloop
  endfacet
  facet normal 0 -1 0
    outer loop
      vertex 33.7 -2 3.7
      vertex 33 -2 3
      vertex 33.6684 -2 3.21706
    endloop
  endfacet
  facet normal 0 -1 0
    outer loop
      vertex 33.6684 -2 3.21706
      vertex 33 -2 3
      vertex 33.5739 -2 2.74237
    endloop
  endfacet
  facet normal 0 -1 0
    outer loop
      vertex -27.5 -2 56.1
      vertex -26.623 -2 55.45
      vertex -26.5307 -2 55.4955
    endloop
  endfacet
  facet normal 0 -1 0
    outer loop
      vertex -27.5 -2 56.55
      vertex -30 -2 59.4
      vertex -30.4829 -2 59.3684
    endloop
  endfacet
  facet normal 0 -1 0
    outer loop
      vertex -30 -2 59.4
      vertex -27.5 -2 57.65
      vertex 30 -2 59.4
    endloop
  endfacet
  facet normal 0 -1 0
    outer loop
      vertex -27.5 -2 56.55
      vertex -30.4829 -2 59.3684
      vertex -30.9576 -2 59.2739
    endloop
  endfacet
  facet normal 0 -1 0
    outer loop
      vertex 27.5 -2 57.65
      vertex 30 -2 59.4
      vertex -27.5 -2 57.65
    endloop
  endfacet
  facet normal 0 -1 0
    outer loop
      vertex -27.5 -2 56.55
      vertex -30.9576 -2 59.2739
      vertex -31.4159 -2 59.1184
    endloop
  endfacet
  facet normal 0 -1 0
    outer loop
      vertex 27.5 -2 57.2
      vertex 30 -2 59.4
      vertex 27.5 -2 57.65
    endloop
  endfacet
  facet normal 0 -1 0
    outer loop
      vertex -27.5 -2 56.55
      vertex -31.4159 -2 59.1184
      vertex -31.85 -2 58.9043
    endloop
  endfacet
  facet normal 0 -1 0
    outer loop
      vertex 27.5 -2 56.55
      vertex 30 -2 59.4
      vertex 27.5 -2 57.2
    endloop
  endfacet
  facet normal 0 -1 0
    outer loop
      vertex -27.5 -2 56.55
      vertex -31.85 -2 58.9043
      vertex -32.2524 -2 58.6354
    endloop
  endfacet
  facet normal 0 -1 -0
    outer loop
      vertex 30 -2 59.4
      vertex 27.5 -2 56.55
      vertex 30.4829 -2 59.3684
    endloop
  endfacet
  facet normal 0 -1 0
    outer loop
      vertex -27.5 -2 56.55
      vertex -32.2524 -2 58.6354
      vertex -32.6163 -2 58.3163
    endloop
  endfacet
  facet normal 0 -1 -0
    outer loop
      vertex 30.4829 -2 59.3684
      vertex 27.5 -2 56.55
      vertex 30.9576 -2 59.2739
    endloop
  endfacet
  facet normal 0 -1 0
    outer loop
      vertex -27.5 -2 56.55
      vertex -32.6163 -2 58.3163
      vertex -32.9354 -2 57.9524
    endloop
  endfacet
  facet normal 0 -1 -0
    outer loop
      vertex 30.9576 -2 59.2739
      vertex 27.5 -2 56.55
      vertex 31.4159 -2 59.1184
    endloop
  endfacet
  facet normal 0 -1 -0
    outer loop
      vertex 31.4159 -2 59.1184
      vertex 27.5 -2 56.55
      vertex 31.85 -2 58.9043
    endloop
  endfacet
  facet normal 0 -1 0
    outer loop
      vertex -27.5 -2 56.55
      vertex -32.9354 -2 57.9524
      vertex -33.2043 -2 57.55
    endloop
  endfacet
  facet normal 0 -1 0
    outer loop
      vertex -30 -2 59.4
      vertex -27.5 -2 57.2
      vertex -27.5 -2 57.65
    endloop
  endfacet
  facet normal 0 -1 0
    outer loop
      vertex -30 -2 59.4
      vertex -27.5 -2 56.55
      vertex -27.5 -2 57.2
    endloop
  endfacet
  facet normal 0 -1 0
    outer loop
      vertex -27.5 -2 56.55
      vertex -33.2043 -2 57.55
      vertex -33.4184 -2 57.1159
    endloop
  endfacet
  facet normal 0 -1 -0
    outer loop
      vertex 31.85 -2 58.9043
      vertex 27.5 -2 56.55
      vertex 32.2524 -2 58.6354
    endloop
  endfacet
  facet normal 0 -1 0
    outer loop
      vertex 27.5 -2 56.1
      vertex 32.2524 -2 58.6354
      vertex 27.5 -2 56.55
    endloop
  endfacet
  facet normal 0 -1 -0
    outer loop
      vertex 32.2524 -2 58.6354
      vertex 27.5 -2 56.1
      vertex 32.6163 -2 58.3163
    endloop
  endfacet
  facet normal 0 -1 -0
    outer loop
      vertex 32.6163 -2 58.3163
      vertex 27.5 -2 56.1
      vertex 32.9354 -2 57.9524
    endloop
  endfacet
  facet normal 0 -1 0
    outer loop
      vertex -27.5 -2 57.2
      vertex -27.5 -2 56.55
      vertex 27.5 -2 57.2
    endloop
  endfacet
  facet normal 0 -1 0
    outer loop
      vertex -28.1734 -2 54.235
      vertex -33.4184 -2 57.1159
      vertex -33.5739 -2 56.6576
    endloop
  endfacet
  facet normal 0 -1 0
    outer loop
      vertex 27.5 -2 56.55
      vertex 27.5 -2 57.2
      vertex -27.5 -2 56.55
    endloop
  endfacet
  facet normal 0 -1 0
    outer loop
      vertex 28.1734 -2 54.235
      vertex 32.9354 -2 57.9524
      vertex 27.5 -2 56.1
    endloop
  endfacet
  facet normal 0 -1 0
    outer loop
      vertex -28.1734 -2 54.235
      vertex -33.5739 -2 56.6576
      vertex -33.6684 -2 56.1829
    endloop
  endfacet
  facet normal 0 -1 0
    outer loop
      vertex -33.4184 -2 57.1159
      vertex -27.5 -2 56.1
      vertex -27.5 -2 56.55
    endloop
  endfacet
  facet normal 0 -1 0
    outer loop
      vertex -27.5 -2 56.1
      vertex -25 -2 55.8
      vertex 27.5 -2 56.1
    endloop
  endfacet
  facet normal 0 -1 0
    outer loop
      vertex -33.4184 -2 57.1159
      vertex -28.1734 -2 54.235
      vertex -27.5 -2 56.1
    endloop
  endfacet
  facet normal 0 -1 0
    outer loop
      vertex -27.5 -2 56.1
      vertex -25.5221 -2 55.7658
      vertex -25 -2 55.8
    endloop
  endfacet
  facet normal 0 -1 0
    outer loop
      vertex -28.1734 -2 54.235
      vertex -33.6684 -2 56.1829
      vertex -33.7 -2 55.7
    endloop
  endfacet
  facet normal 0 -1 0
    outer loop
      vertex -27.5 -2 56.1
      vertex -26.0353 -2 55.6637
      vertex -25.5221 -2 55.7658
    endloop
  endfacet
  facet normal 0 -1 0
    outer loop
      vertex -26.623 -2 55.45
      vertex -27.5 -2 56.1
      vertex -27.5 -2 55.45
    endloop
  endfacet
  facet normal 0 -1 0
    outer loop
      vertex -27.5 -2 56.1
      vertex -26.5307 -2 55.4955
      vertex -26.0353 -2 55.6637
    endloop
  endfacet
  facet normal 0 -1 -0
    outer loop
      vertex -27.5 -2 56.1
      vertex -28.1734 -2 54.235
      vertex -27.5 -2 55.45
    endloop
  endfacet
  facet normal 0 -1 0
    outer loop
      vertex -27.5 -2 55
      vertex -27.435 -2 54.9734
      vertex -27.3953 -2 55
    endloop
  endfacet
  facet normal 0 -1 -0
    outer loop
      vertex -27.5 -2 55.45
      vertex -27.8284 -2 54.6284
      vertex -27.5 -2 55
    endloop
  endfacet
  facet normal 0 -1 -0
    outer loop
      vertex -27.5 -2 55
      vertex -27.8284 -2 54.6284
      vertex -27.435 -2 54.9734
    endloop
  endfacet
  facet normal 0 -1 0
    outer loop
      vertex -27.5 -2 55.45
      vertex -28.1734 -2 54.235
      vertex -27.8284 -2 54.6284
    endloop
  endfacet
  facet normal 0 -1 0
    outer loop
      vertex -33.7 -2 55.7
      vertex -28.4641 -2 53.8
      vertex -28.1734 -2 54.235
    endloop
  endfacet
  facet normal 0 -1 0
    outer loop
      vertex -33.7 -2 55.7
      vertex -28.6955 -2 53.3307
      vertex -28.4641 -2 53.8
    endloop
  endfacet
  facet normal 0 -1 0
    outer loop
      vertex -33.7 -2 55.7
      vertex -28.8637 -2 52.8353
      vertex -28.6955 -2 53.3307
    endloop
  endfacet
  facet normal 0 -1 0
    outer loop
      vertex -33.7 -2 55.7
      vertex -28.9658 -2 52.3221
      vertex -28.8637 -2 52.8353
    endloop
  endfacet
  facet normal 0 -1 0
    outer loop
      vertex -33.7 -2 55.7
      vertex -29 -2 51.8
      vertex -28.9658 -2 52.3221
    endloop
  endfacet
  facet normal 0 -1 0
    outer loop
      vertex -33.7 -2 55.7
      vertex -29 -2 24.8
      vertex -29 -2 51.8
    endloop
  endfacet
  facet normal 0 -1 0
    outer loop
      vertex -33 -2 17
      vertex -29 -2 24.8
      vertex -33.7 -2 55.7
    endloop
  endfacet
  facet normal 0 -1 -0
    outer loop
      vertex -25 -2 20.8
      vertex -33 -2 17
      vertex 25 -2 20.8
    endloop
  endfacet
  facet normal 0 -1 -0
    outer loop
      vertex -25.5221 -2 20.8342
      vertex -33 -2 17
      vertex -25 -2 20.8
    endloop
  endfacet
  facet normal 0 -1 -0
    outer loop
      vertex -26.0353 -2 20.9363
      vertex -33 -2 17
      vertex -25.5221 -2 20.8342
    endloop
  endfacet
  facet normal 0 -1 -0
    outer loop
      vertex -26.5307 -2 21.1045
      vertex -33 -2 17
      vertex -26.0353 -2 20.9363
    endloop
  endfacet
  facet normal 0 -1 -0
    outer loop
      vertex -27 -2 21.3359
      vertex -33 -2 17
      vertex -26.5307 -2 21.1045
    endloop
  endfacet
  facet normal 0 -1 -0
    outer loop
      vertex -27.435 -2 21.6266
      vertex -33 -2 17
      vertex -27 -2 21.3359
    endloop
  endfacet
  facet normal 0 -1 -0
    outer loop
      vertex -27.8284 -2 21.9716
      vertex -33 -2 17
      vertex -27.435 -2 21.6266
    endloop
  endfacet
  facet normal 0 -1 -0
    outer loop
      vertex -28.1734 -2 22.365
      vertex -33 -2 17
      vertex -27.8284 -2 21.9716
    endloop
  endfacet
  facet normal 0 -1 -0
    outer loop
      vertex -28.4641 -2 22.8
      vertex -33 -2 17
      vertex -28.1734 -2 22.365
    endloop
  endfacet
  facet normal 0 -1 -0
    outer loop
      vertex -28.6955 -2 23.2693
      vertex -33 -2 17
      vertex -28.4641 -2 22.8
    endloop
  endfacet
  facet normal 0 -1 -0
    outer loop
      vertex -28.8637 -2 23.7647
      vertex -33 -2 17
      vertex -28.6955 -2 23.2693
    endloop
  endfacet
  facet normal 0 -1 -0
    outer loop
      vertex -28.9658 -2 24.2779
      vertex -33 -2 17
      vertex -28.8637 -2 23.7647
    endloop
  endfacet
  facet normal 0 -1 -0
    outer loop
      vertex -29 -2 24.8
      vertex -33 -2 17
      vertex -28.9658 -2 24.2779
    endloop
  endfacet
  facet normal 0 -1 0
    outer loop
      vertex -33.7 -2 3.7
      vertex -33 -2 17
      vertex -33.7 -2 55.7
    endloop
  endfacet
  facet normal 0 -1 0
    outer loop
      vertex -33 -2 3
      vertex -33.7 -2 3.7
      vertex -33.6684 -2 3.21706
    endloop
  endfacet
  facet normal 0 -1 0
    outer loop
      vertex -33.7 -2 3.7
      vertex -33 -2 3
      vertex -33 -2 17
    endloop
  endfacet
  facet normal 0 -1 0
    outer loop
      vertex -33.5739 -2 2.74237
      vertex -33 -2 3
      vertex -33.6684 -2 3.21706
    endloop
  endfacet
  facet normal 0 -1 0
    outer loop
      vertex -33.4184 -2 2.28408
      vertex -33 -2 3
      vertex -33.5739 -2 2.74237
    endloop
  endfacet
  facet normal 0 -1 0
    outer loop
      vertex -33.2043 -2 1.84999
      vertex -33 -2 3
      vertex -33.4184 -2 2.28408
    endloop
  endfacet
  facet normal 0 -1 0
    outer loop
      vertex -32.9354 -2 1.44759
      vertex -33 -2 3
      vertex -33.2043 -2 1.84999
    endloop
  endfacet
  facet normal 0 -1 0
    outer loop
      vertex -32.6163 -2 1.0837
      vertex -33 -2 3
      vertex -32.9354 -2 1.44759
    endloop
  endfacet
  facet normal 0 -1 0
    outer loop
      vertex -32.2524 -2 0.76459
      vertex -33 -2 3
      vertex -32.6163 -2 1.0837
    endloop
  endfacet
  facet normal 0 -1 0
    outer loop
      vertex -31.85 -2 0.4957
      vertex -33 -2 3
      vertex -32.2524 -2 0.76459
    endloop
  endfacet
  facet normal 0 -1 0
    outer loop
      vertex -31.4159 -2 0.28165
      vertex -33 -2 3
      vertex -31.85 -2 0.4957
    endloop
  endfacet
  facet normal 0 -1 0
    outer loop
      vertex -30.9576 -2 0.126071
      vertex -33 -2 3
      vertex -31.4159 -2 0.28165
    endloop
  endfacet
  facet normal 0 -1 0
    outer loop
      vertex -30.4829 -2 0.0316496
      vertex -33 -2 3
      vertex -30.9576 -2 0.126071
    endloop
  endfacet
  facet normal 0 -1 0
    outer loop
      vertex -33 -2 3
      vertex -30.4829 -2 0.0316496
      vertex -30 -2 2.86102e-06
    endloop
  endfacet
  facet normal 0 -1 0
    outer loop
      vertex -33 -2 3
      vertex -30 -2 2.86102e-06
      vertex -14 -2 3
    endloop
  endfacet
  facet normal 0 -1 -0
    outer loop
      vertex -14 -2 3
      vertex -30 -2 2.86102e-06
      vertex -14 -2 2.86102e-06
    endloop
  endfacet
  facet normal 0 -1 0
    outer loop
      vertex -23.6765 -2 53.0978
      vertex -23.4 -2 53.8
      vertex -23.8177 -2 53.7726
    endloop
  endfacet
  facet normal 0 -1 0
    outer loop
      vertex -23.4 -2 53.8
      vertex -22.9 -2 53.2
      vertex 23.4 -2 53.8
    endloop
  endfacet
  facet normal 0 -1 0
    outer loop
      vertex -23.6765 -2 53.0978
      vertex -23.8177 -2 53.7726
      vertex -24.2282 -2 53.691
    endloop
  endfacet
  facet normal 0 -1 0
    outer loop
      vertex 22.9 -2 53.2
      vertex 23.4 -2 53.8
      vertex -22.9 -2 53.2
    endloop
  endfacet
  facet normal 0 -1 0
    outer loop
      vertex -24.048 -2 52.9716
      vertex -24.2282 -2 53.691
      vertex -24.6246 -2 53.5564
    endloop
  endfacet
  facet normal 0 -1 0
    outer loop
      vertex 23.2916 -2 53.1743
      vertex 23.4 -2 53.8
      vertex 22.9 -2 53.2
    endloop
  endfacet
  facet normal 0 -1 0
    outer loop
      vertex -24.4 -2 52.7981
      vertex -24.6246 -2 53.5564
      vertex -25 -2 53.3713
    endloop
  endfacet
  facet normal 0 -1 0
    outer loop
      vertex 23.6765 -2 53.0978
      vertex 23.4 -2 53.8
      vertex 23.2916 -2 53.1743
    endloop
  endfacet
  facet normal 0 -1 0
    outer loop
      vertex 23.4 -2 53.8
      vertex 23.6765 -2 53.0978
      vertex 23.8177 -2 53.7726
    endloop
  endfacet
  facet normal 0 -1 0
    outer loop
      vertex -23.4 -2 53.8
      vertex -23.2916 -2 53.1743
      vertex -22.9 -2 53.2
    endloop
  endfacet
  facet normal 0 -1 0
    outer loop
      vertex -24.7263 -2 52.5801
      vertex -25 -2 53.3713
      vertex -25.348 -2 53.1387
    endloop
  endfacet
  facet normal 0 -1 -0
    outer loop
      vertex -23.4 -2 53.8
      vertex -23.6765 -2 53.0978
      vertex -23.2916 -2 53.1743
    endloop
  endfacet
  facet normal 0 -1 0
    outer loop
      vertex -24.2282 -2 53.691
      vertex -24.048 -2 52.9716
      vertex -23.6765 -2 53.0978
    endloop
  endfacet
  facet normal 0 -1 0
    outer loop
      vertex -25.0213 -2 52.3213
      vertex -25.348 -2 53.1387
      vertex -25.6627 -2 52.8627
    endloop
  endfacet
  facet normal 0 -1 0
    outer loop
      vertex -24.6246 -2 53.5564
      vertex -24.4 -2 52.7981
      vertex -24.048 -2 52.9716
    endloop
  endfacet
  facet normal 0 -1 0
    outer loop
      vertex -25 -2 53.3713
      vertex -24.7263 -2 52.5801
      vertex -24.4 -2 52.7981
    endloop
  endfacet
  facet normal 0 -1 0
    outer loop
      vertex -25.2801 -2 52.0263
      vertex -25.6627 -2 52.8627
      vertex -25.9387 -2 52.548
    endloop
  endfacet
  facet normal 0 -1 0
    outer loop
      vertex -25.348 -2 53.1387
      vertex -25.0213 -2 52.3213
      vertex -24.7263 -2 52.5801
    endloop
  endfacet
  facet normal 0 -1 0
    outer loop
      vertex -25.2801 -2 52.0263
      vertex -25.9387 -2 52.548
      vertex -26.1713 -2 52.2
    endloop
  endfacet
  facet normal 0 -1 0
    outer loop
      vertex -25.6627 -2 52.8627
      vertex -25.2801 -2 52.0263
      vertex -25.0213 -2 52.3213
    endloop
  endfacet
  facet normal 0 -1 0
    outer loop
      vertex -25.4981 -2 51.7
      vertex -26.1713 -2 52.2
      vertex -26.3564 -2 51.8246
    endloop
  endfacet
  facet normal 0 -1 0
    outer loop
      vertex -26.1713 -2 52.2
      vertex -25.4981 -2 51.7
      vertex -25.2801 -2 52.0263
    endloop
  endfacet
  facet normal 0 -1 0
    outer loop
      vertex -25.6716 -2 51.348
      vertex -26.3564 -2 51.8246
      vertex -26.491 -2 51.4282
    endloop
  endfacet
  facet normal 0 -1 0
    outer loop
      vertex -26.3564 -2 51.8246
      vertex -25.6716 -2 51.348
      vertex -25.4981 -2 51.7
    endloop
  endfacet
  facet normal 0 -1 0
    outer loop
      vertex -25.7978 -2 50.9764
      vertex -26.491 -2 51.4282
      vertex -26.5726 -2 51.0177
    endloop
  endfacet
  facet normal 0 -1 0
    outer loop
      vertex -26.491 -2 51.4282
      vertex -25.7978 -2 50.9764
      vertex -25.6716 -2 51.348
    endloop
  endfacet
  facet normal 0 -1 0
    outer loop
      vertex -25.8743 -2 50.5916
      vertex -26.5726 -2 51.0177
      vertex -26.6 -2 50.6
    endloop
  endfacet
  facet normal 0 -1 0
    outer loop
      vertex -26.5726 -2 51.0177
      vertex -25.8743 -2 50.5916
      vertex -25.7978 -2 50.9764
    endloop
  endfacet
  facet normal 0 -1 0
    outer loop
      vertex -26.6 -2 50.6
      vertex -25.9 -2 50.2
      vertex -25.8743 -2 50.5916
    endloop
  endfacet
  facet normal 0 -1 0
    outer loop
      vertex -26.6 -2 50.6
      vertex -25.9 -2 27
      vertex -25.9 -2 50.2
    endloop
  endfacet
  facet normal 0 -1 0
    outer loop
      vertex -26.6 -2 26.6
      vertex -25.9 -2 27
      vertex -26.6 -2 50.6
    endloop
  endfacet
  facet normal 0 -1 0
    outer loop
      vertex -26.6 -2 26.6
      vertex -25.8743 -2 26.6084
      vertex -25.9 -2 27
    endloop
  endfacet
  facet normal 0 -1 0
    outer loop
      vertex -26.5726 -2 26.1823
      vertex -25.8743 -2 26.6084
      vertex -26.6 -2 26.6
    endloop
  endfacet
  facet normal 0 -1 -0
    outer loop
      vertex -25.8743 -2 26.6084
      vertex -26.5726 -2 26.1823
      vertex -25.7978 -2 26.2235
    endloop
  endfacet
  facet normal 0 -1 0
    outer loop
      vertex -26.491 -2 25.7718
      vertex -25.7978 -2 26.2235
      vertex -26.5726 -2 26.1823
    endloop
  endfacet
  facet normal 0 -1 -0
    outer loop
      vertex -25.7978 -2 26.2235
      vertex -26.491 -2 25.7718
      vertex -25.6716 -2 25.852
    endloop
  endfacet
  facet normal 0 -1 0
    outer loop
      vertex -26.3564 -2 25.3754
      vertex -25.6716 -2 25.852
      vertex -26.491 -2 25.7718
    endloop
  endfacet
  facet normal 0 -1 -0
    outer loop
      vertex -25.6716 -2 25.852
      vertex -26.3564 -2 25.3754
      vertex -25.4981 -2 25.5
    endloop
  endfacet
  facet normal 0 -1 0
    outer loop
      vertex -26.1713 -2 25
      vertex -25.4981 -2 25.5
      vertex -26.3564 -2 25.3754
    endloop
  endfacet
  facet normal 0 -1 -0
    outer loop
      vertex -25.4981 -2 25.5
      vertex -26.1713 -2 25
      vertex -25.2801 -2 25.1737
    endloop
  endfacet
  facet normal 0 -1 0
    outer loop
      vertex -25.9387 -2 24.652
      vertex -25.2801 -2 25.1737
      vertex -26.1713 -2 25
    endloop
  endfacet
  facet normal 0 -1 0
    outer loop
      vertex -25.6627 -2 24.3373
      vertex -25.2801 -2 25.1737
      vertex -25.9387 -2 24.652
    endloop
  endfacet
  facet normal 0 -1 -0
    outer loop
      vertex -25.2801 -2 25.1737
      vertex -25.6627 -2 24.3373
      vertex -25.0213 -2 24.8787
    endloop
  endfacet
  facet normal 0 -1 0
    outer loop
      vertex -25.348 -2 24.0613
      vertex -25.0213 -2 24.8787
      vertex -25.6627 -2 24.3373
    endloop
  endfacet
  facet normal 0 -1 -0
    outer loop
      vertex -25.0213 -2 24.8787
      vertex -25.348 -2 24.0613
      vertex -24.7263 -2 24.6199
    endloop
  endfacet
  facet normal 0 -1 0
    outer loop
      vertex -25 -2 23.8287
      vertex -24.7263 -2 24.6199
      vertex -25.348 -2 24.0613
    endloop
  endfacet
  facet normal 0 -1 -0
    outer loop
      vertex -24.7263 -2 24.6199
      vertex -25 -2 23.8287
      vertex -24.4 -2 24.4019
    endloop
  endfacet
  facet normal 0 -1 0
    outer loop
      vertex -24.6246 -2 23.6436
      vertex -24.4 -2 24.4019
      vertex -25 -2 23.8287
    endloop
  endfacet
  facet normal 0 -1 -0
    outer loop
      vertex -24.4 -2 24.4019
      vertex -24.6246 -2 23.6436
      vertex -24.048 -2 24.2284
    endloop
  endfacet
  facet normal 0 -1 0
    outer loop
      vertex -24.2282 -2 23.509
      vertex -24.048 -2 24.2284
      vertex -24.6246 -2 23.6436
    endloop
  endfacet
  facet normal 0 -1 0
    outer loop
      vertex -23.8177 -2 23.4274
      vertex -23.6765 -2 24.1022
      vertex -24.2282 -2 23.509
    endloop
  endfacet
  facet normal 0 -1 -0
    outer loop
      vertex -24.048 -2 24.2284
      vertex -24.2282 -2 23.509
      vertex -23.6765 -2 24.1022
    endloop
  endfacet
  facet normal 0 -1 -0
    outer loop
      vertex 23.8177 -2 53.7726
      vertex 23.6765 -2 53.0978
      vertex 24.2282 -2 53.691
    endloop
  endfacet
  facet normal 0 -1 0
    outer loop
      vertex 24.048 -2 52.9716
      vertex 24.2282 -2 53.691
      vertex 23.6765 -2 53.0978
    endloop
  endfacet
  facet normal 0 -1 -0
    outer loop
      vertex 24.2282 -2 53.691
      vertex 24.048 -2 52.9716
      vertex 24.6246 -2 53.5564
    endloop
  endfacet
  facet normal 0 -1 0
    outer loop
      vertex 24.4 -2 52.7981
      vertex 24.6246 -2 53.5564
      vertex 24.048 -2 52.9716
    endloop
  endfacet
  facet normal 0 -1 -0
    outer loop
      vertex 24.6246 -2 53.5564
      vertex 24.4 -2 52.7981
      vertex 25 -2 53.3713
    endloop
  endfacet
  facet normal 0 -1 0
    outer loop
      vertex 24.7263 -2 52.5801
      vertex 25 -2 53.3713
      vertex 24.4 -2 52.7981
    endloop
  endfacet
  facet normal 0 -1 -0
    outer loop
      vertex 25 -2 53.3713
      vertex 24.7263 -2 52.5801
      vertex 25.348 -2 53.1387
    endloop
  endfacet
  facet normal 0 -1 0
    outer loop
      vertex 25.0213 -2 52.3213
      vertex 25.348 -2 53.1387
      vertex 24.7263 -2 52.5801
    endloop
  endfacet
  facet normal 0 -1 -0
    outer loop
      vertex 25.348 -2 53.1387
      vertex 25.0213 -2 52.3213
      vertex 25.6627 -2 52.8627
    endloop
  endfacet
  facet normal 0 -1 0
    outer loop
      vertex 25.2801 -2 52.0263
      vertex 25.6627 -2 52.8627
      vertex 25.0213 -2 52.3213
    endloop
  endfacet
  facet normal 0 -1 -0
    outer loop
      vertex 25.6627 -2 52.8627
      vertex 25.2801 -2 52.0263
      vertex 25.9387 -2 52.548
    endloop
  endfacet
  facet normal 0 -1 -0
    outer loop
      vertex 25.9387 -2 52.548
      vertex 25.2801 -2 52.0263
      vertex 26.1713 -2 52.2
    endloop
  endfacet
  facet normal 0 -1 0
    outer loop
      vertex 25.4981 -2 51.7
      vertex 26.1713 -2 52.2
      vertex 25.2801 -2 52.0263
    endloop
  endfacet
  facet normal 0 -1 -0
    outer loop
      vertex 26.1713 -2 52.2
      vertex 25.4981 -2 51.7
      vertex 26.3564 -2 51.8246
    endloop
  endfacet
  facet normal 0 -1 0
    outer loop
      vertex 25.6716 -2 51.348
      vertex 26.3564 -2 51.8246
      vertex 25.4981 -2 51.7
    endloop
  endfacet
  facet normal 0 -1 -0
    outer loop
      vertex 26.3564 -2 51.8246
      vertex 25.6716 -2 51.348
      vertex 26.491 -2 51.4282
    endloop
  endfacet
  facet normal 0 -1 0
    outer loop
      vertex 25.7978 -2 50.9764
      vertex 26.491 -2 51.4282
      vertex 25.6716 -2 51.348
    endloop
  endfacet
  facet normal 0 -1 -0
    outer loop
      vertex 26.491 -2 51.4282
      vertex 25.7978 -2 50.9764
      vertex 26.5726 -2 51.0177
    endloop
  endfacet
  facet normal 0 -1 0
    outer loop
      vertex 25.8743 -2 50.5916
      vertex 26.5726 -2 51.0177
      vertex 25.7978 -2 50.9764
    endloop
  endfacet
  facet normal 0 -1 -0
    outer loop
      vertex 26.5726 -2 51.0177
      vertex 25.8743 -2 50.5916
      vertex 26.6 -2 50.6
    endloop
  endfacet
  facet normal 0 -1 0
    outer loop
      vertex 25.9 -2 50.2
      vertex 26.6 -2 50.6
      vertex 25.8743 -2 50.5916
    endloop
  endfacet
  facet normal 0 -1 0
    outer loop
      vertex 25.9 -2 27
      vertex 26.6 -2 50.6
      vertex 25.9 -2 50.2
    endloop
  endfacet
  facet normal 0 -1 0
    outer loop
      vertex 25.9 -2 27
      vertex 26.6 -2 26.6
      vertex 26.6 -2 50.6
    endloop
  endfacet
  facet normal 0 -1 0
    outer loop
      vertex 25.8743 -2 26.6084
      vertex 26.6 -2 26.6
      vertex 25.9 -2 27
    endloop
  endfacet
  facet normal 0 -1 0
    outer loop
      vertex 26.5726 -2 26.1823
      vertex 25.8743 -2 26.6084
      vertex 25.7978 -2 26.2235
    endloop
  endfacet
  facet normal 0 -1 0
    outer loop
      vertex 25.8743 -2 26.6084
      vertex 26.5726 -2 26.1823
      vertex 26.6 -2 26.6
    endloop
  endfacet
  facet normal 0 -1 0
    outer loop
      vertex 26.491 -2 25.7718
      vertex 25.7978 -2 26.2235
      vertex 25.6716 -2 25.852
    endloop
  endfacet
  facet normal 0 -1 0
    outer loop
      vertex 25.7978 -2 26.2235
      vertex 26.491 -2 25.7718
      vertex 26.5726 -2 26.1823
    endloop
  endfacet
  facet normal 0 -1 0
    outer loop
      vertex 26.3564 -2 25.3754
      vertex 25.6716 -2 25.852
      vertex 25.4981 -2 25.5
    endloop
  endfacet
  facet normal 0 -1 0
    outer loop
      vertex 25.6716 -2 25.852
      vertex 26.3564 -2 25.3754
      vertex 26.491 -2 25.7718
    endloop
  endfacet
  facet normal 0 -1 0
    outer loop
      vertex 26.1713 -2 25
      vertex 25.4981 -2 25.5
      vertex 25.2801 -2 25.1737
    endloop
  endfacet
  facet normal 0 -1 0
    outer loop
      vertex 25.4981 -2 25.5
      vertex 26.1713 -2 25
      vertex 26.3564 -2 25.3754
    endloop
  endfacet
  facet normal 0 -1 0
    outer loop
      vertex 25.6627 -2 24.3373
      vertex 25.2801 -2 25.1737
      vertex 25.0213 -2 24.8787
    endloop
  endfacet
  facet normal 0 -1 0
    outer loop
      vertex 25.2801 -2 25.1737
      vertex 25.9387 -2 24.652
      vertex 26.1713 -2 25
    endloop
  endfacet
  facet normal 0 -1 0
    outer loop
      vertex 25.348 -2 24.0613
      vertex 25.0213 -2 24.8787
      vertex 24.7263 -2 24.6199
    endloop
  endfacet
  facet normal 0 -1 0
    outer loop
      vertex 25 -2 23.8287
      vertex 24.7263 -2 24.6199
      vertex 24.4 -2 24.4019
    endloop
  endfacet
  facet normal 0 -1 0
    outer loop
      vertex 25.2801 -2 25.1737
      vertex 25.6627 -2 24.3373
      vertex 25.9387 -2 24.652
    endloop
  endfacet
  facet normal 0 -1 0
    outer loop
      vertex 24.6246 -2 23.6436
      vertex 24.4 -2 24.4019
      vertex 24.048 -2 24.2284
    endloop
  endfacet
  facet normal 0 -1 0
    outer loop
      vertex 24.2282 -2 23.509
      vertex 24.048 -2 24.2284
      vertex 23.6765 -2 24.1022
    endloop
  endfacet
  facet normal 0 -1 0
    outer loop
      vertex 25.0213 -2 24.8787
      vertex 25.348 -2 24.0613
      vertex 25.6627 -2 24.3373
    endloop
  endfacet
  facet normal 0 -1 0
    outer loop
      vertex 23.4 -2 23.4
      vertex 23.6765 -2 24.1022
      vertex 23.2916 -2 24.0257
    endloop
  endfacet
  facet normal 0 -1 0
    outer loop
      vertex 23.4 -2 23.4
      vertex 23.2916 -2 24.0257
      vertex 22.9 -2 24
    endloop
  endfacet
  facet normal 0 -1 0
    outer loop
      vertex 24.7263 -2 24.6199
      vertex 25 -2 23.8287
      vertex 25.348 -2 24.0613
    endloop
  endfacet
  facet normal 0 -1 -0
    outer loop
      vertex -22.9 -2 24
      vertex -23.4 -2 23.4
      vertex 22.9 -2 24
    endloop
  endfacet
  facet normal 0 -1 0
    outer loop
      vertex -23.4 -2 23.4
      vertex -23.6765 -2 24.1022
      vertex -23.8177 -2 23.4274
    endloop
  endfacet
  facet normal 0 -1 0
    outer loop
      vertex 23.4 -2 23.4
      vertex 22.9 -2 24
      vertex -23.4 -2 23.4
    endloop
  endfacet
  facet normal 0 -1 0
    outer loop
      vertex -23.6765 -2 24.1022
      vertex -23.4 -2 23.4
      vertex -23.2916 -2 24.0257
    endloop
  endfacet
  facet normal 0 -1 -0
    outer loop
      vertex 23.6765 -2 24.1022
      vertex 23.4 -2 23.4
      vertex 23.8177 -2 23.4274
    endloop
  endfacet
  facet normal 0 -1 -0
    outer loop
      vertex -23.2916 -2 24.0257
      vertex -23.4 -2 23.4
      vertex -22.9 -2 24
    endloop
  endfacet
  facet normal 0 -1 0
    outer loop
      vertex 24.4 -2 24.4019
      vertex 24.6246 -2 23.6436
      vertex 25 -2 23.8287
    endloop
  endfacet
  facet normal 0 -1 0
    outer loop
      vertex 24.048 -2 24.2284
      vertex 24.2282 -2 23.509
      vertex 24.6246 -2 23.6436
    endloop
  endfacet
  facet normal 0 -1 0
    outer loop
      vertex 23.6765 -2 24.1022
      vertex 23.8177 -2 23.4274
      vertex 24.2282 -2 23.509
    endloop
  endfacet
  facet normal -0.442248 0 -0.896893
    outer loop
      vertex -31.85 -2 0.4957
      vertex -31.4159 0 0.28165
      vertex -31.4159 -2 0.28165
    endloop
  endfacet
  facet normal -0.442248 0 -0.896893
    outer loop
      vertex -31.4159 0 0.28165
      vertex -31.85 -2 0.4957
      vertex -31.85 0 0.4957
    endloop
  endfacet
  facet normal -0 0 1
    outer loop
      vertex -30 0 59.4
      vertex 30 -2 59.4
      vertex 30 0 59.4
    endloop
  endfacet
  facet normal 0 0 1
    outer loop
      vertex 30 -2 59.4
      vertex -30 0 59.4
      vertex -30 -2 59.4
    endloop
  endfacet
  facet normal -0.0652983 0 0.997866
    outer loop
      vertex -30.4829 0 59.3684
      vertex -30 -2 59.4
      vertex -30 0 59.4
    endloop
  endfacet
  facet normal -0.0652983 0 0.997866
    outer loop
      vertex -30 -2 59.4
      vertex -30.4829 0 59.3684
      vertex -30.4829 -2 59.3684
    endloop
  endfacet
  facet normal -0.997866 0 0.0652983
    outer loop
      vertex -33.7 -2 55.7
      vertex -33.6684 0 56.1829
      vertex -33.7 0 55.7
    endloop
  endfacet
  facet normal -0.997866 0 0.0652983
    outer loop
      vertex -33.6684 0 56.1829
      vertex -33.7 -2 55.7
      vertex -33.6684 -2 56.1829
    endloop
  endfacet
  facet normal 0 0 -1
    outer loop
      vertex -30 -2 2.86102e-06
      vertex -14 0 2.86102e-06
      vertex -14 -2 2.86102e-06
    endloop
  endfacet
  facet normal -0 0 -1
    outer loop
      vertex -14 0 2.86102e-06
      vertex -30 -2 2.86102e-06
      vertex -30 0 2.86102e-06
    endloop
  endfacet
  facet normal 0 0 -1
    outer loop
      vertex -2 -2 2.86102e-06
      vertex 30 0 2.86102e-06
      vertex 30 -2 2.86102e-06
    endloop
  endfacet
  facet normal -0 0 -1
    outer loop
      vertex 30 0 2.86102e-06
      vertex -2 -2 2.86102e-06
      vertex -2 0 2.86102e-06
    endloop
  endfacet
  facet normal -0.946975 0 0.321306
    outer loop
      vertex -33.5739 -2 56.6576
      vertex -33.4184 0 57.1159
      vertex -33.5739 0 56.6576
    endloop
  endfacet
  facet normal -0.946975 0 0.321306
    outer loop
      vertex -33.4184 0 57.1159
      vertex -33.5739 -2 56.6576
      vertex -33.4184 -2 57.1159
    endloop
  endfacet
  facet normal 0.980755 -0 0.195242
    outer loop
      vertex 33.5739 -2 56.6576
      vertex 33.6684 0 56.1829
      vertex 33.5739 0 56.6576
    endloop
  endfacet
  facet normal 0.980755 0 0.195242
    outer loop
      vertex 33.6684 0 56.1829
      vertex 33.5739 -2 56.6576
      vertex 33.6684 -2 56.1829
    endloop
  endfacet
  facet normal 0.555606 0 0.831446
    outer loop
      vertex 31.85 0 58.9043
      vertex 32.2524 -2 58.6354
      vertex 32.2524 0 58.6354
    endloop
  endfacet
  facet normal 0.555606 0 0.831446
    outer loop
      vertex 32.2524 -2 58.6354
      vertex 31.85 0 58.9043
      vertex 31.85 -2 58.9043
    endloop
  endfacet
  facet normal -0.321453 0 -0.946926
    outer loop
      vertex -31.4159 -2 0.28165
      vertex -30.9576 0 0.126071
      vertex -30.9576 -2 0.126071
    endloop
  endfacet
  facet normal -0.321453 0 -0.946926
    outer loop
      vertex -30.9576 0 0.126071
      vertex -31.4159 -2 0.28165
      vertex -31.4159 0 0.28165
    endloop
  endfacet
  facet normal 0.946973 0 -0.321313
    outer loop
      vertex 33.5739 -2 2.74237
      vertex 33.4184 0 2.28408
      vertex 33.5739 0 2.74237
    endloop
  endfacet
  facet normal 0.946973 0 -0.321313
    outer loop
      vertex 33.4184 0 2.28408
      vertex 33.5739 -2 2.74237
      vertex 33.4184 -2 2.28408
    endloop
  endfacet
  facet normal 0.555592 0 -0.831455
    outer loop
      vertex 31.85 -2 0.4957
      vertex 32.2524 0 0.76459
      vertex 32.2524 -2 0.76459
    endloop
  endfacet
  facet normal 0.555592 0 -0.831455
    outer loop
      vertex 32.2524 0 0.76459
      vertex 31.85 -2 0.4957
      vertex 31.85 0 0.4957
    endloop
  endfacet
  facet normal -0.65932 0 -0.751862
    outer loop
      vertex -32.6163 -2 1.0837
      vertex -32.2524 0 0.76459
      vertex -32.2524 -2 0.76459
    endloop
  endfacet
  facet normal -0.65932 0 -0.751862
    outer loop
      vertex -32.2524 0 0.76459
      vertex -32.6163 -2 1.0837
      vertex -32.6163 0 1.0837
    endloop
  endfacet
  facet normal 0.321306 0 0.946975
    outer loop
      vertex 30.9576 0 59.2739
      vertex 31.4159 -2 59.1184
      vertex 31.4159 0 59.1184
    endloop
  endfacet
  facet normal 0.321306 0 0.946975
    outer loop
      vertex 31.4159 -2 59.1184
      vertex 30.9576 0 59.2739
      vertex 30.9576 -2 59.2739
    endloop
  endfacet
  facet normal -0.442331 0 0.896852
    outer loop
      vertex -31.85 0 58.9043
      vertex -31.4159 -2 59.1184
      vertex -31.4159 0 59.1184
    endloop
  endfacet
  facet normal -0.442331 0 0.896852
    outer loop
      vertex -31.4159 -2 59.1184
      vertex -31.85 0 58.9043
      vertex -31.85 -2 58.9043
    endloop
  endfacet
  facet normal -0.659309 0 0.751872
    outer loop
      vertex -32.6163 0 58.3163
      vertex -32.2524 -2 58.6354
      vertex -32.2524 0 58.6354
    endloop
  endfacet
  facet normal -0.659309 0 0.751872
    outer loop
      vertex -32.2524 -2 58.6354
      vertex -32.6163 0 58.3163
      vertex -32.6163 -2 58.3163
    endloop
  endfacet
  facet normal -0.195242 0 0.980755
    outer loop
      vertex -30.9576 0 59.2739
      vertex -30.4829 -2 59.3684
      vertex -30.4829 0 59.3684
    endloop
  endfacet
  facet normal -0.195242 0 0.980755
    outer loop
      vertex -30.4829 -2 59.3684
      vertex -30.9576 0 59.2739
      vertex -30.9576 -2 59.2739
    endloop
  endfacet
  facet normal -0.946973 0 -0.321313
    outer loop
      vertex -33.4184 -2 2.28408
      vertex -33.5739 0 2.74237
      vertex -33.4184 0 2.28408
    endloop
  endfacet
  facet normal -0.946973 -0 -0.321313
    outer loop
      vertex -33.5739 0 2.74237
      vertex -33.4184 -2 2.28408
      vertex -33.5739 -2 2.74237
    endloop
  endfacet
  facet normal -0.896852 0 0.442331
    outer loop
      vertex -33.4184 -2 57.1159
      vertex -33.2043 0 57.55
      vertex -33.4184 0 57.1159
    endloop
  endfacet
  facet normal -0.896852 0 0.442331
    outer loop
      vertex -33.2043 0 57.55
      vertex -33.4184 -2 57.1159
      vertex -33.2043 -2 57.55
    endloop
  endfacet
  facet normal 0.997866 0 -0.0652929
    outer loop
      vertex 33.7 -2 3.7
      vertex 33.6684 0 3.21706
      vertex 33.7 0 3.7
    endloop
  endfacet
  facet normal 0.997866 0 -0.0652929
    outer loop
      vertex 33.6684 0 3.21706
      vertex 33.7 -2 3.7
      vertex 33.6684 -2 3.21706
    endloop
  endfacet
  facet normal 0.980754 0 -0.195246
    outer loop
      vertex 33.6684 -2 3.21706
      vertex 33.5739 0 2.74237
      vertex 33.6684 0 3.21706
    endloop
  endfacet
  facet normal 0.980754 0 -0.195246
    outer loop
      vertex 33.5739 0 2.74237
      vertex 33.6684 -2 3.21706
      vertex 33.5739 -2 2.74237
    endloop
  endfacet
  facet normal 0.442331 0 0.896852
    outer loop
      vertex 31.4159 0 59.1184
      vertex 31.85 -2 58.9043
      vertex 31.85 0 58.9043
    endloop
  endfacet
  facet normal 0.442331 0 0.896852
    outer loop
      vertex 31.85 -2 58.9043
      vertex 31.4159 0 59.1184
      vertex 31.4159 -2 59.1184
    endloop
  endfacet
  facet normal -0.195086 0 -0.980786
    outer loop
      vertex -30.9576 -2 0.126071
      vertex -30.4829 0 0.0316496
      vertex -30.4829 -2 0.0316496
    endloop
  endfacet
  facet normal -0.195086 0 -0.980786
    outer loop
      vertex -30.4829 0 0.0316496
      vertex -30.9576 -2 0.126071
      vertex -30.9576 0 0.126071
    endloop
  endfacet
  facet normal -0.896848 0 -0.442339
    outer loop
      vertex -33.2043 -2 1.84999
      vertex -33.4184 0 2.28408
      vertex -33.2043 0 1.84999
    endloop
  endfacet
  facet normal -0.896848 -0 -0.442339
    outer loop
      vertex -33.4184 0 2.28408
      vertex -33.2043 -2 1.84999
      vertex -33.4184 -2 2.28408
    endloop
  endfacet
  facet normal 0.896852 -0 0.442331
    outer loop
      vertex 33.2043 -2 57.55
      vertex 33.4184 0 57.1159
      vertex 33.2043 0 57.55
    endloop
  endfacet
  facet normal 0.896852 0 0.442331
    outer loop
      vertex 33.4184 0 57.1159
      vertex 33.2043 -2 57.55
      vertex 33.4184 -2 57.1159
    endloop
  endfacet
  facet normal 0.195242 0 0.980755
    outer loop
      vertex 30.4829 0 59.3684
      vertex 30.9576 -2 59.2739
      vertex 30.9576 0 59.2739
    endloop
  endfacet
  facet normal 0.195242 0 0.980755
    outer loop
      vertex 30.9576 -2 59.2739
      vertex 30.4829 0 59.3684
      vertex 30.4829 -2 59.3684
    endloop
  endfacet
  facet normal -0.831446 0 -0.555606
    outer loop
      vertex -32.9354 -2 1.44759
      vertex -33.2043 0 1.84999
      vertex -32.9354 0 1.44759
    endloop
  endfacet
  facet normal -0.831446 -0 -0.555606
    outer loop
      vertex -33.2043 0 1.84999
      vertex -32.9354 -2 1.44759
      vertex -33.2043 -2 1.84999
    endloop
  endfacet
  facet normal 0.831446 0 -0.555606
    outer loop
      vertex 33.2043 -2 1.84999
      vertex 32.9354 0 1.44759
      vertex 33.2043 0 1.84999
    endloop
  endfacet
  facet normal 0.831446 0 -0.555606
    outer loop
      vertex 32.9354 0 1.44759
      vertex 33.2043 -2 1.84999
      vertex 32.9354 -2 1.44759
    endloop
  endfacet
  facet normal -0.751872 0 0.659309
    outer loop
      vertex -32.9354 -2 57.9524
      vertex -32.6163 0 58.3163
      vertex -32.9354 0 57.9524
    endloop
  endfacet
  facet normal -0.751872 0 0.659309
    outer loop
      vertex -32.6163 0 58.3163
      vertex -32.9354 -2 57.9524
      vertex -32.6163 -2 58.3163
    endloop
  endfacet
  facet normal 0.65932 0 -0.751862
    outer loop
      vertex 32.2524 -2 0.76459
      vertex 32.6163 0 1.0837
      vertex 32.6163 -2 1.0837
    endloop
  endfacet
  facet normal 0.65932 0 -0.751862
    outer loop
      vertex 32.6163 0 1.0837
      vertex 32.2524 -2 0.76459
      vertex 32.2524 0 0.76459
    endloop
  endfacet
  facet normal -0.980755 0 0.195242
    outer loop
      vertex -33.6684 -2 56.1829
      vertex -33.5739 0 56.6576
      vertex -33.6684 0 56.1829
    endloop
  endfacet
  facet normal -0.980755 0 0.195242
    outer loop
      vertex -33.5739 0 56.6576
      vertex -33.6684 -2 56.1829
      vertex -33.5739 -2 56.6576
    endloop
  endfacet
  facet normal 1 -0 0
    outer loop
      vertex 33.7 -2 55.7
      vertex 33.7 0 3.7
      vertex 33.7 0 55.7
    endloop
  endfacet
  facet normal 1 0 0
    outer loop
      vertex 33.7 0 3.7
      vertex 33.7 -2 55.7
      vertex 33.7 -2 3.7
    endloop
  endfacet
  facet normal 0.442248 0 -0.896893
    outer loop
      vertex 31.4159 -2 0.28165
      vertex 31.85 0 0.4957
      vertex 31.85 -2 0.4957
    endloop
  endfacet
  facet normal 0.442248 0 -0.896893
    outer loop
      vertex 31.85 0 0.4957
      vertex 31.4159 -2 0.28165
      vertex 31.4159 0 0.28165
    endloop
  endfacet
  facet normal 0.751872 -0 0.659309
    outer loop
      vertex 32.6163 -2 58.3163
      vertex 32.9354 0 57.9524
      vertex 32.6163 0 58.3163
    endloop
  endfacet
  facet normal 0.751872 0 0.659309
    outer loop
      vertex 32.9354 0 57.9524
      vertex 32.6163 -2 58.3163
      vertex 32.9354 -2 57.9524
    endloop
  endfacet
  facet normal 0.659309 0 0.751872
    outer loop
      vertex 32.2524 0 58.6354
      vertex 32.6163 -2 58.3163
      vertex 32.6163 0 58.3163
    endloop
  endfacet
  facet normal 0.659309 0 0.751872
    outer loop
      vertex 32.6163 -2 58.3163
      vertex 32.2524 0 58.6354
      vertex 32.2524 -2 58.6354
    endloop
  endfacet
  facet normal 0.195086 0 -0.980786
    outer loop
      vertex 30.4829 -2 0.0316496
      vertex 30.9576 0 0.126071
      vertex 30.9576 -2 0.126071
    endloop
  endfacet
  facet normal 0.195086 0 -0.980786
    outer loop
      vertex 30.9576 0 0.126071
      vertex 30.4829 -2 0.0316496
      vertex 30.4829 0 0.0316496
    endloop
  endfacet
  facet normal -0.751863 0 -0.659319
    outer loop
      vertex -32.6163 -2 1.0837
      vertex -32.9354 0 1.44759
      vertex -32.6163 0 1.0837
    endloop
  endfacet
  facet normal -0.751863 -0 -0.659319
    outer loop
      vertex -32.9354 0 1.44759
      vertex -32.6163 -2 1.0837
      vertex -32.9354 -2 1.44759
    endloop
  endfacet
  facet normal -0.555606 0 0.831446
    outer loop
      vertex -32.2524 0 58.6354
      vertex -31.85 -2 58.9043
      vertex -31.85 0 58.9043
    endloop
  endfacet
  facet normal -0.555606 0 0.831446
    outer loop
      vertex -31.85 -2 58.9043
      vertex -32.2524 0 58.6354
      vertex -32.2524 -2 58.6354
    endloop
  endfacet
  facet normal -0.321306 0 0.946975
    outer loop
      vertex -31.4159 0 59.1184
      vertex -30.9576 -2 59.2739
      vertex -30.9576 0 59.2739
    endloop
  endfacet
  facet normal -0.321306 0 0.946975
    outer loop
      vertex -30.9576 -2 59.2739
      vertex -31.4159 0 59.1184
      vertex -31.4159 -2 59.1184
    endloop
  endfacet
  facet normal -0.555592 0 -0.831455
    outer loop
      vertex -32.2524 -2 0.76459
      vertex -31.85 0 0.4957
      vertex -31.85 -2 0.4957
    endloop
  endfacet
  facet normal -0.555592 0 -0.831455
    outer loop
      vertex -31.85 0 0.4957
      vertex -32.2524 -2 0.76459
      vertex -32.2524 0 0.76459
    endloop
  endfacet
  facet normal -0.997866 0 -0.0652929
    outer loop
      vertex -33.6684 -2 3.21706
      vertex -33.7 0 3.7
      vertex -33.6684 0 3.21706
    endloop
  endfacet
  facet normal -0.997866 -0 -0.0652929
    outer loop
      vertex -33.7 0 3.7
      vertex -33.6684 -2 3.21706
      vertex -33.7 -2 3.7
    endloop
  endfacet
  facet normal -0.980754 0 -0.195246
    outer loop
      vertex -33.5739 -2 2.74237
      vertex -33.6684 0 3.21706
      vertex -33.5739 0 2.74237
    endloop
  endfacet
  facet normal -0.980754 -0 -0.195246
    outer loop
      vertex -33.6684 0 3.21706
      vertex -33.5739 -2 2.74237
      vertex -33.6684 -2 3.21706
    endloop
  endfacet
  facet normal 0.997866 -0 0.0652983
    outer loop
      vertex 33.6684 -2 56.1829
      vertex 33.7 0 55.7
      vertex 33.6684 0 56.1829
    endloop
  endfacet
  facet normal 0.997866 0 0.0652983
    outer loop
      vertex 33.7 0 55.7
      vertex 33.6684 -2 56.1829
      vertex 33.7 -2 55.7
    endloop
  endfacet
  facet normal -0.0653945 0 -0.997859
    outer loop
      vertex -30.4829 -2 0.0316496
      vertex -30 0 2.86102e-06
      vertex -30 -2 2.86102e-06
    endloop
  endfacet
  facet normal -0.0653945 0 -0.997859
    outer loop
      vertex -30 0 2.86102e-06
      vertex -30.4829 -2 0.0316496
      vertex -30.4829 0 0.0316496
    endloop
  endfacet
  facet normal 0.751863 0 -0.659319
    outer loop
      vertex 32.9354 -2 1.44759
      vertex 32.6163 0 1.0837
      vertex 32.9354 0 1.44759
    endloop
  endfacet
  facet normal 0.751863 0 -0.659319
    outer loop
      vertex 32.6163 0 1.0837
      vertex 32.9354 -2 1.44759
      vertex 32.6163 -2 1.0837
    endloop
  endfacet
  facet normal -0.831446 0 0.555606
    outer loop
      vertex -33.2043 -2 57.55
      vertex -32.9354 0 57.9524
      vertex -33.2043 0 57.55
    endloop
  endfacet
  facet normal -0.831446 0 0.555606
    outer loop
      vertex -32.9354 0 57.9524
      vertex -33.2043 -2 57.55
      vertex -32.9354 -2 57.9524
    endloop
  endfacet
  facet normal 0.896848 0 -0.442339
    outer loop
      vertex 33.4184 -2 2.28408
      vertex 33.2043 0 1.84999
      vertex 33.4184 0 2.28408
    endloop
  endfacet
  facet normal 0.896848 0 -0.442339
    outer loop
      vertex 33.2043 0 1.84999
      vertex 33.4184 -2 2.28408
      vertex 33.2043 -2 1.84999
    endloop
  endfacet
  facet normal 0.0652983 0 0.997866
    outer loop
      vertex 30 0 59.4
      vertex 30.4829 -2 59.3684
      vertex 30.4829 0 59.3684
    endloop
  endfacet
  facet normal 0.0652983 0 0.997866
    outer loop
      vertex 30.4829 -2 59.3684
      vertex 30 0 59.4
      vertex 30 -2 59.4
    endloop
  endfacet
  facet normal 0.321453 0 -0.946926
    outer loop
      vertex 30.9576 -2 0.126071
      vertex 31.4159 0 0.28165
      vertex 31.4159 -2 0.28165
    endloop
  endfacet
  facet normal 0.321453 0 -0.946926
    outer loop
      vertex 31.4159 0 0.28165
      vertex 30.9576 -2 0.126071
      vertex 30.9576 0 0.126071
    endloop
  endfacet
  facet normal 0.831446 -0 0.555606
    outer loop
      vertex 32.9354 -2 57.9524
      vertex 33.2043 0 57.55
      vertex 32.9354 0 57.9524
    endloop
  endfacet
  facet normal 0.831446 0 0.555606
    outer loop
      vertex 33.2043 0 57.55
      vertex 32.9354 -2 57.9524
      vertex 33.2043 -2 57.55
    endloop
  endfacet
  facet normal 0 0 -1
    outer loop
      vertex -32 -40 3
      vertex 32 -40 3
      vertex 32 -41.4 3
    endloop
  endfacet
  facet normal 0 0 -1
    outer loop
      vertex 32 -40 3
      vertex -32 -40 3
      vertex -2 -2.5 3
    endloop
  endfacet
  facet normal 0 0 -1
    outer loop
      vertex -32 -40 3
      vertex 32 -41.4 3
      vertex -32 -41.4 3
    endloop
  endfacet
  facet normal -0 0 -1
    outer loop
      vertex -2 -2.5 3
      vertex -32 -40 3
      vertex -14 -2.5 3
    endloop
  endfacet
  facet normal 0 0 -1
    outer loop
      vertex -33 -2 3
      vertex -14 -2.5 3
      vertex -32 -40 3
    endloop
  endfacet
  facet normal 0 0 -1
    outer loop
      vertex -14 -2.5 3
      vertex -33 -2 3
      vertex -14 -2 3
    endloop
  endfacet
  facet normal 0 0 -1
    outer loop
      vertex -2 -2.5 3
      vertex 33 -2 3
      vertex 32 -40 3
    endloop
  endfacet
  facet normal -0 0 -1
    outer loop
      vertex 33 -2 3
      vertex -2 -2.5 3
      vertex -2 -2 3
    endloop
  endfacet
  facet normal 0 -0.266334 0.963881
    outer loop
      vertex -22.115 -18.3458 12.4834
      vertex -18.535 -21.1542 11.7074
      vertex -18.115 -18.3458 12.4834
    endloop
  endfacet
  facet normal 0 -0.266334 0.963881
    outer loop
      vertex -18.535 -21.1542 11.7074
      vertex -22.115 -18.3458 12.4834
      vertex -22.535 -21.1542 11.7074
    endloop
  endfacet
  facet normal 0 -0.266334 0.963881
    outer loop
      vertex -17.365 -18.3458 12.4834
      vertex -13.785 -21.1542 11.7074
      vertex -13.365 -18.3458 12.4834
    endloop
  endfacet
  facet normal 0 -0.266334 0.963881
    outer loop
      vertex -18.115 -15.4542 13.2824
      vertex -17.365 -15.4542 13.2824
      vertex -17.695 -12.6458 14.0584
    endloop
  endfacet
  facet normal 0 -0.266334 0.963881
    outer loop
      vertex -17.365 -18.3458 12.4834
      vertex -17.785 -21.1542 11.7074
      vertex -13.785 -21.1542 11.7074
    endloop
  endfacet
  facet normal 0 -0.266337 0.96388
    outer loop
      vertex -17.365 -15.4542 13.2824
      vertex -18.115 -15.4542 13.2824
      vertex -17.365 -18.3458 12.4834
    endloop
  endfacet
  facet normal 0 -0.266334 0.963881
    outer loop
      vertex -17.365 -18.3458 12.4834
      vertex -18.115 -18.3458 12.4834
      vertex -17.785 -21.1542 11.7074
    endloop
  endfacet
  facet normal 0 -0.266337 0.96388
    outer loop
      vertex -17.365 -18.3458 12.4834
      vertex -18.115 -15.4542 13.2824
      vertex -18.115 -18.3458 12.4834
    endloop
  endfacet
  facet normal 0 -0.266334 0.963881
    outer loop
      vertex -21.695 -12.6458 14.0584
      vertex -18.115 -15.4542 13.2824
      vertex -17.695 -12.6458 14.0584
    endloop
  endfacet
  facet normal 0 -0.266334 0.963881
    outer loop
      vertex -18.115 -15.4542 13.2824
      vertex -21.695 -12.6458 14.0584
      vertex -22.115 -15.4542 13.2824
    endloop
  endfacet
  facet normal 0 -0.266334 0.963881
    outer loop
      vertex -12.615 -18.3458 12.4834
      vertex -9.035 -21.1542 11.7074
      vertex -8.615 -18.3458 12.4834
    endloop
  endfacet
  facet normal 0 -0.266334 0.963881
    outer loop
      vertex -13.365 -15.4542 13.2824
      vertex -12.615 -15.4542 13.2824
      vertex -12.945 -12.6458 14.0584
    endloop
  endfacet
  facet normal 0 -0.266334 0.963881
    outer loop
      vertex -12.615 -18.3458 12.4834
      vertex -13.035 -21.1542 11.7074
      vertex -9.035 -21.1542 11.7074
    endloop
  endfacet
  facet normal 0 -0.266337 0.96388
    outer loop
      vertex -12.615 -15.4542 13.2824
      vertex -13.365 -15.4542 13.2824
      vertex -12.615 -18.3458 12.4834
    endloop
  endfacet
  facet normal 0 -0.266334 0.963881
    outer loop
      vertex -12.615 -18.3458 12.4834
      vertex -13.365 -18.3458 12.4834
      vertex -13.035 -21.1542 11.7074
    endloop
  endfacet
  facet normal 0 -0.266337 0.96388
    outer loop
      vertex -12.615 -18.3458 12.4834
      vertex -13.365 -15.4542 13.2824
      vertex -13.365 -18.3458 12.4834
    endloop
  endfacet
  facet normal 0 -0.266334 0.963881
    outer loop
      vertex -16.945 -12.6458 14.0584
      vertex -13.365 -15.4542 13.2824
      vertex -12.945 -12.6458 14.0584
    endloop
  endfacet
  facet normal 0 -0.266334 0.963881
    outer loop
      vertex -13.365 -15.4542 13.2824
      vertex -16.945 -12.6458 14.0584
      vertex -17.365 -15.4542 13.2824
    endloop
  endfacet
  facet normal 0 -0.266334 0.963881
    outer loop
      vertex -9 -35.4458 7.75839
      vertex -9.125 -35.4458 7.75839
      vertex -9 -38.2458 6.98471
    endloop
  endfacet
  facet normal 0 -0.266334 0.963881
    outer loop
      vertex -7.865 -18.3458 12.4834
      vertex -4.285 -21.1542 11.7074
      vertex -3.865 -18.3458 12.4834
    endloop
  endfacet
  facet normal 0 -0.266334 0.963881
    outer loop
      vertex -8.615 -15.4542 13.2824
      vertex -7.865 -15.4542 13.2824
      vertex -8.195 -12.6458 14.0584
    endloop
  endfacet
  facet normal 0 -0.266334 0.963881
    outer loop
      vertex -7.865 -18.3458 12.4834
      vertex -8.285 -21.1542 11.7074
      vertex -4.285 -21.1542 11.7074
    endloop
  endfacet
  facet normal 0 -0.266337 0.96388
    outer loop
      vertex -7.865 -15.4542 13.2824
      vertex -8.615 -15.4542 13.2824
      vertex -7.865 -18.3458 12.4834
    endloop
  endfacet
  facet normal 0 -0.266334 0.963881
    outer loop
      vertex -7.865 -18.3458 12.4834
      vertex -8.615 -18.3458 12.4834
      vertex -8.285 -21.1542 11.7074
    endloop
  endfacet
  facet normal 0 -0.266337 0.96388
    outer loop
      vertex -7.865 -18.3458 12.4834
      vertex -8.615 -15.4542 13.2824
      vertex -8.615 -18.3458 12.4834
    endloop
  endfacet
  facet normal 0 -0.266334 0.963881
    outer loop
      vertex -12.195 -12.6458 14.0584
      vertex -8.615 -15.4542 13.2824
      vertex -8.195 -12.6458 14.0584
    endloop
  endfacet
  facet normal 0 -0.266334 0.963881
    outer loop
      vertex -8.615 -15.4542 13.2824
      vertex -12.195 -12.6458 14.0584
      vertex -12.615 -15.4542 13.2824
    endloop
  endfacet
  facet normal 0 -0.266334 0.963881
    outer loop
      vertex -3.115 -18.3458 12.4834
      vertex 0.464999 -21.1542 11.7074
      vertex 0.884999 -18.3458 12.4834
    endloop
  endfacet
  facet normal 0 -0.266334 0.963881
    outer loop
      vertex -3.865 -15.4542 13.2824
      vertex -3.115 -15.4542 13.2824
      vertex -3.445 -12.6458 14.0584
    endloop
  endfacet
  facet normal 0 -0.266334 0.963881
    outer loop
      vertex -3.115 -18.3458 12.4834
      vertex -3.535 -21.1542 11.7074
      vertex 0.464999 -21.1542 11.7074
    endloop
  endfacet
  facet normal 0 -0.266337 0.96388
    outer loop
      vertex -3.115 -15.4542 13.2824
      vertex -3.865 -15.4542 13.2824
      vertex -3.115 -18.3458 12.4834
    endloop
  endfacet
  facet normal 0 -0.266334 0.963881
    outer loop
      vertex -3.115 -18.3458 12.4834
      vertex -3.865 -18.3458 12.4834
      vertex -3.535 -21.1542 11.7074
    endloop
  endfacet
  facet normal 0 -0.266337 0.96388
    outer loop
      vertex -3.115 -18.3458 12.4834
      vertex -3.865 -15.4542 13.2824
      vertex -3.865 -18.3458 12.4834
    endloop
  endfacet
  facet normal 0 -0.266334 0.963881
    outer loop
      vertex -7.445 -12.6458 14.0584
      vertex -3.865 -15.4542 13.2824
      vertex -3.445 -12.6458 14.0584
    endloop
  endfacet
  facet normal 0 -0.266334 0.963881
    outer loop
      vertex -3.865 -15.4542 13.2824
      vertex -7.445 -12.6458 14.0584
      vertex -7.865 -15.4542 13.2824
    endloop
  endfacet
  facet normal 0 -0.266334 0.963881
    outer loop
      vertex 1.635 -18.3458 12.4834
      vertex 5.215 -21.1542 11.7074
      vertex 5.635 -18.3458 12.4834
    endloop
  endfacet
  facet normal 0 -0.266334 0.963881
    outer loop
      vertex 0.884999 -15.4542 13.2824
      vertex 1.635 -15.4542 13.2824
      vertex 1.305 -12.6458 14.0584
    endloop
  endfacet
  facet normal 0 -0.266334 0.963881
    outer loop
      vertex 1.635 -18.3458 12.4834
      vertex 1.215 -21.1542 11.7074
      vertex 5.215 -21.1542 11.7074
    endloop
  endfacet
  facet normal 0 -0.266337 0.96388
    outer loop
      vertex 1.635 -15.4542 13.2824
      vertex 0.884999 -15.4542 13.2824
      vertex 1.635 -18.3458 12.4834
    endloop
  endfacet
  facet normal 0 -0.266334 0.963881
    outer loop
      vertex 1.635 -18.3458 12.4834
      vertex 0.884999 -18.3458 12.4834
      vertex 1.215 -21.1542 11.7074
    endloop
  endfacet
  facet normal 0 -0.266337 0.96388
    outer loop
      vertex 1.635 -18.3458 12.4834
      vertex 0.884999 -15.4542 13.2824
      vertex 0.884999 -18.3458 12.4834
    endloop
  endfacet
  facet normal 0 -0.266334 0.963881
    outer loop
      vertex -2.695 -12.6458 14.0584
      vertex 0.884999 -15.4542 13.2824
      vertex 1.305 -12.6458 14.0584
    endloop
  endfacet
  facet normal 0 -0.266334 0.963881
    outer loop
      vertex 0.884999 -15.4542 13.2824
      vertex -2.695 -12.6458 14.0584
      vertex -3.115 -15.4542 13.2824
    endloop
  endfacet
  facet normal 0 -0.266334 0.963881
    outer loop
      vertex 6.385 -18.3458 12.4834
      vertex 9.965 -21.1542 11.7074
      vertex 10.385 -18.3458 12.4834
    endloop
  endfacet
  facet normal 0 -0.266334 0.963881
    outer loop
      vertex 5.635 -15.4542 13.2824
      vertex 6.385 -15.4542 13.2824
      vertex 6.055 -12.6458 14.0584
    endloop
  endfacet
  facet normal 0 -0.266334 0.963881
    outer loop
      vertex 6.385 -18.3458 12.4834
      vertex 5.965 -21.1542 11.7074
      vertex 9.965 -21.1542 11.7074
    endloop
  endfacet
  facet normal 0 -0.266337 0.96388
    outer loop
      vertex 6.385 -15.4542 13.2824
      vertex 5.635 -15.4542 13.2824
      vertex 6.385 -18.3458 12.4834
    endloop
  endfacet
  facet normal 0 -0.266334 0.963881
    outer loop
      vertex 6.385 -18.3458 12.4834
      vertex 5.635 -18.3458 12.4834
      vertex 5.965 -21.1542 11.7074
    endloop
  endfacet
  facet normal 0 -0.266337 0.96388
    outer loop
      vertex 6.385 -18.3458 12.4834
      vertex 5.635 -15.4542 13.2824
      vertex 5.635 -18.3458 12.4834
    endloop
  endfacet
  facet normal 0 -0.266334 0.963881
    outer loop
      vertex 2.055 -12.6458 14.0584
      vertex 5.635 -15.4542 13.2824
      vertex 6.055 -12.6458 14.0584
    endloop
  endfacet
  facet normal 0 -0.266334 0.963881
    outer loop
      vertex 5.635 -15.4542 13.2824
      vertex 2.055 -12.6458 14.0584
      vertex 1.635 -15.4542 13.2824
    endloop
  endfacet
  facet normal 0 -0.266334 0.963881
    outer loop
      vertex 15.885 -18.3458 12.4834
      vertex 19.465 -21.1542 11.7074
      vertex 19.885 -18.3458 12.4834
    endloop
  endfacet
  facet normal 0 -0.266334 0.963881
    outer loop
      vertex 11.555 -12.6458 14.0584
      vertex 15.885 -15.4542 13.2824
      vertex 15.555 -12.6458 14.0584
    endloop
  endfacet
  facet normal 0 -0.266334 0.963881
    outer loop
      vertex 15.885 -18.3458 12.4834
      vertex 15.465 -21.1542 11.7074
      vertex 19.465 -21.1542 11.7074
    endloop
  endfacet
  facet normal 0 -0.266337 0.96388
    outer loop
      vertex 15.885 -15.4542 13.2824
      vertex 10.385 -15.4542 13.2824
      vertex 15.885 -18.3458 12.4834
    endloop
  endfacet
  facet normal 0 -0.266337 0.96388
    outer loop
      vertex 15.465 -21.1542 11.7074
      vertex 14.715 -21.1542 11.7074
      vertex 15.465 -24.0458 10.9084
    endloop
  endfacet
  facet normal 0 -0.266334 0.963881
    outer loop
      vertex 15.885 -18.3458 12.4834
      vertex 14.715 -21.1542 11.7074
      vertex 15.465 -21.1542 11.7074
    endloop
  endfacet
  facet normal 0 -0.266334 0.963881
    outer loop
      vertex 15.885 -15.4542 13.2824
      vertex 11.555 -12.6458 14.0584
      vertex 10.385 -15.4542 13.2824
    endloop
  endfacet
  facet normal 0 -0.266335 0.96388
    outer loop
      vertex 10.805 -12.6458 14.0584
      vertex 11.555 -12.6458 14.0584
      vertex 10.805 -9.75418 14.8574
    endloop
  endfacet
  facet normal 0 -0.266334 0.963881
    outer loop
      vertex 10.385 -15.4542 13.2824
      vertex 11.555 -12.6458 14.0584
      vertex 10.805 -12.6458 14.0584
    endloop
  endfacet
  facet normal 0 -0.266337 0.96388
    outer loop
      vertex 10.385 -18.3458 12.4834
      vertex 15.885 -18.3458 12.4834
      vertex 10.385 -15.4542 13.2824
    endloop
  endfacet
  facet normal 0 -0.266334 0.963881
    outer loop
      vertex 14.715 -21.1542 11.7074
      vertex 10.385 -18.3458 12.4834
      vertex 10.715 -21.1542 11.7074
    endloop
  endfacet
  facet normal 0 -0.266334 0.963881
    outer loop
      vertex 15.885 -18.3458 12.4834
      vertex 10.385 -18.3458 12.4834
      vertex 14.715 -21.1542 11.7074
    endloop
  endfacet
  facet normal 0 -0.266334 0.963881
    outer loop
      vertex 6.805 -12.6458 14.0584
      vertex 10.385 -15.4542 13.2824
      vertex 10.805 -12.6458 14.0584
    endloop
  endfacet
  facet normal 0 -0.266334 0.963881
    outer loop
      vertex 10.385 -15.4542 13.2824
      vertex 6.805 -12.6458 14.0584
      vertex 6.385 -15.4542 13.2824
    endloop
  endfacet
  facet normal 0 -0.266334 0.963881
    outer loop
      vertex 20.635 -18.3458 12.4834
      vertex 24.215 -21.1542 11.7074
      vertex 24.635 -18.3458 12.4834
    endloop
  endfacet
  facet normal 0 -0.266334 0.963881
    outer loop
      vertex 19.885 -15.4542 13.2824
      vertex 20.635 -15.4542 13.2824
      vertex 20.305 -12.6458 14.0584
    endloop
  endfacet
  facet normal 0 -0.266334 0.963881
    outer loop
      vertex 20.635 -18.3458 12.4834
      vertex 20.215 -21.1542 11.7074
      vertex 24.215 -21.1542 11.7074
    endloop
  endfacet
  facet normal 0 -0.266337 0.96388
    outer loop
      vertex 20.635 -15.4542 13.2824
      vertex 19.885 -15.4542 13.2824
      vertex 20.635 -18.3458 12.4834
    endloop
  endfacet
  facet normal 0 -0.266334 0.963881
    outer loop
      vertex 20.635 -18.3458 12.4834
      vertex 19.885 -18.3458 12.4834
      vertex 20.215 -21.1542 11.7074
    endloop
  endfacet
  facet normal 0 -0.266337 0.96388
    outer loop
      vertex 20.635 -18.3458 12.4834
      vertex 19.885 -15.4542 13.2824
      vertex 19.885 -18.3458 12.4834
    endloop
  endfacet
  facet normal 0 -0.266334 0.963881
    outer loop
      vertex 16.305 -12.6458 14.0584
      vertex 19.885 -15.4542 13.2824
      vertex 20.305 -12.6458 14.0584
    endloop
  endfacet
  facet normal 0 -0.266334 0.963881
    outer loop
      vertex 19.885 -15.4542 13.2824
      vertex 16.305 -12.6458 14.0584
      vertex 15.885 -15.4542 13.2824
    endloop
  endfacet
  facet normal 0 -0.266334 0.963881
    outer loop
      vertex 21.055 -12.6458 14.0584
      vertex 24.635 -15.4542 13.2824
      vertex 25.055 -12.6458 14.0584
    endloop
  endfacet
  facet normal 0 -0.266334 0.963881
    outer loop
      vertex 24.635 -15.4542 13.2824
      vertex 21.055 -12.6458 14.0584
      vertex 20.635 -15.4542 13.2824
    endloop
  endfacet
  facet normal 1.86924e-06 -0.266335 0.96388
    outer loop
      vertex 33 -2 17
      vertex 28.125 -32.5542 8.5574
      vertex 32 -40 6.5
    endloop
  endfacet
  facet normal 4.95591e-07 -0.266335 0.96388
    outer loop
      vertex 33 -2 17
      vertex 26.17 -26.8542 10.1324
      vertex 28.125 -32.5542 8.5574
    endloop
  endfacet
  facet normal 2.01722e-07 -0.266335 0.96388
    outer loop
      vertex 25.055 -12.6458 14.0584
      vertex 33 -2 17
      vertex 25.055 -9.75418 14.8574
    endloop
  endfacet
  facet normal 0 -0.266335 0.96388
    outer loop
      vertex 33 -2 17
      vertex 21.055 -9.75418 14.8574
      vertex 25.055 -9.75418 14.8574
    endloop
  endfacet
  facet normal 0 -0.266335 0.96388
    outer loop
      vertex 20.305 -9.75418 14.8574
      vertex 21.055 -12.6458 14.0584
      vertex 21.055 -9.75418 14.8574
    endloop
  endfacet
  facet normal 0 -0.266334 0.963881
    outer loop
      vertex 21.055 -12.6458 14.0584
      vertex 20.305 -12.6458 14.0584
      vertex 20.635 -15.4542 13.2824
    endloop
  endfacet
  facet normal 0 -0.266335 0.96388
    outer loop
      vertex 20.305 -12.6458 14.0584
      vertex 21.055 -12.6458 14.0584
      vertex 20.305 -9.75418 14.8574
    endloop
  endfacet
  facet normal 0 -0.266335 0.96388
    outer loop
      vertex 33 -2 17
      vertex 20.305 -9.75418 14.8574
      vertex 21.055 -9.75418 14.8574
    endloop
  endfacet
  facet normal 0 -0.266335 0.96388
    outer loop
      vertex 33 -2 17
      vertex 16.305 -9.75418 14.8574
      vertex 20.305 -9.75418 14.8574
    endloop
  endfacet
  facet normal 0 -0.266335 0.96388
    outer loop
      vertex 15.555 -9.75418 14.8574
      vertex 16.305 -12.6458 14.0584
      vertex 16.305 -9.75418 14.8574
    endloop
  endfacet
  facet normal 0 -0.266334 0.963881
    outer loop
      vertex 16.305 -12.6458 14.0584
      vertex 15.555 -12.6458 14.0584
      vertex 15.885 -15.4542 13.2824
    endloop
  endfacet
  facet normal 0 -0.266335 0.96388
    outer loop
      vertex 15.555 -12.6458 14.0584
      vertex 16.305 -12.6458 14.0584
      vertex 15.555 -9.75418 14.8574
    endloop
  endfacet
  facet normal 0 -0.266335 0.96388
    outer loop
      vertex 33 -2 17
      vertex 15.555 -9.75418 14.8574
      vertex 16.305 -9.75418 14.8574
    endloop
  endfacet
  facet normal 0 -0.266335 0.96388
    outer loop
      vertex 33 -2 17
      vertex 11.555 -9.75418 14.8574
      vertex 15.555 -9.75418 14.8574
    endloop
  endfacet
  facet normal 0 -0.266335 0.96388
    outer loop
      vertex 11.555 -9.75418 14.8574
      vertex 10.805 -9.75418 14.8574
      vertex 11.555 -12.6458 14.0584
    endloop
  endfacet
  facet normal 0 -0.266335 0.96388
    outer loop
      vertex 33 -2 17
      vertex 10.805 -9.75418 14.8574
      vertex 11.555 -9.75418 14.8574
    endloop
  endfacet
  facet normal 0 -0.266335 0.96388
    outer loop
      vertex 33 -2 17
      vertex 6.805 -9.75418 14.8574
      vertex 10.805 -9.75418 14.8574
    endloop
  endfacet
  facet normal 0 -0.266335 0.96388
    outer loop
      vertex 6.055 -9.75418 14.8574
      vertex 6.805 -12.6458 14.0584
      vertex 6.805 -9.75418 14.8574
    endloop
  endfacet
  facet normal 0 -0.266334 0.963881
    outer loop
      vertex 6.805 -12.6458 14.0584
      vertex 6.055 -12.6458 14.0584
      vertex 6.385 -15.4542 13.2824
    endloop
  endfacet
  facet normal 0 -0.266335 0.96388
    outer loop
      vertex 6.055 -12.6458 14.0584
      vertex 6.805 -12.6458 14.0584
      vertex 6.055 -9.75418 14.8574
    endloop
  endfacet
  facet normal 0 -0.266335 0.96388
    outer loop
      vertex 33 -2 17
      vertex 6.055 -9.75418 14.8574
      vertex 6.805 -9.75418 14.8574
    endloop
  endfacet
  facet normal 0 -0.266335 0.96388
    outer loop
      vertex 33 -2 17
      vertex 2.055 -9.75418 14.8574
      vertex 6.055 -9.75418 14.8574
    endloop
  endfacet
  facet normal 0 -0.266335 0.96388
    outer loop
      vertex 1.305 -9.75418 14.8574
      vertex 2.055 -12.6458 14.0584
      vertex 2.055 -9.75418 14.8574
    endloop
  endfacet
  facet normal 0 -0.266334 0.963881
    outer loop
      vertex 2.055 -12.6458 14.0584
      vertex 1.305 -12.6458 14.0584
      vertex 1.635 -15.4542 13.2824
    endloop
  endfacet
  facet normal 0 -0.266335 0.96388
    outer loop
      vertex 1.305 -12.6458 14.0584
      vertex 2.055 -12.6458 14.0584
      vertex 1.305 -9.75418 14.8574
    endloop
  endfacet
  facet normal 0 -0.266335 0.96388
    outer loop
      vertex 33 -2 17
      vertex 1.305 -9.75418 14.8574
      vertex 2.055 -9.75418 14.8574
    endloop
  endfacet
  facet normal 0 -0.266335 0.96388
    outer loop
      vertex -33 -2 17
      vertex 1.305 -9.75418 14.8574
      vertex 33 -2 17
    endloop
  endfacet
  facet normal 0 -0.266335 0.96388
    outer loop
      vertex -3.445 -9.75418 14.8574
      vertex -2.695 -12.6458 14.0584
      vertex -2.695 -9.75418 14.8574
    endloop
  endfacet
  facet normal 0 -0.266334 0.963881
    outer loop
      vertex -2.695 -12.6458 14.0584
      vertex -3.445 -12.6458 14.0584
      vertex -3.115 -15.4542 13.2824
    endloop
  endfacet
  facet normal 0 -0.266335 0.96388
    outer loop
      vertex -3.445 -12.6458 14.0584
      vertex -2.695 -12.6458 14.0584
      vertex -3.445 -9.75418 14.8574
    endloop
  endfacet
  facet normal 0 -0.266335 0.96388
    outer loop
      vertex 1.305 -9.75418 14.8574
      vertex -33 -2 17
      vertex -2.695 -9.75418 14.8574
    endloop
  endfacet
  facet normal 0 -0.266335 0.96388
    outer loop
      vertex -2.695 -9.75418 14.8574
      vertex -33 -2 17
      vertex -3.445 -9.75418 14.8574
    endloop
  endfacet
  facet normal 0 -0.266335 0.96388
    outer loop
      vertex -8.195 -9.75418 14.8574
      vertex -7.445 -12.6458 14.0584
      vertex -7.445 -9.75418 14.8574
    endloop
  endfacet
  facet normal 0 -0.266334 0.963881
    outer loop
      vertex -7.445 -12.6458 14.0584
      vertex -8.195 -12.6458 14.0584
      vertex -7.865 -15.4542 13.2824
    endloop
  endfacet
  facet normal 0 -0.266335 0.96388
    outer loop
      vertex -8.195 -12.6458 14.0584
      vertex -7.445 -12.6458 14.0584
      vertex -8.195 -9.75418 14.8574
    endloop
  endfacet
  facet normal 0 -0.266335 0.96388
    outer loop
      vertex -3.445 -9.75418 14.8574
      vertex -33 -2 17
      vertex -7.445 -9.75418 14.8574
    endloop
  endfacet
  facet normal 0 -0.266335 0.96388
    outer loop
      vertex -7.445 -9.75418 14.8574
      vertex -33 -2 17
      vertex -8.195 -9.75418 14.8574
    endloop
  endfacet
  facet normal 0 -0.266335 0.96388
    outer loop
      vertex -12.945 -9.75418 14.8574
      vertex -12.195 -12.6458 14.0584
      vertex -12.195 -9.75418 14.8574
    endloop
  endfacet
  facet normal 0 -0.266334 0.963881
    outer loop
      vertex -12.195 -12.6458 14.0584
      vertex -12.945 -12.6458 14.0584
      vertex -12.615 -15.4542 13.2824
    endloop
  endfacet
  facet normal 0 -0.266335 0.96388
    outer loop
      vertex -12.945 -12.6458 14.0584
      vertex -12.195 -12.6458 14.0584
      vertex -12.945 -9.75418 14.8574
    endloop
  endfacet
  facet normal 0 -0.266335 0.96388
    outer loop
      vertex -8.195 -9.75418 14.8574
      vertex -33 -2 17
      vertex -12.195 -9.75418 14.8574
    endloop
  endfacet
  facet normal 0 -0.266335 0.96388
    outer loop
      vertex -12.195 -9.75418 14.8574
      vertex -33 -2 17
      vertex -12.945 -9.75418 14.8574
    endloop
  endfacet
  facet normal 0 -0.266335 0.96388
    outer loop
      vertex -17.695 -9.75418 14.8574
      vertex -16.945 -12.6458 14.0584
      vertex -16.945 -9.75418 14.8574
    endloop
  endfacet
  facet normal 0 -0.266334 0.963881
    outer loop
      vertex -16.945 -12.6458 14.0584
      vertex -17.695 -12.6458 14.0584
      vertex -17.365 -15.4542 13.2824
    endloop
  endfacet
  facet normal 0 -0.266335 0.96388
    outer loop
      vertex -17.695 -12.6458 14.0584
      vertex -16.945 -12.6458 14.0584
      vertex -17.695 -9.75418 14.8574
    endloop
  endfacet
  facet normal 0 -0.266335 0.96388
    outer loop
      vertex -12.945 -9.75418 14.8574
      vertex -33 -2 17
      vertex -16.945 -9.75418 14.8574
    endloop
  endfacet
  facet normal 0 -0.266335 0.96388
    outer loop
      vertex -16.945 -9.75418 14.8574
      vertex -33 -2 17
      vertex -17.695 -9.75418 14.8574
    endloop
  endfacet
  facet normal -1.41767e-07 -0.266335 0.96388
    outer loop
      vertex -33 -2 17
      vertex -21.695 -12.6458 14.0584
      vertex -21.695 -9.75418 14.8574
    endloop
  endfacet
  facet normal -2.86759e-06 -0.266337 0.96388
    outer loop
      vertex -33 -2 17
      vertex -22.115 -18.3458 12.4834
      vertex -22.115 -15.4542 13.2824
    endloop
  endfacet
  facet normal 1.29439e-06 -0.266334 0.963881
    outer loop
      vertex -21.695 -12.6458 14.0584
      vertex -33 -2 17
      vertex -22.115 -15.4542 13.2824
    endloop
  endfacet
  facet normal 3.57787e-06 -0.266337 0.96388
    outer loop
      vertex -22.535 -21.1542 11.7074
      vertex -25.33 -26.8542 10.1324
      vertex -22.535 -24.0458 10.9084
    endloop
  endfacet
  facet normal 4.22561e-07 -0.266335 0.963881
    outer loop
      vertex -25.33 -26.8542 10.1324
      vertex -22.115 -18.3458 12.4834
      vertex -33 -2 17
    endloop
  endfacet
  facet normal 1.03758e-05 -0.26634 0.963879
    outer loop
      vertex -25.33 -26.8542 10.1324
      vertex -28.125 -32.5542 8.5574
      vertex -25.33 -29.7458 9.33339
    endloop
  endfacet
  facet normal -5.30044e-06 -0.266333 0.963881
    outer loop
      vertex -22.115 -18.3458 12.4834
      vertex -25.33 -26.8542 10.1324
      vertex -22.535 -21.1542 11.7074
    endloop
  endfacet
  facet normal 7.8124e-06 -0.26634 0.963879
    outer loop
      vertex -28.125 -32.5542 8.5574
      vertex -32 -40 6.5
      vertex -28.125 -35.4458 7.75839
    endloop
  endfacet
  facet normal -3.83214e-07 -0.266335 0.96388
    outer loop
      vertex -25.33 -26.8542 10.1324
      vertex -33 -2 17
      vertex -28.125 -32.5542 8.5574
    endloop
  endfacet
  facet normal -1.86924e-06 -0.266335 0.96388
    outer loop
      vertex -28.125 -32.5542 8.5574
      vertex -33 -2 17
      vertex -32 -40 6.5
    endloop
  endfacet
  facet normal 0 -0.266335 0.96388
    outer loop
      vertex -17.695 -9.75418 14.8574
      vertex -33 -2 17
      vertex -21.695 -9.75418 14.8574
    endloop
  endfacet
  facet normal -7.8124e-06 -0.26634 0.963879
    outer loop
      vertex 28.125 -35.4458 7.75839
      vertex 32 -40 6.5
      vertex 28.125 -32.5542 8.5574
    endloop
  endfacet
  facet normal 0 -0.266334 0.963881
    outer loop
      vertex 24.125 -35.4458 7.75839
      vertex 32 -40 6.5
      vertex 28.125 -35.4458 7.75839
    endloop
  endfacet
  facet normal 0 -0.26634 0.963879
    outer loop
      vertex 23.375 -35.4458 7.75839
      vertex 24.125 -35.4458 7.75839
      vertex 23.375 -32.5542 8.5574
    endloop
  endfacet
  facet normal 0 -0.266334 0.963881
    outer loop
      vertex 23.375 -35.4458 7.75839
      vertex 32 -40 6.5
      vertex 24.125 -35.4458 7.75839
    endloop
  endfacet
  facet normal 0 -0.266334 0.963881
    outer loop
      vertex 19.375 -35.4458 7.75839
      vertex 32 -40 6.5
      vertex 23.375 -35.4458 7.75839
    endloop
  endfacet
  facet normal 0 -0.26634 0.963879
    outer loop
      vertex 18.625 -35.4458 7.75839
      vertex 19.375 -35.4458 7.75839
      vertex 18.625 -32.5542 8.5574
    endloop
  endfacet
  facet normal 0 -0.266334 0.963881
    outer loop
      vertex 9 -38.2458 6.98471
      vertex 19.375 -35.4458 7.75839
      vertex 18.625 -35.4458 7.75839
    endloop
  endfacet
  facet normal 0 -0.266334 0.963881
    outer loop
      vertex 9 -38.2458 6.98471
      vertex 18.625 -35.4458 7.75839
      vertex 14.625 -35.4458 7.75839
    endloop
  endfacet
  facet normal 0 -0.26634 0.963879
    outer loop
      vertex 13.875 -35.4458 7.75839
      vertex 14.625 -35.4458 7.75839
      vertex 13.875 -32.5542 8.5574
    endloop
  endfacet
  facet normal 0 -0.266334 0.963881
    outer loop
      vertex 9 -38.2458 6.98471
      vertex 14.625 -35.4458 7.75839
      vertex 13.875 -35.4458 7.75839
    endloop
  endfacet
  facet normal 0 -0.266334 0.963881
    outer loop
      vertex 9 -38.2458 6.98471
      vertex 13.875 -35.4458 7.75839
      vertex 9.875 -35.4458 7.75839
    endloop
  endfacet
  facet normal 0 -0.26634 0.963879
    outer loop
      vertex 9.125 -35.4458 7.75839
      vertex 9.875 -35.4458 7.75839
      vertex 9.125 -32.5542 8.5574
    endloop
  endfacet
  facet normal 0 -0.266334 0.963881
    outer loop
      vertex 9 -38.2458 6.98471
      vertex 9.875 -35.4458 7.75839
      vertex 9.125 -35.4458 7.75839
    endloop
  endfacet
  facet normal 0 -0.266334 0.963881
    outer loop
      vertex 9 -38.2458 6.98471
      vertex 9.125 -35.4458 7.75839
      vertex 9 -35.4458 7.75839
    endloop
  endfacet
  facet normal -1.69905e-08 -0.266334 0.963881
    outer loop
      vertex 19.375 -35.4458 7.75839
      vertex 9 -38.2458 6.98471
      vertex 32 -40 6.5
    endloop
  endfacet
  facet normal 0 -0.266334 0.963881
    outer loop
      vertex -9 -38.2458 6.98471
      vertex 32 -40 6.5
      vertex 9 -38.2458 6.98471
    endloop
  endfacet
  facet normal 0 -0.26634 0.963879
    outer loop
      vertex -9.875 -35.4458 7.75839
      vertex -9.125 -35.4458 7.75839
      vertex -9.875 -32.5542 8.5574
    endloop
  endfacet
  facet normal 0 -0.266334 0.963881
    outer loop
      vertex -9.125 -35.4458 7.75839
      vertex -9.875 -35.4458 7.75839
      vertex -9 -38.2458 6.98471
    endloop
  endfacet
  facet normal 0 -0.266334 0.963881
    outer loop
      vertex -13.875 -35.4458 7.75839
      vertex -9 -38.2458 6.98471
      vertex -9.875 -35.4458 7.75839
    endloop
  endfacet
  facet normal 0 -0.26634 0.963879
    outer loop
      vertex -14.625 -35.4458 7.75839
      vertex -13.875 -35.4458 7.75839
      vertex -14.625 -32.5542 8.5574
    endloop
  endfacet
  facet normal 0 -0.266334 0.963881
    outer loop
      vertex -14.625 -35.4458 7.75839
      vertex -9 -38.2458 6.98471
      vertex -13.875 -35.4458 7.75839
    endloop
  endfacet
  facet normal 0 -0.266334 0.963881
    outer loop
      vertex -18.625 -35.4458 7.75839
      vertex -9 -38.2458 6.98471
      vertex -14.625 -35.4458 7.75839
    endloop
  endfacet
  facet normal 0 -0.26634 0.963879
    outer loop
      vertex -19.375 -35.4458 7.75839
      vertex -18.625 -35.4458 7.75839
      vertex -19.375 -32.5542 8.5574
    endloop
  endfacet
  facet normal 0 -0.266334 0.963881
    outer loop
      vertex -19.375 -35.4458 7.75839
      vertex -9 -38.2458 6.98471
      vertex -18.625 -35.4458 7.75839
    endloop
  endfacet
  facet normal 0 -0.266334 0.963881
    outer loop
      vertex -32 -40 6.5
      vertex -19.375 -35.4458 7.75839
      vertex -23.375 -35.4458 7.75839
    endloop
  endfacet
  facet normal 0 -0.26634 0.963879
    outer loop
      vertex -24.125 -35.4458 7.75839
      vertex -23.375 -35.4458 7.75839
      vertex -24.125 -32.5542 8.5574
    endloop
  endfacet
  facet normal 0 -0.266334 0.963881
    outer loop
      vertex -32 -40 6.5
      vertex -23.375 -35.4458 7.75839
      vertex -24.125 -35.4458 7.75839
    endloop
  endfacet
  facet normal 0 -0.266334 0.963881
    outer loop
      vertex -32 -40 6.5
      vertex -24.125 -35.4458 7.75839
      vertex -28.125 -35.4458 7.75839
    endloop
  endfacet
  facet normal 0 -0.266334 0.963881
    outer loop
      vertex -9 -38.2458 6.98471
      vertex -32 -40 6.5
      vertex 32 -40 6.5
    endloop
  endfacet
  facet normal 1.69905e-08 -0.266334 0.963881
    outer loop
      vertex -19.375 -35.4458 7.75839
      vertex -32 -40 6.5
      vertex -9 -38.2458 6.98471
    endloop
  endfacet
  facet normal -1.4834e-05 -0.26634 0.963879
    outer loop
      vertex 26.17 -29.7458 9.33339
      vertex 28.125 -32.5542 8.5574
      vertex 26.17 -26.8542 10.1324
    endloop
  endfacet
  facet normal 0 -0.266331 0.963882
    outer loop
      vertex 26.17 -29.7458 9.33339
      vertex 24.125 -32.5542 8.5574
      vertex 28.125 -32.5542 8.5574
    endloop
  endfacet
  facet normal 0 -0.26634 0.963879
    outer loop
      vertex 24.125 -32.5542 8.5574
      vertex 23.375 -32.5542 8.5574
      vertex 24.125 -35.4458 7.75839
    endloop
  endfacet
  facet normal 0 -0.266331 0.963882
    outer loop
      vertex 22.17 -29.7458 9.33339
      vertex 24.125 -32.5542 8.5574
      vertex 26.17 -29.7458 9.33339
    endloop
  endfacet
  facet normal 0 -0.266331 0.963882
    outer loop
      vertex 24.125 -32.5542 8.5574
      vertex 22.17 -29.7458 9.33339
      vertex 23.375 -32.5542 8.5574
    endloop
  endfacet
  facet normal 0 -0.26634 0.963879
    outer loop
      vertex 21.42 -29.7458 9.33339
      vertex 22.17 -29.7458 9.33339
      vertex 21.42 -26.8542 10.1324
    endloop
  endfacet
  facet normal 0 -0.266331 0.963882
    outer loop
      vertex 21.42 -29.7458 9.33339
      vertex 23.375 -32.5542 8.5574
      vertex 22.17 -29.7458 9.33339
    endloop
  endfacet
  facet normal 0 -0.266331 0.963882
    outer loop
      vertex 21.42 -29.7458 9.33339
      vertex 19.375 -32.5542 8.5574
      vertex 23.375 -32.5542 8.5574
    endloop
  endfacet
  facet normal 0 -0.26634 0.963879
    outer loop
      vertex 19.375 -32.5542 8.5574
      vertex 18.625 -32.5542 8.5574
      vertex 19.375 -35.4458 7.75839
    endloop
  endfacet
  facet normal 0 -0.266331 0.963882
    outer loop
      vertex 17.42 -29.7458 9.33339
      vertex 19.375 -32.5542 8.5574
      vertex 21.42 -29.7458 9.33339
    endloop
  endfacet
  facet normal 0 -0.266331 0.963882
    outer loop
      vertex 19.375 -32.5542 8.5574
      vertex 17.42 -29.7458 9.33339
      vertex 18.625 -32.5542 8.5574
    endloop
  endfacet
  facet normal 0 -0.26634 0.963879
    outer loop
      vertex 16.67 -29.7458 9.33339
      vertex 17.42 -29.7458 9.33339
      vertex 16.67 -26.8542 10.1324
    endloop
  endfacet
  facet normal 0 -0.266331 0.963882
    outer loop
      vertex 16.67 -29.7458 9.33339
      vertex 18.625 -32.5542 8.5574
      vertex 17.42 -29.7458 9.33339
    endloop
  endfacet
  facet normal 0 -0.266331 0.963882
    outer loop
      vertex 16.67 -29.7458 9.33339
      vertex 14.625 -32.5542 8.5574
      vertex 18.625 -32.5542 8.5574
    endloop
  endfacet
  facet normal 0 -0.26634 0.963879
    outer loop
      vertex 14.625 -32.5542 8.5574
      vertex 13.875 -32.5542 8.5574
      vertex 14.625 -35.4458 7.75839
    endloop
  endfacet
  facet normal 0 -0.266331 0.963882
    outer loop
      vertex 12.67 -29.7458 9.33339
      vertex 14.625 -32.5542 8.5574
      vertex 16.67 -29.7458 9.33339
    endloop
  endfacet
  facet normal 0 -0.266331 0.963882
    outer loop
      vertex 14.625 -32.5542 8.5574
      vertex 12.67 -29.7458 9.33339
      vertex 13.875 -32.5542 8.5574
    endloop
  endfacet
  facet normal 0 -0.26634 0.963879
    outer loop
      vertex 11.92 -29.7458 9.33339
      vertex 12.67 -29.7458 9.33339
      vertex 11.92 -26.8542 10.1324
    endloop
  endfacet
  facet normal 0 -0.266331 0.963882
    outer loop
      vertex 11.92 -29.7458 9.33339
      vertex 13.875 -32.5542 8.5574
      vertex 12.67 -29.7458 9.33339
    endloop
  endfacet
  facet normal 0 -0.266331 0.963882
    outer loop
      vertex 11.92 -29.7458 9.33339
      vertex 9.875 -32.5542 8.5574
      vertex 13.875 -32.5542 8.5574
    endloop
  endfacet
  facet normal 0 -0.26634 0.963879
    outer loop
      vertex 9.875 -32.5542 8.5574
      vertex 9.125 -32.5542 8.5574
      vertex 9.875 -35.4458 7.75839
    endloop
  endfacet
  facet normal 0 -0.266331 0.963882
    outer loop
      vertex 7.92 -29.7458 9.33339
      vertex 9.875 -32.5542 8.5574
      vertex 11.92 -29.7458 9.33339
    endloop
  endfacet
  facet normal 0 -0.266331 0.963882
    outer loop
      vertex 9.875 -32.5542 8.5574
      vertex 7.92 -29.7458 9.33339
      vertex 9.125 -32.5542 8.5574
    endloop
  endfacet
  facet normal 0 -0.26634 0.963879
    outer loop
      vertex 7.17 -29.7458 9.33339
      vertex 7.92 -29.7458 9.33339
      vertex 7.17 -26.8542 10.1324
    endloop
  endfacet
  facet normal 0 -0.266331 0.963882
    outer loop
      vertex 7.17 -29.7458 9.33339
      vertex 9.125 -32.5542 8.5574
      vertex 7.92 -29.7458 9.33339
    endloop
  endfacet
  facet normal 0 -0.266331 0.963882
    outer loop
      vertex 7.17 -29.7458 9.33339
      vertex 5.125 -32.5542 8.5574
      vertex 9.125 -32.5542 8.5574
    endloop
  endfacet
  facet normal 0 -0.266337 0.96388
    outer loop
      vertex 5.125 -32.5542 8.5574
      vertex 4.375 -32.5542 8.5574
      vertex 5.125 -35.3542 7.78371
    endloop
  endfacet
  facet normal 0 -0.266331 0.963882
    outer loop
      vertex 3.17 -29.7458 9.33339
      vertex 5.125 -32.5542 8.5574
      vertex 7.17 -29.7458 9.33339
    endloop
  endfacet
  facet normal 0 -0.266331 0.963882
    outer loop
      vertex 5.125 -32.5542 8.5574
      vertex 3.17 -29.7458 9.33339
      vertex 4.375 -32.5542 8.5574
    endloop
  endfacet
  facet normal 0 -0.26634 0.963879
    outer loop
      vertex 2.42 -29.7458 9.33339
      vertex 3.17 -29.7458 9.33339
      vertex 2.42 -26.8542 10.1324
    endloop
  endfacet
  facet normal 0 -0.266331 0.963882
    outer loop
      vertex 2.42 -29.7458 9.33339
      vertex 4.375 -32.5542 8.5574
      vertex 3.17 -29.7458 9.33339
    endloop
  endfacet
  facet normal 0 -0.266331 0.963882
    outer loop
      vertex 2.42 -29.7458 9.33339
      vertex 0.375 -32.5542 8.5574
      vertex 4.375 -32.5542 8.5574
    endloop
  endfacet
  facet normal 0 -0.266337 0.96388
    outer loop
      vertex 0.375 -32.5542 8.5574
      vertex -0.375 -32.5542 8.5574
      vertex 0.375 -35.3542 7.78371
    endloop
  endfacet
  facet normal 0 -0.266331 0.963882
    outer loop
      vertex -1.58 -29.7458 9.33339
      vertex 0.375 -32.5542 8.5574
      vertex 2.42 -29.7458 9.33339
    endloop
  endfacet
  facet normal 0 -0.266331 0.963882
    outer loop
      vertex 0.375 -32.5542 8.5574
      vertex -1.58 -29.7458 9.33339
      vertex -0.375 -32.5542 8.5574
    endloop
  endfacet
  facet normal 0 -0.26634 0.963879
    outer loop
      vertex -2.33 -29.7458 9.33339
      vertex -1.58 -29.7458 9.33339
      vertex -2.33 -26.8542 10.1324
    endloop
  endfacet
  facet normal 0 -0.266331 0.963882
    outer loop
      vertex -2.33 -29.7458 9.33339
      vertex -0.375 -32.5542 8.5574
      vertex -1.58 -29.7458 9.33339
    endloop
  endfacet
  facet normal 0 -0.266331 0.963882
    outer loop
      vertex -2.33 -29.7458 9.33339
      vertex -4.375 -32.5542 8.5574
      vertex -0.375 -32.5542 8.5574
    endloop
  endfacet
  facet normal 0 -0.266337 0.96388
    outer loop
      vertex -4.375 -32.5542 8.5574
      vertex -5.125 -32.5542 8.5574
      vertex -4.375 -35.3542 7.78371
    endloop
  endfacet
  facet normal 0 -0.266331 0.963882
    outer loop
      vertex -6.33 -29.7458 9.33339
      vertex -4.375 -32.5542 8.5574
      vertex -2.33 -29.7458 9.33339
    endloop
  endfacet
  facet normal 0 -0.266331 0.963882
    outer loop
      vertex -4.375 -32.5542 8.5574
      vertex -6.33 -29.7458 9.33339
      vertex -5.125 -32.5542 8.5574
    endloop
  endfacet
  facet normal 0 -0.26634 0.963879
    outer loop
      vertex -7.08 -29.7458 9.33339
      vertex -6.33 -29.7458 9.33339
      vertex -7.08 -26.8542 10.1324
    endloop
  endfacet
  facet normal 0 -0.266331 0.963882
    outer loop
      vertex -7.08 -29.7458 9.33339
      vertex -5.125 -32.5542 8.5574
      vertex -6.33 -29.7458 9.33339
    endloop
  endfacet
  facet normal 0 -0.266331 0.963882
    outer loop
      vertex -7.08 -29.7458 9.33339
      vertex -9.125 -32.5542 8.5574
      vertex -5.125 -32.5542 8.5574
    endloop
  endfacet
  facet normal 0 -0.26634 0.963879
    outer loop
      vertex -9.125 -32.5542 8.5574
      vertex -9.875 -32.5542 8.5574
      vertex -9.125 -35.4458 7.75839
    endloop
  endfacet
  facet normal 0 -0.266331 0.963882
    outer loop
      vertex -11.08 -29.7458 9.33339
      vertex -9.125 -32.5542 8.5574
      vertex -7.08 -29.7458 9.33339
    endloop
  endfacet
  facet normal 0 -0.266331 0.963882
    outer loop
      vertex -9.125 -32.5542 8.5574
      vertex -11.08 -29.7458 9.33339
      vertex -9.875 -32.5542 8.5574
    endloop
  endfacet
  facet normal 0 -0.26634 0.963879
    outer loop
      vertex -11.83 -29.7458 9.33339
      vertex -11.08 -29.7458 9.33339
      vertex -11.83 -26.8542 10.1324
    endloop
  endfacet
  facet normal 0 -0.266331 0.963882
    outer loop
      vertex -11.83 -29.7458 9.33339
      vertex -9.875 -32.5542 8.5574
      vertex -11.08 -29.7458 9.33339
    endloop
  endfacet
  facet normal 0 -0.266331 0.963882
    outer loop
      vertex -11.83 -29.7458 9.33339
      vertex -13.875 -32.5542 8.5574
      vertex -9.875 -32.5542 8.5574
    endloop
  endfacet
  facet normal 0 -0.26634 0.963879
    outer loop
      vertex -13.875 -32.5542 8.5574
      vertex -14.625 -32.5542 8.5574
      vertex -13.875 -35.4458 7.75839
    endloop
  endfacet
  facet normal 0 -0.266331 0.963882
    outer loop
      vertex -15.83 -29.7458 9.33339
      vertex -13.875 -32.5542 8.5574
      vertex -11.83 -29.7458 9.33339
    endloop
  endfacet
  facet normal 0 -0.266331 0.963882
    outer loop
      vertex -13.875 -32.5542 8.5574
      vertex -15.83 -29.7458 9.33339
      vertex -14.625 -32.5542 8.5574
    endloop
  endfacet
  facet normal 0 -0.26634 0.963879
    outer loop
      vertex -16.58 -29.7458 9.33339
      vertex -15.83 -29.7458 9.33339
      vertex -16.58 -26.8542 10.1324
    endloop
  endfacet
  facet normal 0 -0.266331 0.963882
    outer loop
      vertex -16.58 -29.7458 9.33339
      vertex -14.625 -32.5542 8.5574
      vertex -15.83 -29.7458 9.33339
    endloop
  endfacet
  facet normal 0 -0.266331 0.963882
    outer loop
      vertex -16.58 -29.7458 9.33339
      vertex -18.625 -32.5542 8.5574
      vertex -14.625 -32.5542 8.5574
    endloop
  endfacet
  facet normal 0 -0.26634 0.963879
    outer loop
      vertex -18.625 -32.5542 8.5574
      vertex -19.375 -32.5542 8.5574
      vertex -18.625 -35.4458 7.75839
    endloop
  endfacet
  facet normal 0 -0.266331 0.963882
    outer loop
      vertex -20.58 -29.7458 9.33339
      vertex -18.625 -32.5542 8.5574
      vertex -16.58 -29.7458 9.33339
    endloop
  endfacet
  facet normal 0 -0.266331 0.963882
    outer loop
      vertex -18.625 -32.5542 8.5574
      vertex -20.58 -29.7458 9.33339
      vertex -19.375 -32.5542 8.5574
    endloop
  endfacet
  facet normal 0 -0.26634 0.963879
    outer loop
      vertex -21.33 -29.7458 9.33339
      vertex -20.58 -29.7458 9.33339
      vertex -21.33 -26.8542 10.1324
    endloop
  endfacet
  facet normal 0 -0.266331 0.963882
    outer loop
      vertex -21.33 -29.7458 9.33339
      vertex -19.375 -32.5542 8.5574
      vertex -20.58 -29.7458 9.33339
    endloop
  endfacet
  facet normal 0 -0.266331 0.963882
    outer loop
      vertex -21.33 -29.7458 9.33339
      vertex -23.375 -32.5542 8.5574
      vertex -19.375 -32.5542 8.5574
    endloop
  endfacet
  facet normal 0 -0.26634 0.963879
    outer loop
      vertex -23.375 -32.5542 8.5574
      vertex -24.125 -32.5542 8.5574
      vertex -23.375 -35.4458 7.75839
    endloop
  endfacet
  facet normal 0 -0.266331 0.963882
    outer loop
      vertex -25.33 -29.7458 9.33339
      vertex -23.375 -32.5542 8.5574
      vertex -21.33 -29.7458 9.33339
    endloop
  endfacet
  facet normal 0 -0.266331 0.963882
    outer loop
      vertex -23.375 -32.5542 8.5574
      vertex -25.33 -29.7458 9.33339
      vertex -24.125 -32.5542 8.5574
    endloop
  endfacet
  facet normal 0 -0.266331 0.963882
    outer loop
      vertex -24.125 -32.5542 8.5574
      vertex -25.33 -29.7458 9.33339
      vertex -28.125 -32.5542 8.5574
    endloop
  endfacet
  facet normal -2.62776e-06 -0.266333 0.963881
    outer loop
      vertex 24.635 -15.4542 13.2824
      vertex 33 -2 17
      vertex 25.055 -12.6458 14.0584
    endloop
  endfacet
  facet normal 3.73147e-06 -0.266337 0.96388
    outer loop
      vertex 33 -2 17
      vertex 24.635 -15.4542 13.2824
      vertex 24.635 -18.3458 12.4834
    endloop
  endfacet
  facet normal -6.37223e-07 -0.266335 0.963881
    outer loop
      vertex 33 -2 17
      vertex 24.635 -18.3458 12.4834
      vertex 26.17 -26.8542 10.1324
    endloop
  endfacet
  facet normal 3.66754e-06 -0.266334 0.963881
    outer loop
      vertex 24.215 -21.1542 11.7074
      vertex 26.17 -26.8542 10.1324
      vertex 24.635 -18.3458 12.4834
    endloop
  endfacet
  facet normal -5.11516e-06 -0.266337 0.96388
    outer loop
      vertex 24.215 -24.0458 10.9084
      vertex 26.17 -26.8542 10.1324
      vertex 24.215 -21.1542 11.7074
    endloop
  endfacet
  facet normal 0 -0.266334 0.963881
    outer loop
      vertex 24.215 -24.0458 10.9084
      vertex 22.17 -26.8542 10.1324
      vertex 26.17 -26.8542 10.1324
    endloop
  endfacet
  facet normal 0 -0.26634 0.963879
    outer loop
      vertex 22.17 -26.8542 10.1324
      vertex 21.42 -26.8542 10.1324
      vertex 22.17 -29.7458 9.33339
    endloop
  endfacet
  facet normal 0 -0.266334 0.963881
    outer loop
      vertex 20.215 -24.0458 10.9084
      vertex 22.17 -26.8542 10.1324
      vertex 24.215 -24.0458 10.9084
    endloop
  endfacet
  facet normal 0 -0.266334 0.963881
    outer loop
      vertex 22.17 -26.8542 10.1324
      vertex 20.215 -24.0458 10.9084
      vertex 21.42 -26.8542 10.1324
    endloop
  endfacet
  facet normal 0 -0.266334 0.963881
    outer loop
      vertex 19.465 -21.1542 11.7074
      vertex 20.215 -21.1542 11.7074
      vertex 19.885 -18.3458 12.4834
    endloop
  endfacet
  facet normal 0 -0.266337 0.96388
    outer loop
      vertex 20.215 -21.1542 11.7074
      vertex 19.465 -21.1542 11.7074
      vertex 20.215 -24.0458 10.9084
    endloop
  endfacet
  facet normal 0 -0.266337 0.96388
    outer loop
      vertex 19.465 -24.0458 10.9084
      vertex 20.215 -24.0458 10.9084
      vertex 19.465 -21.1542 11.7074
    endloop
  endfacet
  facet normal 0 -0.266334 0.963881
    outer loop
      vertex 19.465 -24.0458 10.9084
      vertex 21.42 -26.8542 10.1324
      vertex 20.215 -24.0458 10.9084
    endloop
  endfacet
  facet normal 0 -0.266334 0.963881
    outer loop
      vertex 19.465 -24.0458 10.9084
      vertex 17.42 -26.8542 10.1324
      vertex 21.42 -26.8542 10.1324
    endloop
  endfacet
  facet normal 0 -0.26634 0.963879
    outer loop
      vertex 17.42 -26.8542 10.1324
      vertex 16.67 -26.8542 10.1324
      vertex 17.42 -29.7458 9.33339
    endloop
  endfacet
  facet normal 0 -0.266334 0.963881
    outer loop
      vertex 15.465 -24.0458 10.9084
      vertex 17.42 -26.8542 10.1324
      vertex 19.465 -24.0458 10.9084
    endloop
  endfacet
  facet normal 0 -0.266334 0.963881
    outer loop
      vertex 17.42 -26.8542 10.1324
      vertex 15.465 -24.0458 10.9084
      vertex 16.67 -26.8542 10.1324
    endloop
  endfacet
  facet normal 0 -0.266337 0.96388
    outer loop
      vertex 14.715 -24.0458 10.9084
      vertex 15.465 -24.0458 10.9084
      vertex 14.715 -21.1542 11.7074
    endloop
  endfacet
  facet normal 0 -0.266334 0.963881
    outer loop
      vertex 14.715 -24.0458 10.9084
      vertex 16.67 -26.8542 10.1324
      vertex 15.465 -24.0458 10.9084
    endloop
  endfacet
  facet normal 0 -0.266334 0.963881
    outer loop
      vertex 14.715 -24.0458 10.9084
      vertex 12.67 -26.8542 10.1324
      vertex 16.67 -26.8542 10.1324
    endloop
  endfacet
  facet normal 0 -0.26634 0.963879
    outer loop
      vertex 12.67 -26.8542 10.1324
      vertex 11.92 -26.8542 10.1324
      vertex 12.67 -29.7458 9.33339
    endloop
  endfacet
  facet normal 0 -0.266334 0.963881
    outer loop
      vertex 10.715 -24.0458 10.9084
      vertex 12.67 -26.8542 10.1324
      vertex 14.715 -24.0458 10.9084
    endloop
  endfacet
  facet normal 0 -0.266334 0.963881
    outer loop
      vertex 12.67 -26.8542 10.1324
      vertex 10.715 -24.0458 10.9084
      vertex 11.92 -26.8542 10.1324
    endloop
  endfacet
  facet normal 0 -0.266334 0.963881
    outer loop
      vertex 9.965 -21.1542 11.7074
      vertex 10.715 -21.1542 11.7074
      vertex 10.385 -18.3458 12.4834
    endloop
  endfacet
  facet normal 0 -0.266337 0.96388
    outer loop
      vertex 10.715 -21.1542 11.7074
      vertex 9.965 -21.1542 11.7074
      vertex 10.715 -24.0458 10.9084
    endloop
  endfacet
  facet normal 0 -0.266337 0.96388
    outer loop
      vertex 9.965 -24.0458 10.9084
      vertex 10.715 -24.0458 10.9084
      vertex 9.965 -21.1542 11.7074
    endloop
  endfacet
  facet normal 0 -0.266334 0.963881
    outer loop
      vertex 9.965 -24.0458 10.9084
      vertex 11.92 -26.8542 10.1324
      vertex 10.715 -24.0458 10.9084
    endloop
  endfacet
  facet normal 0 -0.266334 0.963881
    outer loop
      vertex 9.965 -24.0458 10.9084
      vertex 7.92 -26.8542 10.1324
      vertex 11.92 -26.8542 10.1324
    endloop
  endfacet
  facet normal 0 -0.26634 0.963879
    outer loop
      vertex 7.92 -26.8542 10.1324
      vertex 7.17 -26.8542 10.1324
      vertex 7.92 -29.7458 9.33339
    endloop
  endfacet
  facet normal 0 -0.266334 0.963881
    outer loop
      vertex 5.965 -24.0458 10.9084
      vertex 7.92 -26.8542 10.1324
      vertex 9.965 -24.0458 10.9084
    endloop
  endfacet
  facet normal 0 -0.266334 0.963881
    outer loop
      vertex 7.92 -26.8542 10.1324
      vertex 5.965 -24.0458 10.9084
      vertex 7.17 -26.8542 10.1324
    endloop
  endfacet
  facet normal 0 -0.266334 0.963881
    outer loop
      vertex 5.215 -21.1542 11.7074
      vertex 5.965 -21.1542 11.7074
      vertex 5.635 -18.3458 12.4834
    endloop
  endfacet
  facet normal 0 -0.266337 0.96388
    outer loop
      vertex 5.965 -21.1542 11.7074
      vertex 5.215 -21.1542 11.7074
      vertex 5.965 -24.0458 10.9084
    endloop
  endfacet
  facet normal 0 -0.266337 0.96388
    outer loop
      vertex 5.215 -24.0458 10.9084
      vertex 5.965 -24.0458 10.9084
      vertex 5.215 -21.1542 11.7074
    endloop
  endfacet
  facet normal 0 -0.266334 0.963881
    outer loop
      vertex 5.215 -24.0458 10.9084
      vertex 7.17 -26.8542 10.1324
      vertex 5.965 -24.0458 10.9084
    endloop
  endfacet
  facet normal 0 -0.266334 0.963881
    outer loop
      vertex 5.215 -24.0458 10.9084
      vertex 3.17 -26.8542 10.1324
      vertex 7.17 -26.8542 10.1324
    endloop
  endfacet
  facet normal 0 -0.26634 0.963879
    outer loop
      vertex 3.17 -26.8542 10.1324
      vertex 2.42 -26.8542 10.1324
      vertex 3.17 -29.7458 9.33339
    endloop
  endfacet
  facet normal 0 -0.266334 0.963881
    outer loop
      vertex 1.215 -24.0458 10.9084
      vertex 3.17 -26.8542 10.1324
      vertex 5.215 -24.0458 10.9084
    endloop
  endfacet
  facet normal 0 -0.266334 0.963881
    outer loop
      vertex 3.17 -26.8542 10.1324
      vertex 1.215 -24.0458 10.9084
      vertex 2.42 -26.8542 10.1324
    endloop
  endfacet
  facet normal 0 -0.266334 0.963881
    outer loop
      vertex 0.464999 -21.1542 11.7074
      vertex 1.215 -21.1542 11.7074
      vertex 0.884999 -18.3458 12.4834
    endloop
  endfacet
  facet normal 0 -0.266337 0.96388
    outer loop
      vertex 1.215 -21.1542 11.7074
      vertex 0.464999 -21.1542 11.7074
      vertex 1.215 -24.0458 10.9084
    endloop
  endfacet
  facet normal 0 -0.266337 0.96388
    outer loop
      vertex 0.464999 -24.0458 10.9084
      vertex 1.215 -24.0458 10.9084
      vertex 0.464999 -21.1542 11.7074
    endloop
  endfacet
  facet normal 0 -0.266334 0.963881
    outer loop
      vertex 0.464999 -24.0458 10.9084
      vertex 2.42 -26.8542 10.1324
      vertex 1.215 -24.0458 10.9084
    endloop
  endfacet
  facet normal 0 -0.266334 0.963881
    outer loop
      vertex 0.464999 -24.0458 10.9084
      vertex -1.58 -26.8542 10.1324
      vertex 2.42 -26.8542 10.1324
    endloop
  endfacet
  facet normal 0 -0.26634 0.963879
    outer loop
      vertex -1.58 -26.8542 10.1324
      vertex -2.33 -26.8542 10.1324
      vertex -1.58 -29.7458 9.33339
    endloop
  endfacet
  facet normal 0 -0.266334 0.963881
    outer loop
      vertex -3.535 -24.0458 10.9084
      vertex -1.58 -26.8542 10.1324
      vertex 0.464999 -24.0458 10.9084
    endloop
  endfacet
  facet normal 0 -0.266334 0.963881
    outer loop
      vertex -1.58 -26.8542 10.1324
      vertex -3.535 -24.0458 10.9084
      vertex -2.33 -26.8542 10.1324
    endloop
  endfacet
  facet normal 0 -0.266334 0.963881
    outer loop
      vertex -4.285 -21.1542 11.7074
      vertex -3.535 -21.1542 11.7074
      vertex -3.865 -18.3458 12.4834
    endloop
  endfacet
  facet normal 0 -0.266337 0.96388
    outer loop
      vertex -3.535 -21.1542 11.7074
      vertex -4.285 -21.1542 11.7074
      vertex -3.535 -24.0458 10.9084
    endloop
  endfacet
  facet normal 0 -0.266337 0.96388
    outer loop
      vertex -4.285 -24.0458 10.9084
      vertex -3.535 -24.0458 10.9084
      vertex -4.285 -21.1542 11.7074
    endloop
  endfacet
  facet normal 0 -0.266334 0.963881
    outer loop
      vertex -4.285 -24.0458 10.9084
      vertex -2.33 -26.8542 10.1324
      vertex -3.535 -24.0458 10.9084
    endloop
  endfacet
  facet normal 0 -0.266334 0.963881
    outer loop
      vertex -4.285 -24.0458 10.9084
      vertex -6.33 -26.8542 10.1324
      vertex -2.33 -26.8542 10.1324
    endloop
  endfacet
  facet normal 0 -0.26634 0.963879
    outer loop
      vertex -6.33 -26.8542 10.1324
      vertex -7.08 -26.8542 10.1324
      vertex -6.33 -29.7458 9.33339
    endloop
  endfacet
  facet normal 0 -0.266334 0.963881
    outer loop
      vertex -8.285 -24.0458 10.9084
      vertex -6.33 -26.8542 10.1324
      vertex -4.285 -24.0458 10.9084
    endloop
  endfacet
  facet normal 0 -0.266334 0.963881
    outer loop
      vertex -6.33 -26.8542 10.1324
      vertex -8.285 -24.0458 10.9084
      vertex -7.08 -26.8542 10.1324
    endloop
  endfacet
  facet normal 0 -0.266334 0.963881
    outer loop
      vertex -9.035 -21.1542 11.7074
      vertex -8.285 -21.1542 11.7074
      vertex -8.615 -18.3458 12.4834
    endloop
  endfacet
  facet normal 0 -0.266337 0.96388
    outer loop
      vertex -8.285 -21.1542 11.7074
      vertex -9.035 -21.1542 11.7074
      vertex -8.285 -24.0458 10.9084
    endloop
  endfacet
  facet normal 0 -0.266337 0.96388
    outer loop
      vertex -9.035 -24.0458 10.9084
      vertex -8.285 -24.0458 10.9084
      vertex -9.035 -21.1542 11.7074
    endloop
  endfacet
  facet normal 0 -0.266334 0.963881
    outer loop
      vertex -9.035 -24.0458 10.9084
      vertex -7.08 -26.8542 10.1324
      vertex -8.285 -24.0458 10.9084
    endloop
  endfacet
  facet normal 0 -0.266334 0.963881
    outer loop
      vertex -9.035 -24.0458 10.9084
      vertex -11.08 -26.8542 10.1324
      vertex -7.08 -26.8542 10.1324
    endloop
  endfacet
  facet normal 0 -0.26634 0.963879
    outer loop
      vertex -11.08 -26.8542 10.1324
      vertex -11.83 -26.8542 10.1324
      vertex -11.08 -29.7458 9.33339
    endloop
  endfacet
  facet normal 0 -0.266334 0.963881
    outer loop
      vertex -13.035 -24.0458 10.9084
      vertex -11.08 -26.8542 10.1324
      vertex -9.035 -24.0458 10.9084
    endloop
  endfacet
  facet normal 0 -0.266334 0.963881
    outer loop
      vertex -11.08 -26.8542 10.1324
      vertex -13.035 -24.0458 10.9084
      vertex -11.83 -26.8542 10.1324
    endloop
  endfacet
  facet normal 0 -0.266334 0.963881
    outer loop
      vertex -13.785 -21.1542 11.7074
      vertex -13.035 -21.1542 11.7074
      vertex -13.365 -18.3458 12.4834
    endloop
  endfacet
  facet normal 0 -0.266337 0.96388
    outer loop
      vertex -13.035 -21.1542 11.7074
      vertex -13.785 -21.1542 11.7074
      vertex -13.035 -24.0458 10.9084
    endloop
  endfacet
  facet normal 0 -0.266337 0.96388
    outer loop
      vertex -13.785 -24.0458 10.9084
      vertex -13.035 -24.0458 10.9084
      vertex -13.785 -21.1542 11.7074
    endloop
  endfacet
  facet normal 0 -0.266334 0.963881
    outer loop
      vertex -13.785 -24.0458 10.9084
      vertex -11.83 -26.8542 10.1324
      vertex -13.035 -24.0458 10.9084
    endloop
  endfacet
  facet normal 0 -0.266334 0.963881
    outer loop
      vertex -13.785 -24.0458 10.9084
      vertex -15.83 -26.8542 10.1324
      vertex -11.83 -26.8542 10.1324
    endloop
  endfacet
  facet normal 0 -0.26634 0.963879
    outer loop
      vertex -15.83 -26.8542 10.1324
      vertex -16.58 -26.8542 10.1324
      vertex -15.83 -29.7458 9.33339
    endloop
  endfacet
  facet normal 0 -0.266334 0.963881
    outer loop
      vertex -17.785 -24.0458 10.9084
      vertex -15.83 -26.8542 10.1324
      vertex -13.785 -24.0458 10.9084
    endloop
  endfacet
  facet normal 0 -0.266334 0.963881
    outer loop
      vertex -15.83 -26.8542 10.1324
      vertex -17.785 -24.0458 10.9084
      vertex -16.58 -26.8542 10.1324
    endloop
  endfacet
  facet normal 0 -0.266334 0.963881
    outer loop
      vertex -18.535 -21.1542 11.7074
      vertex -17.785 -21.1542 11.7074
      vertex -18.115 -18.3458 12.4834
    endloop
  endfacet
  facet normal 0 -0.266337 0.96388
    outer loop
      vertex -17.785 -21.1542 11.7074
      vertex -18.535 -21.1542 11.7074
      vertex -17.785 -24.0458 10.9084
    endloop
  endfacet
  facet normal 0 -0.266337 0.96388
    outer loop
      vertex -18.535 -24.0458 10.9084
      vertex -17.785 -24.0458 10.9084
      vertex -18.535 -21.1542 11.7074
    endloop
  endfacet
  facet normal 0 -0.266334 0.963881
    outer loop
      vertex -18.535 -24.0458 10.9084
      vertex -16.58 -26.8542 10.1324
      vertex -17.785 -24.0458 10.9084
    endloop
  endfacet
  facet normal 0 -0.266334 0.963881
    outer loop
      vertex -18.535 -24.0458 10.9084
      vertex -20.58 -26.8542 10.1324
      vertex -16.58 -26.8542 10.1324
    endloop
  endfacet
  facet normal 0 -0.26634 0.963879
    outer loop
      vertex -20.58 -26.8542 10.1324
      vertex -21.33 -26.8542 10.1324
      vertex -20.58 -29.7458 9.33339
    endloop
  endfacet
  facet normal 0 -0.266334 0.963881
    outer loop
      vertex -22.535 -24.0458 10.9084
      vertex -20.58 -26.8542 10.1324
      vertex -18.535 -24.0458 10.9084
    endloop
  endfacet
  facet normal 0 -0.266334 0.963881
    outer loop
      vertex -20.58 -26.8542 10.1324
      vertex -22.535 -24.0458 10.9084
      vertex -21.33 -26.8542 10.1324
    endloop
  endfacet
  facet normal 0 -0.266334 0.963881
    outer loop
      vertex -21.33 -26.8542 10.1324
      vertex -22.535 -24.0458 10.9084
      vertex -25.33 -26.8542 10.1324
    endloop
  endfacet
  facet normal 0 -0.266337 0.96388
    outer loop
      vertex 5.125 -35.3542 7.78371
      vertex 4.375 -32.5542 8.5574
      vertex 4.375 -35.3542 7.78371
    endloop
  endfacet
  facet normal 0 -0.266337 0.96388
    outer loop
      vertex 0.375 -35.3542 7.78371
      vertex -0.375 -32.5542 8.5574
      vertex -0.375 -35.3542 7.78371
    endloop
  endfacet
  facet normal 0 -0.266337 0.96388
    outer loop
      vertex -4.375 -35.3542 7.78371
      vertex -5.125 -32.5542 8.5574
      vertex -5.125 -35.3542 7.78371
    endloop
  endfacet
  facet normal 0.999654 -0.0263067 0
    outer loop
      vertex 32 -40 6.5
      vertex 33 -2 3
      vertex 33 -2 17
    endloop
  endfacet
  facet normal 0.999654 -0.0263067 0
    outer loop
      vertex 32 -40 5.5
      vertex 33 -2 3
      vertex 32 -40 6.5
    endloop
  endfacet
  facet normal 0.999654 -0.0263067 0
    outer loop
      vertex 33 -2 3
      vertex 32 -40 5.5
      vertex 32 -40 3
    endloop
  endfacet
  facet normal 0 -1 0
    outer loop
      vertex -32 -40 5.5
      vertex 32 -40 6.5
      vertex -32 -40 6.5
    endloop
  endfacet
  facet normal 0 -1 -0
    outer loop
      vertex 32 -40 6.5
      vertex -32 -40 5.5
      vertex 32 -40 5.5
    endloop
  endfacet
  facet normal -0.999654 -0.0263067 -0
    outer loop
      vertex -32 -40 5.5
      vertex -33 -2 3
      vertex -32 -40 3
    endloop
  endfacet
  facet normal -0.999654 -0.0263067 -0
    outer loop
      vertex -32 -40 6.5
      vertex -33 -2 3
      vertex -32 -40 5.5
    endloop
  endfacet
  facet normal -0.999654 -0.0263067 0
    outer loop
      vertex -33 -2 3
      vertex -32 -40 6.5
      vertex -33 -2 17
    endloop
  endfacet
  facet normal 1 -0 0
    outer loop
      vertex 32 -41.4 5.5
      vertex 32 -40 3
      vertex 32 -40 5.5
    endloop
  endfacet
  facet normal 1 0 0
    outer loop
      vertex 32 -40 3
      vertex 32 -41.4 5.5
      vertex 32 -41.4 3
    endloop
  endfacet
  facet normal -0 0 1
    outer loop
      vertex -32 -40 5.5
      vertex 32 -41.4 5.5
      vertex 32 -40 5.5
    endloop
  endfacet
  facet normal 0 0 1
    outer loop
      vertex 32 -41.4 5.5
      vertex -32 -40 5.5
      vertex -32 -41.4 5.5
    endloop
  endfacet
  facet normal -1 0 0
    outer loop
      vertex -32 -41.4 3
      vertex -32 -40 5.5
      vertex -32 -40 3
    endloop
  endfacet
  facet normal -1 -0 0
    outer loop
      vertex -32 -40 5.5
      vertex -32 -41.4 3
      vertex -32 -41.4 5.5
    endloop
  endfacet
  facet normal 0 -1 0
    outer loop
      vertex -32 -41.4 3
      vertex 32 -41.4 5.5
      vertex -32 -41.4 5.5
    endloop
  endfacet
  facet normal 0 -1 -0
    outer loop
      vertex 32 -41.4 5.5
      vertex -32 -41.4 3
      vertex 32 -41.4 3
    endloop
  endfacet
  facet normal -0.0654873 0 0.997853
    outer loop
      vertex 22.9 -1.1 24
      vertex 23.2916 -2 24.0257
      vertex 23.2916 -1.1 24.0257
    endloop
  endfacet
  facet normal -0.0654873 0 0.997853
    outer loop
      vertex 23.2916 -2 24.0257
      vertex 22.9 -1.1 24
      vertex 22.9 -2 24
    endloop
  endfacet
  facet normal -0.19494 0 -0.980815
    outer loop
      vertex 23.2916 -2 53.1743
      vertex 23.6765 -1.1 53.0978
      vertex 23.6765 -2 53.0978
    endloop
  endfacet
  facet normal -0.19494 0 -0.980815
    outer loop
      vertex 23.6765 -1.1 53.0978
      vertex 23.2916 -2 53.1743
      vertex 23.2916 -1.1 53.1743
    endloop
  endfacet
  facet normal -0.321651 0 0.946858
    outer loop
      vertex 23.6765 -1.1 24.1022
      vertex 24.048 -2 24.2284
      vertex 24.048 -1.1 24.2284
    endloop
  endfacet
  facet normal -0.321651 0 0.946858
    outer loop
      vertex 24.048 -2 24.2284
      vertex 23.6765 -1.1 24.1022
      vertex 23.6765 -2 24.1022
    endloop
  endfacet
  facet normal -0.19494 0 0.980815
    outer loop
      vertex 23.2916 -1.1 24.0257
      vertex 23.6765 -2 24.1022
      vertex 23.6765 -1.1 24.1022
    endloop
  endfacet
  facet normal -0.19494 0 0.980815
    outer loop
      vertex 23.6765 -2 24.1022
      vertex 23.2916 -1.1 24.0257
      vertex 23.2916 -2 24.0257
    endloop
  endfacet
  facet normal 0.321651 0 0.946858
    outer loop
      vertex -24.048 -1.1 24.2284
      vertex -23.6765 -2 24.1022
      vertex -23.6765 -1.1 24.1022
    endloop
  endfacet
  facet normal 0.321651 0 0.946858
    outer loop
      vertex -23.6765 -2 24.1022
      vertex -24.048 -1.1 24.2284
      vertex -24.048 -2 24.2284
    endloop
  endfacet
  facet normal 0.980815 -0 0.19494
    outer loop
      vertex -25.8743 -2 26.6084
      vertex -25.7978 -1.1 26.2235
      vertex -25.8743 -1.1 26.6084
    endloop
  endfacet
  facet normal 0.980815 0 0.19494
    outer loop
      vertex -25.7978 -1.1 26.2235
      vertex -25.8743 -2 26.6084
      vertex -25.7978 -2 26.2235
    endloop
  endfacet
  facet normal -0.946885 0 -0.321574
    outer loop
      vertex 25.7978 -2 50.9764
      vertex 25.6716 -1.1 51.348
      vertex 25.7978 -1.1 50.9764
    endloop
  endfacet
  facet normal -0.946885 -0 -0.321574
    outer loop
      vertex 25.6716 -1.1 51.348
      vertex 25.7978 -2 50.9764
      vertex 25.6716 -2 51.348
    endloop
  endfacet
  facet normal 0.0654873 0 0.997853
    outer loop
      vertex -23.2916 -1.1 24.0257
      vertex -22.9 -2 24
      vertex -22.9 -1.1 24
    endloop
  endfacet
  facet normal 0.0654873 0 0.997853
    outer loop
      vertex -22.9 -2 24
      vertex -23.2916 -1.1 24.0257
      vertex -23.2916 -2 24.0257
    endloop
  endfacet
  facet normal -0 0 1
    outer loop
      vertex -22.9 -1.1 24
      vertex 22.9 -2 24
      vertex 22.9 -1.1 24
    endloop
  endfacet
  facet normal 0 0 1
    outer loop
      vertex 22.9 -2 24
      vertex -22.9 -1.1 24
      vertex -22.9 -2 24
    endloop
  endfacet
  facet normal 0.946858 -0 0.321651
    outer loop
      vertex -25.7978 -2 26.2235
      vertex -25.6716 -1.1 25.852
      vertex -25.7978 -1.1 26.2235
    endloop
  endfacet
  facet normal 0.946858 0 0.321651
    outer loop
      vertex -25.6716 -1.1 25.852
      vertex -25.7978 -2 26.2235
      vertex -25.6716 -2 25.852
    endloop
  endfacet
  facet normal -0.659478 0 -0.751724
    outer loop
      vertex 24.7263 -2 52.5801
      vertex 25.0213 -1.1 52.3213
      vertex 25.0213 -2 52.3213
    endloop
  endfacet
  facet normal -0.659478 0 -0.751724
    outer loop
      vertex 25.0213 -1.1 52.3213
      vertex 24.7263 -2 52.5801
      vertex 24.7263 -1.1 52.5801
    endloop
  endfacet
  facet normal 0.980806 0 -0.194989
    outer loop
      vertex -25.7978 -2 50.9764
      vertex -25.8743 -1.1 50.5916
      vertex -25.7978 -1.1 50.9764
    endloop
  endfacet
  facet normal 0.980806 0 -0.194989
    outer loop
      vertex -25.8743 -1.1 50.5916
      vertex -25.7978 -2 50.9764
      vertex -25.8743 -2 50.5916
    endloop
  endfacet
  facet normal -0.997853 0 0.0654873
    outer loop
      vertex 25.8743 -2 26.6084
      vertex 25.9 -1.1 27
      vertex 25.8743 -1.1 26.6084
    endloop
  endfacet
  facet normal -0.997853 0 0.0654873
    outer loop
      vertex 25.9 -1.1 27
      vertex 25.8743 -2 26.6084
      vertex 25.9 -2 27
    endloop
  endfacet
  facet normal 1 -0 0
    outer loop
      vertex -25.9 -2 50.2
      vertex -25.9 -1.1 27
      vertex -25.9 -1.1 50.2
    endloop
  endfacet
  facet normal 1 0 0
    outer loop
      vertex -25.9 -1.1 27
      vertex -25.9 -2 50.2
      vertex -25.9 -2 27
    endloop
  endfacet
  facet normal 0.44211 0 0.896961
    outer loop
      vertex -24.4 -1.1 24.4019
      vertex -24.048 -2 24.2284
      vertex -24.048 -1.1 24.2284
    endloop
  endfacet
  facet normal 0.44211 0 0.896961
    outer loop
      vertex -24.048 -2 24.2284
      vertex -24.4 -1.1 24.4019
      vertex -24.4 -2 24.4019
    endloop
  endfacet
  facet normal -1 0 0
    outer loop
      vertex 25.9 -2 27
      vertex 25.9 -1.1 50.2
      vertex 25.9 -1.1 27
    endloop
  endfacet
  facet normal -1 -0 0
    outer loop
      vertex 25.9 -1.1 50.2
      vertex 25.9 -2 27
      vertex 25.9 -2 50.2
    endloop
  endfacet
  facet normal -0.321651 0 -0.946858
    outer loop
      vertex 23.6765 -2 53.0978
      vertex 24.048 -1.1 52.9716
      vertex 24.048 -2 52.9716
    endloop
  endfacet
  facet normal -0.321651 0 -0.946858
    outer loop
      vertex 24.048 -1.1 52.9716
      vertex 23.6765 -2 53.0978
      vertex 23.6765 -1.1 53.0978
    endloop
  endfacet
  facet normal 0.751724 0 -0.659478
    outer loop
      vertex -25.0213 -2 52.3213
      vertex -25.2801 -1.1 52.0263
      vertex -25.0213 -1.1 52.3213
    endloop
  endfacet
  facet normal 0.751724 0 -0.659478
    outer loop
      vertex -25.2801 -1.1 52.0263
      vertex -25.0213 -2 52.3213
      vertex -25.2801 -2 52.0263
    endloop
  endfacet
  facet normal 0.659478 0 0.751724
    outer loop
      vertex -25.0213 -1.1 24.8787
      vertex -24.7263 -2 24.6199
      vertex -24.7263 -1.1 24.6199
    endloop
  endfacet
  facet normal 0.659478 0 0.751724
    outer loop
      vertex -24.7263 -2 24.6199
      vertex -25.0213 -1.1 24.8787
      vertex -25.0213 -2 24.8787
    endloop
  endfacet
  facet normal -0.980806 0 -0.194989
    outer loop
      vertex 25.8743 -2 50.5916
      vertex 25.7978 -1.1 50.9764
      vertex 25.8743 -1.1 50.5916
    endloop
  endfacet
  facet normal -0.980806 -0 -0.194989
    outer loop
      vertex 25.7978 -1.1 50.9764
      vertex 25.8743 -2 50.5916
      vertex 25.7978 -2 50.9764
    endloop
  endfacet
  facet normal 0.19494 0 -0.980815
    outer loop
      vertex -23.6765 -2 53.0978
      vertex -23.2916 -1.1 53.1743
      vertex -23.2916 -2 53.1743
    endloop
  endfacet
  facet normal 0.19494 0 -0.980815
    outer loop
      vertex -23.2916 -1.1 53.1743
      vertex -23.6765 -2 53.0978
      vertex -23.6765 -1.1 53.0978
    endloop
  endfacet
  facet normal 0.555523 0 -0.831501
    outer loop
      vertex -24.7263 -2 52.5801
      vertex -24.4 -1.1 52.7981
      vertex -24.4 -2 52.7981
    endloop
  endfacet
  facet normal 0.555523 0 -0.831501
    outer loop
      vertex -24.4 -1.1 52.7981
      vertex -24.7263 -2 52.5801
      vertex -24.7263 -1.1 52.5801
    endloop
  endfacet
  facet normal 0 0 -1
    outer loop
      vertex -22.9 -2 53.2
      vertex 22.9 -1.1 53.2
      vertex 22.9 -2 53.2
    endloop
  endfacet
  facet normal -0 0 -1
    outer loop
      vertex 22.9 -1.1 53.2
      vertex -22.9 -2 53.2
      vertex -22.9 -1.1 53.2
    endloop
  endfacet
  facet normal -0.555523 0 0.831501
    outer loop
      vertex 24.4 -1.1 24.4019
      vertex 24.7263 -2 24.6199
      vertex 24.7263 -1.1 24.6199
    endloop
  endfacet
  facet normal -0.555523 0 0.831501
    outer loop
      vertex 24.7263 -2 24.6199
      vertex 24.4 -1.1 24.4019
      vertex 24.4 -2 24.4019
    endloop
  endfacet
  facet normal 0.831501 0 -0.555523
    outer loop
      vertex -25.2801 -2 52.0263
      vertex -25.4981 -1.1 51.7
      vertex -25.2801 -1.1 52.0263
    endloop
  endfacet
  facet normal 0.831501 0 -0.555523
    outer loop
      vertex -25.4981 -1.1 51.7
      vertex -25.2801 -2 52.0263
      vertex -25.4981 -2 51.7
    endloop
  endfacet
  facet normal 0.19494 0 0.980815
    outer loop
      vertex -23.6765 -1.1 24.1022
      vertex -23.2916 -2 24.0257
      vertex -23.2916 -1.1 24.0257
    endloop
  endfacet
  facet normal 0.19494 0 0.980815
    outer loop
      vertex -23.2916 -2 24.0257
      vertex -23.6765 -1.1 24.1022
      vertex -23.6765 -2 24.1022
    endloop
  endfacet
  facet normal 0.44211 0 -0.896961
    outer loop
      vertex -24.4 -2 52.7981
      vertex -24.048 -1.1 52.9716
      vertex -24.048 -2 52.9716
    endloop
  endfacet
  facet normal 0.44211 0 -0.896961
    outer loop
      vertex -24.048 -1.1 52.9716
      vertex -24.4 -2 52.7981
      vertex -24.4 -1.1 52.7981
    endloop
  endfacet
  facet normal 0.0654873 0 -0.997853
    outer loop
      vertex -23.2916 -2 53.1743
      vertex -22.9 -1.1 53.2
      vertex -22.9 -2 53.2
    endloop
  endfacet
  facet normal 0.0654873 0 -0.997853
    outer loop
      vertex -22.9 -1.1 53.2
      vertex -23.2916 -2 53.1743
      vertex -23.2916 -1.1 53.1743
    endloop
  endfacet
  facet normal 0.751724 -0 0.659478
    outer loop
      vertex -25.2801 -2 25.1737
      vertex -25.0213 -1.1 24.8787
      vertex -25.2801 -1.1 25.1737
    endloop
  endfacet
  facet normal 0.751724 0 0.659478
    outer loop
      vertex -25.0213 -1.1 24.8787
      vertex -25.2801 -2 25.1737
      vertex -25.0213 -2 24.8787
    endloop
  endfacet
  facet normal -0.831501 0 -0.555523
    outer loop
      vertex 25.4981 -2 51.7
      vertex 25.2801 -1.1 52.0263
      vertex 25.4981 -1.1 51.7
    endloop
  endfacet
  facet normal -0.831501 -0 -0.555523
    outer loop
      vertex 25.2801 -1.1 52.0263
      vertex 25.4981 -2 51.7
      vertex 25.2801 -2 52.0263
    endloop
  endfacet
  facet normal 0 -1 0
    outer loop
      vertex -25.9 -1.1 50.2
      vertex -22.9 -1.1 53.2
      vertex -23.2916 -1.1 53.1743
    endloop
  endfacet
  facet normal 0 -1 0
    outer loop
      vertex -22.9 -1.1 53.2
      vertex -22.9 -1.1 24
      vertex 22.9 -1.1 53.2
    endloop
  endfacet
  facet normal 0 -1 0
    outer loop
      vertex -25.9 -1.1 50.2
      vertex -23.2916 -1.1 53.1743
      vertex -23.6765 -1.1 53.0978
    endloop
  endfacet
  facet normal 0 -1 0
    outer loop
      vertex 22.9 -1.1 24
      vertex 22.9 -1.1 53.2
      vertex -22.9 -1.1 24
    endloop
  endfacet
  facet normal 0 -1 0
    outer loop
      vertex -25.9 -1.1 50.2
      vertex -23.6765 -1.1 53.0978
      vertex -24.048 -1.1 52.9716
    endloop
  endfacet
  facet normal -0 -1 0
    outer loop
      vertex 25.9 -1.1 50.2
      vertex 22.9 -1.1 53.2
      vertex 22.9 -1.1 24
    endloop
  endfacet
  facet normal 0 -1 0
    outer loop
      vertex -25.9 -1.1 50.2
      vertex -24.048 -1.1 52.9716
      vertex -24.4 -1.1 52.7981
    endloop
  endfacet
  facet normal 0 -1 0
    outer loop
      vertex 22.9 -1.1 53.2
      vertex 25.9 -1.1 50.2
      vertex 23.2916 -1.1 53.1743
    endloop
  endfacet
  facet normal 0 -1 0
    outer loop
      vertex -25.9 -1.1 50.2
      vertex -24.4 -1.1 52.7981
      vertex -24.7263 -1.1 52.5801
    endloop
  endfacet
  facet normal 0 -1 0
    outer loop
      vertex 23.2916 -1.1 53.1743
      vertex 25.9 -1.1 50.2
      vertex 23.6765 -1.1 53.0978
    endloop
  endfacet
  facet normal 0 -1 0
    outer loop
      vertex -25.9 -1.1 50.2
      vertex -24.7263 -1.1 52.5801
      vertex -25.0213 -1.1 52.3213
    endloop
  endfacet
  facet normal 0 -1 -0
    outer loop
      vertex -22.9 -1.1 53.2
      vertex -25.9 -1.1 50.2
      vertex -22.9 -1.1 24
    endloop
  endfacet
  facet normal 0 -1 0
    outer loop
      vertex -25.9 -1.1 50.2
      vertex -25.0213 -1.1 52.3213
      vertex -25.2801 -1.1 52.0263
    endloop
  endfacet
  facet normal 0 -1 0
    outer loop
      vertex 23.6765 -1.1 53.0978
      vertex 25.9 -1.1 50.2
      vertex 24.048 -1.1 52.9716
    endloop
  endfacet
  facet normal 0 -1 0
    outer loop
      vertex -25.9 -1.1 50.2
      vertex -25.2801 -1.1 52.0263
      vertex -25.4981 -1.1 51.7
    endloop
  endfacet
  facet normal 0 -1 0
    outer loop
      vertex 24.7263 -1.1 52.5801
      vertex 25.9 -1.1 50.2
      vertex 25.0213 -1.1 52.3213
    endloop
  endfacet
  facet normal 0 -1 0
    outer loop
      vertex -25.9 -1.1 50.2
      vertex -25.4981 -1.1 51.7
      vertex -25.6716 -1.1 51.348
    endloop
  endfacet
  facet normal 0 -1 0
    outer loop
      vertex 25.0213 -1.1 52.3213
      vertex 25.9 -1.1 50.2
      vertex 25.2801 -1.1 52.0263
    endloop
  endfacet
  facet normal 0 -1 0
    outer loop
      vertex -25.9 -1.1 50.2
      vertex -25.6716 -1.1 51.348
      vertex -25.7978 -1.1 50.9764
    endloop
  endfacet
  facet normal 0 -1 0
    outer loop
      vertex 25.2801 -1.1 52.0263
      vertex 25.9 -1.1 50.2
      vertex 25.4981 -1.1 51.7
    endloop
  endfacet
  facet normal 0 -1 0
    outer loop
      vertex -25.9 -1.1 50.2
      vertex -25.7978 -1.1 50.9764
      vertex -25.8743 -1.1 50.5916
    endloop
  endfacet
  facet normal 0 -1 0
    outer loop
      vertex 25.4981 -1.1 51.7
      vertex 25.9 -1.1 50.2
      vertex 25.6716 -1.1 51.348
    endloop
  endfacet
  facet normal 0 -1 0
    outer loop
      vertex 25.6716 -1.1 51.348
      vertex 25.9 -1.1 50.2
      vertex 25.7978 -1.1 50.9764
    endloop
  endfacet
  facet normal 0 -1 0
    outer loop
      vertex 25.7978 -1.1 50.9764
      vertex 25.9 -1.1 50.2
      vertex 25.8743 -1.1 50.5916
    endloop
  endfacet
  facet normal 0 -1 0
    outer loop
      vertex -22.9 -1.1 24
      vertex -25.9 -1.1 50.2
      vertex -25.9 -1.1 27
    endloop
  endfacet
  facet normal 0 -1 0
    outer loop
      vertex 24.048 -1.1 52.9716
      vertex 25.9 -1.1 50.2
      vertex 24.4 -1.1 52.7981
    endloop
  endfacet
  facet normal 0 -1 0
    outer loop
      vertex -22.9 -1.1 24
      vertex -25.9 -1.1 27
      vertex -25.8743 -1.1 26.6084
    endloop
  endfacet
  facet normal 0 -1 0
    outer loop
      vertex 24.4 -1.1 52.7981
      vertex 25.9 -1.1 50.2
      vertex 24.7263 -1.1 52.5801
    endloop
  endfacet
  facet normal 0 -1 0
    outer loop
      vertex -22.9 -1.1 24
      vertex -25.8743 -1.1 26.6084
      vertex -25.7978 -1.1 26.2235
    endloop
  endfacet
  facet normal 0 -1 -0
    outer loop
      vertex 25.9 -1.1 50.2
      vertex 22.9 -1.1 24
      vertex 25.9 -1.1 27
    endloop
  endfacet
  facet normal 0 -1 0
    outer loop
      vertex -22.9 -1.1 24
      vertex -25.7978 -1.1 26.2235
      vertex -25.6716 -1.1 25.852
    endloop
  endfacet
  facet normal 0 -1 0
    outer loop
      vertex 25.9 -1.1 27
      vertex 22.9 -1.1 24
      vertex 25.8743 -1.1 26.6084
    endloop
  endfacet
  facet normal 0 -1 0
    outer loop
      vertex -22.9 -1.1 24
      vertex -25.6716 -1.1 25.852
      vertex -25.4981 -1.1 25.5
    endloop
  endfacet
  facet normal 0 -1 0
    outer loop
      vertex 25.8743 -1.1 26.6084
      vertex 22.9 -1.1 24
      vertex 25.7978 -1.1 26.2235
    endloop
  endfacet
  facet normal 0 -1 0
    outer loop
      vertex -22.9 -1.1 24
      vertex -25.4981 -1.1 25.5
      vertex -25.2801 -1.1 25.1737
    endloop
  endfacet
  facet normal 0 -1 0
    outer loop
      vertex 25.7978 -1.1 26.2235
      vertex 22.9 -1.1 24
      vertex 25.6716 -1.1 25.852
    endloop
  endfacet
  facet normal 0 -1 0
    outer loop
      vertex -22.9 -1.1 24
      vertex -25.2801 -1.1 25.1737
      vertex -25.0213 -1.1 24.8787
    endloop
  endfacet
  facet normal 0 -1 0
    outer loop
      vertex 25.6716 -1.1 25.852
      vertex 22.9 -1.1 24
      vertex 25.4981 -1.1 25.5
    endloop
  endfacet
  facet normal 0 -1 0
    outer loop
      vertex -22.9 -1.1 24
      vertex -25.0213 -1.1 24.8787
      vertex -24.7263 -1.1 24.6199
    endloop
  endfacet
  facet normal 0 -1 0
    outer loop
      vertex 25.4981 -1.1 25.5
      vertex 22.9 -1.1 24
      vertex 25.2801 -1.1 25.1737
    endloop
  endfacet
  facet normal 0 -1 0
    outer loop
      vertex -22.9 -1.1 24
      vertex -24.7263 -1.1 24.6199
      vertex -24.4 -1.1 24.4019
    endloop
  endfacet
  facet normal 0 -1 0
    outer loop
      vertex 25.2801 -1.1 25.1737
      vertex 22.9 -1.1 24
      vertex 25.0213 -1.1 24.8787
    endloop
  endfacet
  facet normal 0 -1 0
    outer loop
      vertex -22.9 -1.1 24
      vertex -24.4 -1.1 24.4019
      vertex -24.048 -1.1 24.2284
    endloop
  endfacet
  facet normal 0 -1 0
    outer loop
      vertex 25.0213 -1.1 24.8787
      vertex 22.9 -1.1 24
      vertex 24.7263 -1.1 24.6199
    endloop
  endfacet
  facet normal 0 -1 0
    outer loop
      vertex -22.9 -1.1 24
      vertex -24.048 -1.1 24.2284
      vertex -23.6765 -1.1 24.1022
    endloop
  endfacet
  facet normal 0 -1 0
    outer loop
      vertex 24.7263 -1.1 24.6199
      vertex 22.9 -1.1 24
      vertex 24.4 -1.1 24.4019
    endloop
  endfacet
  facet normal 0 -1 0
    outer loop
      vertex -22.9 -1.1 24
      vertex -23.6765 -1.1 24.1022
      vertex -23.2916 -1.1 24.0257
    endloop
  endfacet
  facet normal 0 -1 0
    outer loop
      vertex 24.4 -1.1 24.4019
      vertex 22.9 -1.1 24
      vertex 24.048 -1.1 24.2284
    endloop
  endfacet
  facet normal 0 -1 0
    outer loop
      vertex 24.048 -1.1 24.2284
      vertex 22.9 -1.1 24
      vertex 23.6765 -1.1 24.1022
    endloop
  endfacet
  facet normal 0 -1 0
    outer loop
      vertex 23.6765 -1.1 24.1022
      vertex 22.9 -1.1 24
      vertex 23.2916 -1.1 24.0257
    endloop
  endfacet
  facet normal 0.946885 0 -0.321574
    outer loop
      vertex -25.6716 -2 51.348
      vertex -25.7978 -1.1 50.9764
      vertex -25.6716 -1.1 51.348
    endloop
  endfacet
  facet normal 0.946885 0 -0.321574
    outer loop
      vertex -25.7978 -1.1 50.9764
      vertex -25.6716 -2 51.348
      vertex -25.7978 -2 50.9764
    endloop
  endfacet
  facet normal -0.997853 0 -0.0654873
    outer loop
      vertex 25.9 -2 50.2
      vertex 25.8743 -1.1 50.5916
      vertex 25.9 -1.1 50.2
    endloop
  endfacet
  facet normal -0.997853 -0 -0.0654873
    outer loop
      vertex 25.8743 -1.1 50.5916
      vertex 25.9 -2 50.2
      vertex 25.8743 -2 50.5916
    endloop
  endfacet
  facet normal -0.0654873 0 -0.997853
    outer loop
      vertex 22.9 -2 53.2
      vertex 23.2916 -1.1 53.1743
      vertex 23.2916 -2 53.1743
    endloop
  endfacet
  facet normal -0.0654873 0 -0.997853
    outer loop
      vertex 23.2916 -1.1 53.1743
      vertex 22.9 -2 53.2
      vertex 22.9 -1.1 53.2
    endloop
  endfacet
  facet normal -0.44211 0 0.896961
    outer loop
      vertex 24.048 -1.1 24.2284
      vertex 24.4 -2 24.4019
      vertex 24.4 -1.1 24.4019
    endloop
  endfacet
  facet normal -0.44211 0 0.896961
    outer loop
      vertex 24.4 -2 24.4019
      vertex 24.048 -1.1 24.2284
      vertex 24.048 -2 24.2284
    endloop
  endfacet
  facet normal -0.896961 0 0.44211
    outer loop
      vertex 25.4981 -2 25.5
      vertex 25.6716 -1.1 25.852
      vertex 25.4981 -1.1 25.5
    endloop
  endfacet
  facet normal -0.896961 0 0.44211
    outer loop
      vertex 25.6716 -1.1 25.852
      vertex 25.4981 -2 25.5
      vertex 25.6716 -2 25.852
    endloop
  endfacet
  facet normal 0.997853 -0 0.0654873
    outer loop
      vertex -25.9 -2 27
      vertex -25.8743 -1.1 26.6084
      vertex -25.9 -1.1 27
    endloop
  endfacet
  facet normal 0.997853 0 0.0654873
    outer loop
      vertex -25.8743 -1.1 26.6084
      vertex -25.9 -2 27
      vertex -25.8743 -2 26.6084
    endloop
  endfacet
  facet normal 0.997853 0 -0.0654873
    outer loop
      vertex -25.8743 -2 50.5916
      vertex -25.9 -1.1 50.2
      vertex -25.8743 -1.1 50.5916
    endloop
  endfacet
  facet normal 0.997853 0 -0.0654873
    outer loop
      vertex -25.9 -1.1 50.2
      vertex -25.8743 -2 50.5916
      vertex -25.9 -2 50.2
    endloop
  endfacet
  facet normal -0.946858 0 0.321651
    outer loop
      vertex 25.6716 -2 25.852
      vertex 25.7978 -1.1 26.2235
      vertex 25.6716 -1.1 25.852
    endloop
  endfacet
  facet normal -0.946858 0 0.321651
    outer loop
      vertex 25.7978 -1.1 26.2235
      vertex 25.6716 -2 25.852
      vertex 25.7978 -2 26.2235
    endloop
  endfacet
  facet normal -0.751724 0 -0.659478
    outer loop
      vertex 25.2801 -2 52.0263
      vertex 25.0213 -1.1 52.3213
      vertex 25.2801 -1.1 52.0263
    endloop
  endfacet
  facet normal -0.751724 -0 -0.659478
    outer loop
      vertex 25.0213 -1.1 52.3213
      vertex 25.2801 -2 52.0263
      vertex 25.0213 -2 52.3213
    endloop
  endfacet
  facet normal -0.555523 0 -0.831501
    outer loop
      vertex 24.4 -2 52.7981
      vertex 24.7263 -1.1 52.5801
      vertex 24.7263 -2 52.5801
    endloop
  endfacet
  facet normal -0.555523 0 -0.831501
    outer loop
      vertex 24.7263 -1.1 52.5801
      vertex 24.4 -2 52.7981
      vertex 24.4 -1.1 52.7981
    endloop
  endfacet
  facet normal -0.896961 0 -0.44211
    outer loop
      vertex 25.6716 -2 51.348
      vertex 25.4981 -1.1 51.7
      vertex 25.6716 -1.1 51.348
    endloop
  endfacet
  facet normal -0.896961 -0 -0.44211
    outer loop
      vertex 25.4981 -1.1 51.7
      vertex 25.6716 -2 51.348
      vertex 25.4981 -2 51.7
    endloop
  endfacet
  facet normal 0.321651 0 -0.946858
    outer loop
      vertex -24.048 -2 52.9716
      vertex -23.6765 -1.1 53.0978
      vertex -23.6765 -2 53.0978
    endloop
  endfacet
  facet normal 0.321651 0 -0.946858
    outer loop
      vertex -23.6765 -1.1 53.0978
      vertex -24.048 -2 52.9716
      vertex -24.048 -1.1 52.9716
    endloop
  endfacet
  facet normal 0.896961 -0 0.44211
    outer loop
      vertex -25.6716 -2 25.852
      vertex -25.4981 -1.1 25.5
      vertex -25.6716 -1.1 25.852
    endloop
  endfacet
  facet normal 0.896961 0 0.44211
    outer loop
      vertex -25.4981 -1.1 25.5
      vertex -25.6716 -2 25.852
      vertex -25.4981 -2 25.5
    endloop
  endfacet
  facet normal -0.980815 0 0.19494
    outer loop
      vertex 25.7978 -2 26.2235
      vertex 25.8743 -1.1 26.6084
      vertex 25.7978 -1.1 26.2235
    endloop
  endfacet
  facet normal -0.980815 0 0.19494
    outer loop
      vertex 25.8743 -1.1 26.6084
      vertex 25.7978 -2 26.2235
      vertex 25.8743 -2 26.6084
    endloop
  endfacet
  facet normal -0.751724 0 0.659478
    outer loop
      vertex 25.0213 -2 24.8787
      vertex 25.2801 -1.1 25.1737
      vertex 25.0213 -1.1 24.8787
    endloop
  endfacet
  facet normal -0.751724 0 0.659478
    outer loop
      vertex 25.2801 -1.1 25.1737
      vertex 25.0213 -2 24.8787
      vertex 25.2801 -2 25.1737
    endloop
  endfacet
  facet normal -0.831501 0 0.555523
    outer loop
      vertex 25.2801 -2 25.1737
      vertex 25.4981 -1.1 25.5
      vertex 25.2801 -1.1 25.1737
    endloop
  endfacet
  facet normal -0.831501 0 0.555523
    outer loop
      vertex 25.4981 -1.1 25.5
      vertex 25.2801 -2 25.1737
      vertex 25.4981 -2 25.5
    endloop
  endfacet
  facet normal -0.44211 0 -0.896961
    outer loop
      vertex 24.048 -2 52.9716
      vertex 24.4 -1.1 52.7981
      vertex 24.4 -2 52.7981
    endloop
  endfacet
  facet normal -0.44211 0 -0.896961
    outer loop
      vertex 24.4 -1.1 52.7981
      vertex 24.048 -2 52.9716
      vertex 24.048 -1.1 52.9716
    endloop
  endfacet
  facet normal -0.659478 0 0.751724
    outer loop
      vertex 24.7263 -1.1 24.6199
      vertex 25.0213 -2 24.8787
      vertex 25.0213 -1.1 24.8787
    endloop
  endfacet
  facet normal -0.659478 0 0.751724
    outer loop
      vertex 25.0213 -2 24.8787
      vertex 24.7263 -1.1 24.6199
      vertex 24.7263 -2 24.6199
    endloop
  endfacet
  facet normal 0.831501 -0 0.555523
    outer loop
      vertex -25.4981 -2 25.5
      vertex -25.2801 -1.1 25.1737
      vertex -25.4981 -1.1 25.5
    endloop
  endfacet
  facet normal 0.831501 0 0.555523
    outer loop
      vertex -25.2801 -1.1 25.1737
      vertex -25.4981 -2 25.5
      vertex -25.2801 -2 25.1737
    endloop
  endfacet
  facet normal 0.555523 0 0.831501
    outer loop
      vertex -24.7263 -1.1 24.6199
      vertex -24.4 -2 24.4019
      vertex -24.4 -1.1 24.4019
    endloop
  endfacet
  facet normal 0.555523 0 0.831501
    outer loop
      vertex -24.4 -2 24.4019
      vertex -24.7263 -1.1 24.6199
      vertex -24.7263 -2 24.6199
    endloop
  endfacet
  facet normal 0.659478 0 -0.751724
    outer loop
      vertex -25.0213 -2 52.3213
      vertex -24.7263 -1.1 52.5801
      vertex -24.7263 -2 52.5801
    endloop
  endfacet
  facet normal 0.659478 0 -0.751724
    outer loop
      vertex -24.7263 -1.1 52.5801
      vertex -25.0213 -2 52.3213
      vertex -25.0213 -1.1 52.3213
    endloop
  endfacet
  facet normal 0.896961 0 -0.44211
    outer loop
      vertex -25.4981 -2 51.7
      vertex -25.6716 -1.1 51.348
      vertex -25.4981 -1.1 51.7
    endloop
  endfacet
  facet normal 0.896961 0 -0.44211
    outer loop
      vertex -25.6716 -1.1 51.348
      vertex -25.4981 -2 51.7
      vertex -25.6716 -2 51.348
    endloop
  endfacet
  facet normal -1 0 0
    outer loop
      vertex -2 -2 3
      vertex -2 0 2.86102e-06
      vertex -2 -2 2.86102e-06
    endloop
  endfacet
  facet normal -1 0 0
    outer loop
      vertex -2 0 2.86102e-06
      vertex -2 -2 3
      vertex -2 0 8
    endloop
  endfacet
  facet normal -1 0 0
    outer loop
      vertex -2 -2.5 8
      vertex -2 -2 3
      vertex -2 -2.5 3
    endloop
  endfacet
  facet normal -1 0 0
    outer loop
      vertex -2 -2 3
      vertex -2 -2.5 8
      vertex -2 0 8
    endloop
  endfacet
  facet normal 0 0 -1
    outer loop
      vertex -2 -2.5 8
      vertex -12.74 0 8
      vertex -2 0 8
    endloop
  endfacet
  facet normal 0 0 -1
    outer loop
      vertex -14 -2.5 8
      vertex -12.74 0 8
      vertex -2 -2.5 8
    endloop
  endfacet
  facet normal 0 0 -1
    outer loop
      vertex -14 2.5 8
      vertex -12.74 0 8
      vertex -14 -2.5 8
    endloop
  endfacet
  facet normal 0 0 -1
    outer loop
      vertex -12.74 0 8
      vertex -14 2.5 8
      vertex -12.74 2.5 8
    endloop
  endfacet
  facet normal 1 0 0
    outer loop
      vertex -14 2.5 8
      vertex -14 0 5.94798
      vertex -14 2.5 5.94798
    endloop
  endfacet
  facet normal 1 0 0
    outer loop
      vertex -14 0 5.94798
      vertex -14 -2 3
      vertex -14 0 2.86102e-06
    endloop
  endfacet
  facet normal 1 -0 0
    outer loop
      vertex -14 -2.5 8
      vertex -14 0 5.94798
      vertex -14 2.5 8
    endloop
  endfacet
  facet normal 1 0 0
    outer loop
      vertex -14 -2.5 3
      vertex -14 0 5.94798
      vertex -14 -2.5 8
    endloop
  endfacet
  facet normal 1 0 0
    outer loop
      vertex -14 0 5.94798
      vertex -14 -2.5 3
      vertex -14 -2 3
    endloop
  endfacet
  facet normal 1 0 0
    outer loop
      vertex -14 0 2.86102e-06
      vertex -14 -2 3
      vertex -14 -2 2.86102e-06
    endloop
  endfacet
  facet normal 0 -1 0
    outer loop
      vertex -14 2.5 8
      vertex -12.7045 2.5 7.82189
      vertex -12.74 2.5 8
    endloop
  endfacet
  facet normal 0 -1 0
    outer loop
      vertex -14 2.5 8
      vertex -12.69 2.5 7.6
      vertex -12.7045 2.5 7.82189
    endloop
  endfacet
  facet normal 0 -1 0
    outer loop
      vertex -14 2.5 8
      vertex -12.7045 2.5 7.37811
      vertex -12.69 2.5 7.6
    endloop
  endfacet
  facet normal 0 -1 0
    outer loop
      vertex -14 2.5 8
      vertex -12.7479 2.5 7.16001
      vertex -12.7045 2.5 7.37811
    endloop
  endfacet
  facet normal 0 -1 0
    outer loop
      vertex -14 2.5 8
      vertex -12.8194 2.5 6.94944
      vertex -12.7479 2.5 7.16001
    endloop
  endfacet
  facet normal 0 -1 0
    outer loop
      vertex -14 2.5 8
      vertex -12.9178 2.5 6.75
      vertex -12.8194 2.5 6.94944
    endloop
  endfacet
  facet normal 0 -1 0
    outer loop
      vertex -14 2.5 8
      vertex -13.0413 2.5 6.56511
      vertex -12.9178 2.5 6.75
    endloop
  endfacet
  facet normal 0 -1 0
    outer loop
      vertex -14 2.5 8
      vertex -13.1879 2.5 6.39792
      vertex -13.0413 2.5 6.56511
    endloop
  endfacet
  facet normal 0 -1 0
    outer loop
      vertex -14 2.5 8
      vertex -13.3551 2.5 6.2513
      vertex -13.1879 2.5 6.39792
    endloop
  endfacet
  facet normal 0 -1 0
    outer loop
      vertex -14 2.5 8
      vertex -13.54 2.5 6.12776
      vertex -13.3551 2.5 6.2513
    endloop
  endfacet
  facet normal 0 -1 0
    outer loop
      vertex -14 2.5 8
      vertex -13.7394 2.5 6.0294
      vertex -13.54 2.5 6.12776
    endloop
  endfacet
  facet normal 0 -1 0
    outer loop
      vertex -14 2.5 8
      vertex -13.95 2.5 5.95793
      vertex -13.7394 2.5 6.0294
    endloop
  endfacet
  facet normal -0 -1 0
    outer loop
      vertex -13.95 2.5 5.95793
      vertex -14 2.5 8
      vertex -14 2.5 5.94798
    endloop
  endfacet
  facet normal 0 1 -0
    outer loop
      vertex -2 -2.5 3
      vertex -14 -2.5 8
      vertex -2 -2.5 8
    endloop
  endfacet
  facet normal 0 1 0
    outer loop
      vertex -14 -2.5 8
      vertex -2 -2.5 3
      vertex -14 -2.5 3
    endloop
  endfacet
endsolid OpenSCAD_Model
