solid OpenSCAD_Model
  facet normal 0 0 -1
    outer loop
      vertex 27.6 7.2 48.25
      vertex 29.9936 16.2 48.25
      vertex 29.9936 7.2 48.25
    endloop
  endfacet
  facet normal -0 0 -1
    outer loop
      vertex 29.9936 16.2 48.25
      vertex 27.6 7.2 48.25
      vertex 27.6 16.2 48.25
    endloop
  endfacet
  facet normal -0 0 1
    outer loop
      vertex 27.6 16.2 36.75
      vertex 29.9936 7.2 36.75
      vertex 29.9936 16.2 36.75
    endloop
  endfacet
  facet normal 0 0 1
    outer loop
      vertex 29.9936 7.2 36.75
      vertex 27.6 16.2 36.75
      vertex 27.6 7.2 36.75
    endloop
  endfacet
  facet normal 0 -1 0
    outer loop
      vertex 27.6 16.2 36.75
      vertex 29.9936 16.2 48.25
      vertex 27.6 16.2 48.25
    endloop
  endfacet
  facet normal 0 -1 -0
    outer loop
      vertex 29.9936 16.2 48.25
      vertex 27.6 16.2 36.75
      vertex 29.9936 16.2 36.75
    endloop
  endfacet
  facet normal 0 1 -0
    outer loop
      vertex 29.9936 7.2 36.75
      vertex 27.6 7.2 48.25
      vertex 29.9936 7.2 48.25
    endloop
  endfacet
  facet normal 0 1 0
    outer loop
      vertex 27.6 7.2 48.25
      vertex 29.9936 7.2 36.75
      vertex 27.6 7.2 36.75
    endloop
  endfacet
  facet normal 0 0.997854 0.0654722
    outer loop
      vertex 29.9936 10.1137 50.0912
      vertex 27.6 10.1 50.3
      vertex 29.9936 10.1 50.3
    endloop
  endfacet
  facet normal 0 0.997854 0.0654722
    outer loop
      vertex 27.6 10.1 50.3
      vertex 29.9936 10.1137 50.0912
      vertex 27.6 10.1137 50.0912
    endloop
  endfacet
  facet normal 0 0.980819 0.194922
    outer loop
      vertex 29.9936 10.1545 49.8859
      vertex 27.6 10.1137 50.0912
      vertex 29.9936 10.1137 50.0912
    endloop
  endfacet
  facet normal 0 0.980819 0.194922
    outer loop
      vertex 27.6 10.1137 50.0912
      vertex 29.9936 10.1545 49.8859
      vertex 27.6 10.1545 49.8859
    endloop
  endfacet
  facet normal 0 0.896803 -0.442429
    outer loop
      vertex 29.9936 10.2218 50.9123
      vertex 27.6 10.3144 51.1
      vertex 29.9936 10.3144 51.1
    endloop
  endfacet
  facet normal 0 0.896803 -0.442429
    outer loop
      vertex 27.6 10.3144 51.1
      vertex 29.9936 10.2218 50.9123
      vertex 27.6 10.2218 50.9123
    endloop
  endfacet
  facet normal 0 -0.0654722 0.997854
    outer loop
      vertex 27.6 11.9088 48.7137
      vertex 29.9936 11.7 48.7
      vertex 29.9936 11.9088 48.7137
    endloop
  endfacet
  facet normal 0 -0.0654722 0.997854
    outer loop
      vertex 29.9936 11.7 48.7
      vertex 27.6 11.9088 48.7137
      vertex 27.6 11.7 48.7
    endloop
  endfacet
  facet normal 0 -0.555362 0.831609
    outer loop
      vertex 27.6 12.674 49.0306
      vertex 29.9936 12.5 48.9144
      vertex 29.9936 12.674 49.0306
    endloop
  endfacet
  facet normal 0 -0.555362 0.831609
    outer loop
      vertex 29.9936 12.5 48.9144
      vertex 27.6 12.674 49.0306
      vertex 27.6 12.5 48.9144
    endloop
  endfacet
  facet normal -0 0.194922 0.980819
    outer loop
      vertex 27.6 11.4912 48.7137
      vertex 29.9936 11.2859 48.7545
      vertex 29.9936 11.4912 48.7137
    endloop
  endfacet
  facet normal 0 0.194922 0.980819
    outer loop
      vertex 29.9936 11.2859 48.7545
      vertex 27.6 11.4912 48.7137
      vertex 27.6 11.2859 48.7545
    endloop
  endfacet
  facet normal 0 -0.751925 0.659248
    outer loop
      vertex 27.6 12.8314 49.1686
      vertex 29.9936 12.9694 49.326
      vertex 27.6 12.9694 49.326
    endloop
  endfacet
  facet normal 0 -0.751925 0.659248
    outer loop
      vertex 29.9936 12.9694 49.326
      vertex 27.6 12.8314 49.1686
      vertex 29.9936 12.8314 49.1686
    endloop
  endfacet
  facet normal 0 0.751925 0.659248
    outer loop
      vertex 29.9936 10.5686 49.1686
      vertex 27.6 10.4306 49.326
      vertex 29.9936 10.4306 49.326
    endloop
  endfacet
  facet normal 0 0.751925 0.659248
    outer loop
      vertex 27.6 10.4306 49.326
      vertex 29.9936 10.5686 49.1686
      vertex 27.6 10.5686 49.1686
    endloop
  endfacet
  facet normal 0 -0.980819 0.194922
    outer loop
      vertex 27.6 13.2455 49.8859
      vertex 29.9936 13.2863 50.0912
      vertex 27.6 13.2863 50.0912
    endloop
  endfacet
  facet normal 0 -0.980819 0.194922
    outer loop
      vertex 29.9936 13.2863 50.0912
      vertex 27.6 13.2455 49.8859
      vertex 29.9936 13.2455 49.8859
    endloop
  endfacet
  facet normal -0 0.659248 0.751925
    outer loop
      vertex 27.6 10.726 49.0306
      vertex 29.9936 10.5686 49.1686
      vertex 29.9936 10.726 49.0306
    endloop
  endfacet
  facet normal 0 0.659248 0.751925
    outer loop
      vertex 29.9936 10.5686 49.1686
      vertex 27.6 10.726 49.0306
      vertex 27.6 10.5686 49.1686
    endloop
  endfacet
  facet normal 0 -0.946901 0.321526
    outer loop
      vertex 27.6 13.1782 49.6877
      vertex 29.9936 13.2455 49.8859
      vertex 27.6 13.2455 49.8859
    endloop
  endfacet
  facet normal 0 -0.946901 0.321526
    outer loop
      vertex 29.9936 13.2455 49.8859
      vertex 27.6 13.1782 49.6877
      vertex 29.9936 13.1782 49.6877
    endloop
  endfacet
  facet normal -0 0.321526 0.946901
    outer loop
      vertex 27.6 11.2859 48.7545
      vertex 29.9936 11.0877 48.8218
      vertex 29.9936 11.2859 48.7545
    endloop
  endfacet
  facet normal 0 0.321526 0.946901
    outer loop
      vertex 29.9936 11.0877 48.8218
      vertex 27.6 11.2859 48.7545
      vertex 27.6 11.0877 48.8218
    endloop
  endfacet
  facet normal 0 0.751925 -0.659248
    outer loop
      vertex 29.9936 10.4306 51.274
      vertex 27.6 10.5686 51.4314
      vertex 29.9936 10.5686 51.4314
    endloop
  endfacet
  facet normal 0 0.751925 -0.659248
    outer loop
      vertex 27.6 10.5686 51.4314
      vertex 29.9936 10.4306 51.274
      vertex 27.6 10.4306 51.274
    endloop
  endfacet
  facet normal 0 -0.442429 -0.896803
    outer loop
      vertex 27.6 12.3123 51.7782
      vertex 29.9936 12.5 51.6856
      vertex 29.9936 12.3123 51.7782
    endloop
  endfacet
  facet normal -0 -0.442429 -0.896803
    outer loop
      vertex 29.9936 12.5 51.6856
      vertex 27.6 12.3123 51.7782
      vertex 27.6 12.5 51.6856
    endloop
  endfacet
  facet normal 0 0.946901 -0.321526
    outer loop
      vertex 29.9936 10.1545 50.7141
      vertex 27.6 10.2218 50.9123
      vertex 29.9936 10.2218 50.9123
    endloop
  endfacet
  facet normal 0 0.946901 -0.321526
    outer loop
      vertex 27.6 10.2218 50.9123
      vertex 29.9936 10.1545 50.7141
      vertex 27.6 10.1545 50.7141
    endloop
  endfacet
  facet normal 0 0.0654722 -0.997854
    outer loop
      vertex 27.6 11.4912 51.8863
      vertex 29.9936 11.7 51.9
      vertex 29.9936 11.4912 51.8863
    endloop
  endfacet
  facet normal 0 0.0654722 -0.997854
    outer loop
      vertex 29.9936 11.7 51.9
      vertex 27.6 11.4912 51.8863
      vertex 27.6 11.7 51.9
    endloop
  endfacet
  facet normal 0 0.442429 -0.896803
    outer loop
      vertex 27.6 10.9 51.6856
      vertex 29.9936 11.0877 51.7782
      vertex 29.9936 10.9 51.6856
    endloop
  endfacet
  facet normal 0 0.442429 -0.896803
    outer loop
      vertex 29.9936 11.0877 51.7782
      vertex 27.6 10.9 51.6856
      vertex 27.6 11.0877 51.7782
    endloop
  endfacet
  facet normal 0 -0.896803 0.442429
    outer loop
      vertex 27.6 13.0856 49.5
      vertex 29.9936 13.1782 49.6877
      vertex 27.6 13.1782 49.6877
    endloop
  endfacet
  facet normal 0 -0.896803 0.442429
    outer loop
      vertex 29.9936 13.1782 49.6877
      vertex 27.6 13.0856 49.5
      vertex 29.9936 13.0856 49.5
    endloop
  endfacet
  facet normal 0 0.896803 0.442429
    outer loop
      vertex 29.9936 10.3144 49.5
      vertex 27.6 10.2218 49.6877
      vertex 29.9936 10.2218 49.6877
    endloop
  endfacet
  facet normal 0 0.896803 0.442429
    outer loop
      vertex 27.6 10.2218 49.6877
      vertex 29.9936 10.3144 49.5
      vertex 27.6 10.3144 49.5
    endloop
  endfacet
  facet normal 0 -0.659248 -0.751925
    outer loop
      vertex 27.6 12.674 51.5694
      vertex 29.9936 12.8314 51.4314
      vertex 29.9936 12.674 51.5694
    endloop
  endfacet
  facet normal -0 -0.659248 -0.751925
    outer loop
      vertex 29.9936 12.8314 51.4314
      vertex 27.6 12.674 51.5694
      vertex 27.6 12.8314 51.4314
    endloop
  endfacet
  facet normal 0 0.321526 -0.946901
    outer loop
      vertex 27.6 11.0877 51.7782
      vertex 29.9936 11.2859 51.8455
      vertex 29.9936 11.0877 51.7782
    endloop
  endfacet
  facet normal 0 0.321526 -0.946901
    outer loop
      vertex 29.9936 11.2859 51.8455
      vertex 27.6 11.0877 51.7782
      vertex 27.6 11.2859 51.8455
    endloop
  endfacet
  facet normal 0 -0.896803 -0.442429
    outer loop
      vertex 27.6 13.1782 50.9123
      vertex 29.9936 13.0856 51.1
      vertex 27.6 13.0856 51.1
    endloop
  endfacet
  facet normal 0 -0.896803 -0.442429
    outer loop
      vertex 29.9936 13.0856 51.1
      vertex 27.6 13.1782 50.9123
      vertex 29.9936 13.1782 50.9123
    endloop
  endfacet
  facet normal 0 0.997854 -0.0654722
    outer loop
      vertex 29.9936 10.1 50.3
      vertex 27.6 10.1137 50.5088
      vertex 29.9936 10.1137 50.5088
    endloop
  endfacet
  facet normal 0 0.997854 -0.0654722
    outer loop
      vertex 27.6 10.1137 50.5088
      vertex 29.9936 10.1 50.3
      vertex 27.6 10.1 50.3
    endloop
  endfacet
  facet normal 0 -0.997854 0.0654722
    outer loop
      vertex 27.6 13.2863 50.0912
      vertex 29.9936 13.3 50.3
      vertex 27.6 13.3 50.3
    endloop
  endfacet
  facet normal 0 -0.997854 0.0654722
    outer loop
      vertex 29.9936 13.3 50.3
      vertex 27.6 13.2863 50.0912
      vertex 29.9936 13.2863 50.0912
    endloop
  endfacet
  facet normal 0 -0.194922 0.980819
    outer loop
      vertex 27.6 12.1141 48.7545
      vertex 29.9936 11.9088 48.7137
      vertex 29.9936 12.1141 48.7545
    endloop
  endfacet
  facet normal 0 -0.194922 0.980819
    outer loop
      vertex 29.9936 11.9088 48.7137
      vertex 27.6 12.1141 48.7545
      vertex 27.6 11.9088 48.7137
    endloop
  endfacet
  facet normal -0 0.442429 0.896803
    outer loop
      vertex 27.6 11.0877 48.8218
      vertex 29.9936 10.9 48.9144
      vertex 29.9936 11.0877 48.8218
    endloop
  endfacet
  facet normal 0 0.442429 0.896803
    outer loop
      vertex 29.9936 10.9 48.9144
      vertex 27.6 11.0877 48.8218
      vertex 27.6 10.9 48.9144
    endloop
  endfacet
  facet normal 0 -0.442429 0.896803
    outer loop
      vertex 27.6 12.5 48.9144
      vertex 29.9936 12.3123 48.8218
      vertex 29.9936 12.5 48.9144
    endloop
  endfacet
  facet normal 0 -0.442429 0.896803
    outer loop
      vertex 29.9936 12.3123 48.8218
      vertex 27.6 12.5 48.9144
      vertex 27.6 12.3123 48.8218
    endloop
  endfacet
  facet normal -0 0.0654722 0.997854
    outer loop
      vertex 27.6 11.7 48.7
      vertex 29.9936 11.4912 48.7137
      vertex 29.9936 11.7 48.7
    endloop
  endfacet
  facet normal 0 0.0654722 0.997854
    outer loop
      vertex 29.9936 11.4912 48.7137
      vertex 27.6 11.7 48.7
      vertex 27.6 11.4912 48.7137
    endloop
  endfacet
  facet normal 0 -0.946901 -0.321526
    outer loop
      vertex 27.6 13.2455 50.7141
      vertex 29.9936 13.1782 50.9123
      vertex 27.6 13.1782 50.9123
    endloop
  endfacet
  facet normal 0 -0.946901 -0.321526
    outer loop
      vertex 29.9936 13.1782 50.9123
      vertex 27.6 13.2455 50.7141
      vertex 29.9936 13.2455 50.7141
    endloop
  endfacet
  facet normal 0 -0.751925 -0.659248
    outer loop
      vertex 27.6 12.9694 51.274
      vertex 29.9936 12.8314 51.4314
      vertex 27.6 12.8314 51.4314
    endloop
  endfacet
  facet normal 0 -0.751925 -0.659248
    outer loop
      vertex 29.9936 12.8314 51.4314
      vertex 27.6 12.9694 51.274
      vertex 29.9936 12.9694 51.274
    endloop
  endfacet
  facet normal 0 -0.997854 -0.0654722
    outer loop
      vertex 27.6 13.3 50.3
      vertex 29.9936 13.2863 50.5088
      vertex 27.6 13.2863 50.5088
    endloop
  endfacet
  facet normal 0 -0.997854 -0.0654722
    outer loop
      vertex 29.9936 13.2863 50.5088
      vertex 27.6 13.3 50.3
      vertex 29.9936 13.3 50.3
    endloop
  endfacet
  facet normal 0 -0.0654722 -0.997854
    outer loop
      vertex 27.6 11.7 51.9
      vertex 29.9936 11.9088 51.8863
      vertex 29.9936 11.7 51.9
    endloop
  endfacet
  facet normal -0 -0.0654722 -0.997854
    outer loop
      vertex 29.9936 11.9088 51.8863
      vertex 27.6 11.7 51.9
      vertex 27.6 11.9088 51.8863
    endloop
  endfacet
  facet normal 0 0.946901 0.321526
    outer loop
      vertex 29.9936 10.2218 49.6877
      vertex 27.6 10.1545 49.8859
      vertex 29.9936 10.1545 49.8859
    endloop
  endfacet
  facet normal 0 0.946901 0.321526
    outer loop
      vertex 27.6 10.1545 49.8859
      vertex 29.9936 10.2218 49.6877
      vertex 27.6 10.2218 49.6877
    endloop
  endfacet
  facet normal 0 0.980819 -0.194922
    outer loop
      vertex 29.9936 10.1137 50.5088
      vertex 27.6 10.1545 50.7141
      vertex 29.9936 10.1545 50.7141
    endloop
  endfacet
  facet normal 0 0.980819 -0.194922
    outer loop
      vertex 27.6 10.1545 50.7141
      vertex 29.9936 10.1137 50.5088
      vertex 27.6 10.1137 50.5088
    endloop
  endfacet
  facet normal 0 -0.659248 0.751925
    outer loop
      vertex 27.6 12.8314 49.1686
      vertex 29.9936 12.674 49.0306
      vertex 29.9936 12.8314 49.1686
    endloop
  endfacet
  facet normal 0 -0.659248 0.751925
    outer loop
      vertex 29.9936 12.674 49.0306
      vertex 27.6 12.8314 49.1686
      vertex 27.6 12.674 49.0306
    endloop
  endfacet
  facet normal 0 -0.831609 0.555362
    outer loop
      vertex 27.6 12.9694 49.326
      vertex 29.9936 13.0856 49.5
      vertex 27.6 13.0856 49.5
    endloop
  endfacet
  facet normal 0 -0.831609 0.555362
    outer loop
      vertex 29.9936 13.0856 49.5
      vertex 27.6 12.9694 49.326
      vertex 29.9936 12.9694 49.326
    endloop
  endfacet
  facet normal 0 0.659248 -0.751925
    outer loop
      vertex 27.6 10.5686 51.4314
      vertex 29.9936 10.726 51.5694
      vertex 29.9936 10.5686 51.4314
    endloop
  endfacet
  facet normal 0 0.659248 -0.751925
    outer loop
      vertex 29.9936 10.726 51.5694
      vertex 27.6 10.5686 51.4314
      vertex 27.6 10.726 51.5694
    endloop
  endfacet
  facet normal -0 0.555362 0.831609
    outer loop
      vertex 27.6 10.9 48.9144
      vertex 29.9936 10.726 49.0306
      vertex 29.9936 10.9 48.9144
    endloop
  endfacet
  facet normal 0 0.555362 0.831609
    outer loop
      vertex 29.9936 10.726 49.0306
      vertex 27.6 10.9 48.9144
      vertex 27.6 10.726 49.0306
    endloop
  endfacet
  facet normal 0 0.831609 -0.555362
    outer loop
      vertex 29.9936 10.3144 51.1
      vertex 27.6 10.4306 51.274
      vertex 29.9936 10.4306 51.274
    endloop
  endfacet
  facet normal 0 0.831609 -0.555362
    outer loop
      vertex 27.6 10.4306 51.274
      vertex 29.9936 10.3144 51.1
      vertex 27.6 10.3144 51.1
    endloop
  endfacet
  facet normal 0 -0.194922 -0.980819
    outer loop
      vertex 27.6 11.9088 51.8863
      vertex 29.9936 12.1141 51.8455
      vertex 29.9936 11.9088 51.8863
    endloop
  endfacet
  facet normal -0 -0.194922 -0.980819
    outer loop
      vertex 29.9936 12.1141 51.8455
      vertex 27.6 11.9088 51.8863
      vertex 27.6 12.1141 51.8455
    endloop
  endfacet
  facet normal 0 -0.831609 -0.555362
    outer loop
      vertex 27.6 13.0856 51.1
      vertex 29.9936 12.9694 51.274
      vertex 27.6 12.9694 51.274
    endloop
  endfacet
  facet normal 0 -0.831609 -0.555362
    outer loop
      vertex 29.9936 12.9694 51.274
      vertex 27.6 13.0856 51.1
      vertex 29.9936 13.0856 51.1
    endloop
  endfacet
  facet normal 0 -0.321526 0.946901
    outer loop
      vertex 27.6 12.3123 48.8218
      vertex 29.9936 12.1141 48.7545
      vertex 29.9936 12.3123 48.8218
    endloop
  endfacet
  facet normal 0 -0.321526 0.946901
    outer loop
      vertex 29.9936 12.1141 48.7545
      vertex 27.6 12.3123 48.8218
      vertex 27.6 12.1141 48.7545
    endloop
  endfacet
  facet normal 0 0.831609 0.555362
    outer loop
      vertex 29.9936 10.4306 49.326
      vertex 27.6 10.3144 49.5
      vertex 29.9936 10.3144 49.5
    endloop
  endfacet
  facet normal 0 0.831609 0.555362
    outer loop
      vertex 27.6 10.3144 49.5
      vertex 29.9936 10.4306 49.326
      vertex 27.6 10.4306 49.326
    endloop
  endfacet
  facet normal 0 -0.980819 -0.194922
    outer loop
      vertex 27.6 13.2863 50.5088
      vertex 29.9936 13.2455 50.7141
      vertex 27.6 13.2455 50.7141
    endloop
  endfacet
  facet normal 0 -0.980819 -0.194922
    outer loop
      vertex 29.9936 13.2455 50.7141
      vertex 27.6 13.2863 50.5088
      vertex 29.9936 13.2863 50.5088
    endloop
  endfacet
  facet normal 0 0.194922 -0.980819
    outer loop
      vertex 27.6 11.2859 51.8455
      vertex 29.9936 11.4912 51.8863
      vertex 29.9936 11.2859 51.8455
    endloop
  endfacet
  facet normal 0 0.194922 -0.980819
    outer loop
      vertex 29.9936 11.4912 51.8863
      vertex 27.6 11.2859 51.8455
      vertex 27.6 11.4912 51.8863
    endloop
  endfacet
  facet normal 0 -0.555362 -0.831609
    outer loop
      vertex 27.6 12.5 51.6856
      vertex 29.9936 12.674 51.5694
      vertex 29.9936 12.5 51.6856
    endloop
  endfacet
  facet normal -0 -0.555362 -0.831609
    outer loop
      vertex 29.9936 12.674 51.5694
      vertex 27.6 12.5 51.6856
      vertex 27.6 12.674 51.5694
    endloop
  endfacet
  facet normal 0 0.555362 -0.831609
    outer loop
      vertex 27.6 10.726 51.5694
      vertex 29.9936 10.9 51.6856
      vertex 29.9936 10.726 51.5694
    endloop
  endfacet
  facet normal 0 0.555362 -0.831609
    outer loop
      vertex 29.9936 10.9 51.6856
      vertex 27.6 10.726 51.5694
      vertex 27.6 10.9 51.6856
    endloop
  endfacet
  facet normal 0 -0.321526 -0.946901
    outer loop
      vertex 27.6 12.1141 51.8455
      vertex 29.9936 12.3123 51.7782
      vertex 29.9936 12.1141 51.8455
    endloop
  endfacet
  facet normal -0 -0.321526 -0.946901
    outer loop
      vertex 29.9936 12.3123 51.7782
      vertex 27.6 12.1141 51.8455
      vertex 27.6 12.3123 51.7782
    endloop
  endfacet
  facet normal 0 0 -1
    outer loop
      vertex 27.6 23 36.75
      vertex 29.9936 30 36.75
      vertex 29.9936 23 36.75
    endloop
  endfacet
  facet normal -0 0 -1
    outer loop
      vertex 29.9936 30 36.75
      vertex 27.6 23 36.75
      vertex 27.6 30 36.75
    endloop
  endfacet
  facet normal -0 0 1
    outer loop
      vertex 27.6 30 35.5
      vertex 29.9936 23 35.5
      vertex 29.9936 30 35.5
    endloop
  endfacet
  facet normal 0 0 1
    outer loop
      vertex 29.9936 23 35.5
      vertex 27.6 30 35.5
      vertex 27.6 23 35.5
    endloop
  endfacet
  facet normal 0 -1 0
    outer loop
      vertex 27.6 30 35.5
      vertex 29.9936 30 36.75
      vertex 27.6 30 36.75
    endloop
  endfacet
  facet normal 0 -1 -0
    outer loop
      vertex 29.9936 30 36.75
      vertex 27.6 30 35.5
      vertex 29.9936 30 35.5
    endloop
  endfacet
  facet normal 0 1 -0
    outer loop
      vertex 29.9936 23 35.5
      vertex 27.6 23 36.75
      vertex 29.9936 23 36.75
    endloop
  endfacet
  facet normal 0 1 0
    outer loop
      vertex 27.6 23 36.75
      vertex 29.9936 23 35.5
      vertex 27.6 23 35.5
    endloop
  endfacet
  facet normal 0 0 -1
    outer loop
      vertex 27.6 23 39.75
      vertex 29.9936 30 39.75
      vertex 29.9936 23 39.75
    endloop
  endfacet
  facet normal -0 0 -1
    outer loop
      vertex 29.9936 30 39.75
      vertex 27.6 23 39.75
      vertex 27.6 30 39.75
    endloop
  endfacet
  facet normal -0 0 1
    outer loop
      vertex 27.6 30 38.5
      vertex 29.9936 23 38.5
      vertex 29.9936 30 38.5
    endloop
  endfacet
  facet normal 0 0 1
    outer loop
      vertex 29.9936 23 38.5
      vertex 27.6 30 38.5
      vertex 27.6 23 38.5
    endloop
  endfacet
  facet normal 0 -1 0
    outer loop
      vertex 27.6 30 38.5
      vertex 29.9936 30 39.75
      vertex 27.6 30 39.75
    endloop
  endfacet
  facet normal 0 -1 -0
    outer loop
      vertex 29.9936 30 39.75
      vertex 27.6 30 38.5
      vertex 29.9936 30 38.5
    endloop
  endfacet
  facet normal 0 1 -0
    outer loop
      vertex 29.9936 23 38.5
      vertex 27.6 23 39.75
      vertex 29.9936 23 39.75
    endloop
  endfacet
  facet normal 0 1 0
    outer loop
      vertex 27.6 23 39.75
      vertex 29.9936 23 38.5
      vertex 27.6 23 38.5
    endloop
  endfacet
  facet normal 0 0 -1
    outer loop
      vertex 27.6 23 42.75
      vertex 29.9936 30 42.75
      vertex 29.9936 23 42.75
    endloop
  endfacet
  facet normal -0 0 -1
    outer loop
      vertex 29.9936 30 42.75
      vertex 27.6 23 42.75
      vertex 27.6 30 42.75
    endloop
  endfacet
  facet normal -0 0 1
    outer loop
      vertex 27.6 30 41.5
      vertex 29.9936 23 41.5
      vertex 29.9936 30 41.5
    endloop
  endfacet
  facet normal 0 0 1
    outer loop
      vertex 29.9936 23 41.5
      vertex 27.6 30 41.5
      vertex 27.6 23 41.5
    endloop
  endfacet
  facet normal 0 -1 0
    outer loop
      vertex 27.6 30 41.5
      vertex 29.9936 30 42.75
      vertex 27.6 30 42.75
    endloop
  endfacet
  facet normal 0 -1 -0
    outer loop
      vertex 29.9936 30 42.75
      vertex 27.6 30 41.5
      vertex 29.9936 30 41.5
    endloop
  endfacet
  facet normal 0 1 -0
    outer loop
      vertex 29.9936 23 41.5
      vertex 27.6 23 42.75
      vertex 29.9936 23 42.75
    endloop
  endfacet
  facet normal 0 1 0
    outer loop
      vertex 27.6 23 42.75
      vertex 29.9936 23 41.5
      vertex 27.6 23 41.5
    endloop
  endfacet
  facet normal 0 0 -1
    outer loop
      vertex 27.6 23 45.75
      vertex 29.9936 30 45.75
      vertex 29.9936 23 45.75
    endloop
  endfacet
  facet normal -0 0 -1
    outer loop
      vertex 29.9936 30 45.75
      vertex 27.6 23 45.75
      vertex 27.6 30 45.75
    endloop
  endfacet
  facet normal -0 0 1
    outer loop
      vertex 27.6 30 44.5
      vertex 29.9936 23 44.5
      vertex 29.9936 30 44.5
    endloop
  endfacet
  facet normal 0 0 1
    outer loop
      vertex 29.9936 23 44.5
      vertex 27.6 30 44.5
      vertex 27.6 23 44.5
    endloop
  endfacet
  facet normal 0 -1 0
    outer loop
      vertex 27.6 30 44.5
      vertex 29.9936 30 45.75
      vertex 27.6 30 45.75
    endloop
  endfacet
  facet normal 0 -1 -0
    outer loop
      vertex 29.9936 30 45.75
      vertex 27.6 30 44.5
      vertex 29.9936 30 44.5
    endloop
  endfacet
  facet normal 0 1 -0
    outer loop
      vertex 29.9936 23 44.5
      vertex 27.6 23 45.75
      vertex 29.9936 23 45.75
    endloop
  endfacet
  facet normal 0 1 0
    outer loop
      vertex 27.6 23 45.75
      vertex 29.9936 23 44.5
      vertex 27.6 23 44.5
    endloop
  endfacet
  facet normal 0 0 -1
    outer loop
      vertex 27.6 23 48.75
      vertex 29.9936 30 48.75
      vertex 29.9936 23 48.75
    endloop
  endfacet
  facet normal -0 0 -1
    outer loop
      vertex 29.9936 30 48.75
      vertex 27.6 23 48.75
      vertex 27.6 30 48.75
    endloop
  endfacet
  facet normal -0 0 1
    outer loop
      vertex 27.6 30 47.5
      vertex 29.9936 23 47.5
      vertex 29.9936 30 47.5
    endloop
  endfacet
  facet normal 0 0 1
    outer loop
      vertex 29.9936 23 47.5
      vertex 27.6 30 47.5
      vertex 27.6 23 47.5
    endloop
  endfacet
  facet normal 0 -1 0
    outer loop
      vertex 27.6 30 47.5
      vertex 29.9936 30 48.75
      vertex 27.6 30 48.75
    endloop
  endfacet
  facet normal 0 -1 -0
    outer loop
      vertex 29.9936 30 48.75
      vertex 27.6 30 47.5
      vertex 29.9936 30 47.5
    endloop
  endfacet
  facet normal 0 1 -0
    outer loop
      vertex 29.9936 23 47.5
      vertex 27.6 23 48.75
      vertex 29.9936 23 48.75
    endloop
  endfacet
  facet normal 0 1 0
    outer loop
      vertex 27.6 23 48.75
      vertex 29.9936 23 47.5
      vertex 27.6 23 47.5
    endloop
  endfacet
  facet normal 0 0 -1
    outer loop
      vertex 27.6 23 51.75
      vertex 29.9936 30 51.75
      vertex 29.9936 23 51.75
    endloop
  endfacet
  facet normal -0 0 -1
    outer loop
      vertex 29.9936 30 51.75
      vertex 27.6 23 51.75
      vertex 27.6 30 51.75
    endloop
  endfacet
  facet normal -0 0 1
    outer loop
      vertex 27.6 30 50.5
      vertex 29.9936 23 50.5
      vertex 29.9936 30 50.5
    endloop
  endfacet
  facet normal 0 0 1
    outer loop
      vertex 29.9936 23 50.5
      vertex 27.6 30 50.5
      vertex 27.6 23 50.5
    endloop
  endfacet
  facet normal 0 -1 0
    outer loop
      vertex 27.6 30 50.5
      vertex 29.9936 30 51.75
      vertex 27.6 30 51.75
    endloop
  endfacet
  facet normal 0 -1 -0
    outer loop
      vertex 29.9936 30 51.75
      vertex 27.6 30 50.5
      vertex 29.9936 30 50.5
    endloop
  endfacet
  facet normal 0 1 -0
    outer loop
      vertex 29.9936 23 50.5
      vertex 27.6 23 51.75
      vertex 29.9936 23 51.75
    endloop
  endfacet
  facet normal 0 1 0
    outer loop
      vertex 27.6 23 51.75
      vertex 29.9936 23 50.5
      vertex 27.6 23 50.5
    endloop
  endfacet
  facet normal 0.0397163 0.608331 0.792689
    outer loop
      vertex 27 32.978 59.2555
      vertex 27 32.6667 59.4944
      vertex 27.2175 32.6525 59.4944
    endloop
  endfacet
  facet normal -0.0565633 0.864649 0.499182
    outer loop
      vertex -27 33.4944 58.6667
      vertex -27.3512 33.6676 58.3269
      vertex -27.3256 33.4731 58.6667
    endloop
  endfacet
  facet normal 0.965896 -0 0.258931
    outer loop
      vertex 29.8408 3 57.9643
      vertex 29.9424 31 57.5853
      vertex 29.8408 31 57.9643
    endloop
  endfacet
  facet normal 0.965896 0 0.258931
    outer loop
      vertex 29.9424 31 57.5853
      vertex 29.8408 3 57.9643
      vertex 29.9424 3 57.5853
    endloop
  endfacet
  facet normal -0.382623 -0.0249266 -0.923568
    outer loop
      vertex -27.9561 2.87413 0.15921
      vertex -28.3155 2.82681 0.309382
      vertex -27.9643 3 0.15921
    endloop
  endfacet
  facet normal 0.991453 -0 0.130461
    outer loop
      vertex 29.9424 3 57.5853
      vertex 29.9936 31 57.1962
      vertex 29.9424 31 57.5853
    endloop
  endfacet
  facet normal 0.991453 0 0.130461
    outer loop
      vertex 29.9936 31 57.1962
      vertex 29.9424 3 57.5853
      vertex 29.9936 3 57.1962
    endloop
  endfacet
  facet normal 0.864643 0.0566253 -0.499185
    outer loop
      vertex 29.6906 31 1.67313
      vertex 29.4944 31 1.33329
      vertex 29.6676 31.3512 1.67313
    endloop
  endfacet
  facet normal 0 0.923855 -0.382742
    outer loop
      vertex 27 33.6906 1.67313
      vertex -2 33.8408 2.03568
      vertex 27 33.8408 2.03568
    endloop
  endfacet
  facet normal 0 0.923855 -0.382742
    outer loop
      vertex -2 33.8408 2.03568
      vertex 27 33.6906 1.67313
      vertex -2 33.6906 1.67313
    endloop
  endfacet
  facet normal 0 0.923855 -0.382742
    outer loop
      vertex -14 33.6906 1.67313
      vertex -27 33.8408 2.03568
      vertex -14 33.8408 2.03568
    endloop
  endfacet
  facet normal 0 0.923855 -0.382742
    outer loop
      vertex -27 33.8408 2.03568
      vertex -14 33.6906 1.67313
      vertex -27 33.6906 1.67313
    endloop
  endfacet
  facet normal -0.997861 -0.0653765 0
    outer loop
      vertex -29.968 2.60926 2.80379
      vertex -29.9936 3 57.1962
      vertex -29.9936 3 2.80379
    endloop
  endfacet
  facet normal -0.997861 -0.0653765 0
    outer loop
      vertex -29.9936 3 57.1962
      vertex -29.968 2.60926 2.80379
      vertex -29.968 2.60926 57.1962
    endloop
  endfacet
  facet normal -0.965904 0 -0.2589
    outer loop
      vertex -29.8408 3 2.03568
      vertex -29.9424 31 2.41473
      vertex -29.8408 31 2.03568
    endloop
  endfacet
  facet normal -0.965904 -0 -0.2589
    outer loop
      vertex -29.9424 31 2.41473
      vertex -29.8408 3 2.03568
      vertex -29.9424 3 2.41473
    endloop
  endfacet
  facet normal 0 -0.923881 -0.382681
    outer loop
      vertex -2 0.309382 1.67313
      vertex 27 0.15921 2.03568
      vertex -2 0.15921 2.03568
    endloop
  endfacet
  facet normal 0 -0.923881 -0.382681
    outer loop
      vertex 27 0.15921 2.03568
      vertex -2 0.309382 1.67313
      vertex 27 0.309382 1.67313
    endloop
  endfacet
  facet normal 0 -0.923881 -0.382681
    outer loop
      vertex -27 0.309382 1.67313
      vertex -14 0.15921 2.03568
      vertex -27 0.15921 2.03568
    endloop
  endfacet
  facet normal 0 -0.923881 -0.382681
    outer loop
      vertex -14 0.15921 2.03568
      vertex -27 0.309382 1.67313
      vertex -14 0.309382 1.67313
    endloop
  endfacet
  facet normal -0.310447 0.914776 -0.258472
    outer loop
      vertex -28.0871 33.6245 2.03568
      vertex -28.126 33.7184 2.41473
      vertex -27.7615 33.8421 2.41473
    endloop
  endfacet
  facet normal -0.318699 -0.938861 0.130274
    outer loop
      vertex -27.7615 0.157903 57.5853
      vertex -28.1456 0.234296 57.1962
      vertex -27.7748 0.108427 57.1962
    endloop
  endfacet
  facet normal -1 0 0
    outer loop
      vertex -29.9936 3 2.80379
      vertex -29.9936 31 57.1962
      vertex -29.9936 31 2.80379
    endloop
  endfacet
  facet normal -1 -0 0
    outer loop
      vertex -29.9936 31 57.1962
      vertex -29.9936 3 2.80379
      vertex -29.9936 3 57.1962
    endloop
  endfacet
  facet normal 0.0746971 0.376137 0.923548
    outer loop
      vertex 27.1732 32.3155 59.6906
      vertex 27.1259 31.9561 59.8408
      vertex 27.3434 32.2817 59.6906
    endloop
  endfacet
  facet normal -0.550996 0.824304 0.130101
    outer loop
      vertex -28.4968 33.5925 57.1962
      vertex -28.7912 33.3343 57.5853
      vertex -28.4712 33.5482 57.5853
    endloop
  endfacet
  facet normal 1 -0 0
    outer loop
      vertex 29.9936 23 38.5
      vertex 29.9936 30 36.75
      vertex 29.9936 30 38.5
    endloop
  endfacet
  facet normal 1 0 0
    outer loop
      vertex 29.9936 30 36.75
      vertex 29.9936 23 38.5
      vertex 29.9936 23 36.75
    endloop
  endfacet
  facet normal 1 -0 0
    outer loop
      vertex 29.9936 23 41.5
      vertex 29.9936 30 39.75
      vertex 29.9936 30 41.5
    endloop
  endfacet
  facet normal 1 0 0
    outer loop
      vertex 29.9936 30 39.75
      vertex 29.9936 23 41.5
      vertex 29.9936 23 39.75
    endloop
  endfacet
  facet normal 1 -0 0
    outer loop
      vertex 29.9936 23 44.5
      vertex 29.9936 30 42.75
      vertex 29.9936 30 44.5
    endloop
  endfacet
  facet normal 1 0 0
    outer loop
      vertex 29.9936 30 42.75
      vertex 29.9936 23 44.5
      vertex 29.9936 23 42.75
    endloop
  endfacet
  facet normal 1 -0 0
    outer loop
      vertex 29.9936 23 47.5
      vertex 29.9936 30 45.75
      vertex 29.9936 30 47.5
    endloop
  endfacet
  facet normal 1 0 0
    outer loop
      vertex 29.9936 30 45.75
      vertex 29.9936 23 47.5
      vertex 29.9936 23 45.75
    endloop
  endfacet
  facet normal 1 -0 0
    outer loop
      vertex 29.9936 23 50.5
      vertex 29.9936 30 48.75
      vertex 29.9936 30 50.5
    endloop
  endfacet
  facet normal 1 0 0
    outer loop
      vertex 29.9936 30 48.75
      vertex 29.9936 23 50.5
      vertex 29.9936 23 48.75
    endloop
  endfacet
  facet normal 1 0 0
    outer loop
      vertex 29.9936 30 50.5
      vertex 29.9936 31 57.1962
      vertex 29.9936 30 51.75
    endloop
  endfacet
  facet normal 1 0 0
    outer loop
      vertex 29.9936 31 57.1962
      vertex 29.9936 23 51.75
      vertex 29.9936 30 51.75
    endloop
  endfacet
  facet normal 1 0 0
    outer loop
      vertex 29.9936 16.2 48.25
      vertex 29.9936 23 50.5
      vertex 29.9936 23 51.75
    endloop
  endfacet
  facet normal 1 0 0
    outer loop
      vertex 29.9936 23 50.5
      vertex 29.9936 16.2 48.25
      vertex 29.9936 23 48.75
    endloop
  endfacet
  facet normal 1 0 0
    outer loop
      vertex 29.9936 23 48.75
      vertex 29.9936 16.2 48.25
      vertex 29.9936 23 47.5
    endloop
  endfacet
  facet normal 1 0 0
    outer loop
      vertex 29.9936 23 47.5
      vertex 29.9936 16.2 48.25
      vertex 29.9936 23 45.75
    endloop
  endfacet
  facet normal 1 0 0
    outer loop
      vertex 29.9936 23 45.75
      vertex 29.9936 16.2 48.25
      vertex 29.9936 23 44.5
    endloop
  endfacet
  facet normal 1 0 0
    outer loop
      vertex 29.9936 23 44.5
      vertex 29.9936 16.2 48.25
      vertex 29.9936 23 42.75
    endloop
  endfacet
  facet normal 1 0 0
    outer loop
      vertex 29.9936 16.2 36.75
      vertex 29.9936 23 42.75
      vertex 29.9936 16.2 48.25
    endloop
  endfacet
  facet normal 1 0 0
    outer loop
      vertex 29.9936 23 42.75
      vertex 29.9936 16.2 36.75
      vertex 29.9936 23 41.5
    endloop
  endfacet
  facet normal 1 0 0
    outer loop
      vertex 29.9936 23 41.5
      vertex 29.9936 16.2 36.75
      vertex 29.9936 23 39.75
    endloop
  endfacet
  facet normal 1 0 0
    outer loop
      vertex 29.9936 23 39.75
      vertex 29.9936 16.2 36.75
      vertex 29.9936 23 38.5
    endloop
  endfacet
  facet normal 1 0 0
    outer loop
      vertex 29.9936 23 38.5
      vertex 29.9936 16.2 36.75
      vertex 29.9936 23 36.75
    endloop
  endfacet
  facet normal 1 -0 0
    outer loop
      vertex 29.9936 12.3123 51.7782
      vertex 29.9936 23 51.75
      vertex 29.9936 31 57.1962
    endloop
  endfacet
  facet normal 1 0 -0
    outer loop
      vertex 29.9936 13.0856 51.1
      vertex 29.9936 23 51.75
      vertex 29.9936 12.9694 51.274
    endloop
  endfacet
  facet normal 1 0 0
    outer loop
      vertex 29.9936 16.2 48.25
      vertex 29.9936 13.2863 50.5088
      vertex 29.9936 13.3 50.3
    endloop
  endfacet
  facet normal 1 0 0
    outer loop
      vertex 29.9936 16.2 48.25
      vertex 29.9936 13.2455 50.7141
      vertex 29.9936 13.2863 50.5088
    endloop
  endfacet
  facet normal 1 0 0
    outer loop
      vertex 29.9936 16.2 48.25
      vertex 29.9936 13.1782 50.9123
      vertex 29.9936 13.2455 50.7141
    endloop
  endfacet
  facet normal 1 0 0
    outer loop
      vertex 29.9936 23 51.75
      vertex 29.9936 13.1782 50.9123
      vertex 29.9936 16.2 48.25
    endloop
  endfacet
  facet normal 1 0 -0
    outer loop
      vertex 29.9936 13.1782 50.9123
      vertex 29.9936 23 51.75
      vertex 29.9936 13.0856 51.1
    endloop
  endfacet
  facet normal 1 0 0
    outer loop
      vertex 29.9936 23 51.75
      vertex 29.9936 12.8314 51.4314
      vertex 29.9936 12.9694 51.274
    endloop
  endfacet
  facet normal 1 0 0
    outer loop
      vertex 29.9936 23 51.75
      vertex 29.9936 12.674 51.5694
      vertex 29.9936 12.8314 51.4314
    endloop
  endfacet
  facet normal 1 0 0
    outer loop
      vertex 29.9936 23 51.75
      vertex 29.9936 12.5 51.6856
      vertex 29.9936 12.674 51.5694
    endloop
  endfacet
  facet normal 1 0 0
    outer loop
      vertex 29.9936 23 51.75
      vertex 29.9936 12.3123 51.7782
      vertex 29.9936 12.5 51.6856
    endloop
  endfacet
  facet normal 1 0 0
    outer loop
      vertex 29.9936 31 57.1962
      vertex 29.9936 12.1141 51.8455
      vertex 29.9936 12.3123 51.7782
    endloop
  endfacet
  facet normal 1 -0 0
    outer loop
      vertex 29.9936 3 57.1962
      vertex 29.9936 12.1141 51.8455
      vertex 29.9936 31 57.1962
    endloop
  endfacet
  facet normal 1 0 0
    outer loop
      vertex 29.9936 12.1141 51.8455
      vertex 29.9936 3 57.1962
      vertex 29.9936 11.9088 51.8863
    endloop
  endfacet
  facet normal 1 0 0
    outer loop
      vertex 29.9936 11.9088 51.8863
      vertex 29.9936 3 57.1962
      vertex 29.9936 11.7 51.9
    endloop
  endfacet
  facet normal 1 0 0
    outer loop
      vertex 29.9936 11.7 51.9
      vertex 29.9936 3 57.1962
      vertex 29.9936 11.4912 51.8863
    endloop
  endfacet
  facet normal 1 0 0
    outer loop
      vertex 29.9936 10.1137 50.5088
      vertex 29.9936 7.2 48.25
      vertex 29.9936 10.1 50.3
    endloop
  endfacet
  facet normal 1 0 0
    outer loop
      vertex 29.9936 10.1545 50.7141
      vertex 29.9936 7.2 48.25
      vertex 29.9936 10.1137 50.5088
    endloop
  endfacet
  facet normal 1 0 0
    outer loop
      vertex 29.9936 10.2218 50.9123
      vertex 29.9936 7.2 48.25
      vertex 29.9936 10.1545 50.7141
    endloop
  endfacet
  facet normal 1 0 0
    outer loop
      vertex 29.9936 3 57.1962
      vertex 29.9936 10.2218 50.9123
      vertex 29.9936 10.3144 51.1
    endloop
  endfacet
  facet normal 1 0 0
    outer loop
      vertex 29.9936 3 57.1962
      vertex 29.9936 10.3144 51.1
      vertex 29.9936 10.4306 51.274
    endloop
  endfacet
  facet normal 1 0 0
    outer loop
      vertex 29.9936 3 57.1962
      vertex 29.9936 10.4306 51.274
      vertex 29.9936 10.5686 51.4314
    endloop
  endfacet
  facet normal 1 0 0
    outer loop
      vertex 29.9936 7.2 48.25
      vertex 29.9936 3 57.1962
      vertex 29.9936 7.2 36.75
    endloop
  endfacet
  facet normal 1 0 0
    outer loop
      vertex 29.9936 10.2218 50.9123
      vertex 29.9936 3 57.1962
      vertex 29.9936 7.2 48.25
    endloop
  endfacet
  facet normal 1 0 0
    outer loop
      vertex 29.9936 10.726 51.5694
      vertex 29.9936 3 57.1962
      vertex 29.9936 10.5686 51.4314
    endloop
  endfacet
  facet normal 1 0 0
    outer loop
      vertex 29.9936 10.9 51.6856
      vertex 29.9936 3 57.1962
      vertex 29.9936 10.726 51.5694
    endloop
  endfacet
  facet normal 1 0 0
    outer loop
      vertex 29.9936 11.0877 51.7782
      vertex 29.9936 3 57.1962
      vertex 29.9936 10.9 51.6856
    endloop
  endfacet
  facet normal 1 0 0
    outer loop
      vertex 29.9936 11.2859 51.8455
      vertex 29.9936 3 57.1962
      vertex 29.9936 11.0877 51.7782
    endloop
  endfacet
  facet normal 1 0 0
    outer loop
      vertex 29.9936 11.4912 51.8863
      vertex 29.9936 3 57.1962
      vertex 29.9936 11.2859 51.8455
    endloop
  endfacet
  facet normal 1 0 0
    outer loop
      vertex 29.9936 30 48.75
      vertex 29.9936 31 57.1962
      vertex 29.9936 30 50.5
    endloop
  endfacet
  facet normal 1 0 0
    outer loop
      vertex 29.9936 30 47.5
      vertex 29.9936 31 57.1962
      vertex 29.9936 30 48.75
    endloop
  endfacet
  facet normal 1 0 0
    outer loop
      vertex 29.9936 30 45.75
      vertex 29.9936 31 57.1962
      vertex 29.9936 30 47.5
    endloop
  endfacet
  facet normal 1 0 0
    outer loop
      vertex 29.9936 30 44.5
      vertex 29.9936 31 57.1962
      vertex 29.9936 30 45.75
    endloop
  endfacet
  facet normal 1 0 0
    outer loop
      vertex 29.9936 30 42.75
      vertex 29.9936 31 57.1962
      vertex 29.9936 30 44.5
    endloop
  endfacet
  facet normal 1 0 0
    outer loop
      vertex 29.9936 30 41.5
      vertex 29.9936 31 57.1962
      vertex 29.9936 30 42.75
    endloop
  endfacet
  facet normal 1 0 0
    outer loop
      vertex 29.9936 30 39.75
      vertex 29.9936 31 57.1962
      vertex 29.9936 30 41.5
    endloop
  endfacet
  facet normal 1 0 0
    outer loop
      vertex 29.9936 30 38.5
      vertex 29.9936 31 57.1962
      vertex 29.9936 30 39.75
    endloop
  endfacet
  facet normal 1 0 0
    outer loop
      vertex 29.9936 30 36.75
      vertex 29.9936 31 57.1962
      vertex 29.9936 30 38.5
    endloop
  endfacet
  facet normal 1 0 0
    outer loop
      vertex 29.9936 30 35.5
      vertex 29.9936 31 57.1962
      vertex 29.9936 30 36.75
    endloop
  endfacet
  facet normal 1 0 0
    outer loop
      vertex 29.9936 31 57.1962
      vertex 29.9936 30 35.5
      vertex 29.9936 31 2.80379
    endloop
  endfacet
  facet normal 1 -0 0
    outer loop
      vertex 29.9936 23 35.5
      vertex 29.9936 31 2.80379
      vertex 29.9936 30 35.5
    endloop
  endfacet
  facet normal 1 0 0
    outer loop
      vertex 29.9936 23 36.75
      vertex 29.9936 16.2 36.75
      vertex 29.9936 23 35.5
    endloop
  endfacet
  facet normal 1 0 0
    outer loop
      vertex 29.9936 3 2.80379
      vertex 29.9936 23 35.5
      vertex 29.9936 16.2 36.75
    endloop
  endfacet
  facet normal 1 0 0
    outer loop
      vertex 29.9936 3 2.80379
      vertex 29.9936 16.2 36.75
      vertex 29.9936 7.2 36.75
    endloop
  endfacet
  facet normal 1 0 0
    outer loop
      vertex 29.9936 23 35.5
      vertex 29.9936 3 2.80379
      vertex 29.9936 31 2.80379
    endloop
  endfacet
  facet normal 1 0 0
    outer loop
      vertex 29.9936 3 2.80379
      vertex 29.9936 7.2 36.75
      vertex 29.9936 3 57.1962
    endloop
  endfacet
  facet normal 1 -0 0
    outer loop
      vertex 29.9936 13.2863 50.0912
      vertex 29.9936 16.2 48.25
      vertex 29.9936 13.3 50.3
    endloop
  endfacet
  facet normal 1 -0 0
    outer loop
      vertex 29.9936 13.2455 49.8859
      vertex 29.9936 16.2 48.25
      vertex 29.9936 13.2863 50.0912
    endloop
  endfacet
  facet normal 1 -0 0
    outer loop
      vertex 29.9936 13.1782 49.6877
      vertex 29.9936 16.2 48.25
      vertex 29.9936 13.2455 49.8859
    endloop
  endfacet
  facet normal 1 -0 0
    outer loop
      vertex 29.9936 13.0856 49.5
      vertex 29.9936 16.2 48.25
      vertex 29.9936 13.1782 49.6877
    endloop
  endfacet
  facet normal 1 -0 0
    outer loop
      vertex 29.9936 12.9694 49.326
      vertex 29.9936 16.2 48.25
      vertex 29.9936 13.0856 49.5
    endloop
  endfacet
  facet normal 1 -0 0
    outer loop
      vertex 29.9936 12.8314 49.1686
      vertex 29.9936 16.2 48.25
      vertex 29.9936 12.9694 49.326
    endloop
  endfacet
  facet normal 1 -0 0
    outer loop
      vertex 29.9936 12.674 49.0306
      vertex 29.9936 16.2 48.25
      vertex 29.9936 12.8314 49.1686
    endloop
  endfacet
  facet normal 1 -0 0
    outer loop
      vertex 29.9936 12.5 48.9144
      vertex 29.9936 16.2 48.25
      vertex 29.9936 12.674 49.0306
    endloop
  endfacet
  facet normal 1 -0 0
    outer loop
      vertex 29.9936 12.3123 48.8218
      vertex 29.9936 16.2 48.25
      vertex 29.9936 12.5 48.9144
    endloop
  endfacet
  facet normal 1 -0 0
    outer loop
      vertex 29.9936 12.1141 48.7545
      vertex 29.9936 16.2 48.25
      vertex 29.9936 12.3123 48.8218
    endloop
  endfacet
  facet normal 1 -0 0
    outer loop
      vertex 29.9936 11.9088 48.7137
      vertex 29.9936 16.2 48.25
      vertex 29.9936 12.1141 48.7545
    endloop
  endfacet
  facet normal 1 -0 0
    outer loop
      vertex 29.9936 11.7 48.7
      vertex 29.9936 16.2 48.25
      vertex 29.9936 11.9088 48.7137
    endloop
  endfacet
  facet normal 1 0 0
    outer loop
      vertex 29.9936 7.2 48.25
      vertex 29.9936 11.7 48.7
      vertex 29.9936 11.4912 48.7137
    endloop
  endfacet
  facet normal 1 0 0
    outer loop
      vertex 29.9936 11.7 48.7
      vertex 29.9936 7.2 48.25
      vertex 29.9936 16.2 48.25
    endloop
  endfacet
  facet normal 1 0 0
    outer loop
      vertex 29.9936 11.2859 48.7545
      vertex 29.9936 7.2 48.25
      vertex 29.9936 11.4912 48.7137
    endloop
  endfacet
  facet normal 1 0 0
    outer loop
      vertex 29.9936 11.0877 48.8218
      vertex 29.9936 7.2 48.25
      vertex 29.9936 11.2859 48.7545
    endloop
  endfacet
  facet normal 1 0 0
    outer loop
      vertex 29.9936 10.9 48.9144
      vertex 29.9936 7.2 48.25
      vertex 29.9936 11.0877 48.8218
    endloop
  endfacet
  facet normal 1 0 0
    outer loop
      vertex 29.9936 10.726 49.0306
      vertex 29.9936 7.2 48.25
      vertex 29.9936 10.9 48.9144
    endloop
  endfacet
  facet normal 1 0 0
    outer loop
      vertex 29.9936 10.5686 49.1686
      vertex 29.9936 7.2 48.25
      vertex 29.9936 10.726 49.0306
    endloop
  endfacet
  facet normal 1 0 0
    outer loop
      vertex 29.9936 10.4306 49.326
      vertex 29.9936 7.2 48.25
      vertex 29.9936 10.5686 49.1686
    endloop
  endfacet
  facet normal 1 0 0
    outer loop
      vertex 29.9936 10.3144 49.5
      vertex 29.9936 7.2 48.25
      vertex 29.9936 10.4306 49.326
    endloop
  endfacet
  facet normal 1 0 0
    outer loop
      vertex 29.9936 10.2218 49.6877
      vertex 29.9936 7.2 48.25
      vertex 29.9936 10.3144 49.5
    endloop
  endfacet
  facet normal 1 0 0
    outer loop
      vertex 29.9936 10.1545 49.8859
      vertex 29.9936 7.2 48.25
      vertex 29.9936 10.2218 49.6877
    endloop
  endfacet
  facet normal 1 0 0
    outer loop
      vertex 29.9936 10.1137 50.0912
      vertex 29.9936 7.2 48.25
      vertex 29.9936 10.1545 49.8859
    endloop
  endfacet
  facet normal 1 0 0
    outer loop
      vertex 29.9936 7.2 48.25
      vertex 29.9936 10.1137 50.0912
      vertex 29.9936 10.1 50.3
    endloop
  endfacet
  facet normal 0.712125 0.351086 0.607961
    outer loop
      vertex 29.1602 32.2472 58.6667
      vertex 28.9533 32.1278 58.978
      vertex 29.0838 31.8631 58.978
    endloop
  endfacet
  facet normal -0.255262 -0.751769 0.608017
    outer loop
      vertex -27.8631 0.916172 58.978
      vertex -27.9546 0.695467 58.6667
      vertex -27.5838 0.821336 58.978
    endloop
  endfacet
  facet normal -0.938896 0.318632 0.130185
    outer loop
      vertex -29.7657 32.1456 57.1962
      vertex -29.8421 31.7615 57.5853
      vertex -29.7184 32.126 57.5853
    endloop
  endfacet
  facet normal -0.803135 0.536845 -0.258403
    outer loop
      vertex -29.4602 32.4204 2.03568
      vertex -29.5482 32.4712 2.41473
      vertex -29.3343 32.7912 2.41473
    endloop
  endfacet
  facet normal 0.707107 -0 0.707107
    outer loop
      vertex 28.978 3 59.2555
      vertex 29.2555 31 58.978
      vertex 28.978 31 59.2555
    endloop
  endfacet
  facet normal 0.707107 0 0.707107
    outer loop
      vertex 29.2555 31 58.978
      vertex 28.978 3 59.2555
      vertex 29.2555 3 58.978
    endloop
  endfacet
  facet normal 0.660143 -0.44115 0.607946
    outer loop
      vertex 29.1602 1.7528 58.6667
      vertex 28.7894 1.62693 58.978
      vertex 28.9789 1.4815 58.6667
    endloop
  endfacet
  facet normal -0.232688 -0.114771 0.965756
    outer loop
      vertex -27.5069 2.70737 59.9424
      vertex -27.8909 2.63097 59.8408
      vertex -27.8351 2.51784 59.8408
    endloop
  endfacet
  facet normal 0.0981397 -0.0864443 0.991411
    outer loop
      vertex 27.1557 2.88056 59.9936
      vertex 27.1387 2.86126 59.9936
      vertex 27.4643 2.64371 59.9424
    endloop
  endfacet
  facet normal 0.0420265 -0.123808 0.991416
    outer loop
      vertex 27.224 2.45928 59.9424
      vertex 27.0508 2.81048 59.9936
      vertex 27.1515 2.43467 59.9424
    endloop
  endfacet
  facet normal 0.523515 0.596995 -0.607889
    outer loop
      vertex 28.5949 32.5949 1.02196
      vertex 28.3731 32.7894 1.02196
      vertex 28.7638 32.7638 1.33329
    endloop
  endfacet
  facet normal 0 0.608795 -0.793327
    outer loop
      vertex -2 32.6667 0.505591
      vertex 27 32.978 0.744481
      vertex 27 32.6667 0.505591
    endloop
  endfacet
  facet normal 0 0.608795 -0.793327
    outer loop
      vertex 27 32.978 0.744481
      vertex -2 32.6667 0.505591
      vertex -2 32.978 0.744481
    endloop
  endfacet
  facet normal 0 0.608795 -0.793327
    outer loop
      vertex -27 32.6667 0.505591
      vertex -14 32.978 0.744481
      vertex -14 32.6667 0.505591
    endloop
  endfacet
  facet normal 0 0.608795 -0.793327
    outer loop
      vertex -14 32.978 0.744481
      vertex -27 32.6667 0.505591
      vertex -27 32.978 0.744481
    endloop
  endfacet
  facet normal -0.866429 0.42719 -0.258476
    outer loop
      vertex -29.6245 32.0871 2.03568
      vertex -29.7184 32.126 2.41473
      vertex -29.5482 32.4712 2.41473
    endloop
  endfacet
  facet normal 0.99786 0.0653832 0
    outer loop
      vertex 29.9936 31 57.1962
      vertex 29.968 31.3907 2.80379
      vertex 29.968 31.3907 57.1962
    endloop
  endfacet
  facet normal 0.99786 0.0653832 0
    outer loop
      vertex 29.968 31.3907 2.80379
      vertex 29.9936 31 57.1962
      vertex 29.9936 31 2.80379
    endloop
  endfacet
  facet normal 0.506778 0.338691 0.792758
    outer loop
      vertex 28.5693 32.2042 59.2555
      vertex 28.3223 32.0146 59.4944
      vertex 28.4434 31.8334 59.4944
    endloop
  endfacet
  facet normal 0.0577829 0.117275 0.991417
    outer loop
      vertex 27.224 31.5407 59.9424
      vertex 27.0981 31.1699 59.9936
      vertex 27.2926 31.5069 59.9424
    endloop
  endfacet
  facet normal -0.914761 -0.310484 0.258482
    outer loop
      vertex -29.6245 1.91288 57.9643
      vertex -29.8421 2.23846 57.5853
      vertex -29.7184 1.87401 57.5853
    endloop
  endfacet
  facet normal -0.180294 -0.906432 0.381935
    outer loop
      vertex -27.3512 0.332401 58.3269
      vertex -27.6964 0.401063 58.3269
      vertex -27.3708 0.183514 57.9643
    endloop
  endfacet
  facet normal -0.609518 0.69485 0.38167
    outer loop
      vertex -28.7294 33.2537 57.9643
      vertex -29.0087 33.0087 57.9643
      vertex -28.9026 32.9026 58.3269
    endloop
  endfacet
  facet normal 0.608377 -0.0398218 0.792648
    outer loop
      vertex 28.978 3 59.2555
      vertex 28.6525 2.78245 59.4944
      vertex 28.9611 2.74181 59.2555
    endloop
  endfacet
  facet normal -0.63701 0.726192 -0.258579
    outer loop
      vertex -29.0087 33.0087 2.03568
      vertex -29.0806 33.0806 2.41473
      vertex -28.7294 33.2537 2.03568
    endloop
  endfacet
  facet normal -0.768395 0.513401 -0.382084
    outer loop
      vertex -29.3301 32.3453 1.67313
      vertex -29.4602 32.4204 2.03568
      vertex -29.1346 32.6379 1.67313
    endloop
  endfacet
  facet normal 0.130456 -0.00865973 0.991416
    outer loop
      vertex 27.1962 3 59.9936
      vertex 27.1945 2.97439 59.9936
      vertex 27.5853 3 59.9424
    endloop
  endfacet
  facet normal 0.972421 -0.193446 0.130295
    outer loop
      vertex 29.968 2.60926 57.1962
      vertex 29.8421 2.23846 57.5853
      vertex 29.8916 2.22521 57.1962
    endloop
  endfacet
  facet normal -0.706351 -0.0462347 0.706351
    outer loop
      vertex -28.978 3 59.2555
      vertex -29.2555 3 58.978
      vertex -28.9611 2.74181 59.2555
    endloop
  endfacet
  facet normal -0.597897 -0.118986 0.792693
    outer loop
      vertex -28.6099 2.56862 59.4944
      vertex -28.9611 2.74181 59.2555
      vertex -28.9106 2.48805 59.2555
    endloop
  endfacet
  facet normal 0.169037 -0.84984 -0.499198
    outer loop
      vertex 27.3512 0.332401 1.67313
      vertex 27.3256 0.526932 1.33329
      vertex 27.6964 0.401063 1.67313
    endloop
  endfacet
  facet normal 0.278424 0.820503 -0.499255
    outer loop
      vertex 27.9546 33.3045 1.33329
      vertex 27.6964 33.5989 1.67313
      vertex 28.0297 33.4858 1.67313
    endloop
  endfacet
  facet normal -0.108721 0.0727084 -0.99141
    outer loop
      vertex -27.1699 31.0981 0.00642395
      vertex -27.5069 31.2926 0.0576448
      vertex -27.4643 31.3563 0.0576448
    endloop
  endfacet
  facet normal 0.694299 0.137948 -0.706343
    outer loop
      vertex 29.2362 31.2944 1.02196
      vertex 28.9611 31.2582 0.744481
      vertex 29.1787 31.5838 1.02196
    endloop
  endfacet
  facet normal 0.972421 0.193421 -0.130333
    outer loop
      vertex 29.968 31.3907 2.80379
      vertex 29.8421 31.7615 2.41473
      vertex 29.8916 31.7748 2.80379
    endloop
  endfacet
  facet normal 0.980786 0.195085 0
    outer loop
      vertex 29.968 31.3907 57.1962
      vertex 29.8916 31.7748 2.80379
      vertex 29.8916 31.7748 57.1962
    endloop
  endfacet
  facet normal 0.980786 0.195085 0
    outer loop
      vertex 29.8916 31.7748 2.80379
      vertex 29.968 31.3907 57.1962
      vertex 29.968 31.3907 2.80379
    endloop
  endfacet
  facet normal 0.42713 0.866479 -0.258405
    outer loop
      vertex 28.4204 33.4602 2.03568
      vertex 28.0871 33.6245 2.03568
      vertex 28.4712 33.5482 2.41473
    endloop
  endfacet
  facet normal 0.93883 0.318767 0.130331
    outer loop
      vertex 29.8916 31.7748 57.1962
      vertex 29.7657 32.1456 57.1962
      vertex 29.8421 31.7615 57.5853
    endloop
  endfacet
  facet normal -0.597894 0.118966 0.792698
    outer loop
      vertex -28.9106 31.512 59.2555
      vertex -28.9611 31.2582 59.2555
      vertex -28.6099 31.4314 59.4944
    endloop
  endfacet
  facet normal 0.550995 0.824303 -0.130114
    outer loop
      vertex 28.7912 33.3343 2.41473
      vertex 28.4712 33.5482 2.41473
      vertex 28.4968 33.5925 2.80379
    endloop
  endfacet
  facet normal 0 -0.865997 0.500049
    outer loop
      vertex -27 0.309382 58.3269
      vertex 27 0.505591 58.6667
      vertex -27 0.505591 58.6667
    endloop
  endfacet
  facet normal 0 -0.865997 0.500049
    outer loop
      vertex 27 0.505591 58.6667
      vertex -27 0.309382 58.3269
      vertex 27 0.309382 58.3269
    endloop
  endfacet
  facet normal 0.0748191 -0.376084 0.92356
    outer loop
      vertex 27.3434 1.71835 59.6906
      vertex 27.1259 2.04393 59.8408
      vertex 27.1732 1.68449 59.6906
    endloop
  endfacet
  facet normal -0.441099 0.660169 0.607954
    outer loop
      vertex -28.2472 33.1602 58.6667
      vertex -28.3731 32.7894 58.978
      vertex -28.1278 32.9533 58.978
    endloop
  endfacet
  facet normal 0.0648268 0.989368 0.130187
    outer loop
      vertex 27 33.9936 57.1962
      vertex 27 33.9424 57.5853
      vertex 27.3907 33.968 57.1962
    endloop
  endfacet
  facet normal 0.408645 0.82898 -0.381839
    outer loop
      vertex 28.4204 33.4602 2.03568
      vertex 28.0297 33.4858 1.67313
      vertex 28.0871 33.6245 2.03568
    endloop
  endfacet
  facet normal 0.793315 -0 0.608811
    outer loop
      vertex 29.2555 3 58.978
      vertex 29.4944 31 58.6667
      vertex 29.2555 31 58.978
    endloop
  endfacet
  facet normal 0.793315 0 0.608811
    outer loop
      vertex 29.4944 31 58.6667
      vertex 29.2555 3 58.978
      vertex 29.4944 3 58.6667
    endloop
  endfacet
  facet normal -0.889242 0.438544 -0.130109
    outer loop
      vertex -29.5482 32.4712 2.41473
      vertex -29.7657 32.1456 2.80379
      vertex -29.5925 32.4968 2.80379
    endloop
  endfacet
  facet normal -0.963984 0.0631737 0.258347
    outer loop
      vertex -29.8165 31.3708 57.9643
      vertex -29.9172 31.3841 57.5853
      vertex -29.8408 31 57.9643
    endloop
  endfacet
  facet normal 0.706351 0.0462329 0.706351
    outer loop
      vertex 29.2555 31 58.978
      vertex 28.9611 31.2582 59.2555
      vertex 28.978 31 59.2555
    endloop
  endfacet
  facet normal 0.258895 0.0168621 0.965758
    outer loop
      vertex 27.9561 31.1259 59.8408
      vertex 27.5853 31 59.9424
      vertex 27.9643 31 59.8408
    endloop
  endfacet
  facet normal -0.313274 0.634757 0.706359
    outer loop
      vertex -27.757 32.8275 59.2555
      vertex -28.1278 32.9533 58.978
      vertex -27.989 32.713 59.2555
    endloop
  endfacet
  facet normal -0.972419 -0.193446 -0.130309
    outer loop
      vertex -29.8916 2.22521 2.80379
      vertex -29.968 2.60926 2.80379
      vertex -29.8421 2.23846 2.41473
    endloop
  endfacet
  facet normal -0.896865 -0.442304 0
    outer loop
      vertex -29.5925 1.50321 2.80379
      vertex -29.7657 1.85441 57.1962
      vertex -29.7657 1.85441 2.80379
    endloop
  endfacet
  facet normal -0.896865 -0.442304 0
    outer loop
      vertex -29.7657 1.85441 57.1962
      vertex -29.5925 1.50321 2.80379
      vertex -29.5925 1.50321 57.1962
    endloop
  endfacet
  facet normal 0.653689 -0.745475 -0.130219
    outer loop
      vertex 29.1168 0.883222 2.80379
      vertex 28.7912 0.665672 2.41473
      vertex 29.0806 0.91944 2.41473
    endloop
  endfacet
  facet normal -0.362989 -0.123242 -0.923607
    outer loop
      vertex -28.2259 2.49223 0.309382
      vertex -28.2817 2.65658 0.309382
      vertex -27.8909 2.63097 0.15921
    endloop
  endfacet
  facet normal -0.712081 -0.351183 -0.607956
    outer loop
      vertex -28.9533 1.87224 1.02196
      vertex -29.1602 1.7528 1.33329
      vertex -29.0838 2.13685 1.02196
    endloop
  endfacet
  facet normal 0.194953 -0.171041 -0.965784
    outer loop
      vertex 27.765 2.41296 0.15921
      vertex 27.4138 2.58615 0.0576448
      vertex 27.4643 2.64371 0.0576448
    endloop
  endfacet
  facet normal -0.318767 0.93883 0.130331
    outer loop
      vertex -27.7748 33.8916 57.1962
      vertex -28.1456 33.7657 57.1962
      vertex -27.7615 33.8421 57.5853
    endloop
  endfacet
  facet normal -0.991452 0 -0.130474
    outer loop
      vertex -29.9424 3 2.41473
      vertex -29.9936 31 2.80379
      vertex -29.9424 31 2.41473
    endloop
  endfacet
  facet normal -0.991452 -0 -0.130474
    outer loop
      vertex -29.9936 31 2.80379
      vertex -29.9424 3 2.41473
      vertex -29.9936 3 2.80379
    endloop
  endfacet
  facet normal 0.0169574 -0.25878 -0.965788
    outer loop
      vertex 27.1259 2.04393 0.15921
      vertex 27 2.03568 0.15921
      vertex 27 2.41473 0.0576448
    endloop
  endfacet
  facet normal -0.906401 -0.180398 0.381961
    outer loop
      vertex -29.6676 2.6488 58.3269
      vertex -29.8165 2.6292 57.9643
      vertex -29.5989 2.30362 58.3269
    endloop
  endfacet
  facet normal 0.376016 -0.0747717 -0.923591
    outer loop
      vertex 28.2817 2.65658 0.309382
      vertex 27.9315 2.75042 0.15921
      vertex 27.9561 2.87413 0.15921
    endloop
  endfacet
  facet normal 0.866429 0.42719 -0.258476
    outer loop
      vertex 29.6245 32.0871 2.03568
      vertex 29.5482 32.4712 2.41473
      vertex 29.7184 32.126 2.41473
    endloop
  endfacet
  facet normal 0.792189 0.0519336 0.608062
    outer loop
      vertex 29.4731 31.3256 58.6667
      vertex 29.2362 31.2944 58.978
      vertex 29.2555 31 58.978
    endloop
  endfacet
  facet normal 0.513502 0.768387 0.381965
    outer loop
      vertex 28.7294 33.2537 57.9643
      vertex 28.4204 33.4602 57.9643
      vertex 28.6379 33.1346 58.3269
    endloop
  endfacet
  facet normal 0.653742 0.745397 -0.130403
    outer loop
      vertex 29.1168 33.1168 2.80379
      vertex 28.7912 33.3343 2.41473
      vertex 28.8224 33.375 2.80379
    endloop
  endfacet
  facet normal 0.659372 0.751817 -0
    outer loop
      vertex 29.1168 33.1168 2.80379
      vertex 28.8224 33.375 57.1962
      vertex 29.1168 33.1168 57.1962
    endloop
  endfacet
  facet normal 0.659372 0.751817 0
    outer loop
      vertex 28.8224 33.375 57.1962
      vertex 29.1168 33.1168 2.80379
      vertex 28.8224 33.375 2.80379
    endloop
  endfacet
  facet normal 0.923874 -0 0.382697
    outer loop
      vertex 29.6906 3 58.3269
      vertex 29.8408 31 57.9643
      vertex 29.6906 31 58.3269
    endloop
  endfacet
  facet normal 0.923874 0 0.382697
    outer loop
      vertex 29.8408 31 57.9643
      vertex 29.6906 3 58.3269
      vertex 29.8408 3 57.9643
    endloop
  endfacet
  facet normal -0.947472 0.18854 0.258359
    outer loop
      vertex -29.8421 31.7615 57.5853
      vertex -29.9172 31.3841 57.5853
      vertex -29.8165 31.3708 57.9643
    endloop
  endfacet
  facet normal -0.499765 -0.0326208 0.865546
    outer loop
      vertex -28.3269 3 59.6906
      vertex -28.6667 3 59.4944
      vertex -28.6525 2.78245 59.4944
    endloop
  endfacet
  facet normal 0.130461 0 0.991453
    outer loop
      vertex 27.1962 31 59.9936
      vertex 27.5853 3 59.9424
      vertex 27.5853 31 59.9424
    endloop
  endfacet
  facet normal 0.130461 0 0.991453
    outer loop
      vertex 27.5853 3 59.9424
      vertex 27.1962 31 59.9936
      vertex 27.1962 3 59.9936
    endloop
  endfacet
  facet normal -0.382697 0 0.923874
    outer loop
      vertex -28.3269 31 59.6906
      vertex -27.9643 3 59.8408
      vertex -27.9643 31 59.8408
    endloop
  endfacet
  facet normal -0.382697 0 0.923874
    outer loop
      vertex -27.9643 3 59.8408
      vertex -28.3269 31 59.6906
      vertex -28.3269 3 59.6906
    endloop
  endfacet
  facet normal 0.376136 -0.0746836 0.92355
    outer loop
      vertex 28.3155 2.82681 59.6906
      vertex 27.9561 2.87413 59.8408
      vertex 28.2817 2.65658 59.6906
    endloop
  endfacet
  facet normal -0.634757 0.313274 0.706359
    outer loop
      vertex -28.713 31.989 59.2555
      vertex -28.9533 32.1278 58.978
      vertex -28.8275 31.757 59.2555
    endloop
  endfacet
  facet normal -0.0420119 0.123816 0.991416
    outer loop
      vertex -27.1515 31.5653 59.9424
      vertex -27.224 31.5407 59.9424
      vertex -27.0508 31.1895 59.9936
    endloop
  endfacet
  facet normal -0.0648267 0.989366 -0.1302
    outer loop
      vertex -27 33.9424 2.41473
      vertex -27.3907 33.968 2.80379
      vertex -27 33.9936 2.80379
    endloop
  endfacet
  facet normal 0 1 0
    outer loop
      vertex 27 33.9936 57.1962
      vertex -2 33.9936 8
      vertex -27 33.9936 57.1962
    endloop
  endfacet
  facet normal 0 1 -0
    outer loop
      vertex 27 33.9936 2.80379
      vertex -2 33.9936 8
      vertex 27 33.9936 57.1962
    endloop
  endfacet
  facet normal 0 1 0
    outer loop
      vertex -2 33.9936 8
      vertex 27 33.9936 2.80379
      vertex -2 33.9936 2.80379
    endloop
  endfacet
  facet normal 0 1 -0
    outer loop
      vertex -14 33.9936 8
      vertex -27 33.9936 57.1962
      vertex -2 33.9936 8
    endloop
  endfacet
  facet normal 0 1 0
    outer loop
      vertex -27 33.9936 2.80379
      vertex -14 33.9936 8
      vertex -14 33.9936 2.80379
    endloop
  endfacet
  facet normal 0 1 0
    outer loop
      vertex -14 33.9936 8
      vertex -27 33.9936 2.80379
      vertex -27 33.9936 57.1962
    endloop
  endfacet
  facet normal 0.0631743 0.963993 -0.258315
    outer loop
      vertex 27.3708 33.8165 2.03568
      vertex 27 33.8408 2.03568
      vertex 27.3841 33.9172 2.41473
    endloop
  endfacet
  facet normal 0.906385 0.180384 -0.382006
    outer loop
      vertex 29.6676 31.3512 1.67313
      vertex 29.5989 31.6964 1.67313
      vertex 29.8165 31.3708 2.03568
    endloop
  endfacet
  facet normal 0.416364 0.278265 0.865569
    outer loop
      vertex 28.3223 32.0146 59.4944
      vertex 28.0527 31.8077 59.6906
      vertex 28.4434 31.8334 59.4944
    endloop
  endfacet
  facet normal 0.252669 0.288547 0.923525
    outer loop
      vertex 27.9382 31.9382 59.6906
      vertex 27.587 31.765 59.8408
      vertex 27.6819 31.6819 59.8408
    endloop
  endfacet
  facet normal 0.946907 0.321509 0
    outer loop
      vertex 29.8916 31.7748 57.1962
      vertex 29.7657 32.1456 2.80379
      vertex 29.7657 32.1456 57.1962
    endloop
  endfacet
  facet normal 0.946907 0.321509 0
    outer loop
      vertex 29.7657 32.1456 2.80379
      vertex 29.8916 31.7748 57.1962
      vertex 29.8916 31.7748 2.80379
    endloop
  endfacet
  facet normal 0.706382 0.0463084 0.706314
    outer loop
      vertex 29.2362 31.2944 58.978
      vertex 28.9611 31.2582 59.2555
      vertex 29.2555 31 58.978
    endloop
  endfacet
  facet normal -0.555466 0.831539 0
    outer loop
      vertex -28.4968 33.5925 2.80379
      vertex -28.8224 33.375 57.1962
      vertex -28.4968 33.5925 57.1962
    endloop
  endfacet
  facet normal -0.555466 0.831539 0
    outer loop
      vertex -28.8224 33.375 57.1962
      vertex -28.4968 33.5925 2.80379
      vertex -28.8224 33.375 2.80379
    endloop
  endfacet
  facet normal 0.608811 0 0.793315
    outer loop
      vertex 28.6667 31 59.4944
      vertex 28.978 3 59.2555
      vertex 28.978 31 59.2555
    endloop
  endfacet
  facet normal 0.608811 0 0.793315
    outer loop
      vertex 28.978 3 59.2555
      vertex 28.6667 31 59.4944
      vertex 28.6667 3 59.4944
    endloop
  endfacet
  facet normal 0.866424 -0.4272 0.258476
    outer loop
      vertex 29.6245 1.91288 57.9643
      vertex 29.5482 1.52882 57.5853
      vertex 29.7184 1.87401 57.5853
    endloop
  endfacet
  facet normal 0.383275 -0.777111 -0.499198
    outer loop
      vertex 28.3453 0.669857 1.67313
      vertex 27.9546 0.695467 1.33329
      vertex 28.2472 0.839779 1.33329
    endloop
  endfacet
  facet normal -0.00855906 -0.130521 -0.991409
    outer loop
      vertex -27 2.41473 0.0576448
      vertex -27.0764 2.41974 0.0576448
      vertex -27.0256 2.80547 0.00642395
    endloop
  endfacet
  facet normal 0.170965 -0.195078 0.965772
    outer loop
      vertex 27.6819 2.31812 59.8408
      vertex 27.4138 2.58615 59.9424
      vertex 27.587 2.23495 59.8408
    endloop
  endfacet
  facet normal 0.10888 -0.0724505 0.991411
    outer loop
      vertex 27.1699 2.9019 59.9936
      vertex 27.1557 2.88056 59.9936
      vertex 27.4643 2.64371 59.9424
    endloop
  endfacet
  facet normal 0.577147 -0.195979 0.792776
    outer loop
      vertex 28.6099 2.56862 59.4944
      vertex 28.5398 2.36218 59.4944
      vertex 28.8275 2.24304 59.2555
    endloop
  endfacet
  facet normal -0.195084 -0.980786 0
    outer loop
      vertex -27.7748 0.108427 2.80379
      vertex -27.6 0.0736582 57.1962
      vertex -27.7748 0.108427 57.1962
    endloop
  endfacet
  facet normal -0.195084 -0.980786 -0
    outer loop
      vertex -27.6 0.0736582 57.1962
      vertex -27.7748 0.108427 2.80379
      vertex -27.6 0.0736582 2.80379
    endloop
  endfacet
  facet normal -0.408811 -0.828847 0.381952
    outer loop
      vertex -28.3453 0.669857 58.3269
      vertex -28.4204 0.539804 57.9643
      vertex -28.0297 0.514194 58.3269
    endloop
  endfacet
  facet normal -0.706351 0.0462329 0.706351
    outer loop
      vertex -28.9611 31.2582 59.2555
      vertex -29.2555 31 58.978
      vertex -28.978 31 59.2555
    endloop
  endfacet
  facet normal -0.130456 0.00866311 0.991416
    outer loop
      vertex -27.1945 31.0256 59.9936
      vertex -27.5853 31 59.9424
      vertex -27.1962 31 59.9936
    endloop
  endfacet
  facet normal -0.481386 -0.720468 0.499192
    outer loop
      vertex -28.5185 1.02105 58.6667
      vertex -28.6379 0.86539 58.3269
      vertex -28.2472 0.839779 58.6667
    endloop
  endfacet
  facet normal -0.989368 -0.0648202 0.130187
    outer loop
      vertex -29.9424 3 57.5853
      vertex -29.9936 3 57.1962
      vertex -29.968 2.60926 57.1962
    endloop
  endfacet
  facet normal 0.330185 -0.376555 -0.865554
    outer loop
      vertex 28.1785 1.82146 0.505591
      vertex 27.8077 1.94733 0.309382
      vertex 27.9382 2.06176 0.309382
    endloop
  endfacet
  facet normal 0.577287 0.195806 -0.792717
    outer loop
      vertex 28.9106 31.512 0.744481
      vertex 28.6099 31.4314 0.505591
      vertex 28.8275 31.757 0.744481
    endloop
  endfacet
  facet normal 0.866479 0.42713 -0.258405
    outer loop
      vertex 29.6245 32.0871 2.03568
      vertex 29.4602 32.4204 2.03568
      vertex 29.5482 32.4712 2.41473
    endloop
  endfacet
  facet normal 0 0.793343 -0.608774
    outer loop
      vertex -14 33.2555 1.02196
      vertex -27 33.4944 1.33329
      vertex -14 33.4944 1.33329
    endloop
  endfacet
  facet normal 0 0.793343 -0.608774
    outer loop
      vertex -27 33.4944 1.33329
      vertex -14 33.2555 1.02196
      vertex -27 33.2555 1.02196
    endloop
  endfacet
  facet normal 0 0.793343 -0.608774
    outer loop
      vertex 27 33.2555 1.02196
      vertex -2 33.4944 1.33329
      vertex 27 33.4944 1.33329
    endloop
  endfacet
  facet normal 0 0.793343 -0.608774
    outer loop
      vertex -2 33.4944 1.33329
      vertex 27 33.2555 1.02196
      vertex -2 33.2555 1.02196
    endloop
  endfacet
  facet normal -0.221382 0.449195 -0.865572
    outer loop
      vertex -27.6634 32.1491 0.309382
      vertex -27.8334 32.4434 0.505591
      vertex -27.6378 32.5398 0.505591
    endloop
  endfacet
  facet normal -0.831523 -0.55549 0
    outer loop
      vertex -29.375 1.17763 2.80379
      vertex -29.5925 1.50321 57.1962
      vertex -29.5925 1.50321 2.80379
    endloop
  endfacet
  facet normal -0.831523 -0.55549 0
    outer loop
      vertex -29.5925 1.50321 57.1962
      vertex -29.375 1.17763 2.80379
      vertex -29.375 1.17763 57.1962
    endloop
  endfacet
  facet normal -0.777155 -0.383226 -0.499167
    outer loop
      vertex -29.1602 1.7528 1.33329
      vertex -29.3301 1.65469 1.67313
      vertex -29.3045 2.04543 1.33329
    endloop
  endfacet
  facet normal 0.820513 0.278549 -0.499169
    outer loop
      vertex 29.4094 31.6456 1.33329
      vertex 29.3045 31.9546 1.33329
      vertex 29.5989 31.6964 1.67313
    endloop
  endfacet
  facet normal 0.0566253 0.864643 -0.499185
    outer loop
      vertex 27.3512 33.6676 1.67313
      vertex 27 33.4944 1.33329
      vertex 27 33.6906 1.67313
    endloop
  endfacet
  facet normal -0.550995 0.824303 -0.130114
    outer loop
      vertex -28.4712 33.5482 2.41473
      vertex -28.7912 33.3343 2.41473
      vertex -28.4968 33.5925 2.80379
    endloop
  endfacet
  facet normal -0.720486 0.481391 -0.499162
    outer loop
      vertex -29.1602 32.2472 1.33329
      vertex -29.3301 32.3453 1.67313
      vertex -29.1346 32.6379 1.67313
    endloop
  endfacet
  facet normal -0.914753 0.310725 -0.25822
    outer loop
      vertex -29.744 31.7353 2.03568
      vertex -29.8421 31.7615 2.41473
      vertex -29.6245 32.0871 2.03568
    endloop
  endfacet
  facet normal -0.922184 0.0603936 -0.382008
    outer loop
      vertex -29.6906 31 1.67313
      vertex -29.8165 31.3708 2.03568
      vertex -29.6676 31.3512 1.67313
    endloop
  endfacet
  facet normal -0.720422 0.481432 -0.499214
    outer loop
      vertex -28.9789 32.5185 1.33329
      vertex -29.1602 32.2472 1.33329
      vertex -29.1346 32.6379 1.67313
    endloop
  endfacet
  facet normal -0.938833 -0.318768 -0.130304
    outer loop
      vertex -29.7657 1.85441 2.80379
      vertex -29.8916 2.22521 2.80379
      vertex -29.8421 2.23846 2.41473
    endloop
  endfacet
  facet normal -0.608315 -0.0397062 -0.792702
    outer loop
      vertex -28.6525 2.78245 0.505591
      vertex -28.978 3 0.744481
      vertex -28.6667 3 0.505591
    endloop
  endfacet
  facet normal -0.0862932 -0.0982936 -0.991409
    outer loop
      vertex -27.3563 2.53567 0.0576448
      vertex -27.4138 2.58615 0.0576448
      vertex -27.1387 2.86126 0.00642395
    endloop
  endfacet
  facet normal -0.130508 -0.00866319 -0.991409
    outer loop
      vertex -27.1945 2.97439 0.00642395
      vertex -27.5853 3 0.0576448
      vertex -27.1962 3 0.00642395
    endloop
  endfacet
  facet normal -0.362986 0.123203 -0.923614
    outer loop
      vertex -27.8909 31.369 0.15921
      vertex -28.2817 31.3434 0.309382
      vertex -28.2259 31.5078 0.309382
    endloop
  endfacet
  facet normal -0.118875 -0.597867 -0.792732
    outer loop
      vertex -27.2582 1.03889 0.744481
      vertex -27.4314 1.39008 0.505591
      vertex -27.2175 1.34755 0.505591
    endloop
  endfacet
  facet normal 0.550724 0.824439 0.130396
    outer loop
      vertex 28.8224 33.375 57.1962
      vertex 28.4968 33.5925 57.1962
      vertex 28.7912 33.3343 57.5853
    endloop
  endfacet
  facet normal 0.947517 0.188464 -0.258249
    outer loop
      vertex 29.8165 31.3708 2.03568
      vertex 29.744 31.7353 2.03568
      vertex 29.8421 31.7615 2.41473
    endloop
  endfacet
  facet normal 0.889242 0.438544 -0.130109
    outer loop
      vertex 29.7657 32.1456 2.80379
      vertex 29.5482 32.4712 2.41473
      vertex 29.5925 32.4968 2.80379
    endloop
  endfacet
  facet normal 0.803135 0.536845 -0.258403
    outer loop
      vertex 29.4602 32.4204 2.03568
      vertex 29.3343 32.7912 2.41473
      vertex 29.5482 32.4712 2.41473
    endloop
  endfacet
  facet normal 0.694325 0.137953 0.706316
    outer loop
      vertex 29.1787 31.5838 58.978
      vertex 28.9611 31.2582 59.2555
      vertex 29.2362 31.2944 58.978
    endloop
  endfacet
  facet normal 0.922202 0.0603948 0.381963
    outer loop
      vertex 29.8165 31.3708 57.9643
      vertex 29.6676 31.3512 58.3269
      vertex 29.6906 31 58.3269
    endloop
  endfacet
  facet normal 0.768372 0.513491 -0.38201
    outer loop
      vertex 29.4602 32.4204 2.03568
      vertex 29.1346 32.6379 1.67313
      vertex 29.2537 32.7294 2.03568
    endloop
  endfacet
  facet normal 0.310447 0.914776 -0.258472
    outer loop
      vertex 28.0871 33.6245 2.03568
      vertex 27.7615 33.8421 2.41473
      vertex 28.126 33.7184 2.41473
    endloop
  endfacet
  facet normal 0.0653832 0.99786 -0
    outer loop
      vertex 27.3907 33.968 2.80379
      vertex 27 33.9936 57.1962
      vertex 27.3907 33.968 57.1962
    endloop
  endfacet
  facet normal 0.0653832 0.99786 0
    outer loop
      vertex 27 33.9936 57.1962
      vertex 27.3907 33.968 2.80379
      vertex 27 33.9936 2.80379
    endloop
  endfacet
  facet normal -0.0249247 0.382685 0.923542
    outer loop
      vertex -27 31.9643 59.8408
      vertex -27.1732 32.3155 59.6906
      vertex -27.1259 31.9561 59.8408
    endloop
  endfacet
  facet normal -0.0397163 0.608331 0.792689
    outer loop
      vertex -27 32.978 59.2555
      vertex -27.2175 32.6525 59.4944
      vertex -27 32.6667 59.4944
    endloop
  endfacet
  facet normal -0.500031 0 0.866007
    outer loop
      vertex -28.6667 31 59.4944
      vertex -28.3269 3 59.6906
      vertex -28.3269 31 59.6906
    endloop
  endfacet
  facet normal -0.500031 0 0.866007
    outer loop
      vertex -28.3269 3 59.6906
      vertex -28.6667 31 59.4944
      vertex -28.6667 3 59.4944
    endloop
  endfacet
  facet normal -0.875038 0.297234 0.382048
    outer loop
      vertex -29.6245 32.0871 57.9643
      vertex -29.744 31.7353 57.9643
      vertex -29.5989 31.6964 58.3269
    endloop
  endfacet
  facet normal 0.00853719 0.130448 0.991418
    outer loop
      vertex 27.0764 31.5803 59.9424
      vertex 27 31.5853 59.9424
      vertex 27.0256 31.1945 59.9936
    endloop
  endfacet
  facet normal -0.258931 0 0.965896
    outer loop
      vertex -27.9643 31 59.8408
      vertex -27.5853 3 59.9424
      vertex -27.5853 31 59.9424
    endloop
  endfacet
  facet normal -0.258931 0 0.965896
    outer loop
      vertex -27.5853 3 59.9424
      vertex -27.9643 31 59.8408
      vertex -27.9643 3 59.8408
    endloop
  endfacet
  facet normal -0.820487 -0.278568 0.4992
    outer loop
      vertex -29.4094 2.3544 58.6667
      vertex -29.5989 2.30362 58.3269
      vertex -29.3045 2.04543 58.6667
    endloop
  endfacet
  facet normal -0.963987 -0.0631739 0.258339
    outer loop
      vertex -29.8408 3 57.9643
      vertex -29.9172 2.61595 57.5853
      vertex -29.8165 2.6292 57.9643
    endloop
  endfacet
  facet normal -0.130456 -0.00865973 0.991416
    outer loop
      vertex -27.1962 3 59.9936
      vertex -27.5853 3 59.9424
      vertex -27.1945 2.97439 59.9936
    endloop
  endfacet
  facet normal -0.232712 0.11466 0.965763
    outer loop
      vertex -27.5069 31.2926 59.9424
      vertex -27.8909 31.369 59.8408
      vertex -27.5407 31.224 59.9424
    endloop
  endfacet
  facet normal -0.793315 0 0.608811
    outer loop
      vertex -29.4944 3 58.6667
      vertex -29.2555 31 58.978
      vertex -29.4944 31 58.6667
    endloop
  endfacet
  facet normal -0.793315 0 0.608811
    outer loop
      vertex -29.2555 31 58.978
      vertex -29.4944 3 58.6667
      vertex -29.2555 3 58.978
    endloop
  endfacet
  facet normal 0.330174 -0.376542 0.865564
    outer loop
      vertex 27.9382 2.06176 59.6906
      vertex 27.8077 1.94733 59.6906
      vertex 28.1785 1.82146 59.4944
    endloop
  endfacet
  facet normal -0.188542 0.94748 -0.258327
    outer loop
      vertex -27.3708 33.8165 2.03568
      vertex -27.7615 33.8421 2.41473
      vertex -27.3841 33.9172 2.41473
    endloop
  endfacet
  facet normal 0.155024 0.77877 -0.607853
    outer loop
      vertex 27.5838 33.1787 1.02196
      vertex 27.3256 33.4731 1.33329
      vertex 27.6456 33.4094 1.33329
    endloop
  endfacet
  facet normal 0.0648267 0.989366 -0.1302
    outer loop
      vertex 27.3907 33.968 2.80379
      vertex 27 33.9424 2.41473
      vertex 27 33.9936 2.80379
    endloop
  endfacet
  facet normal 0.310725 0.914753 -0.25822
    outer loop
      vertex 28.0871 33.6245 2.03568
      vertex 27.7353 33.744 2.03568
      vertex 27.7615 33.8421 2.41473
    endloop
  endfacet
  facet normal 0.536841 0.803128 0.258435
    outer loop
      vertex 28.4712 33.5482 57.5853
      vertex 28.4204 33.4602 57.9643
      vertex 28.7912 33.3343 57.5853
    endloop
  endfacet
  facet normal 0.376082 0.0747907 0.923563
    outer loop
      vertex 28.2817 31.3434 59.6906
      vertex 27.9315 31.2496 59.8408
      vertex 27.9561 31.1259 59.8408
    endloop
  endfacet
  facet normal 0.52349 0.596988 0.607917
    outer loop
      vertex 28.5185 32.9789 58.6667
      vertex 28.3731 32.7894 58.978
      vertex 28.7638 32.7638 58.6667
    endloop
  endfacet
  facet normal 0.577302 0.195811 0.792704
    outer loop
      vertex 28.8275 31.757 59.2555
      vertex 28.6099 31.4314 59.4944
      vertex 28.9106 31.512 59.2555
    endloop
  endfacet
  facet normal -0.745397 0.653742 -0.130403
    outer loop
      vertex -29.3343 32.7912 2.41473
      vertex -29.375 32.8224 2.80379
      vertex -29.1168 33.1168 2.80379
    endloop
  endfacet
  facet normal -0.745565 0.653593 -0.130184
    outer loop
      vertex -29.0806 33.0806 2.41473
      vertex -29.3343 32.7912 2.41473
      vertex -29.1168 33.1168 2.80379
    endloop
  endfacet
  facet normal 0.989368 -0.0648202 0.130187
    outer loop
      vertex 29.9936 3 57.1962
      vertex 29.9424 3 57.5853
      vertex 29.968 2.60926 57.1962
    endloop
  endfacet
  facet normal 0.972419 -0.193446 -0.130309
    outer loop
      vertex 29.8916 2.22521 2.80379
      vertex 29.8421 2.23846 2.41473
      vertex 29.968 2.60926 2.80379
    endloop
  endfacet
  facet normal 0.938835 -0.318768 0.13029
    outer loop
      vertex 29.8421 2.23846 57.5853
      vertex 29.7657 1.85441 57.1962
      vertex 29.8916 2.22521 57.1962
    endloop
  endfacet
  facet normal 0.947487 -0.188498 0.258336
    outer loop
      vertex 29.9172 2.61595 57.5853
      vertex 29.8165 2.6292 57.9643
      vertex 29.8421 2.23846 57.5853
    endloop
  endfacet
  facet normal 0.694898 -0.609383 0.381797
    outer loop
      vertex 29.2537 1.27064 57.9643
      vertex 28.9026 1.09745 58.3269
      vertex 29.0087 0.991259 57.9643
    endloop
  endfacet
  facet normal 0.712056 -0.351171 0.607993
    outer loop
      vertex 29.0838 2.13685 58.978
      vertex 28.9533 1.87224 58.978
      vertex 29.1602 1.7528 58.6667
    endloop
  endfacet
  facet normal 0.491195 0.0978256 0.865539
    outer loop
      vertex 28.6099 31.4314 59.4944
      vertex 28.2817 31.3434 59.6906
      vertex 28.6525 31.2175 59.4944
    endloop
  endfacet
  facet normal -0.0169628 -0.258862 0.965765
    outer loop
      vertex -27 2.41473 59.9424
      vertex -27.1259 2.04393 59.8408
      vertex -27 2.03568 59.8408
    endloop
  endfacet
  facet normal 0.117275 0.0577829 0.991417
    outer loop
      vertex 27.5069 31.2926 59.9424
      vertex 27.1699 31.0981 59.9936
      vertex 27.5407 31.224 59.9424
    endloop
  endfacet
  facet normal 0.382697 0 0.923874
    outer loop
      vertex 27.9643 31 59.8408
      vertex 28.3269 3 59.6906
      vertex 28.3269 31 59.6906
    endloop
  endfacet
  facet normal 0.382697 0 0.923874
    outer loop
      vertex 28.3269 3 59.6906
      vertex 27.9643 31 59.8408
      vertex 27.9643 3 59.8408
    endloop
  endfacet
  facet normal 0.499633 0.0328858 0.865613
    outer loop
      vertex 28.6525 31.2175 59.4944
      vertex 28.3155 31.1732 59.6906
      vertex 28.3269 31 59.6906
    endloop
  endfacet
  facet normal 0.500031 0 0.866007
    outer loop
      vertex 28.3269 31 59.6906
      vertex 28.6667 3 59.4944
      vertex 28.6667 31 59.4944
    endloop
  endfacet
  facet normal 0.500031 0 0.866007
    outer loop
      vertex 28.6667 3 59.4944
      vertex 28.3269 31 59.6906
      vertex 28.3269 3 59.6906
    endloop
  endfacet
  facet normal 0.608373 0.0398199 0.792652
    outer loop
      vertex 28.9611 31.2582 59.2555
      vertex 28.6525 31.2175 59.4944
      vertex 28.978 31 59.2555
    endloop
  endfacet
  facet normal -0.188515 -0.947503 -0.258264
    outer loop
      vertex -27.7615 0.157903 2.41473
      vertex -27.6 0.129786 2.4
      vertex -27.6 0.125771 2.41473
    endloop
  endfacet
  facet normal -0.188435 -0.947514 -0.258282
    outer loop
      vertex -27.6 0.129786 2.4
      vertex -27.3708 0.183514 2.03568
      vertex -27.3835 0.0867301 2.4
    endloop
  endfacet
  facet normal -0.188518 -0.947484 -0.25833
    outer loop
      vertex -27.3708 0.183514 2.03568
      vertex -27.6 0.129786 2.4
      vertex -27.7615 0.157903 2.41473
    endloop
  endfacet
  facet normal -0.060446 -0.92221 0.381936
    outer loop
      vertex -27 0.309382 58.3269
      vertex -27.3708 0.183514 57.9643
      vertex -27 0.15921 57.9643
    endloop
  endfacet
  facet normal -0.31059 -0.914786 0.258265
    outer loop
      vertex -27.7353 0.256008 57.9643
      vertex -28.0871 0.375452 57.9643
      vertex -27.7615 0.157903 57.5853
    endloop
  endfacet
  facet normal -0.609215 -0.694903 0.382057
    outer loop
      vertex -28.6379 0.86539 58.3269
      vertex -28.9026 1.09745 58.3269
      vertex -28.7294 0.74625 57.9643
    endloop
  endfacet
  facet normal -0.513491 -0.7684 0.381952
    outer loop
      vertex -28.3453 0.669857 58.3269
      vertex -28.6379 0.86539 58.3269
      vertex -28.4204 0.539804 57.9643
    endloop
  endfacet
  facet normal -0.963962 -0.0632517 0.258413
    outer loop
      vertex -29.8408 3 57.9643
      vertex -29.9424 3 57.5853
      vertex -29.9172 2.61595 57.5853
    endloop
  endfacet
  facet normal -0.866033 0 -0.499987
    outer loop
      vertex -29.4944 3 1.33329
      vertex -29.6906 31 1.67313
      vertex -29.4944 31 1.33329
    endloop
  endfacet
  facet normal -0.866033 -0 -0.499987
    outer loop
      vertex -29.6906 31 1.67313
      vertex -29.4944 3 1.33329
      vertex -29.6906 3 1.67313
    endloop
  endfacet
  facet normal -0.866424 -0.4272 0.258476
    outer loop
      vertex -29.6245 1.91288 57.9643
      vertex -29.7184 1.87401 57.5853
      vertex -29.5482 1.52882 57.5853
    endloop
  endfacet
  facet normal -0.269537 -0.546732 0.792739
    outer loop
      vertex -27.6378 1.46016 59.4944
      vertex -27.8334 1.55659 59.4944
      vertex -27.757 1.17253 59.2555
    endloop
  endfacet
  facet normal 0.694154 -0.138142 -0.706447
    outer loop
      vertex 29.1787 2.41623 1.02196
      vertex 28.9106 2.48805 0.744481
      vertex 28.9611 2.74181 0.744481
    endloop
  endfacet
  facet normal 0.866459 -0.427159 0.258427
    outer loop
      vertex 29.6245 1.91288 57.9643
      vertex 29.4602 1.57961 57.9643
      vertex 29.5482 1.52882 57.5853
    endloop
  endfacet
  facet normal 0.546673 -0.26952 -0.792785
    outer loop
      vertex 28.8275 2.24304 0.744481
      vertex 28.4434 2.16665 0.505591
      vertex 28.5398 2.36218 0.505591
    endloop
  endfacet
  facet normal 0.96397 -0.0632523 -0.258381
    outer loop
      vertex 29.9172 2.61595 2.41473
      vertex 29.8408 3 2.03568
      vertex 29.9424 3 2.41473
    endloop
  endfacet
  facet normal 0.914753 0.310725 -0.25822
    outer loop
      vertex 29.744 31.7353 2.03568
      vertex 29.6245 32.0871 2.03568
      vertex 29.8421 31.7615 2.41473
    endloop
  endfacet
  facet normal 0.875209 0.296988 -0.381847
    outer loop
      vertex 29.5989 31.6964 1.67313
      vertex 29.4858 32.0297 1.67313
      vertex 29.6245 32.0871 2.03568
    endloop
  endfacet
  facet normal 0.313128 -0.634792 -0.706392
    outer loop
      vertex 28.1278 1.04666 1.02196
      vertex 27.757 1.17253 0.744481
      vertex 27.989 1.28697 0.744481
    endloop
  endfacet
  facet normal 0.193423 -0.972431 -0.13025
    outer loop
      vertex 27.6 0.103068 2.58422
      vertex 27.7748 0.108427 2.80379
      vertex 27.6 0.0736582 2.80379
    endloop
  endfacet
  facet normal 0.193453 -0.972422 -0.130274
    outer loop
      vertex 27.7748 0.108427 2.80379
      vertex 27.6 0.103068 2.58422
      vertex 27.7615 0.157903 2.41473
    endloop
  endfacet
  facet normal -0.0519292 -0.792285 -0.607937
    outer loop
      vertex -27 0.505591 1.33329
      vertex -27.3256 0.526932 1.33329
      vertex -27 0.744481 1.02196
    endloop
  endfacet
  facet normal 0.513491 0.768372 -0.38201
    outer loop
      vertex 28.6379 33.1346 1.67313
      vertex 28.4204 33.4602 2.03568
      vertex 28.7294 33.2537 2.03568
    endloop
  endfacet
  facet normal 0.0462311 0.706324 -0.706377
    outer loop
      vertex 27.2582 32.9611 0.744481
      vertex 27 32.978 0.744481
      vertex 27 33.2555 1.02196
    endloop
  endfacet
  facet normal -0.296988 0.875209 -0.381847
    outer loop
      vertex -28.0297 33.4858 1.67313
      vertex -28.0871 33.6245 2.03568
      vertex -27.6964 33.5989 1.67313
    endloop
  endfacet
  facet normal -0.0462311 0.706324 -0.706377
    outer loop
      vertex -27 32.978 0.744481
      vertex -27.2582 32.9611 0.744481
      vertex -27 33.2555 1.02196
    endloop
  endfacet
  facet normal -0.546675 0.269803 -0.792687
    outer loop
      vertex -28.4434 31.8334 0.505591
      vertex -28.8275 31.757 0.744481
      vertex -28.713 31.989 0.744481
    endloop
  endfacet
  facet normal -0.768372 0.513491 -0.38201
    outer loop
      vertex -29.1346 32.6379 1.67313
      vertex -29.4602 32.4204 2.03568
      vertex -29.2537 32.7294 2.03568
    endloop
  endfacet
  facet normal -0.726192 0.63701 -0.258579
    outer loop
      vertex -29.0087 33.0087 2.03568
      vertex -29.2537 32.7294 2.03568
      vertex -29.0806 33.0806 2.41473
    endloop
  endfacet
  facet normal -0.571281 0.651489 -0.499199
    outer loop
      vertex -28.5185 32.9789 1.33329
      vertex -28.7638 32.7638 1.33329
      vertex -28.6379 33.1346 1.67313
    endloop
  endfacet
  facet normal -0.195977 -0.577193 -0.792743
    outer loop
      vertex -27.4314 1.39008 0.505591
      vertex -27.757 1.17253 0.744481
      vertex -27.6378 1.46016 0.505591
    endloop
  endfacet
  facet normal -0.0566713 -0.864631 -0.499201
    outer loop
      vertex -27 0.309382 1.67313
      vertex -27.3512 0.332401 1.67313
      vertex -27 0.505591 1.33329
    endloop
  endfacet
  facet normal -0.963995 -0.0631744 -0.258307
    outer loop
      vertex -29.8165 2.6292 2.03568
      vertex -29.9172 2.61595 2.41473
      vertex -29.8408 3 2.03568
    endloop
  endfacet
  facet normal -0.376457 0.33029 -0.865557
    outer loop
      vertex -28.0527 31.8077 0.309382
      vertex -28.3223 32.0146 0.505591
      vertex -28.1785 32.1785 0.505591
    endloop
  endfacet
  facet normal -0.634733 0.313263 -0.706386
    outer loop
      vertex -28.8275 31.757 0.744481
      vertex -28.9533 32.1278 1.02196
      vertex -28.713 31.989 0.744481
    endloop
  endfacet
  facet normal -0.706324 -0.0462329 -0.706377
    outer loop
      vertex -28.9611 2.74181 0.744481
      vertex -29.2555 3 1.02196
      vertex -28.978 3 0.744481
    endloop
  endfacet
  facet normal 0.466751 -0.532183 -0.706346
    outer loop
      vertex 28.5949 1.40511 1.02196
      vertex 28.3731 1.21058 1.02196
      vertex 28.3987 1.60132 0.744481
    endloop
  endfacet
  facet normal -0.376022 0.0747788 -0.923588
    outer loop
      vertex -27.9561 31.1259 0.15921
      vertex -28.2817 31.3434 0.309382
      vertex -27.9315 31.2496 0.15921
    endloop
  endfacet
  facet normal -0.255197 -0.751868 -0.607921
    outer loop
      vertex -27.6456 0.590587 1.33329
      vertex -27.9546 0.695467 1.33329
      vertex -27.5838 0.821336 1.02196
    endloop
  endfacet
  facet normal 0.161006 -0.474196 -0.865572
    outer loop
      vertex 27.4314 1.39008 0.505591
      vertex 27.3434 1.71835 0.309382
      vertex 27.6378 1.46016 0.505591
    endloop
  endfacet
  facet normal 0.989366 0.0648267 -0.1302
    outer loop
      vertex 29.9936 31 2.80379
      vertex 29.9424 31 2.41473
      vertex 29.968 31.3907 2.80379
    endloop
  endfacet
  facet normal 0.989368 0.0648268 0.130187
    outer loop
      vertex 29.968 31.3907 57.1962
      vertex 29.9424 31 57.5853
      vertex 29.9936 31 57.1962
    endloop
  endfacet
  facet normal 0.726192 0.63701 -0.258579
    outer loop
      vertex 29.2537 32.7294 2.03568
      vertex 29.0087 33.0087 2.03568
      vertex 29.0806 33.0806 2.41473
    endloop
  endfacet
  facet normal 0.63701 0.726192 -0.258579
    outer loop
      vertex 29.0087 33.0087 2.03568
      vertex 28.7294 33.2537 2.03568
      vertex 29.0806 33.0806 2.41473
    endloop
  endfacet
  facet normal 0.889273 0.438454 -0.130202
    outer loop
      vertex 29.7184 32.126 2.41473
      vertex 29.5482 32.4712 2.41473
      vertex 29.7657 32.1456 2.80379
    endloop
  endfacet
  facet normal 0.889243 0.438545 0.130096
    outer loop
      vertex 29.5925 32.4968 57.1962
      vertex 29.5482 32.4712 57.5853
      vertex 29.7657 32.1456 57.1962
    endloop
  endfacet
  facet normal 0.989352 0.0649093 0.130268
    outer loop
      vertex 29.968 31.3907 57.1962
      vertex 29.9172 31.3841 57.5853
      vertex 29.9424 31 57.5853
    endloop
  endfacet
  facet normal 0.751817 0.659372 0
    outer loop
      vertex 29.375 32.8224 57.1962
      vertex 29.1168 33.1168 2.80379
      vertex 29.1168 33.1168 57.1962
    endloop
  endfacet
  facet normal 0.751817 0.659372 0
    outer loop
      vertex 29.1168 33.1168 2.80379
      vertex 29.375 32.8224 57.1962
      vertex 29.375 32.8224 2.80379
    endloop
  endfacet
  facet normal 0.466736 0.532247 0.706308
    outer loop
      vertex 28.5949 32.5949 58.978
      vertex 28.3731 32.7894 58.978
      vertex 28.3987 32.3987 59.2555
    endloop
  endfacet
  facet normal 0.792249 0.0518271 0.607993
    outer loop
      vertex 29.4731 31.3256 58.6667
      vertex 29.2555 31 58.978
      vertex 29.4944 31 58.6667
    endloop
  endfacet
  facet normal 0.288153 0.252824 -0.923606
    outer loop
      vertex 28.0527 31.8077 0.309382
      vertex 27.765 31.587 0.15921
      vertex 27.9382 31.9382 0.309382
    endloop
  endfacet
  facet normal 0.768395 0.513401 -0.382084
    outer loop
      vertex 29.3301 32.3453 1.67313
      vertex 29.1346 32.6379 1.67313
      vertex 29.4602 32.4204 2.03568
    endloop
  endfacet
  facet normal -0.0653832 0.99786 0
    outer loop
      vertex -27 33.9936 2.80379
      vertex -27.3907 33.968 57.1962
      vertex -27 33.9936 57.1962
    endloop
  endfacet
  facet normal -0.0653832 0.99786 0
    outer loop
      vertex -27.3907 33.968 57.1962
      vertex -27 33.9936 2.80379
      vertex -27.3907 33.968 2.80379
    endloop
  endfacet
  facet normal -0.76841 0.513412 0.382039
    outer loop
      vertex -29.1346 32.6379 58.3269
      vertex -29.4602 32.4204 57.9643
      vertex -29.3301 32.3453 58.3269
    endloop
  endfacet
  facet normal -0.922185 0.0604345 0.381997
    outer loop
      vertex -29.8165 31.3708 57.9643
      vertex -29.8408 31 57.9643
      vertex -29.6906 31 58.3269
    endloop
  endfacet
  facet normal -0.608373 0.0398199 0.792652
    outer loop
      vertex -28.9611 31.2582 59.2555
      vertex -28.978 31 59.2555
      vertex -28.6525 31.2175 59.4944
    endloop
  endfacet
  facet normal 0.438544 0.889242 -0.130109
    outer loop
      vertex 28.4712 33.5482 2.41473
      vertex 28.1456 33.7657 2.80379
      vertex 28.4968 33.5925 2.80379
    endloop
  endfacet
  facet normal -0.442304 0.896865 0
    outer loop
      vertex -28.1456 33.7657 2.80379
      vertex -28.4968 33.5925 57.1962
      vertex -28.1456 33.7657 57.1962
    endloop
  endfacet
  facet normal -0.442304 0.896865 0
    outer loop
      vertex -28.4968 33.5925 57.1962
      vertex -28.1456 33.7657 2.80379
      vertex -28.4968 33.5925 2.80379
    endloop
  endfacet
  facet normal -0.0251811 0.382575 0.923581
    outer loop
      vertex -27 32.3269 59.6906
      vertex -27.1732 32.3155 59.6906
      vertex -27 31.9643 59.8408
    endloop
  endfacet
  facet normal -0.12821 -0.0256113 0.991416
    outer loop
      vertex -27.1895 2.94922 59.9936
      vertex -27.5803 2.92361 59.9424
      vertex -27.5653 2.84852 59.9424
    endloop
  endfacet
  facet normal -0.0326283 0.499765 0.865546
    outer loop
      vertex -27 32.6667 59.4944
      vertex -27.2175 32.6525 59.4944
      vertex -27 32.3269 59.6906
    endloop
  endfacet
  facet normal 0.0420119 0.123816 0.991416
    outer loop
      vertex 27.1515 31.5653 59.9424
      vertex 27.0508 31.1895 59.9936
      vertex 27.224 31.5407 59.9424
    endloop
  endfacet
  facet normal 0 -0.130474 0.991452
    outer loop
      vertex -27 2.80379 59.9936
      vertex 27 2.41473 59.9424
      vertex 27 2.80379 59.9936
    endloop
  endfacet
  facet normal 0 -0.130474 0.991452
    outer loop
      vertex 27 2.41473 59.9424
      vertex -27 2.80379 59.9936
      vertex -27 2.41473 59.9424
    endloop
  endfacet
  facet normal -0.154902 -0.778708 0.607963
    outer loop
      vertex -27.5838 0.821336 58.978
      vertex -27.6456 0.590587 58.6667
      vertex -27.3256 0.526932 58.6667
    endloop
  endfacet
  facet normal 0.0463165 -0.706375 0.706321
    outer loop
      vertex 27 1.02196 59.2555
      vertex 27 0.744481 58.978
      vertex 27.2582 1.03889 59.2555
    endloop
  endfacet
  facet normal -0.0580778 0.117174 0.991412
    outer loop
      vertex -27.0751 31.1813 59.9936
      vertex -27.224 31.5407 59.9424
      vertex -27.0981 31.1699 59.9936
    endloop
  endfacet
  facet normal -0.875199 -0.297012 0.381852
    outer loop
      vertex -29.5989 2.30362 58.3269
      vertex -29.6245 1.91288 57.9643
      vertex -29.4858 1.97035 58.3269
    endloop
  endfacet
  facet normal -0.864618 0.0566236 0.499229
    outer loop
      vertex -29.6676 31.3512 58.3269
      vertex -29.6906 31 58.3269
      vertex -29.4944 31 58.6667
    endloop
  endfacet
  facet normal -0.866007 0 0.500031
    outer loop
      vertex -29.6906 3 58.3269
      vertex -29.4944 31 58.6667
      vertex -29.6906 31 58.3269
    endloop
  endfacet
  facet normal -0.866007 0 0.500031
    outer loop
      vertex -29.4944 31 58.6667
      vertex -29.6906 3 58.3269
      vertex -29.4944 3 58.6667
    endloop
  endfacet
  facet normal 0.108803 0.0725355 0.991413
    outer loop
      vertex 27.4643 31.3563 59.9424
      vertex 27.1557 31.1194 59.9936
      vertex 27.1699 31.0981 59.9936
    endloop
  endfacet
  facet normal -0.297228 0.87502 -0.382093
    outer loop
      vertex -27.6964 33.5989 1.67313
      vertex -28.0871 33.6245 2.03568
      vertex -27.7353 33.744 2.03568
    endloop
  endfacet
  facet normal -0.188464 0.947517 -0.258249
    outer loop
      vertex -27.7353 33.744 2.03568
      vertex -27.7615 33.8421 2.41473
      vertex -27.3708 33.8165 2.03568
    endloop
  endfacet
  facet normal -0.310725 0.914753 -0.25822
    outer loop
      vertex -27.7353 33.744 2.03568
      vertex -28.0871 33.6245 2.03568
      vertex -27.7615 33.8421 2.41473
    endloop
  endfacet
  facet normal 0.0632441 0.963971 -0.258381
    outer loop
      vertex 27.3841 33.9172 2.41473
      vertex 27 33.8408 2.03568
      vertex 27 33.9424 2.41473
    endloop
  endfacet
  facet normal 0.180384 0.906385 -0.382006
    outer loop
      vertex 27.6964 33.5989 1.67313
      vertex 27.3512 33.6676 1.67313
      vertex 27.3708 33.8165 2.03568
    endloop
  endfacet
  facet normal 0.193421 0.972421 -0.130333
    outer loop
      vertex 27.7615 33.8421 2.41473
      vertex 27.3907 33.968 2.80379
      vertex 27.7748 33.8916 2.80379
    endloop
  endfacet
  facet normal 0.42719 0.866429 -0.258476
    outer loop
      vertex 28.4712 33.5482 2.41473
      vertex 28.0871 33.6245 2.03568
      vertex 28.126 33.7184 2.41473
    endloop
  endfacet
  facet normal 0.438454 0.889273 -0.130202
    outer loop
      vertex 28.4712 33.5482 2.41473
      vertex 28.126 33.7184 2.41473
      vertex 28.1456 33.7657 2.80379
    endloop
  endfacet
  facet normal -0.310444 0.914768 0.258504
    outer loop
      vertex -27.7615 33.8421 57.5853
      vertex -28.126 33.7184 57.5853
      vertex -28.0871 33.6245 57.9643
    endloop
  endfacet
  facet normal 0.751772 -0.255363 0.607971
    outer loop
      vertex 29.1787 2.41623 58.978
      vertex 29.0838 2.13685 58.978
      vertex 29.3045 2.04543 58.6667
    endloop
  endfacet
  facet normal -0.636833 0.726447 -0.258298
    outer loop
      vertex -28.7294 33.2537 2.03568
      vertex -29.0806 33.0806 2.41473
      vertex -28.7912 33.3343 2.41473
    endloop
  endfacet
  facet normal -0.653742 0.745397 -0.130403
    outer loop
      vertex -28.7912 33.3343 2.41473
      vertex -29.1168 33.1168 2.80379
      vertex -28.8224 33.375 2.80379
    endloop
  endfacet
  facet normal -0.914776 0.310447 -0.258472
    outer loop
      vertex -29.6245 32.0871 2.03568
      vertex -29.8421 31.7615 2.41473
      vertex -29.7184 32.126 2.41473
    endloop
  endfacet
  facet normal -0.824304 0.550996 0.130101
    outer loop
      vertex -29.3343 32.7912 57.5853
      vertex -29.5925 32.4968 57.1962
      vertex -29.5482 32.4712 57.5853
    endloop
  endfacet
  facet normal 0.989349 -0.0649176 0.130283
    outer loop
      vertex 29.9424 3 57.5853
      vertex 29.9172 2.61595 57.5853
      vertex 29.968 2.60926 57.1962
    endloop
  endfacet
  facet normal 0.963962 -0.0632517 0.258413
    outer loop
      vertex 29.9424 3 57.5853
      vertex 29.8408 3 57.9643
      vertex 29.9172 2.61595 57.5853
    endloop
  endfacet
  facet normal 0.351174 -0.712023 0.608029
    outer loop
      vertex 28.2472 0.839779 58.6667
      vertex 27.8631 0.916172 58.978
      vertex 27.9546 0.695467 58.6667
    endloop
  endfacet
  facet normal 0.481423 -0.720412 0.499239
    outer loop
      vertex 28.6379 0.86539 58.3269
      vertex 28.2472 0.839779 58.6667
      vertex 28.3453 0.669857 58.3269
    endloop
  endfacet
  facet normal 0.297121 -0.875115 0.381958
    outer loop
      vertex 28.0871 0.375452 57.9643
      vertex 27.6964 0.401063 58.3269
      vertex 27.7353 0.256008 57.9643
    endloop
  endfacet
  facet normal -0.169045 -0.849806 0.499253
    outer loop
      vertex -27.6456 0.590587 58.6667
      vertex -27.6964 0.401063 58.3269
      vertex -27.3256 0.526932 58.6667
    endloop
  endfacet
  facet normal -0.180276 -0.90643 0.38195
    outer loop
      vertex -27.6964 0.401063 58.3269
      vertex -27.7353 0.256008 57.9643
      vertex -27.3708 0.183514 57.9643
    endloop
  endfacet
  facet normal 0.0604448 -0.922191 -0.381981
    outer loop
      vertex 27.3708 0.183514 2.03568
      vertex 27 0.15921 2.03568
      vertex 27 0.309382 1.67313
    endloop
  endfacet
  facet normal 0.0168621 0.258895 0.965758
    outer loop
      vertex 27 31.9643 59.8408
      vertex 27 31.5853 59.9424
      vertex 27.1259 31.9561 59.8408
    endloop
  endfacet
  facet normal 0.117186 -0.0580581 0.991411
    outer loop
      vertex 27.1813 2.92491 59.9936
      vertex 27.1699 2.9019 59.9936
      vertex 27.5407 2.77603 59.9424
    endloop
  endfacet
  facet normal 0.258931 0 0.965896
    outer loop
      vertex 27.5853 31 59.9424
      vertex 27.9643 3 59.8408
      vertex 27.9643 31 59.8408
    endloop
  endfacet
  facet normal 0.258931 0 0.965896
    outer loop
      vertex 27.9643 3 59.8408
      vertex 27.5853 31 59.9424
      vertex 27.5853 3 59.9424
    endloop
  endfacet
  facet normal 0.123816 0.0420119 0.991416
    outer loop
      vertex 27.5407 31.224 59.9424
      vertex 27.1895 31.0508 59.9936
      vertex 27.5653 31.1515 59.9424
    endloop
  endfacet
  facet normal 0.252864 0.288199 0.923581
    outer loop
      vertex 27.8077 32.0527 59.6906
      vertex 27.587 31.765 59.8408
      vertex 27.9382 31.9382 59.6906
    endloop
  endfacet
  facet normal 0.914745 0.310722 0.258252
    outer loop
      vertex 29.8421 31.7615 57.5853
      vertex 29.6245 32.0871 57.9643
      vertex 29.744 31.7353 57.9643
    endloop
  endfacet
  facet normal 0.778663 0.15471 0.60807
    outer loop
      vertex 29.4731 31.3256 58.6667
      vertex 29.1787 31.5838 58.978
      vertex 29.2362 31.2944 58.978
    endloop
  endfacet
  facet normal 0.108678 0.0726793 0.991417
    outer loop
      vertex 27.4643 31.3563 59.9424
      vertex 27.1699 31.0981 59.9936
      vertex 27.5069 31.2926 59.9424
    endloop
  endfacet
  facet normal 0.449179 0.221375 0.865582
    outer loop
      vertex 28.4434 31.8334 59.4944
      vertex 28.1491 31.6634 59.6906
      vertex 28.5398 31.6378 59.4944
    endloop
  endfacet
  facet normal 0.449163 0.221695 0.865508
    outer loop
      vertex 28.5398 31.6378 59.4944
      vertex 28.1491 31.6634 59.6906
      vertex 28.2259 31.5078 59.6906
    endloop
  endfacet
  facet normal 0.382685 0.0249247 0.923542
    outer loop
      vertex 28.3155 31.1732 59.6906
      vertex 27.9561 31.1259 59.8408
      vertex 27.9643 31 59.8408
    endloop
  endfacet
  facet normal -0.193473 -0.972422 0.130247
    outer loop
      vertex -27.6 0.125771 57.5853
      vertex -27.7615 0.157903 57.5853
      vertex -27.6 0.103068 57.4158
    endloop
  endfacet
  facet normal 0.442285 -0.896874 0
    outer loop
      vertex 28.1456 0.234296 2.80379
      vertex 28.4968 0.407487 57.1962
      vertex 28.1456 0.234296 57.1962
    endloop
  endfacet
  facet normal 0.442285 -0.896874 0
    outer loop
      vertex 28.4968 0.407487 57.1962
      vertex 28.1456 0.234296 2.80379
      vertex 28.4968 0.407487 2.80379
    endloop
  endfacet
  facet normal -0.0748214 -0.376083 0.92356
    outer loop
      vertex -27.2496 2.06854 59.8408
      vertex -27.3434 1.71835 59.6906
      vertex -27.1259 2.04393 59.8408
    endloop
  endfacet
  facet normal -0.278493 -0.820481 0.499252
    outer loop
      vertex -27.9546 0.695467 58.6667
      vertex -28.0297 0.514194 58.3269
      vertex -27.6964 0.401063 58.3269
    endloop
  endfacet
  facet normal -0.550819 -0.824397 0.130264
    outer loop
      vertex -28.7912 0.665672 57.5853
      vertex -28.8224 0.625036 57.1962
      vertex -28.4968 0.407487 57.1962
    endloop
  endfacet
  facet normal -0.653691 -0.745476 0.130206
    outer loop
      vertex -29.0806 0.91944 57.5853
      vertex -29.1168 0.883222 57.1962
      vertex -28.7912 0.665672 57.5853
    endloop
  endfacet
  facet normal -0.193458 -0.972423 0.130261
    outer loop
      vertex -27.7748 0.108427 57.1962
      vertex -27.6 0.103068 57.4158
      vertex -27.7615 0.157903 57.5853
    endloop
  endfacet
  facet normal -0.193423 -0.972434 0.130233
    outer loop
      vertex -27.6 0.103068 57.4158
      vertex -27.7748 0.108427 57.1962
      vertex -27.6 0.0736582 57.1962
    endloop
  endfacet
  facet normal -0.438519 -0.889237 0.130226
    outer loop
      vertex -28.4712 0.451845 57.5853
      vertex -28.4968 0.407487 57.1962
      vertex -28.1456 0.234296 57.1962
    endloop
  endfacet
  facet normal -0.972421 -0.193446 0.130295
    outer loop
      vertex -29.8421 2.23846 57.5853
      vertex -29.968 2.60926 57.1962
      vertex -29.8916 2.22521 57.1962
    endloop
  endfacet
  facet normal -0.991453 0 0.130461
    outer loop
      vertex -29.9936 3 57.1962
      vertex -29.9424 31 57.5853
      vertex -29.9936 31 57.1962
    endloop
  endfacet
  facet normal -0.991453 0 0.130461
    outer loop
      vertex -29.9424 31 57.5853
      vertex -29.9936 3 57.1962
      vertex -29.9424 3 57.5853
    endloop
  endfacet
  facet normal -0.906388 -0.180308 0.382034
    outer loop
      vertex -29.5989 2.30362 58.3269
      vertex -29.8165 2.6292 57.9643
      vertex -29.744 2.26475 57.9643
    endloop
  endfacet
  facet normal -0.989349 -0.0649176 0.130283
    outer loop
      vertex -29.9424 3 57.5853
      vertex -29.968 2.60926 57.1962
      vertex -29.9172 2.61595 57.5853
    endloop
  endfacet
  facet normal -0.634937 -0.313137 0.706258
    outer loop
      vertex -28.8275 2.24304 59.2555
      vertex -29.0838 2.13685 58.978
      vertex -28.9533 1.87224 58.978
    endloop
  endfacet
  facet normal 0.0398842 -0.608276 -0.792723
    outer loop
      vertex 27.2582 1.03889 0.744481
      vertex 27 1.02196 0.744481
      vertex 27.2175 1.34755 0.505591
    endloop
  endfacet
  facet normal 0.097661 -0.491175 -0.865569
    outer loop
      vertex 27.4314 1.39008 0.505591
      vertex 27.2175 1.34755 0.505591
      vertex 27.3434 1.71835 0.309382
    endloop
  endfacet
  facet normal 0.923855 0 -0.382742
    outer loop
      vertex 29.8408 3 2.03568
      vertex 29.6906 31 1.67313
      vertex 29.8408 31 2.03568
    endloop
  endfacet
  facet normal 0.923855 0 -0.382742
    outer loop
      vertex 29.6906 31 1.67313
      vertex 29.8408 3 2.03568
      vertex 29.6906 3 1.67313
    endloop
  endfacet
  facet normal 0.989367 -0.06482 -0.1302
    outer loop
      vertex 29.968 2.60926 2.80379
      vertex 29.9424 3 2.41473
      vertex 29.9936 3 2.80379
    endloop
  endfacet
  facet normal 0.938894 0.318632 -0.130198
    outer loop
      vertex 29.8421 31.7615 2.41473
      vertex 29.7184 32.126 2.41473
      vertex 29.7657 32.1456 2.80379
    endloop
  endfacet
  facet normal 0.98935 0.0649092 -0.130282
    outer loop
      vertex 29.9424 31 2.41473
      vertex 29.9172 31.3841 2.41473
      vertex 29.968 31.3907 2.80379
    endloop
  endfacet
  facet normal 0.254326 0.0507974 -0.965784
    outer loop
      vertex 27.5803 31.0764 0.0576448
      vertex 27.5653 31.1515 0.0576448
      vertex 27.9561 31.1259 0.15921
    endloop
  endfacet
  facet normal -0.0397153 0.608315 -0.792701
    outer loop
      vertex -27 32.6667 0.505591
      vertex -27.2175 32.6525 0.505591
      vertex -27 32.978 0.744481
    endloop
  endfacet
  facet normal -0.523547 -0.596941 -0.607914
    outer loop
      vertex -28.5185 1.02105 1.33329
      vertex -28.7638 1.23619 1.33329
      vertex -28.3731 1.21058 1.02196
    endloop
  endfacet
  facet normal -0.0604448 -0.922191 -0.381981
    outer loop
      vertex -27 0.15921 2.03568
      vertex -27.3708 0.183514 2.03568
      vertex -27 0.309382 1.67313
    endloop
  endfacet
  facet normal 0.506883 -0.338612 -0.792724
    outer loop
      vertex 28.5693 1.79585 0.744481
      vertex 28.3223 1.98537 0.505591
      vertex 28.4434 2.16665 0.505591
    endloop
  endfacet
  facet normal 0.297228 0.87502 -0.382093
    outer loop
      vertex 28.0871 33.6245 2.03568
      vertex 27.6964 33.5989 1.67313
      vertex 27.7353 33.744 2.03568
    endloop
  endfacet
  facet normal 0.296988 0.875209 -0.381847
    outer loop
      vertex 28.0297 33.4858 1.67313
      vertex 27.6964 33.5989 1.67313
      vertex 28.0871 33.6245 2.03568
    endloop
  endfacet
  facet normal -0.258849 0 -0.965918
    outer loop
      vertex -27.9643 3 0.15921
      vertex -27.5853 31 0.0576448
      vertex -27.5853 3 0.0576448
    endloop
  endfacet
  facet normal -0.258849 0 -0.965918
    outer loop
      vertex -27.5853 31 0.0576448
      vertex -27.9643 3 0.15921
      vertex -27.9643 31 0.15921
    endloop
  endfacet
  facet normal -0.245594 0.0833324 -0.965784
    outer loop
      vertex -27.5653 31.1515 0.0576448
      vertex -27.8909 31.369 0.15921
      vertex -27.5407 31.224 0.0576448
    endloop
  endfacet
  facet normal 0.536845 0.803135 -0.258403
    outer loop
      vertex 28.7912 33.3343 2.41473
      vertex 28.4204 33.4602 2.03568
      vertex 28.4712 33.5482 2.41473
    endloop
  endfacet
  facet normal 0.523509 0.597009 -0.60788
    outer loop
      vertex 28.7638 32.7638 1.33329
      vertex 28.3731 32.7894 1.02196
      vertex 28.5185 32.9789 1.33329
    endloop
  endfacet
  facet normal -0.651558 0.571067 -0.499354
    outer loop
      vertex -28.7638 32.7638 1.33329
      vertex -29.1346 32.6379 1.67313
      vertex -28.9026 32.9026 1.67313
    endloop
  endfacet
  facet normal 0.0397153 0.608315 -0.792701
    outer loop
      vertex 27.2175 32.6525 0.505591
      vertex 27 32.6667 0.505591
      vertex 27 32.978 0.744481
    endloop
  endfacet
  facet normal -0.94748 0.188542 -0.258327
    outer loop
      vertex -29.8165 31.3708 2.03568
      vertex -29.9172 31.3841 2.41473
      vertex -29.8421 31.7615 2.41473
    endloop
  endfacet
  facet normal -0.963962 0.0632435 0.258413
    outer loop
      vertex -29.9172 31.3841 57.5853
      vertex -29.9424 31 57.5853
      vertex -29.8408 31 57.9643
    endloop
  endfacet
  facet normal -0.96397 -0.0632523 -0.258381
    outer loop
      vertex -29.9172 2.61595 2.41473
      vertex -29.9424 3 2.41473
      vertex -29.8408 3 2.03568
    endloop
  endfacet
  facet normal -0.694986 0.60913 -0.382039
    outer loop
      vertex -29.1346 32.6379 1.67313
      vertex -29.2537 32.7294 2.03568
      vertex -28.9026 32.9026 1.67313
    endloop
  endfacet
  facet normal -0.609505 0.694836 -0.381715
    outer loop
      vertex -28.9026 32.9026 1.67313
      vertex -29.0087 33.0087 2.03568
      vertex -28.7294 33.2537 2.03568
    endloop
  endfacet
  facet normal -0.694836 0.609505 -0.381715
    outer loop
      vertex -28.9026 32.9026 1.67313
      vertex -29.2537 32.7294 2.03568
      vertex -29.0087 33.0087 2.03568
    endloop
  endfacet
  facet normal -0.588614 -0.393273 -0.706308
    outer loop
      vertex -28.7894 1.62693 1.02196
      vertex -28.9533 1.87224 1.02196
      vertex -28.5693 1.79585 0.744481
    endloop
  endfacet
  facet normal -0.828957 -0.408671 0.381861
    outer loop
      vertex -29.4858 1.97035 58.3269
      vertex -29.6245 1.91288 57.9643
      vertex -29.4602 1.57961 57.9643
    endloop
  endfacet
  facet normal -0.803145 -0.536836 -0.25839
    outer loop
      vertex -29.3343 1.20881 2.41473
      vertex -29.5482 1.52882 2.41473
      vertex -29.4602 1.57961 2.03568
    endloop
  endfacet
  facet normal -0.922167 0.0604333 -0.382042
    outer loop
      vertex -29.6906 31 1.67313
      vertex -29.8408 31 2.03568
      vertex -29.8165 31.3708 2.03568
    endloop
  endfacet
  facet normal -0.90637 0.180279 -0.382091
    outer loop
      vertex -29.5989 31.6964 1.67313
      vertex -29.8165 31.3708 2.03568
      vertex -29.744 31.7353 2.03568
    endloop
  endfacet
  facet normal -0.751745 0.255426 -0.607978
    outer loop
      vertex -29.1787 31.5838 1.02196
      vertex -29.3045 31.9546 1.33329
      vertex -29.0838 31.8631 1.02196
    endloop
  endfacet
  facet normal -0.706324 0.0462311 -0.706377
    outer loop
      vertex -28.978 31 0.744481
      vertex -29.2555 31 1.02196
      vertex -28.9611 31.2582 0.744481
    endloop
  endfacet
  facet normal -0.864643 0.0566253 -0.499185
    outer loop
      vertex -29.4944 31 1.33329
      vertex -29.6906 31 1.67313
      vertex -29.6676 31.3512 1.67313
    endloop
  endfacet
  facet normal -0.449179 0.221703 -0.865498
    outer loop
      vertex -28.2259 31.5078 0.309382
      vertex -28.5398 31.6378 0.505591
      vertex -28.1491 31.6634 0.309382
    endloop
  endfacet
  facet normal -0.161006 -0.474196 -0.865572
    outer loop
      vertex -27.4314 1.39008 0.505591
      vertex -27.6378 1.46016 0.505591
      vertex -27.3434 1.71835 0.309382
    endloop
  endfacet
  facet normal -0.376076 -0.0746717 -0.923575
    outer loop
      vertex -28.2817 2.65658 0.309382
      vertex -28.3155 2.82681 0.309382
      vertex -27.9561 2.87413 0.15921
    endloop
  endfacet
  facet normal -0.310593 -0.914794 -0.258233
    outer loop
      vertex -27.7615 0.157903 2.41473
      vertex -28.0871 0.375452 2.03568
      vertex -27.7353 0.256008 2.03568
    endloop
  endfacet
  facet normal -0.474275 -0.161048 -0.865521
    outer loop
      vertex -28.5398 2.36218 0.505591
      vertex -28.6099 2.56862 0.505591
      vertex -28.2817 2.65658 0.309382
    endloop
  endfacet
  facet normal -0.169604 -0.343805 -0.923598
    outer loop
      vertex -27.5078 1.77414 0.309382
      vertex -27.6634 1.8509 0.309382
      vertex -27.369 2.10909 0.15921
    endloop
  endfacet
  facet normal -0.597881 -0.118983 -0.792705
    outer loop
      vertex -28.9106 2.48805 0.744481
      vertex -28.9611 2.74181 0.744481
      vertex -28.6099 2.56862 0.505591
    endloop
  endfacet
  facet normal -0.376016 -0.0747717 -0.923591
    outer loop
      vertex -27.9315 2.75042 0.15921
      vertex -28.2817 2.65658 0.309382
      vertex -27.9561 2.87413 0.15921
    endloop
  endfacet
  facet normal -0.0255052 -0.12829 -0.991409
    outer loop
      vertex -27.0256 2.80547 0.00642395
      vertex -27.0764 2.41974 0.0576448
      vertex -27.0508 2.81048 0.00642395
    endloop
  endfacet
  facet normal -0.0326295 0.499782 -0.865536
    outer loop
      vertex -27 32.3269 0.309382
      vertex -27.2175 32.6525 0.505591
      vertex -27 32.6667 0.505591
    endloop
  endfacet
  facet normal -0.154879 -0.778728 -0.607943
    outer loop
      vertex -27.3256 0.526932 1.33329
      vertex -27.5838 0.821336 1.02196
      vertex -27.2944 0.763778 1.02196
    endloop
  endfacet
  facet normal -0.0463148 -0.706348 -0.706348
    outer loop
      vertex -27 0.744481 1.02196
      vertex -27.2582 1.03889 0.744481
      vertex -27 1.02196 0.744481
    endloop
  endfacet
  facet normal -0.0566711 -0.864631 -0.499201
    outer loop
      vertex -27 0.505591 1.33329
      vertex -27.3512 0.332401 1.67313
      vertex -27.3256 0.526932 1.33329
    endloop
  endfacet
  facet normal -0.513481 -0.768385 -0.381997
    outer loop
      vertex -28.4204 0.539804 2.03568
      vertex -28.6379 0.86539 1.67313
      vertex -28.3453 0.669857 1.67313
    endloop
  endfacet
  facet normal 0.922185 0.0604345 0.381997
    outer loop
      vertex 29.8165 31.3708 57.9643
      vertex 29.6906 31 58.3269
      vertex 29.8408 31 57.9643
    endloop
  endfacet
  facet normal 0.831539 0.555466 0
    outer loop
      vertex 29.5925 32.4968 57.1962
      vertex 29.375 32.8224 2.80379
      vertex 29.375 32.8224 57.1962
    endloop
  endfacet
  facet normal 0.831539 0.555466 0
    outer loop
      vertex 29.375 32.8224 2.80379
      vertex 29.5925 32.4968 57.1962
      vertex 29.5925 32.4968 2.80379
    endloop
  endfacet
  facet normal 0.803212 0.536775 -0.258308
    outer loop
      vertex 29.4602 32.4204 2.03568
      vertex 29.2537 32.7294 2.03568
      vertex 29.3343 32.7912 2.41473
    endloop
  endfacet
  facet normal 0.597878 0.118963 -0.79271
    outer loop
      vertex 28.9611 31.2582 0.744481
      vertex 28.6099 31.4314 0.505591
      vertex 28.9106 31.512 0.744481
    endloop
  endfacet
  facet normal 0.824304 0.550996 0.130101
    outer loop
      vertex 29.5925 32.4968 57.1962
      vertex 29.3343 32.7912 57.5853
      vertex 29.5482 32.4712 57.5853
    endloop
  endfacet
  facet normal 0.726447 0.636833 -0.258298
    outer loop
      vertex 29.2537 32.7294 2.03568
      vertex 29.0806 33.0806 2.41473
      vertex 29.3343 32.7912 2.41473
    endloop
  endfacet
  facet normal 0.824303 0.550995 -0.130114
    outer loop
      vertex 29.5482 32.4712 2.41473
      vertex 29.3343 32.7912 2.41473
      vertex 29.5925 32.4968 2.80379
    endloop
  endfacet
  facet normal 0.824438 0.550723 -0.13041
    outer loop
      vertex 29.5925 32.4968 2.80379
      vertex 29.3343 32.7912 2.41473
      vertex 29.375 32.8224 2.80379
    endloop
  endfacet
  facet normal 0.745397 0.653742 -0.130403
    outer loop
      vertex 29.3343 32.7912 2.41473
      vertex 29.1168 33.1168 2.80379
      vertex 29.375 32.8224 2.80379
    endloop
  endfacet
  facet normal 0.745565 0.653593 -0.130184
    outer loop
      vertex 29.3343 32.7912 2.41473
      vertex 29.0806 33.0806 2.41473
      vertex 29.1168 33.1168 2.80379
    endloop
  endfacet
  facet normal 0.596974 0.523496 0.607926
    outer loop
      vertex 28.7638 32.7638 58.6667
      vertex 28.5949 32.5949 58.978
      vertex 28.7894 32.3731 58.978
    endloop
  endfacet
  facet normal 0.963984 0.0631737 0.258347
    outer loop
      vertex 29.9172 31.3841 57.5853
      vertex 29.8165 31.3708 57.9643
      vertex 29.8408 31 57.9643
    endloop
  endfacet
  facet normal 0.67035 0.22777 0.706224
    outer loop
      vertex 29.0838 31.8631 58.978
      vertex 28.8275 31.757 59.2555
      vertex 29.1787 31.5838 58.978
    endloop
  endfacet
  facet normal 0.947509 0.188462 0.258281
    outer loop
      vertex 29.8421 31.7615 57.5853
      vertex 29.744 31.7353 57.9643
      vertex 29.8165 31.3708 57.9643
    endloop
  endfacet
  facet normal 0.77712 0.383248 0.499204
    outer loop
      vertex 29.3301 32.3453 58.3269
      vertex 29.1602 32.2472 58.6667
      vertex 29.3045 31.9546 58.6667
    endloop
  endfacet
  facet normal 0.866007 -0 0.500031
    outer loop
      vertex 29.4944 3 58.6667
      vertex 29.6906 31 58.3269
      vertex 29.4944 31 58.6667
    endloop
  endfacet
  facet normal 0.866007 0 0.500031
    outer loop
      vertex 29.6906 31 58.3269
      vertex 29.4944 3 58.6667
      vertex 29.6906 3 58.3269
    endloop
  endfacet
  facet normal 0.69419 0.138127 0.706414
    outer loop
      vertex 29.1787 31.5838 58.978
      vertex 28.9106 31.512 59.2555
      vertex 28.9611 31.2582 59.2555
    endloop
  endfacet
  facet normal -0.946907 0.321509 0
    outer loop
      vertex -29.8916 31.7748 2.80379
      vertex -29.7657 32.1456 57.1962
      vertex -29.7657 32.1456 2.80379
    endloop
  endfacet
  facet normal -0.946907 0.321509 0
    outer loop
      vertex -29.7657 32.1456 57.1962
      vertex -29.8916 31.7748 2.80379
      vertex -29.8916 31.7748 57.1962
    endloop
  endfacet
  facet normal -0.40193 0.458238 0.792761
    outer loop
      vertex -28.2042 32.5693 59.2555
      vertex -28.3987 32.3987 59.2555
      vertex -28.0146 32.3223 59.4944
    endloop
  endfacet
  facet normal -0.383248 0.77712 0.499204
    outer loop
      vertex -27.9546 33.3045 58.6667
      vertex -28.3453 33.3301 58.3269
      vertex -28.2472 33.1602 58.6667
    endloop
  endfacet
  facet normal -0.726441 0.636828 0.25833
    outer loop
      vertex -29.0806 33.0806 57.5853
      vertex -29.3343 32.7912 57.5853
      vertex -29.2537 32.7294 57.9643
    endloop
  endfacet
  facet normal -0.15471 0.778663 0.60807
    outer loop
      vertex -27.3256 33.4731 58.6667
      vertex -27.5838 33.1787 58.978
      vertex -27.2944 33.2362 58.978
    endloop
  endfacet
  facet normal -0.330279 0.376444 0.865567
    outer loop
      vertex -28.0146 32.3223 59.4944
      vertex -28.1785 32.1785 59.4944
      vertex -27.8077 32.0527 59.6906
    endloop
  endfacet
  facet normal -0.123223 0.363044 0.923588
    outer loop
      vertex -27.3434 32.2817 59.6906
      vertex -27.5078 32.2259 59.6906
      vertex -27.369 31.8909 59.8408
    endloop
  endfacet
  facet normal -0.922202 0.0603948 0.381963
    outer loop
      vertex -29.6676 31.3512 58.3269
      vertex -29.8165 31.3708 57.9643
      vertex -29.6906 31 58.3269
    endloop
  endfacet
  facet normal -0.889274 0.438454 0.130189
    outer loop
      vertex -29.5482 32.4712 57.5853
      vertex -29.7657 32.1456 57.1962
      vertex -29.7184 32.126 57.5853
    endloop
  endfacet
  facet normal -0.466736 0.532247 0.706308
    outer loop
      vertex -28.3731 32.7894 58.978
      vertex -28.5949 32.5949 58.978
      vertex -28.3987 32.3987 59.2555
    endloop
  endfacet
  facet normal 0 0.793315 0.608811
    outer loop
      vertex 27 33.4944 58.6667
      vertex -27 33.2555 58.978
      vertex 27 33.2555 58.978
    endloop
  endfacet
  facet normal 0 0.793315 0.608811
    outer loop
      vertex -27 33.2555 58.978
      vertex 27 33.4944 58.6667
      vertex -27 33.4944 58.6667
    endloop
  endfacet
  facet normal 0.193421 0.972422 0.13032
    outer loop
      vertex 27.7748 33.8916 57.1962
      vertex 27.3907 33.968 57.1962
      vertex 27.7615 33.8421 57.5853
    endloop
  endfacet
  facet normal -0.0168621 0.258895 0.965758
    outer loop
      vertex -27 31.9643 59.8408
      vertex -27.1259 31.9561 59.8408
      vertex -27 31.5853 59.9424
    endloop
  endfacet
  facet normal -0.343942 0.16954 0.923558
    outer loop
      vertex -27.8351 31.4822 59.8408
      vertex -28.1491 31.6634 59.6906
      vertex -27.8909 31.369 59.8408
    endloop
  endfacet
  facet normal -0.144241 0.215641 0.965761
    outer loop
      vertex -27.4822 31.8351 59.8408
      vertex -27.587 31.765 59.8408
      vertex -27.2926 31.5069 59.9424
    endloop
  endfacet
  facet normal 0.161066 0.474238 0.865538
    outer loop
      vertex 27.4314 32.6099 59.4944
      vertex 27.3434 32.2817 59.6906
      vertex 27.6378 32.5398 59.4944
    endloop
  endfacet
  facet normal -0.26981 0.54669 0.792675
    outer loop
      vertex -27.757 32.8275 59.2555
      vertex -27.989 32.713 59.2555
      vertex -27.8334 32.4434 59.4944
    endloop
  endfacet
  facet normal -0.0328858 0.499633 0.865613
    outer loop
      vertex -27 32.3269 59.6906
      vertex -27.2175 32.6525 59.4944
      vertex -27.1732 32.3155 59.6906
    endloop
  endfacet
  facet normal 0.0864371 0.0981315 0.991413
    outer loop
      vertex 27.3563 31.4643 59.9424
      vertex 27.1194 31.1557 59.9936
      vertex 27.1387 31.1387 59.9936
    endloop
  endfacet
  facet normal -0.117174 0.0580778 0.991412
    outer loop
      vertex -27.1699 31.0981 59.9936
      vertex -27.5407 31.224 59.9424
      vertex -27.1813 31.0751 59.9936
    endloop
  endfacet
  facet normal -0.0519299 -0.792256 0.607976
    outer loop
      vertex -27.2944 0.763778 58.978
      vertex -27.3256 0.526932 58.6667
      vertex -27 0.744481 58.978
    endloop
  endfacet
  facet normal -0.608811 0 0.793315
    outer loop
      vertex -28.978 31 59.2555
      vertex -28.6667 3 59.4944
      vertex -28.6667 31 59.4944
    endloop
  endfacet
  facet normal -0.608811 0 0.793315
    outer loop
      vertex -28.6667 3 59.4944
      vertex -28.978 31 59.2555
      vertex -28.978 3 59.2555
    endloop
  endfacet
  facet normal -0.351174 -0.712023 0.608029
    outer loop
      vertex -27.8631 0.916172 58.978
      vertex -28.2472 0.839779 58.6667
      vertex -27.9546 0.695467 58.6667
    endloop
  endfacet
  facet normal -0.195015 -0.171096 0.965762
    outer loop
      vertex -27.4643 2.64371 59.9424
      vertex -27.765 2.41296 59.8408
      vertex -27.4138 2.58615 59.9424
    endloop
  endfacet
  facet normal -0.608331 -0.0397072 0.792689
    outer loop
      vertex -28.6667 3 59.4944
      vertex -28.978 3 59.2555
      vertex -28.6525 2.78245 59.4944
    endloop
  endfacet
  facet normal -0.258895 -0.0168661 0.965758
    outer loop
      vertex -27.5853 3 59.9424
      vertex -27.9643 3 59.8408
      vertex -27.9561 2.87413 59.8408
    endloop
  endfacet
  facet normal -0.707107 0 0.707107
    outer loop
      vertex -29.2555 3 58.978
      vertex -28.978 31 59.2555
      vertex -29.2555 31 58.978
    endloop
  endfacet
  facet normal -0.707107 0 0.707107
    outer loop
      vertex -28.978 31 59.2555
      vertex -29.2555 3 58.978
      vertex -28.978 3 59.2555
    endloop
  endfacet
  facet normal -0.393069 0.588646 -0.706394
    outer loop
      vertex -27.989 32.713 0.744481
      vertex -28.2042 32.5693 0.744481
      vertex -28.1278 32.9533 1.02196
    endloop
  endfacet
  facet normal -0.653593 0.745565 -0.130184
    outer loop
      vertex -29.0806 33.0806 2.41473
      vertex -29.1168 33.1168 2.80379
      vertex -28.7912 33.3343 2.41473
    endloop
  endfacet
  facet normal 0 0.991452 -0.130474
    outer loop
      vertex 27 33.9424 2.41473
      vertex -2 33.9936 2.80379
      vertex 27 33.9936 2.80379
    endloop
  endfacet
  facet normal 0 0.991452 -0.130474
    outer loop
      vertex -2 33.9936 2.80379
      vertex 27 33.9424 2.41473
      vertex -2 33.9424 2.41473
    endloop
  endfacet
  facet normal 0 0.991452 -0.130474
    outer loop
      vertex -14 33.9424 2.41473
      vertex -27 33.9936 2.80379
      vertex -14 33.9936 2.80379
    endloop
  endfacet
  facet normal 0 0.991452 -0.130474
    outer loop
      vertex -27 33.9936 2.80379
      vertex -14 33.9424 2.41473
      vertex -27 33.9424 2.41473
    endloop
  endfacet
  facet normal -0.0632441 0.963971 -0.258381
    outer loop
      vertex -27 33.8408 2.03568
      vertex -27.3841 33.9172 2.41473
      vertex -27 33.9424 2.41473
    endloop
  endfacet
  facet normal -0.193421 0.972421 -0.130333
    outer loop
      vertex -27.7615 33.8421 2.41473
      vertex -27.7748 33.8916 2.80379
      vertex -27.3907 33.968 2.80379
    endloop
  endfacet
  facet normal -0.321509 0.946907 0
    outer loop
      vertex -27.7748 33.8916 2.80379
      vertex -28.1456 33.7657 57.1962
      vertex -27.7748 33.8916 57.1962
    endloop
  endfacet
  facet normal -0.321509 0.946907 0
    outer loop
      vertex -28.1456 33.7657 57.1962
      vertex -27.7748 33.8916 2.80379
      vertex -28.1456 33.7657 2.80379
    endloop
  endfacet
  facet normal 0.442304 0.896865 -0
    outer loop
      vertex 28.4968 33.5925 2.80379
      vertex 28.1456 33.7657 57.1962
      vertex 28.4968 33.5925 57.1962
    endloop
  endfacet
  facet normal 0.442304 0.896865 0
    outer loop
      vertex 28.1456 33.7657 57.1962
      vertex 28.4968 33.5925 2.80379
      vertex 28.1456 33.7657 2.80379
    endloop
  endfacet
  facet normal 0.653593 0.745565 -0.130184
    outer loop
      vertex 29.0806 33.0806 2.41473
      vertex 28.7912 33.3343 2.41473
      vertex 29.1168 33.1168 2.80379
    endloop
  endfacet
  facet normal 0.188464 0.947517 -0.258249
    outer loop
      vertex 27.7353 33.744 2.03568
      vertex 27.3708 33.8165 2.03568
      vertex 27.7615 33.8421 2.41473
    endloop
  endfacet
  facet normal 0.180279 0.90637 -0.382091
    outer loop
      vertex 27.6964 33.5989 1.67313
      vertex 27.3708 33.8165 2.03568
      vertex 27.7353 33.744 2.03568
    endloop
  endfacet
  facet normal 0.321509 0.946907 -0
    outer loop
      vertex 28.1456 33.7657 2.80379
      vertex 27.7748 33.8916 57.1962
      vertex 28.1456 33.7657 57.1962
    endloop
  endfacet
  facet normal 0.321509 0.946907 0
    outer loop
      vertex 27.7748 33.8916 57.1962
      vertex 28.1456 33.7657 2.80379
      vertex 27.7748 33.8916 2.80379
    endloop
  endfacet
  facet normal 0.393084 0.588668 0.706367
    outer loop
      vertex 28.1278 32.9533 58.978
      vertex 27.989 32.713 59.2555
      vertex 28.2042 32.5693 59.2555
    endloop
  endfacet
  facet normal 0 0.991453 0.130461
    outer loop
      vertex 27 33.9936 57.1962
      vertex -27 33.9424 57.5853
      vertex 27 33.9424 57.5853
    endloop
  endfacet
  facet normal 0 0.991453 0.130461
    outer loop
      vertex -27 33.9424 57.5853
      vertex 27 33.9936 57.1962
      vertex -27 33.9936 57.1962
    endloop
  endfacet
  facet normal -0.193421 0.972422 0.13032
    outer loop
      vertex -27.3907 33.968 57.1962
      vertex -27.7748 33.8916 57.1962
      vertex -27.7615 33.8421 57.5853
    endloop
  endfacet
  facet normal 0.438454 0.889274 0.130189
    outer loop
      vertex 28.1456 33.7657 57.1962
      vertex 28.126 33.7184 57.5853
      vertex 28.4712 33.5482 57.5853
    endloop
  endfacet
  facet normal -0.550723 0.824438 -0.13041
    outer loop
      vertex -28.7912 33.3343 2.41473
      vertex -28.8224 33.375 2.80379
      vertex -28.4968 33.5925 2.80379
    endloop
  endfacet
  facet normal -0.536845 0.803135 -0.258403
    outer loop
      vertex -28.4204 33.4602 2.03568
      vertex -28.7912 33.3343 2.41473
      vertex -28.4712 33.5482 2.41473
    endloop
  endfacet
  facet normal -0.726447 0.636833 -0.258298
    outer loop
      vertex -29.2537 32.7294 2.03568
      vertex -29.3343 32.7912 2.41473
      vertex -29.0806 33.0806 2.41473
    endloop
  endfacet
  facet normal -0.803212 0.536775 -0.258308
    outer loop
      vertex -29.2537 32.7294 2.03568
      vertex -29.4602 32.4204 2.03568
      vertex -29.3343 32.7912 2.41473
    endloop
  endfacet
  facet normal -0.875209 0.296988 -0.381847
    outer loop
      vertex -29.5989 31.6964 1.67313
      vertex -29.6245 32.0871 2.03568
      vertex -29.4858 32.0297 1.67313
    endloop
  endfacet
  facet normal -0.866479 0.42713 -0.258405
    outer loop
      vertex -29.4602 32.4204 2.03568
      vertex -29.6245 32.0871 2.03568
      vertex -29.5482 32.4712 2.41473
    endloop
  endfacet
  facet normal 0.922184 -0.0603936 -0.382008
    outer loop
      vertex 29.8165 2.6292 2.03568
      vertex 29.6676 2.6488 1.67313
      vertex 29.6906 3 1.67313
    endloop
  endfacet
  facet normal 0.313008 -0.634949 -0.706304
    outer loop
      vertex 27.8631 0.916172 1.02196
      vertex 27.757 1.17253 0.744481
      vertex 28.1278 1.04666 1.02196
    endloop
  endfacet
  facet normal 0.751864 -0.255269 0.607897
    outer loop
      vertex 29.4094 2.3544 58.6667
      vertex 29.1787 2.41623 58.978
      vertex 29.3045 2.04543 58.6667
    endloop
  endfacet
  facet normal 0.947493 -0.188485 0.258323
    outer loop
      vertex 29.8165 2.6292 57.9643
      vertex 29.744 2.26475 57.9643
      vertex 29.8421 2.23846 57.5853
    endloop
  endfacet
  facet normal -0.195954 -0.577236 0.792717
    outer loop
      vertex -27.4314 1.39008 59.4944
      vertex -27.757 1.17253 59.2555
      vertex -27.512 1.08936 59.2555
    endloop
  endfacet
  facet normal 0.188446 -0.947509 0.258292
    outer loop
      vertex 27.7353 0.256008 57.9643
      vertex 27.3708 0.183514 57.9643
      vertex 27.7615 0.157903 57.5853
    endloop
  endfacet
  facet normal 0.60949 -0.694793 0.381819
    outer loop
      vertex 28.9026 1.09745 58.3269
      vertex 28.7294 0.74625 57.9643
      vertex 29.0087 0.991259 57.9643
    endloop
  endfacet
  facet normal 0.777075 -0.383294 -0.499239
    outer loop
      vertex 29.3301 1.65469 1.67313
      vertex 29.3045 2.04543 1.33329
      vertex 29.4858 1.97035 1.67313
    endloop
  endfacet
  facet normal 0.989348 -0.0649175 -0.130296
    outer loop
      vertex 29.968 2.60926 2.80379
      vertex 29.9172 2.61595 2.41473
      vertex 29.9424 3 2.41473
    endloop
  endfacet
  facet normal 0.866431 -0.427204 -0.258444
    outer loop
      vertex 29.7184 1.87401 2.41473
      vertex 29.5482 1.52882 2.41473
      vertex 29.6245 1.91288 2.03568
    endloop
  endfacet
  facet normal 0.706351 -0.0462347 0.706351
    outer loop
      vertex 28.978 3 59.2555
      vertex 28.9611 2.74181 59.2555
      vertex 29.2555 3 58.978
    endloop
  endfacet
  facet normal 0.499765 -0.0326208 0.865546
    outer loop
      vertex 28.6667 3 59.4944
      vertex 28.3269 3 59.6906
      vertex 28.6525 2.78245 59.4944
    endloop
  endfacet
  facet normal 0.608331 -0.0397072 0.792689
    outer loop
      vertex 28.6667 3 59.4944
      vertex 28.6525 2.78245 59.4944
      vertex 28.978 3 59.2555
    endloop
  endfacet
  facet normal 0.00856206 -0.13047 0.991415
    outer loop
      vertex 27 2.80379 59.9936
      vertex 27 2.41473 59.9424
      vertex 27.0256 2.80547 59.9936
    endloop
  endfacet
  facet normal 0.712092 -0.351143 0.607967
    outer loop
      vertex 29.3045 2.04543 58.6667
      vertex 29.0838 2.13685 58.978
      vertex 29.1602 1.7528 58.6667
    endloop
  endfacet
  facet normal 0.255262 -0.751769 0.608017
    outer loop
      vertex 27.8631 0.916172 58.978
      vertex 27.5838 0.821336 58.978
      vertex 27.9546 0.695467 58.6667
    endloop
  endfacet
  facet normal 0.637044 -0.726203 0.258466
    outer loop
      vertex 29.0087 0.991259 57.9643
      vertex 28.7294 0.74625 57.9643
      vertex 29.0806 0.91944 57.5853
    endloop
  endfacet
  facet normal 0.0566696 -0.864606 0.499245
    outer loop
      vertex 27 0.505591 58.6667
      vertex 27 0.309382 58.3269
      vertex 27.3512 0.332401 58.3269
    endloop
  endfacet
  facet normal -0.12822 -0.0254708 0.991419
    outer loop
      vertex -27.1945 2.97439 59.9936
      vertex -27.5803 2.92361 59.9424
      vertex -27.1895 2.94922 59.9936
    endloop
  endfacet
  facet normal -0.232702 0.114707 0.96576
    outer loop
      vertex -27.8351 31.4822 59.8408
      vertex -27.8909 31.369 59.8408
      vertex -27.5069 31.2926 59.9424
    endloop
  endfacet
  facet normal -0.0981315 0.0864371 0.991413
    outer loop
      vertex -27.1387 31.1387 59.9936
      vertex -27.4643 31.3563 59.9424
      vertex -27.1557 31.1194 59.9936
    endloop
  endfacet
  facet normal -0.00856206 -0.13047 0.991415
    outer loop
      vertex -27 2.80379 59.9936
      vertex -27.0256 2.80547 59.9936
      vertex -27 2.41473 59.9424
    endloop
  endfacet
  facet normal 0.363044 0.123223 0.923588
    outer loop
      vertex 28.2259 31.5078 59.6906
      vertex 27.8909 31.369 59.8408
      vertex 28.2817 31.3434 59.6906
    endloop
  endfacet
  facet normal 0.577111 0.196005 0.792795
    outer loop
      vertex 28.8275 31.757 59.2555
      vertex 28.5398 31.6378 59.4944
      vertex 28.6099 31.4314 59.4944
    endloop
  endfacet
  facet normal -0 0.608811 0.793315
    outer loop
      vertex -27 32.978 59.2555
      vertex 27 32.6667 59.4944
      vertex 27 32.978 59.2555
    endloop
  endfacet
  facet normal 0 0.608811 0.793315
    outer loop
      vertex 27 32.6667 59.4944
      vertex -27 32.978 59.2555
      vertex -27 32.6667 59.4944
    endloop
  endfacet
  facet normal -0.195093 -0.170943 0.965773
    outer loop
      vertex -27.4138 2.58615 59.9424
      vertex -27.765 2.41296 59.8408
      vertex -27.6819 2.31812 59.8408
    endloop
  endfacet
  facet normal 0.597924 0.119082 0.792658
    outer loop
      vertex 28.9611 31.2582 59.2555
      vertex 28.6099 31.4314 59.4944
      vertex 28.6525 31.2175 59.4944
    endloop
  endfacet
  facet normal 0.597894 0.118966 0.792698
    outer loop
      vertex 28.9106 31.512 59.2555
      vertex 28.6099 31.4314 59.4944
      vertex 28.9611 31.2582 59.2555
    endloop
  endfacet
  facet normal 0.458238 0.40193 0.792761
    outer loop
      vertex 28.3987 32.3987 59.2555
      vertex 28.3223 32.0146 59.4944
      vertex 28.5693 32.2042 59.2555
    endloop
  endfacet
  facet normal 0.532224 0.466824 0.706267
    outer loop
      vertex 28.7894 32.3731 58.978
      vertex 28.3987 32.3987 59.2555
      vertex 28.5693 32.2042 59.2555
    endloop
  endfacet
  facet normal 0.318666 0.213153 0.92359
    outer loop
      vertex 28.0527 31.8077 59.6906
      vertex 27.765 31.587 59.8408
      vertex 27.8351 31.4822 59.8408
    endloop
  endfacet
  facet normal 0.330283 0.376436 0.865569
    outer loop
      vertex 28.1785 32.1785 59.4944
      vertex 27.8077 32.0527 59.6906
      vertex 27.9382 31.9382 59.6906
    endloop
  endfacet
  facet normal 0.491132 0.0975338 0.865608
    outer loop
      vertex 28.6525 31.2175 59.4944
      vertex 28.2817 31.3434 59.6906
      vertex 28.3155 31.1732 59.6906
    endloop
  endfacet
  facet normal 0.382575 0.0251811 0.923581
    outer loop
      vertex 28.3155 31.1732 59.6906
      vertex 27.9643 31 59.8408
      vertex 28.3269 31 59.6906
    endloop
  endfacet
  facet normal -0.0631889 -0.963992 0.258314
    outer loop
      vertex -27 0.15921 57.9643
      vertex -27.3691 0.0857855 57.6
      vertex -27 0.0615913 57.6
    endloop
  endfacet
  facet normal -0.188471 -0.947497 0.258316
    outer loop
      vertex -27.7615 0.157903 57.5853
      vertex -27.6 0.129786 57.6
      vertex -27.3708 0.183514 57.9643
    endloop
  endfacet
  facet normal -0.188489 -0.947374 0.258756
    outer loop
      vertex -27.6 0.129786 57.6
      vertex -27.7615 0.157903 57.5853
      vertex -27.6 0.125771 57.5853
    endloop
  endfacet
  facet normal -0.188435 -0.94751 0.258296
    outer loop
      vertex -27.3708 0.183514 57.9643
      vertex -27.6 0.129786 57.6
      vertex -27.3835 0.0867298 57.6
    endloop
  endfacet
  facet normal -0.0632151 -0.963992 0.258309
    outer loop
      vertex -27.3691 0.0857855 57.6
      vertex -27.3708 0.183514 57.9643
      vertex -27.3835 0.0867298 57.6
    endloop
  endfacet
  facet normal -0.0631847 -0.963994 0.25831
    outer loop
      vertex -27.3708 0.183514 57.9643
      vertex -27.3691 0.0857855 57.6
      vertex -27 0.15921 57.9643
    endloop
  endfacet
  facet normal -0.0604452 -0.92221 0.381936
    outer loop
      vertex -27.3512 0.332401 58.3269
      vertex -27.3708 0.183514 57.9643
      vertex -27 0.309382 58.3269
    endloop
  endfacet
  facet normal -0.0519274 -0.792257 0.607974
    outer loop
      vertex -27 0.744481 58.978
      vertex -27.3256 0.526932 58.6667
      vertex -27 0.505591 58.6667
    endloop
  endfacet
  facet normal -0.383276 -0.777075 0.499254
    outer loop
      vertex -27.9546 0.695467 58.6667
      vertex -28.3453 0.669857 58.3269
      vertex -28.0297 0.514194 58.3269
    endloop
  endfacet
  facet normal -0.227611 -0.670335 0.706289
    outer loop
      vertex -27.757 1.17253 59.2555
      vertex -27.8631 0.916172 58.978
      vertex -27.5838 0.821336 58.978
    endloop
  endfacet
  facet normal -0.550857 -0.824378 0.130223
    outer loop
      vertex -28.4712 0.451845 57.5853
      vertex -28.7912 0.665672 57.5853
      vertex -28.4968 0.407487 57.1962
    endloop
  endfacet
  facet normal -0.653733 -0.745428 0.130269
    outer loop
      vertex -28.7912 0.665672 57.5853
      vertex -29.1168 0.883222 57.1962
      vertex -28.8224 0.625036 57.1962
    endloop
  endfacet
  facet normal -0.438518 -0.889235 -0.130239
    outer loop
      vertex -28.1456 0.234296 2.80379
      vertex -28.4968 0.407487 2.80379
      vertex -28.4712 0.451845 2.41473
    endloop
  endfacet
  facet normal -0.442285 -0.896874 0
    outer loop
      vertex -28.4968 0.407487 2.80379
      vertex -28.1456 0.234296 57.1962
      vertex -28.4968 0.407487 57.1962
    endloop
  endfacet
  facet normal -0.442285 -0.896874 -0
    outer loop
      vertex -28.1456 0.234296 57.1962
      vertex -28.4968 0.407487 2.80379
      vertex -28.1456 0.234296 2.80379
    endloop
  endfacet
  facet normal -0.923874 0 0.382697
    outer loop
      vertex -29.8408 3 57.9643
      vertex -29.6906 31 58.3269
      vertex -29.8408 31 57.9643
    endloop
  endfacet
  facet normal -0.923874 0 0.382697
    outer loop
      vertex -29.6906 31 58.3269
      vertex -29.8408 3 57.9643
      vertex -29.6906 3 58.3269
    endloop
  endfacet
  facet normal -0.965896 0 0.258931
    outer loop
      vertex -29.9424 3 57.5853
      vertex -29.8408 31 57.9643
      vertex -29.9424 31 57.5853
    endloop
  endfacet
  facet normal -0.965896 0 0.258931
    outer loop
      vertex -29.8408 31 57.9643
      vertex -29.9424 3 57.5853
      vertex -29.8408 3 57.9643
    endloop
  endfacet
  facet normal -0.989368 0.0648268 0.130187
    outer loop
      vertex -29.968 31.3907 57.1962
      vertex -29.9936 31 57.1962
      vertex -29.9424 31 57.5853
    endloop
  endfacet
  facet normal -0.972422 0.193421 0.13032
    outer loop
      vertex -29.8916 31.7748 57.1962
      vertex -29.968 31.3907 57.1962
      vertex -29.8421 31.7615 57.5853
    endloop
  endfacet
  facet normal -0.79219 -0.0519336 0.608061
    outer loop
      vertex -29.2555 3 58.978
      vertex -29.4731 2.67441 58.6667
      vertex -29.2362 2.7056 58.978
    endloop
  endfacet
  facet normal -0.938883 -0.318671 0.130185
    outer loop
      vertex -29.7184 1.87401 57.5853
      vertex -29.8421 2.23846 57.5853
      vertex -29.7657 1.85441 57.1962
    endloop
  endfacet
  facet normal -0.889269 -0.438465 0.130188
    outer loop
      vertex -29.7184 1.87401 57.5853
      vertex -29.7657 1.85441 57.1962
      vertex -29.5482 1.52882 57.5853
    endloop
  endfacet
  facet normal -0.938835 -0.318768 0.13029
    outer loop
      vertex -29.8421 2.23846 57.5853
      vertex -29.8916 2.22521 57.1962
      vertex -29.7657 1.85441 57.1962
    endloop
  endfacet
  facet normal -0.659352 -0.751835 0
    outer loop
      vertex -29.1168 0.883222 2.80379
      vertex -28.8224 0.625036 57.1962
      vertex -29.1168 0.883222 57.1962
    endloop
  endfacet
  facet normal -0.659352 -0.751835 -0
    outer loop
      vertex -28.8224 0.625036 57.1962
      vertex -29.1168 0.883222 2.80379
      vertex -28.8224 0.625036 2.80379
    endloop
  endfacet
  facet normal -0.636932 -0.726364 0.258289
    outer loop
      vertex -28.7294 0.74625 57.9643
      vertex -29.0806 0.91944 57.5853
      vertex -28.7912 0.665672 57.5853
    endloop
  endfacet
  facet normal 0.597881 -0.118983 -0.792705
    outer loop
      vertex 28.9106 2.48805 0.744481
      vertex 28.6099 2.56862 0.505591
      vertex 28.9611 2.74181 0.744481
    endloop
  endfacet
  facet normal 0.53673 -0.803237 -0.258324
    outer loop
      vertex 28.4712 0.451845 2.41473
      vertex 28.4204 0.539804 2.03568
      vertex 28.7912 0.665672 2.41473
    endloop
  endfacet
  facet normal 0.597001 -0.52348 -0.607913
    outer loop
      vertex 28.9789 1.4815 1.33329
      vertex 28.7638 1.23619 1.33329
      vertex 28.7894 1.62693 1.02196
    endloop
  endfacet
  facet normal 0.828941 -0.408663 -0.381906
    outer loop
      vertex 29.6245 1.91288 2.03568
      vertex 29.4602 1.57961 2.03568
      vertex 29.4858 1.97035 1.67313
    endloop
  endfacet
  facet normal -0.0251771 0.382515 -0.923606
    outer loop
      vertex -27 31.9643 0.15921
      vertex -27.1732 32.3155 0.309382
      vertex -27 32.3269 0.309382
    endloop
  endfacet
  facet normal -0.0726314 -0.108785 -0.991408
    outer loop
      vertex -27.2926 2.49314 0.0576448
      vertex -27.3563 2.53567 0.0576448
      vertex -27.0981 2.83008 0.00642395
    endloop
  endfacet
  facet normal 0.922167 0.0604333 -0.382042
    outer loop
      vertex 29.8408 31 2.03568
      vertex 29.6906 31 1.67313
      vertex 29.8165 31.3708 2.03568
    endloop
  endfacet
  facet normal 0.864643 -0.0566253 -0.499185
    outer loop
      vertex 29.6676 2.6488 1.67313
      vertex 29.4944 3 1.33329
      vertex 29.6906 3 1.67313
    endloop
  endfacet
  facet normal 0.965904 0 -0.2589
    outer loop
      vertex 29.9424 3 2.41473
      vertex 29.8408 31 2.03568
      vertex 29.9424 31 2.41473
    endloop
  endfacet
  facet normal 0.965904 0 -0.2589
    outer loop
      vertex 29.8408 31 2.03568
      vertex 29.9424 3 2.41473
      vertex 29.8408 3 2.03568
    endloop
  endfacet
  facet normal 0.88924 -0.438543 -0.13012
    outer loop
      vertex 29.5925 1.50321 2.80379
      vertex 29.5482 1.52882 2.41473
      vertex 29.7657 1.85441 2.80379
    endloop
  endfacet
  facet normal 0.963971 0.0632441 -0.258381
    outer loop
      vertex 29.9424 31 2.41473
      vertex 29.8408 31 2.03568
      vertex 29.9172 31.3841 2.41473
    endloop
  endfacet
  facet normal 0.963993 0.0631743 -0.258315
    outer loop
      vertex 29.8408 31 2.03568
      vertex 29.8165 31.3708 2.03568
      vertex 29.9172 31.3841 2.41473
    endloop
  endfacet
  facet normal 0.914776 0.310447 -0.258472
    outer loop
      vertex 29.8421 31.7615 2.41473
      vertex 29.6245 32.0871 2.03568
      vertex 29.7184 32.126 2.41473
    endloop
  endfacet
  facet normal 0.938828 0.318766 -0.130344
    outer loop
      vertex 29.8421 31.7615 2.41473
      vertex 29.7657 32.1456 2.80379
      vertex 29.8916 31.7748 2.80379
    endloop
  endfacet
  facet normal -0.0631889 -0.963996 -0.2583
    outer loop
      vertex -27 0.0615916 2.4
      vertex -27.3691 0.0857857 2.4
      vertex -27 0.15921 2.03568
    endloop
  endfacet
  facet normal 0.351186 -0.712049 -0.607992
    outer loop
      vertex 27.9546 0.695467 1.33329
      vertex 27.8631 0.916172 1.02196
      vertex 28.2472 0.839779 1.33329
    endloop
  endfacet
  facet normal 0.0566711 -0.864631 -0.499201
    outer loop
      vertex 27.3512 0.332401 1.67313
      vertex 27 0.505591 1.33329
      vertex 27.3256 0.526932 1.33329
    endloop
  endfacet
  facet normal 0.195084 -0.980786 0
    outer loop
      vertex 27.6 0.0736582 2.80379
      vertex 27.7748 0.108427 57.1962
      vertex 27.6 0.0736582 57.1962
    endloop
  endfacet
  facet normal 0.195084 -0.980786 0
    outer loop
      vertex 27.7748 0.108427 57.1962
      vertex 27.6 0.0736582 2.80379
      vertex 27.7748 0.108427 2.80379
    endloop
  endfacet
  facet normal 0.0604452 -0.92221 0.381936
    outer loop
      vertex 27.3512 0.332401 58.3269
      vertex 27 0.309382 58.3269
      vertex 27.3708 0.183514 57.9643
    endloop
  endfacet
  facet normal 0.351098 0.712151 -0.607924
    outer loop
      vertex 28.1278 32.9533 1.02196
      vertex 27.8631 33.0838 1.02196
      vertex 28.2472 33.1602 1.33329
    endloop
  endfacet
  facet normal 0.720486 0.481391 -0.499162
    outer loop
      vertex 29.1602 32.2472 1.33329
      vertex 29.1346 32.6379 1.67313
      vertex 29.3301 32.3453 1.67313
    endloop
  endfacet
  facet normal 0.123865 0.0420287 -0.991409
    outer loop
      vertex 27.5653 31.1515 0.0576448
      vertex 27.1895 31.0508 0.00642395
      vertex 27.5407 31.224 0.0576448
    endloop
  endfacet
  facet normal -0.130508 0.00866658 -0.991409
    outer loop
      vertex -27.1962 31 0.00642395
      vertex -27.5853 31 0.0576448
      vertex -27.1945 31.0256 0.00642395
    endloop
  endfacet
  facet normal 0.00856549 -0.130522 -0.991408
    outer loop
      vertex 27.0256 2.80547 0.00642395
      vertex 27 2.41473 0.0576448
      vertex 27 2.80379 0.00642395
    endloop
  endfacet
  facet normal 0.351165 0.712065 -0.607986
    outer loop
      vertex 28.2472 33.1602 1.33329
      vertex 27.8631 33.0838 1.02196
      vertex 27.9546 33.3045 1.33329
    endloop
  endfacet
  facet normal 0.820503 0.278424 -0.499255
    outer loop
      vertex 29.5989 31.6964 1.67313
      vertex 29.3045 31.9546 1.33329
      vertex 29.4858 32.0297 1.67313
    endloop
  endfacet
  facet normal -0.42719 0.866429 -0.258476
    outer loop
      vertex -28.0871 33.6245 2.03568
      vertex -28.4712 33.5482 2.41473
      vertex -28.126 33.7184 2.41473
    endloop
  endfacet
  facet normal -0.278424 0.820503 -0.499255
    outer loop
      vertex -27.9546 33.3045 1.33329
      vertex -28.0297 33.4858 1.67313
      vertex -27.6964 33.5989 1.67313
    endloop
  endfacet
  facet normal -0.227344 0.670268 -0.706439
    outer loop
      vertex -27.512 32.9106 0.744481
      vertex -27.757 32.8275 0.744481
      vertex -27.5838 33.1787 1.02196
    endloop
  endfacet
  facet normal -0.660184 0.441177 -0.607882
    outer loop
      vertex -28.7894 32.3731 1.02196
      vertex -29.1602 32.2472 1.33329
      vertex -28.9789 32.5185 1.33329
    endloop
  endfacet
  facet normal -0.0566253 0.864643 -0.499185
    outer loop
      vertex -27 33.4944 1.33329
      vertex -27.3512 33.6676 1.67313
      vertex -27 33.6906 1.67313
    endloop
  endfacet
  facet normal -0.0519354 0.792217 -0.608026
    outer loop
      vertex -27.2944 33.2362 1.02196
      vertex -27.3256 33.4731 1.33329
      vertex -27 33.2555 1.02196
    endloop
  endfacet
  facet normal -0.938894 0.318632 -0.130198
    outer loop
      vertex -29.7184 32.126 2.41473
      vertex -29.8421 31.7615 2.41473
      vertex -29.7657 32.1456 2.80379
    endloop
  endfacet
  facet normal -0.889273 0.438454 -0.130202
    outer loop
      vertex -29.7184 32.126 2.41473
      vertex -29.7657 32.1456 2.80379
      vertex -29.5482 32.4712 2.41473
    endloop
  endfacet
  facet normal -0.938828 0.318766 -0.130344
    outer loop
      vertex -29.8421 31.7615 2.41473
      vertex -29.8916 31.7748 2.80379
      vertex -29.7657 32.1456 2.80379
    endloop
  endfacet
  facet normal -0.896865 0.442304 0
    outer loop
      vertex -29.7657 32.1456 2.80379
      vertex -29.5925 32.4968 57.1962
      vertex -29.5925 32.4968 2.80379
    endloop
  endfacet
  facet normal -0.896865 0.442304 0
    outer loop
      vertex -29.5925 32.4968 57.1962
      vertex -29.7657 32.1456 2.80379
      vertex -29.7657 32.1456 57.1962
    endloop
  endfacet
  facet normal -0.523515 0.596995 -0.607889
    outer loop
      vertex -28.5949 32.5949 1.02196
      vertex -28.7638 32.7638 1.33329
      vertex -28.3731 32.7894 1.02196
    endloop
  endfacet
  facet normal -0.712065 0.351165 -0.607986
    outer loop
      vertex -29.0838 31.8631 1.02196
      vertex -29.3045 31.9546 1.33329
      vertex -29.1602 32.2472 1.33329
    endloop
  endfacet
  facet normal -0.946907 -0.321509 0
    outer loop
      vertex -29.7657 1.85441 2.80379
      vertex -29.8916 2.22521 57.1962
      vertex -29.8916 2.22521 2.80379
    endloop
  endfacet
  facet normal -0.946907 -0.321509 0
    outer loop
      vertex -29.8916 2.22521 57.1962
      vertex -29.7657 1.85441 2.80379
      vertex -29.7657 1.85441 57.1962
    endloop
  endfacet
  facet normal -0.989367 -0.06482 -0.1302
    outer loop
      vertex -29.968 2.60926 2.80379
      vertex -29.9936 3 2.80379
      vertex -29.9424 3 2.41473
    endloop
  endfacet
  facet normal -0.777038 0.383349 -0.499254
    outer loop
      vertex -29.3045 31.9546 1.33329
      vertex -29.4858 32.0297 1.67313
      vertex -29.3301 32.3453 1.67313
    endloop
  endfacet
  facet normal -0.694164 0.138122 -0.706441
    outer loop
      vertex -28.9611 31.2582 0.744481
      vertex -29.1787 31.5838 1.02196
      vertex -28.9106 31.512 0.744481
    endloop
  endfacet
  facet normal -0.849856 0.169134 -0.499137
    outer loop
      vertex -29.4731 31.3256 1.33329
      vertex -29.6676 31.3512 1.67313
      vertex -29.5989 31.6964 1.67313
    endloop
  endfacet
  facet normal -0.820513 0.278549 -0.499169
    outer loop
      vertex -29.4094 31.6456 1.33329
      vertex -29.5989 31.6964 1.67313
      vertex -29.3045 31.9546 1.33329
    endloop
  endfacet
  facet normal -0.278175 0.416396 -0.865583
    outer loop
      vertex -27.8077 32.0527 0.309382
      vertex -27.8334 32.4434 0.505591
      vertex -27.6634 32.1491 0.309382
    endloop
  endfacet
  facet normal -0.793343 0 -0.608774
    outer loop
      vertex -29.2555 3 1.02196
      vertex -29.4944 31 1.33329
      vertex -29.2555 31 1.02196
    endloop
  endfacet
  facet normal -0.793343 -0 -0.608774
    outer loop
      vertex -29.4944 31 1.33329
      vertex -29.2555 3 1.02196
      vertex -29.4944 3 1.33329
    endloop
  endfacet
  facet normal -0.0169695 -0.258776 -0.965788
    outer loop
      vertex -27 2.41473 0.0576448
      vertex -27.1259 2.04393 0.15921
      vertex -27.0764 2.41974 0.0576448
    endloop
  endfacet
  facet normal -0.0169574 -0.25878 -0.965788
    outer loop
      vertex -27 2.03568 0.15921
      vertex -27.1259 2.04393 0.15921
      vertex -27 2.41473 0.0576448
    endloop
  endfacet
  facet normal 0.278231 -0.416351 -0.865586
    outer loop
      vertex 27.8334 1.55659 0.505591
      vertex 27.6634 1.8509 0.309382
      vertex 27.8077 1.94733 0.309382
    endloop
  endfacet
  facet normal -0.21559 0.144178 -0.965781
    outer loop
      vertex -27.5069 31.2926 0.0576448
      vertex -27.765 31.587 0.15921
      vertex -27.4643 31.3563 0.0576448
    endloop
  endfacet
  facet normal -0.343816 -0.169583 -0.923597
    outer loop
      vertex -27.8351 2.51784 0.15921
      vertex -28.1491 2.33657 0.309382
      vertex -27.8909 2.63097 0.15921
    endloop
  endfacet
  facet normal -0.0250917 -0.38256 -0.92359
    outer loop
      vertex -27 1.67313 0.309382
      vertex -27.1732 1.68449 0.309382
      vertex -27 2.03568 0.15921
    endloop
  endfacet
  facet normal -0.227603 -0.670309 -0.706316
    outer loop
      vertex -27.5838 0.821336 1.02196
      vertex -27.8631 0.916172 1.02196
      vertex -27.757 1.17253 0.744481
    endloop
  endfacet
  facet normal -0.651493 -0.571204 -0.499282
    outer loop
      vertex -28.9026 1.09745 1.67313
      vertex -29.1346 1.36206 1.67313
      vertex -28.7638 1.23619 1.33329
    endloop
  endfacet
  facet normal -0.608795 0 -0.793327
    outer loop
      vertex -28.978 3 0.744481
      vertex -28.6667 31 0.505591
      vertex -28.6667 3 0.505591
    endloop
  endfacet
  facet normal -0.608795 0 -0.793327
    outer loop
      vertex -28.6667 31 0.505591
      vertex -28.978 3 0.744481
      vertex -28.978 31 0.744481
    endloop
  endfacet
  facet normal -0.160993 0.474325 -0.865504
    outer loop
      vertex -27.5078 32.2259 0.309382
      vertex -27.6378 32.5398 0.505591
      vertex -27.3434 32.2817 0.309382
    endloop
  endfacet
  facet normal -0.577096 0.196 -0.792808
    outer loop
      vertex -28.6099 31.4314 0.505591
      vertex -28.8275 31.757 0.744481
      vertex -28.5398 31.6378 0.505591
    endloop
  endfacet
  facet normal 0.117221 0.058101 -0.991405
    outer loop
      vertex 27.1813 31.0751 0.00642395
      vertex 27.1699 31.0981 0.00642395
      vertex 27.5407 31.224 0.0576448
    endloop
  endfacet
  facet normal -0.278231 -0.416351 -0.865586
    outer loop
      vertex -27.6634 1.8509 0.309382
      vertex -27.8334 1.55659 0.505591
      vertex -27.8077 1.94733 0.309382
    endloop
  endfacet
  facet normal 0.258786 0.0169363 -0.965786
    outer loop
      vertex 27.5853 31 0.0576448
      vertex 27.5803 31.0764 0.0576448
      vertex 27.9561 31.1259 0.15921
    endloop
  endfacet
  facet normal 0 -0.130527 -0.991445
    outer loop
      vertex -2 2.41473 0.0576448
      vertex 27 2.80379 0.00642395
      vertex 27 2.41473 0.0576448
    endloop
  endfacet
  facet normal -0 -0.130527 -0.991445
    outer loop
      vertex 27 2.80379 0.00642395
      vertex -2 2.41473 0.0576448
      vertex -2 2.80379 0.00642395
    endloop
  endfacet
  facet normal 0 -0.130527 -0.991445
    outer loop
      vertex -27 2.41473 0.0576448
      vertex -14 2.80379 0.00642395
      vertex -14 2.41473 0.0576448
    endloop
  endfacet
  facet normal -0 -0.130527 -0.991445
    outer loop
      vertex -14 2.80379 0.00642395
      vertex -27 2.41473 0.0576448
      vertex -27 2.80379 0.00642395
    endloop
  endfacet
  facet normal 0.33029 0.376457 -0.865557
    outer loop
      vertex 28.1785 32.1785 0.505591
      vertex 27.8077 32.0527 0.309382
      vertex 28.0146 32.3223 0.505591
    endloop
  endfacet
  facet normal -0.154908 -0.778736 -0.607926
    outer loop
      vertex -27.3256 0.526932 1.33329
      vertex -27.6456 0.590587 1.33329
      vertex -27.5838 0.821336 1.02196
    endloop
  endfacet
  facet normal -0.481437 -0.720433 -0.499195
    outer loop
      vertex -28.3453 0.669857 1.67313
      vertex -28.6379 0.86539 1.67313
      vertex -28.2472 0.839779 1.33329
    endloop
  endfacet
  facet normal -0.169037 -0.84984 -0.499198
    outer loop
      vertex -27.3512 0.332401 1.67313
      vertex -27.6964 0.401063 1.67313
      vertex -27.3256 0.526932 1.33329
    endloop
  endfacet
  facet normal -0.060444 -0.922192 -0.381981
    outer loop
      vertex -27 0.309382 1.67313
      vertex -27.3708 0.183514 2.03568
      vertex -27.3512 0.332401 1.67313
    endloop
  endfacet
  facet normal 0.481377 0.720465 0.499206
    outer loop
      vertex 28.3453 33.3301 58.3269
      vertex 28.2472 33.1602 58.6667
      vertex 28.6379 33.1346 58.3269
    endloop
  endfacet
  facet normal 0.310444 0.914768 0.258504
    outer loop
      vertex 28.126 33.7184 57.5853
      vertex 27.7615 33.8421 57.5853
      vertex 28.0871 33.6245 57.9643
    endloop
  endfacet
  facet normal 0.963962 0.0632435 0.258413
    outer loop
      vertex 29.9172 31.3841 57.5853
      vertex 29.8408 31 57.9643
      vertex 29.9424 31 57.5853
    endloop
  endfacet
  facet normal 0.972422 0.193421 0.13032
    outer loop
      vertex 29.8916 31.7748 57.1962
      vertex 29.8421 31.7615 57.5853
      vertex 29.968 31.3907 57.1962
    endloop
  endfacet
  facet normal 0.896865 0.442304 0
    outer loop
      vertex 29.7657 32.1456 57.1962
      vertex 29.5925 32.4968 2.80379
      vertex 29.5925 32.4968 57.1962
    endloop
  endfacet
  facet normal 0.896865 0.442304 0
    outer loop
      vertex 29.5925 32.4968 2.80379
      vertex 29.7657 32.1456 57.1962
      vertex 29.7657 32.1456 2.80379
    endloop
  endfacet
  facet normal 0.864618 0.0566236 0.499229
    outer loop
      vertex 29.6676 31.3512 58.3269
      vertex 29.4944 31 58.6667
      vertex 29.6906 31 58.3269
    endloop
  endfacet
  facet normal 0.864649 0.0565633 0.499182
    outer loop
      vertex 29.6676 31.3512 58.3269
      vertex 29.4731 31.3256 58.6667
      vertex 29.4944 31 58.6667
    endloop
  endfacet
  facet normal -0.914745 0.310722 0.258252
    outer loop
      vertex -29.6245 32.0871 57.9643
      vertex -29.8421 31.7615 57.5853
      vertex -29.744 31.7353 57.9643
    endloop
  endfacet
  facet normal -0.866472 0.427127 0.258437
    outer loop
      vertex -29.5482 32.4712 57.5853
      vertex -29.6245 32.0871 57.9643
      vertex -29.4602 32.4204 57.9643
    endloop
  endfacet
  facet normal -0.963993 0.0631743 -0.258315
    outer loop
      vertex -29.8408 31 2.03568
      vertex -29.9172 31.3841 2.41473
      vertex -29.8165 31.3708 2.03568
    endloop
  endfacet
  facet normal -0.972415 0.193504 -0.130252
    outer loop
      vertex -29.9172 31.3841 2.41473
      vertex -29.968 31.3907 2.80379
      vertex -29.8421 31.7615 2.41473
    endloop
  endfacet
  facet normal -0.0649093 0.989352 0.130268
    outer loop
      vertex -27 33.9424 57.5853
      vertex -27.3907 33.968 57.1962
      vertex -27.3841 33.9172 57.5853
    endloop
  endfacet
  facet normal -0.831539 0.555466 0
    outer loop
      vertex -29.5925 32.4968 2.80379
      vertex -29.375 32.8224 57.1962
      vertex -29.375 32.8224 2.80379
    endloop
  endfacet
  facet normal -0.831539 0.555466 0
    outer loop
      vertex -29.375 32.8224 57.1962
      vertex -29.5925 32.4968 2.80379
      vertex -29.5925 32.4968 57.1962
    endloop
  endfacet
  facet normal -0.608331 0.0397163 0.792689
    outer loop
      vertex -28.6525 31.2175 59.4944
      vertex -28.978 31 59.2555
      vertex -28.6667 31 59.4944
    endloop
  endfacet
  facet normal -0.474238 0.161066 0.865538
    outer loop
      vertex -28.5398 31.6378 59.4944
      vertex -28.6099 31.4314 59.4944
      vertex -28.2817 31.3434 59.6906
    endloop
  endfacet
  facet normal -0.670293 0.227352 0.706412
    outer loop
      vertex -28.8275 31.757 59.2555
      vertex -29.1787 31.5838 58.978
      vertex -28.9106 31.512 59.2555
    endloop
  endfacet
  facet normal -0.69419 0.138127 0.706414
    outer loop
      vertex -28.9106 31.512 59.2555
      vertex -29.1787 31.5838 58.978
      vertex -28.9611 31.2582 59.2555
    endloop
  endfacet
  facet normal -0.875227 0.296994 0.381802
    outer loop
      vertex -29.4858 32.0297 58.3269
      vertex -29.6245 32.0871 57.9643
      vertex -29.5989 31.6964 58.3269
    endloop
  endfacet
  facet normal -0.695 0.609143 0.381994
    outer loop
      vertex -28.9026 32.9026 58.3269
      vertex -29.2537 32.7294 57.9643
      vertex -29.1346 32.6379 58.3269
    endloop
  endfacet
  facet normal -0.53677 0.803205 0.25834
    outer loop
      vertex -28.4204 33.4602 57.9643
      vertex -28.7912 33.3343 57.5853
      vertex -28.7294 33.2537 57.9643
    endloop
  endfacet
  facet normal -0.588668 0.393084 0.706367
    outer loop
      vertex -28.5693 32.2042 59.2555
      vertex -28.9533 32.1278 58.978
      vertex -28.713 31.989 59.2555
    endloop
  endfacet
  facet normal -0.227352 0.670293 0.706412
    outer loop
      vertex -27.5838 33.1787 58.978
      vertex -27.757 32.8275 59.2555
      vertex -27.512 32.9106 59.2555
    endloop
  endfacet
  facet normal -0.0398199 0.608373 0.792652
    outer loop
      vertex -27 32.978 59.2555
      vertex -27.2582 32.9611 59.2555
      vertex -27.2175 32.6525 59.4944
    endloop
  endfacet
  facet normal -0.523496 0.596974 0.607926
    outer loop
      vertex -28.3731 32.7894 58.978
      vertex -28.7638 32.7638 58.6667
      vertex -28.5949 32.5949 58.978
    endloop
  endfacet
  facet normal -0.0978256 0.491195 0.865539
    outer loop
      vertex -27.2175 32.6525 59.4944
      vertex -27.4314 32.6099 59.4944
      vertex -27.3434 32.2817 59.6906
    endloop
  endfacet
  facet normal -0.77712 0.383248 0.499204
    outer loop
      vertex -29.1602 32.2472 58.6667
      vertex -29.3301 32.3453 58.3269
      vertex -29.3045 31.9546 58.6667
    endloop
  endfacet
  facet normal -0.449179 0.221375 0.865582
    outer loop
      vertex -28.4434 31.8334 59.4944
      vertex -28.5398 31.6378 59.4944
      vertex -28.1491 31.6634 59.6906
    endloop
  endfacet
  facet normal -0.117186 -0.0580581 0.991411
    outer loop
      vertex -27.1813 2.92491 59.9936
      vertex -27.5407 2.77603 59.9424
      vertex -27.1699 2.9019 59.9936
    endloop
  endfacet
  facet normal 0.258895 -0.0168661 0.965758
    outer loop
      vertex 27.9643 3 59.8408
      vertex 27.5853 3 59.9424
      vertex 27.9561 2.87413 59.8408
    endloop
  endfacet
  facet normal -0.376137 0.0746971 0.923548
    outer loop
      vertex -28.2817 31.3434 59.6906
      vertex -28.3155 31.1732 59.6906
      vertex -27.9561 31.1259 59.8408
    endloop
  endfacet
  facet normal 0 -0.499987 0.866033
    outer loop
      vertex -27 1.67313 59.6906
      vertex 27 1.33329 59.4944
      vertex 27 1.67313 59.6906
    endloop
  endfacet
  facet normal 0 -0.499987 0.866033
    outer loop
      vertex 27 1.33329 59.4944
      vertex -27 1.67313 59.6906
      vertex -27 1.33329 59.4944
    endloop
  endfacet
  facet normal -0.213068 -0.318839 0.923549
    outer loop
      vertex -27.4822 2.16488 59.8408
      vertex -27.8077 1.94733 59.6906
      vertex -27.6634 1.8509 59.6906
    endloop
  endfacet
  facet normal -0.481423 -0.720412 0.499239
    outer loop
      vertex -28.2472 0.839779 58.6667
      vertex -28.6379 0.86539 58.3269
      vertex -28.3453 0.669857 58.3269
    endloop
  endfacet
  facet normal -0.221424 -0.44914 0.865589
    outer loop
      vertex -27.6634 1.8509 59.6906
      vertex -27.8334 1.55659 59.4944
      vertex -27.6378 1.46016 59.4944
    endloop
  endfacet
  facet normal -0.0463002 -0.706368 0.706329
    outer loop
      vertex -27.2582 1.03889 59.2555
      vertex -27.2944 0.763778 58.978
      vertex -27 0.744481 58.978
    endloop
  endfacet
  facet normal 0.118894 -0.597887 0.792714
    outer loop
      vertex 27.4314 1.39008 59.4944
      vertex 27.2582 1.03889 59.2555
      vertex 27.512 1.08936 59.2555
    endloop
  endfacet
  facet normal -0.69432 -0.137967 0.706318
    outer loop
      vertex -28.9611 2.74181 59.2555
      vertex -29.2362 2.7056 58.978
      vertex -29.1787 2.41623 58.978
    endloop
  endfacet
  facet normal -0.866459 -0.427159 0.258427
    outer loop
      vertex -29.4602 1.57961 57.9643
      vertex -29.6245 1.91288 57.9643
      vertex -29.5482 1.52882 57.5853
    endloop
  endfacet
  facet normal -0.130461 0 0.991453
    outer loop
      vertex -27.5853 31 59.9424
      vertex -27.1962 3 59.9936
      vertex -27.1962 31 59.9936
    endloop
  endfacet
  facet normal -0.130461 0 0.991453
    outer loop
      vertex -27.1962 3 59.9936
      vertex -27.5853 31 59.9424
      vertex -27.5853 3 59.9424
    endloop
  endfacet
  facet normal 0.171216 0.194949 0.965754
    outer loop
      vertex 27.587 31.765 59.8408
      vertex 27.3563 31.4643 59.9424
      vertex 27.4138 31.4138 59.9424
    endloop
  endfacet
  facet normal 0.401927 -0.458267 0.792746
    outer loop
      vertex 28.1785 1.82146 59.4944
      vertex 28.0146 1.67771 59.4944
      vertex 28.3987 1.60132 59.2555
    endloop
  endfacet
  facet normal -0.906403 0.180388 0.381961
    outer loop
      vertex -29.5989 31.6964 58.3269
      vertex -29.8165 31.3708 57.9643
      vertex -29.6676 31.3512 58.3269
    endloop
  endfacet
  facet normal -0.792249 0.0518271 0.607993
    outer loop
      vertex -29.4731 31.3256 58.6667
      vertex -29.4944 31 58.6667
      vertex -29.2555 31 58.978
    endloop
  endfacet
  facet normal -0.318766 0.938828 -0.130344
    outer loop
      vertex -27.7615 33.8421 2.41473
      vertex -28.1456 33.7657 2.80379
      vertex -27.7748 33.8916 2.80379
    endloop
  endfacet
  facet normal -0.318632 0.938894 -0.130198
    outer loop
      vertex -28.126 33.7184 2.41473
      vertex -28.1456 33.7657 2.80379
      vertex -27.7615 33.8421 2.41473
    endloop
  endfacet
  facet normal -0.0604333 0.922167 -0.382042
    outer loop
      vertex -27 33.6906 1.67313
      vertex -27.3708 33.8165 2.03568
      vertex -27 33.8408 2.03568
    endloop
  endfacet
  facet normal -0.0631743 0.963993 -0.258315
    outer loop
      vertex -27.3708 33.8165 2.03568
      vertex -27.3841 33.9172 2.41473
      vertex -27 33.8408 2.03568
    endloop
  endfacet
  facet normal 0.0649092 0.98935 -0.130282
    outer loop
      vertex 27.3841 33.9172 2.41473
      vertex 27 33.9424 2.41473
      vertex 27.3907 33.968 2.80379
    endloop
  endfacet
  facet normal 0 0.965904 -0.2589
    outer loop
      vertex 27 33.8408 2.03568
      vertex -2 33.9424 2.41473
      vertex 27 33.9424 2.41473
    endloop
  endfacet
  facet normal 0 0.965904 -0.2589
    outer loop
      vertex -2 33.9424 2.41473
      vertex 27 33.8408 2.03568
      vertex -2 33.8408 2.03568
    endloop
  endfacet
  facet normal 0 0.965904 -0.2589
    outer loop
      vertex -14 33.8408 2.03568
      vertex -27 33.9424 2.41473
      vertex -14 33.9424 2.41473
    endloop
  endfacet
  facet normal 0 0.965904 -0.2589
    outer loop
      vertex -27 33.9424 2.41473
      vertex -14 33.8408 2.03568
      vertex -27 33.8408 2.03568
    endloop
  endfacet
  facet normal 0.318632 0.938894 -0.130198
    outer loop
      vertex 28.126 33.7184 2.41473
      vertex 27.7615 33.8421 2.41473
      vertex 28.1456 33.7657 2.80379
    endloop
  endfacet
  facet normal 0.318766 0.938828 -0.130344
    outer loop
      vertex 28.1456 33.7657 2.80379
      vertex 27.7615 33.8421 2.41473
      vertex 27.7748 33.8916 2.80379
    endloop
  endfacet
  facet normal 0.636833 0.726447 -0.258298
    outer loop
      vertex 29.0806 33.0806 2.41473
      vertex 28.7294 33.2537 2.03568
      vertex 28.7912 33.3343 2.41473
    endloop
  endfacet
  facet normal 0.536775 0.803212 -0.258308
    outer loop
      vertex 28.7294 33.2537 2.03568
      vertex 28.4204 33.4602 2.03568
      vertex 28.7912 33.3343 2.41473
    endloop
  endfacet
  facet normal 0.0604333 0.922167 -0.382042
    outer loop
      vertex 27.3708 33.8165 2.03568
      vertex 27 33.6906 1.67313
      vertex 27 33.8408 2.03568
    endloop
  endfacet
  facet normal 0.269434 0.546693 0.7928
    outer loop
      vertex 27.757 32.8275 59.2555
      vertex 27.6378 32.5398 59.4944
      vertex 27.8334 32.4434 59.4944
    endloop
  endfacet
  facet normal 0.169129 0.849831 0.499182
    outer loop
      vertex 27.3512 33.6676 58.3269
      vertex 27.3256 33.4731 58.6667
      vertex 27.6964 33.5989 58.3269
    endloop
  endfacet
  facet normal 0.720465 0.481377 0.499206
    outer loop
      vertex 29.3301 32.3453 58.3269
      vertex 29.1346 32.6379 58.3269
      vertex 29.1602 32.2472 58.6667
    endloop
  endfacet
  facet normal -0.137953 0.694325 0.706316
    outer loop
      vertex -27.2944 33.2362 58.978
      vertex -27.5838 33.1787 58.978
      vertex -27.2582 32.9611 59.2555
    endloop
  endfacet
  facet normal 0.195085 0.980786 -0
    outer loop
      vertex 27.7748 33.8916 2.80379
      vertex 27.3907 33.968 57.1962
      vertex 27.7748 33.8916 57.1962
    endloop
  endfacet
  facet normal 0.195085 0.980786 0
    outer loop
      vertex 27.3907 33.968 57.1962
      vertex 27.7748 33.8916 2.80379
      vertex 27.3907 33.968 2.80379
    endloop
  endfacet
  facet normal 0.997861 -0.0653765 0
    outer loop
      vertex 29.968 2.60926 57.1962
      vertex 29.9936 3 2.80379
      vertex 29.9936 3 57.1962
    endloop
  endfacet
  facet normal 0.997861 -0.0653765 0
    outer loop
      vertex 29.9936 3 2.80379
      vertex 29.968 2.60926 57.1962
      vertex 29.968 2.60926 2.80379
    endloop
  endfacet
  facet normal 0.914761 -0.310484 0.258482
    outer loop
      vertex 29.8421 2.23846 57.5853
      vertex 29.6245 1.91288 57.9643
      vertex 29.7184 1.87401 57.5853
    endloop
  endfacet
  facet normal 0.670337 -0.2277 0.706259
    outer loop
      vertex 29.1787 2.41623 58.978
      vertex 28.8275 2.24304 59.2555
      vertex 29.0838 2.13685 58.978
    endloop
  endfacet
  facet normal 0.922202 -0.0603948 0.381963
    outer loop
      vertex 29.6906 3 58.3269
      vertex 29.6676 2.6488 58.3269
      vertex 29.8165 2.6292 57.9643
    endloop
  endfacet
  facet normal 0.792249 -0.0518287 0.607993
    outer loop
      vertex 29.4944 3 58.6667
      vertex 29.2555 3 58.978
      vertex 29.4731 2.67441 58.6667
    endloop
  endfacet
  facet normal 0.914746 -0.310661 0.258321
    outer loop
      vertex 29.744 2.26475 57.9643
      vertex 29.6245 1.91288 57.9643
      vertex 29.8421 2.23846 57.5853
    endloop
  endfacet
  facet normal 0.906388 -0.180308 0.382034
    outer loop
      vertex 29.8165 2.6292 57.9643
      vertex 29.5989 2.30362 58.3269
      vertex 29.744 2.26475 57.9643
    endloop
  endfacet
  facet normal 0.506897 -0.338621 0.792712
    outer loop
      vertex 28.4434 2.16665 59.4944
      vertex 28.3223 1.98537 59.4944
      vertex 28.5693 1.79585 59.2555
    endloop
  endfacet
  facet normal 0.634937 -0.313137 0.706258
    outer loop
      vertex 29.0838 2.13685 58.978
      vertex 28.8275 2.24304 59.2555
      vertex 28.9533 1.87224 58.978
    endloop
  endfacet
  facet normal 0.513393 -0.768425 0.382034
    outer loop
      vertex 28.6379 0.86539 58.3269
      vertex 28.4204 0.539804 57.9643
      vertex 28.7294 0.74625 57.9643
    endloop
  endfacet
  facet normal 0.653733 -0.745428 0.130269
    outer loop
      vertex 29.1168 0.883222 57.1962
      vertex 28.7912 0.665672 57.5853
      vertex 28.8224 0.625036 57.1962
    endloop
  endfacet
  facet normal 0.74553 -0.65363 0.130201
    outer loop
      vertex 29.3343 1.20881 57.5853
      vertex 29.0806 0.91944 57.5853
      vertex 29.1168 0.883222 57.1962
    endloop
  endfacet
  facet normal 0.449172 -0.221614 0.865524
    outer loop
      vertex 28.2259 2.49223 59.6906
      vertex 28.1491 2.33657 59.6906
      vertex 28.5398 2.36218 59.4944
    endloop
  endfacet
  facet normal 0.213126 -0.318762 0.923563
    outer loop
      vertex 27.587 2.23495 59.8408
      vertex 27.4822 2.16488 59.8408
      vertex 27.8077 1.94733 59.6906
    endloop
  endfacet
  facet normal 0.778736 -0.155012 0.607899
    outer loop
      vertex 29.4731 2.67441 58.6667
      vertex 29.1787 2.41623 58.978
      vertex 29.4094 2.3544 58.6667
    endloop
  endfacet
  facet normal 0.577315 -0.195808 0.792696
    outer loop
      vertex 28.9106 2.48805 59.2555
      vertex 28.6099 2.56862 59.4944
      vertex 28.8275 2.24304 59.2555
    endloop
  endfacet
  facet normal -0.0727274 -0.108632 0.991418
    outer loop
      vertex -27.1194 2.84434 59.9936
      vertex -27.3563 2.53567 59.9424
      vertex -27.0981 2.83008 59.9936
    endloop
  endfacet
  facet normal 0.363047 -0.123261 0.923582
    outer loop
      vertex 28.2817 2.65658 59.6906
      vertex 27.8909 2.63097 59.8408
      vertex 28.2259 2.49223 59.6906
    endloop
  endfacet
  facet normal -0.128211 0.0256081 0.991416
    outer loop
      vertex -27.5653 31.1515 59.9424
      vertex -27.5803 31.0764 59.9424
      vertex -27.1895 31.0508 59.9936
    endloop
  endfacet
  facet normal -0.130449 -0.00853832 0.991418
    outer loop
      vertex -27.1945 2.97439 59.9936
      vertex -27.5853 3 59.9424
      vertex -27.5803 2.92361 59.9424
    endloop
  endfacet
  facet normal 0.660154 -0.441072 0.607991
    outer loop
      vertex 28.9533 1.87224 58.978
      vertex 28.7894 1.62693 58.978
      vertex 29.1602 1.7528 58.6667
    endloop
  endfacet
  facet normal 0.0976577 -0.491159 0.865579
    outer loop
      vertex 27.3434 1.71835 59.6906
      vertex 27.2175 1.34755 59.4944
      vertex 27.4314 1.39008 59.4944
    endloop
  endfacet
  facet normal 0.609215 -0.694903 0.382057
    outer loop
      vertex 28.9026 1.09745 58.3269
      vertex 28.6379 0.86539 58.3269
      vertex 28.7294 0.74625 57.9643
    endloop
  endfacet
  facet normal 0 -0.923899 0.382636
    outer loop
      vertex -27 0.15921 57.9643
      vertex 27 0.309382 58.3269
      vertex -27 0.309382 58.3269
    endloop
  endfacet
  facet normal 0 -0.923899 0.382636
    outer loop
      vertex 27 0.309382 58.3269
      vertex -27 0.15921 57.9643
      vertex 27 0.15921 57.9643
    endloop
  endfacet
  facet normal 0.383276 -0.777075 0.499254
    outer loop
      vertex 28.3453 0.669857 58.3269
      vertex 27.9546 0.695467 58.6667
      vertex 28.0297 0.514194 58.3269
    endloop
  endfacet
  facet normal 0.427245 -0.866439 0.258351
    outer loop
      vertex 28.4204 0.539804 57.9643
      vertex 28.0871 0.375452 57.9643
      vertex 28.4712 0.451845 57.5853
    endloop
  endfacet
  facet normal 0.427249 -0.866446 -0.25832
    outer loop
      vertex 28.4712 0.451845 2.41473
      vertex 28.0871 0.375452 2.03568
      vertex 28.4204 0.539804 2.03568
    endloop
  endfacet
  facet normal 0.0327632 -0.499719 0.865568
    outer loop
      vertex 27 1.67313 59.6906
      vertex 27 1.33329 59.4944
      vertex 27.2175 1.34755 59.4944
    endloop
  endfacet
  facet normal 0.221424 -0.44914 0.865589
    outer loop
      vertex 27.6634 1.8509 59.6906
      vertex 27.6378 1.46016 59.4944
      vertex 27.8334 1.55659 59.4944
    endloop
  endfacet
  facet normal -0.108654 -0.0727092 0.991417
    outer loop
      vertex -27.1699 2.9019 59.9936
      vertex -27.5069 2.70737 59.9424
      vertex -27.4643 2.64371 59.9424
    endloop
  endfacet
  facet normal 0 0 1
    outer loop
      vertex 27 31.1962 59.9936
      vertex 27.1962 31 59.9936
      vertex 27.1945 31.0256 59.9936
    endloop
  endfacet
  facet normal 0 0 1
    outer loop
      vertex 27.1962 31 59.9936
      vertex 27 31.1962 59.9936
      vertex 27.1962 3 59.9936
    endloop
  endfacet
  facet normal 0 0 1
    outer loop
      vertex 27 31.1962 59.9936
      vertex 27.1945 31.0256 59.9936
      vertex 27.1895 31.0508 59.9936
    endloop
  endfacet
  facet normal 0 0 1
    outer loop
      vertex 27 2.80379 59.9936
      vertex 27.1962 3 59.9936
      vertex 27 31.1962 59.9936
    endloop
  endfacet
  facet normal 0 0 1
    outer loop
      vertex 27 31.1962 59.9936
      vertex 27.1895 31.0508 59.9936
      vertex 27.1813 31.0751 59.9936
    endloop
  endfacet
  facet normal 0 0 1
    outer loop
      vertex 27.1962 3 59.9936
      vertex 27 2.80379 59.9936
      vertex 27.1945 2.97439 59.9936
    endloop
  endfacet
  facet normal 0 0 1
    outer loop
      vertex 27 31.1962 59.9936
      vertex 27.1813 31.0751 59.9936
      vertex 27.1699 31.0981 59.9936
    endloop
  endfacet
  facet normal 0 0 1
    outer loop
      vertex 27.1945 2.97439 59.9936
      vertex 27 2.80379 59.9936
      vertex 27.1895 2.94922 59.9936
    endloop
  endfacet
  facet normal 0 0 1
    outer loop
      vertex 27 31.1962 59.9936
      vertex 27.1699 31.0981 59.9936
      vertex 27.1557 31.1194 59.9936
    endloop
  endfacet
  facet normal 0 0 1
    outer loop
      vertex 27.1895 2.94922 59.9936
      vertex 27 2.80379 59.9936
      vertex 27.1813 2.92491 59.9936
    endloop
  endfacet
  facet normal 0 0 1
    outer loop
      vertex 27 31.1962 59.9936
      vertex 27.1557 31.1194 59.9936
      vertex 27.1387 31.1387 59.9936
    endloop
  endfacet
  facet normal 0 0 1
    outer loop
      vertex 27.1813 2.92491 59.9936
      vertex 27 2.80379 59.9936
      vertex 27.1699 2.9019 59.9936
    endloop
  endfacet
  facet normal 0 0 1
    outer loop
      vertex 27 31.1962 59.9936
      vertex 27.1387 31.1387 59.9936
      vertex 27.1194 31.1557 59.9936
    endloop
  endfacet
  facet normal 0 0 1
    outer loop
      vertex 27.1699 2.9019 59.9936
      vertex 27 2.80379 59.9936
      vertex 27.1557 2.88056 59.9936
    endloop
  endfacet
  facet normal 0 0 1
    outer loop
      vertex 27 31.1962 59.9936
      vertex 27.1194 31.1557 59.9936
      vertex 27.0981 31.1699 59.9936
    endloop
  endfacet
  facet normal 0 0 1
    outer loop
      vertex 27.1557 2.88056 59.9936
      vertex 27 2.80379 59.9936
      vertex 27.1387 2.86126 59.9936
    endloop
  endfacet
  facet normal 0 0 1
    outer loop
      vertex 27 31.1962 59.9936
      vertex 27.0981 31.1699 59.9936
      vertex 27.0751 31.1813 59.9936
    endloop
  endfacet
  facet normal 0 0 1
    outer loop
      vertex 27.1387 2.86126 59.9936
      vertex 27 2.80379 59.9936
      vertex 27.1194 2.84434 59.9936
    endloop
  endfacet
  facet normal 0 0 1
    outer loop
      vertex 27 31.1962 59.9936
      vertex 27.0751 31.1813 59.9936
      vertex 27.0508 31.1895 59.9936
    endloop
  endfacet
  facet normal 0 0 1
    outer loop
      vertex 27.1194 2.84434 59.9936
      vertex 27 2.80379 59.9936
      vertex 27.0981 2.83008 59.9936
    endloop
  endfacet
  facet normal 0 0 1
    outer loop
      vertex 27 31.1962 59.9936
      vertex 27.0508 31.1895 59.9936
      vertex 27.0256 31.1945 59.9936
    endloop
  endfacet
  facet normal 0 0 1
    outer loop
      vertex 27.0981 2.83008 59.9936
      vertex 27 2.80379 59.9936
      vertex 27.0751 2.81873 59.9936
    endloop
  endfacet
  facet normal 0 0 1
    outer loop
      vertex 27.0751 2.81873 59.9936
      vertex 27 2.80379 59.9936
      vertex 27.0508 2.81048 59.9936
    endloop
  endfacet
  facet normal 0 0 1
    outer loop
      vertex 27.0508 2.81048 59.9936
      vertex 27 2.80379 59.9936
      vertex 27.0256 2.80547 59.9936
    endloop
  endfacet
  facet normal -0 0 1
    outer loop
      vertex -27 31.1962 59.9936
      vertex 27 2.80379 59.9936
      vertex 27 31.1962 59.9936
    endloop
  endfacet
  facet normal 0 0 1
    outer loop
      vertex -27 31.1962 59.9936
      vertex -27 2.80379 59.9936
      vertex 27 2.80379 59.9936
    endloop
  endfacet
  facet normal 0 0 1
    outer loop
      vertex -27.1962 31 59.9936
      vertex -27 31.1962 59.9936
      vertex -27.0256 31.1945 59.9936
    endloop
  endfacet
  facet normal 0 0 1
    outer loop
      vertex -27 31.1962 59.9936
      vertex -27.1962 31 59.9936
      vertex -27 2.80379 59.9936
    endloop
  endfacet
  facet normal 0 0 1
    outer loop
      vertex -27.1962 31 59.9936
      vertex -27.0256 31.1945 59.9936
      vertex -27.0508 31.1895 59.9936
    endloop
  endfacet
  facet normal -0 0 1
    outer loop
      vertex -27.1962 3 59.9936
      vertex -27 2.80379 59.9936
      vertex -27.1962 31 59.9936
    endloop
  endfacet
  facet normal 0 0 1
    outer loop
      vertex -27.1962 31 59.9936
      vertex -27.0508 31.1895 59.9936
      vertex -27.0751 31.1813 59.9936
    endloop
  endfacet
  facet normal 0 0 1
    outer loop
      vertex -27 2.80379 59.9936
      vertex -27.1962 3 59.9936
      vertex -27.0256 2.80547 59.9936
    endloop
  endfacet
  facet normal 0 0 1
    outer loop
      vertex -27.1962 31 59.9936
      vertex -27.0751 31.1813 59.9936
      vertex -27.0981 31.1699 59.9936
    endloop
  endfacet
  facet normal 0 0 1
    outer loop
      vertex -27.0256 2.80547 59.9936
      vertex -27.1962 3 59.9936
      vertex -27.0508 2.81048 59.9936
    endloop
  endfacet
  facet normal 0 0 1
    outer loop
      vertex -27.1962 31 59.9936
      vertex -27.0981 31.1699 59.9936
      vertex -27.1194 31.1557 59.9936
    endloop
  endfacet
  facet normal 0 0 1
    outer loop
      vertex -27.0508 2.81048 59.9936
      vertex -27.1962 3 59.9936
      vertex -27.0751 2.81873 59.9936
    endloop
  endfacet
  facet normal 0 0 1
    outer loop
      vertex -27.1962 31 59.9936
      vertex -27.1194 31.1557 59.9936
      vertex -27.1387 31.1387 59.9936
    endloop
  endfacet
  facet normal 0 0 1
    outer loop
      vertex -27.0751 2.81873 59.9936
      vertex -27.1962 3 59.9936
      vertex -27.0981 2.83008 59.9936
    endloop
  endfacet
  facet normal 0 0 1
    outer loop
      vertex -27.1962 31 59.9936
      vertex -27.1387 31.1387 59.9936
      vertex -27.1557 31.1194 59.9936
    endloop
  endfacet
  facet normal 0 0 1
    outer loop
      vertex -27.0981 2.83008 59.9936
      vertex -27.1962 3 59.9936
      vertex -27.1194 2.84434 59.9936
    endloop
  endfacet
  facet normal 0 0 1
    outer loop
      vertex -27.1962 31 59.9936
      vertex -27.1557 31.1194 59.9936
      vertex -27.1699 31.0981 59.9936
    endloop
  endfacet
  facet normal 0 0 1
    outer loop
      vertex -27.1194 2.84434 59.9936
      vertex -27.1962 3 59.9936
      vertex -27.1387 2.86126 59.9936
    endloop
  endfacet
  facet normal 0 0 1
    outer loop
      vertex -27.1962 31 59.9936
      vertex -27.1699 31.0981 59.9936
      vertex -27.1813 31.0751 59.9936
    endloop
  endfacet
  facet normal 0 0 1
    outer loop
      vertex -27.1387 2.86126 59.9936
      vertex -27.1962 3 59.9936
      vertex -27.1557 2.88056 59.9936
    endloop
  endfacet
  facet normal 0 0 1
    outer loop
      vertex -27.1962 31 59.9936
      vertex -27.1813 31.0751 59.9936
      vertex -27.1895 31.0508 59.9936
    endloop
  endfacet
  facet normal 0 0 1
    outer loop
      vertex -27.1557 2.88056 59.9936
      vertex -27.1962 3 59.9936
      vertex -27.1699 2.9019 59.9936
    endloop
  endfacet
  facet normal 0 0 1
    outer loop
      vertex -27.1962 31 59.9936
      vertex -27.1895 31.0508 59.9936
      vertex -27.1945 31.0256 59.9936
    endloop
  endfacet
  facet normal 0 0 1
    outer loop
      vertex -27.1699 2.9019 59.9936
      vertex -27.1962 3 59.9936
      vertex -27.1813 2.92491 59.9936
    endloop
  endfacet
  facet normal 0 0 1
    outer loop
      vertex -27.1813 2.92491 59.9936
      vertex -27.1962 3 59.9936
      vertex -27.1895 2.94922 59.9936
    endloop
  endfacet
  facet normal 0 0 1
    outer loop
      vertex -27.1895 2.94922 59.9936
      vertex -27.1962 3 59.9936
      vertex -27.1945 2.97439 59.9936
    endloop
  endfacet
  facet normal 0.258869 0.0169417 0.965764
    outer loop
      vertex 27.9561 31.1259 59.8408
      vertex 27.5803 31.0764 59.9424
      vertex 27.5853 31 59.9424
    endloop
  endfacet
  facet normal 0.130448 0.00853719 0.991418
    outer loop
      vertex 27.5803 31.0764 59.9424
      vertex 27.1945 31.0256 59.9936
      vertex 27.5853 31 59.9424
    endloop
  endfacet
  facet normal 0.170866 0.195129 0.965779
    outer loop
      vertex 27.587 31.765 59.8408
      vertex 27.4138 31.4138 59.9424
      vertex 27.6819 31.6819 59.8408
    endloop
  endfacet
  facet normal 0.546693 0.269434 0.7928
    outer loop
      vertex 28.8275 31.757 59.2555
      vertex 28.4434 31.8334 59.4944
      vertex 28.5398 31.6378 59.4944
    endloop
  endfacet
  facet normal 0.54669 0.26981 0.792675
    outer loop
      vertex 28.713 31.989 59.2555
      vertex 28.4434 31.8334 59.4944
      vertex 28.8275 31.757 59.2555
    endloop
  endfacet
  facet normal 0.128211 0.0256081 0.991416
    outer loop
      vertex 27.5653 31.1515 59.9424
      vertex 27.1895 31.0508 59.9936
      vertex 27.5803 31.0764 59.9424
    endloop
  endfacet
  facet normal 0.376137 0.0746971 0.923548
    outer loop
      vertex 28.2817 31.3434 59.6906
      vertex 27.9561 31.1259 59.8408
      vertex 28.3155 31.1732 59.6906
    endloop
  endfacet
  facet normal 0.499765 0.0326283 0.865546
    outer loop
      vertex 28.6525 31.2175 59.4944
      vertex 28.3269 31 59.6906
      vertex 28.6667 31 59.4944
    endloop
  endfacet
  facet normal 0.608331 0.0397163 0.792689
    outer loop
      vertex 28.978 31 59.2555
      vertex 28.6525 31.2175 59.4944
      vertex 28.6667 31 59.4944
    endloop
  endfacet
  facet normal 0.76841 0.513412 0.382039
    outer loop
      vertex 29.4602 32.4204 57.9643
      vertex 29.1346 32.6379 58.3269
      vertex 29.3301 32.3453 58.3269
    endloop
  endfacet
  facet normal 0.441099 0.660169 0.607954
    outer loop
      vertex 28.2472 33.1602 58.6667
      vertex 28.1278 32.9533 58.978
      vertex 28.3731 32.7894 58.978
    endloop
  endfacet
  facet normal 0.889274 0.438454 0.130189
    outer loop
      vertex 29.7657 32.1456 57.1962
      vertex 29.5482 32.4712 57.5853
      vertex 29.7184 32.126 57.5853
    endloop
  endfacet
  facet normal 0.938896 0.318632 0.130185
    outer loop
      vertex 29.7657 32.1456 57.1962
      vertex 29.7184 32.126 57.5853
      vertex 29.8421 31.7615 57.5853
    endloop
  endfacet
  facet normal 0.0249247 0.382685 0.923542
    outer loop
      vertex 27.1732 32.3155 59.6906
      vertex 27 31.9643 59.8408
      vertex 27.1259 31.9561 59.8408
    endloop
  endfacet
  facet normal 0.532247 0.466736 0.706308
    outer loop
      vertex 28.5949 32.5949 58.978
      vertex 28.3987 32.3987 59.2555
      vertex 28.7894 32.3731 58.978
    endloop
  endfacet
  facet normal 0.416382 0.278165 0.865592
    outer loop
      vertex 28.4434 31.8334 59.4944
      vertex 28.0527 31.8077 59.6906
      vertex 28.1491 31.6634 59.6906
    endloop
  endfacet
  facet normal 0.318855 0.213012 0.923557
    outer loop
      vertex 28.0527 31.8077 59.6906
      vertex 27.8351 31.4822 59.8408
      vertex 28.1491 31.6634 59.6906
    endloop
  endfacet
  facet normal 0.401966 0.458152 0.792792
    outer loop
      vertex 28.3987 32.3987 59.2555
      vertex 28.0146 32.3223 59.4944
      vertex 28.1785 32.1785 59.4944
    endloop
  endfacet
  facet normal 0.330279 0.376444 0.865567
    outer loop
      vertex 28.0146 32.3223 59.4944
      vertex 27.8077 32.0527 59.6906
      vertex 28.1785 32.1785 59.4944
    endloop
  endfacet
  facet normal 0.382575 -0.0251825 0.923581
    outer loop
      vertex 28.3269 3 59.6906
      vertex 27.9643 3 59.8408
      vertex 28.3155 2.82681 59.6906
    endloop
  endfacet
  facet normal 0.69418 -0.138147 0.70642
    outer loop
      vertex 28.9611 2.74181 59.2555
      vertex 28.9106 2.48805 59.2555
      vertex 29.1787 2.41623 58.978
    endloop
  endfacet
  facet normal 0 -0.965923 0.258831
    outer loop
      vertex -27 0.0615913 57.6
      vertex 27 0.15921 57.9643
      vertex -27 0.15921 57.9643
    endloop
  endfacet
  facet normal 0 -0.965923 0.258831
    outer loop
      vertex 27 0.15921 57.9643
      vertex -27 0.0615913 57.6
      vertex 27 0.0615913 57.6
    endloop
  endfacet
  facet normal -0.0566694 -0.864606 0.499245
    outer loop
      vertex -27.3256 0.526932 58.6667
      vertex -27.3512 0.332401 58.3269
      vertex -27 0.505591 58.6667
    endloop
  endfacet
  facet normal -0.169032 -0.849815 0.499242
    outer loop
      vertex -27.3256 0.526932 58.6667
      vertex -27.6964 0.401063 58.3269
      vertex -27.3512 0.332401 58.3269
    endloop
  endfacet
  facet normal -0.255188 -0.751842 0.607958
    outer loop
      vertex -27.5838 0.821336 58.978
      vertex -27.9546 0.695467 58.6667
      vertex -27.6456 0.590587 58.6667
    endloop
  endfacet
  facet normal -0.278485 -0.82048 0.499258
    outer loop
      vertex -27.6456 0.590587 58.6667
      vertex -27.9546 0.695467 58.6667
      vertex -27.6964 0.401063 58.3269
    endloop
  endfacet
  facet normal -0.466799 -0.532195 0.706305
    outer loop
      vertex -28.2042 1.43072 59.2555
      vertex -28.3987 1.60132 59.2555
      vertex -28.3731 1.21058 58.978
    endloop
  endfacet
  facet normal -0.441096 -0.660168 0.607957
    outer loop
      vertex -28.3731 1.21058 58.978
      vertex -28.5185 1.02105 58.6667
      vertex -28.2472 0.839779 58.6667
    endloop
  endfacet
  facet normal -0.188446 -0.947509 0.258292
    outer loop
      vertex -27.7353 0.256008 57.9643
      vertex -27.7615 0.157903 57.5853
      vertex -27.3708 0.183514 57.9643
    endloop
  endfacet
  facet normal -0.53668 -0.80328 0.258294
    outer loop
      vertex -28.7294 0.74625 57.9643
      vertex -28.7912 0.665672 57.5853
      vertex -28.4204 0.539804 57.9643
    endloop
  endfacet
  facet normal -0.351082 -0.712183 -0.607896
    outer loop
      vertex -27.8631 0.916172 1.02196
      vertex -28.2472 0.839779 1.33329
      vertex -28.1278 1.04666 1.02196
    endloop
  endfacet
  facet normal -0.824425 -0.550748 -0.130382
    outer loop
      vertex -29.375 1.17763 2.80379
      vertex -29.5925 1.50321 2.80379
      vertex -29.3343 1.20881 2.41473
    endloop
  endfacet
  facet normal -0.555553 -0.831481 0
    outer loop
      vertex -28.8224 0.625036 2.80379
      vertex -28.4968 0.407487 57.1962
      vertex -28.8224 0.625036 57.1962
    endloop
  endfacet
  facet normal -0.555553 -0.831481 -0
    outer loop
      vertex -28.4968 0.407487 57.1962
      vertex -28.8224 0.625036 2.80379
      vertex -28.4968 0.407487 2.80379
    endloop
  endfacet
  facet normal -0.803172 -0.5368 0.25838
    outer loop
      vertex -29.2537 1.27064 57.9643
      vertex -29.4602 1.57961 57.9643
      vertex -29.3343 1.20881 57.5853
    endloop
  endfacet
  facet normal -0.318664 -0.938876 -0.130251
    outer loop
      vertex -27.7615 0.157903 2.41473
      vertex -28.1456 0.234296 2.80379
      vertex -28.126 0.281618 2.41473
    endloop
  endfacet
  facet normal -0.427262 -0.866436 -0.258334
    outer loop
      vertex -28.126 0.281618 2.41473
      vertex -28.4712 0.451845 2.41473
      vertex -28.0871 0.375452 2.03568
    endloop
  endfacet
  facet normal -0.972417 0.193504 0.130239
    outer loop
      vertex -29.8421 31.7615 57.5853
      vertex -29.968 31.3907 57.1962
      vertex -29.9172 31.3841 57.5853
    endloop
  endfacet
  facet normal -0.989352 0.0649093 0.130268
    outer loop
      vertex -29.9172 31.3841 57.5853
      vertex -29.968 31.3907 57.1962
      vertex -29.9424 31 57.5853
    endloop
  endfacet
  facet normal -0.864618 -0.0566236 0.499229
    outer loop
      vertex -29.4944 3 58.6667
      vertex -29.6906 3 58.3269
      vertex -29.6676 2.6488 58.3269
    endloop
  endfacet
  facet normal -0.947493 -0.188485 0.258323
    outer loop
      vertex -29.8165 2.6292 57.9643
      vertex -29.8421 2.23846 57.5853
      vertex -29.744 2.26475 57.9643
    endloop
  endfacet
  facet normal -0.889242 -0.438544 0.130107
    outer loop
      vertex -29.5482 1.52882 57.5853
      vertex -29.7657 1.85441 57.1962
      vertex -29.5925 1.50321 57.1962
    endloop
  endfacet
  facet normal -0.74553 -0.65363 0.130201
    outer loop
      vertex -29.0806 0.91944 57.5853
      vertex -29.3343 1.20881 57.5853
      vertex -29.1168 0.883222 57.1962
    endloop
  endfacet
  facet normal -0.745411 -0.653736 0.130356
    outer loop
      vertex -29.3343 1.20881 57.5853
      vertex -29.375 1.17763 57.1962
      vertex -29.1168 0.883222 57.1962
    endloop
  endfacet
  facet normal -0.523528 -0.59692 0.607951
    outer loop
      vertex -28.3731 1.21058 58.978
      vertex -28.7638 1.23619 58.6667
      vertex -28.5185 1.02105 58.6667
    endloop
  endfacet
  facet normal -0.824427 -0.550749 0.130369
    outer loop
      vertex -29.3343 1.20881 57.5853
      vertex -29.5925 1.50321 57.1962
      vertex -29.375 1.17763 57.1962
    endloop
  endfacet
  facet normal -0.720381 -0.481405 0.4993
    outer loop
      vertex -28.9789 1.4815 58.6667
      vertex -29.1602 1.7528 58.6667
      vertex -29.1346 1.36206 58.3269
    endloop
  endfacet
  facet normal 0.849856 0.169134 -0.499137
    outer loop
      vertex 29.6676 31.3512 1.67313
      vertex 29.4731 31.3256 1.33329
      vertex 29.5989 31.6964 1.67313
    endloop
  endfacet
  facet normal 0.499782 -0.032622 -0.865536
    outer loop
      vertex 28.6525 2.78245 0.505591
      vertex 28.3269 3 0.309382
      vertex 28.6667 3 0.505591
    endloop
  endfacet
  facet normal 0.0251771 0.382515 -0.923606
    outer loop
      vertex 27.1732 32.3155 0.309382
      vertex 27 31.9643 0.15921
      vertex 27 32.3269 0.309382
    endloop
  endfacet
  facet normal -0.097829 0.491212 -0.865529
    outer loop
      vertex -27.3434 32.2817 0.309382
      vertex -27.4314 32.6099 0.505591
      vertex -27.2175 32.6525 0.505591
    endloop
  endfacet
  facet normal 0.506907 -0.338598 -0.792715
    outer loop
      vertex 28.5693 1.79585 0.744481
      vertex 28.4434 2.16665 0.505591
      vertex 28.713 2.01098 0.744481
    endloop
  endfacet
  facet normal 0.449195 -0.221462 -0.865551
    outer loop
      vertex 28.4434 2.16665 0.505591
      vertex 28.1491 2.33657 0.309382
      vertex 28.5398 2.36218 0.505591
    endloop
  endfacet
  facet normal 0.706355 -0.0463066 -0.706342
    outer loop
      vertex 29.2362 2.7056 1.02196
      vertex 28.9611 2.74181 0.744481
      vertex 29.2555 3 1.02196
    endloop
  endfacet
  facet normal 0.792218 -0.0519355 -0.608024
    outer loop
      vertex 29.4731 2.67441 1.33329
      vertex 29.2362 2.7056 1.02196
      vertex 29.2555 3 1.02196
    endloop
  endfacet
  facet normal 0.523547 -0.596941 -0.607914
    outer loop
      vertex 28.5185 1.02105 1.33329
      vertex 28.3731 1.21058 1.02196
      vertex 28.7638 1.23619 1.33329
    endloop
  endfacet
  facet normal 0.154908 -0.778736 -0.607926
    outer loop
      vertex 27.6456 0.590587 1.33329
      vertex 27.3256 0.526932 1.33329
      vertex 27.5838 0.821336 1.02196
    endloop
  endfacet
  facet normal 0.438519 -0.889237 0.130226
    outer loop
      vertex 28.4712 0.451845 57.5853
      vertex 28.1456 0.234296 57.1962
      vertex 28.4968 0.407487 57.1962
    endloop
  endfacet
  facet normal 0.77877 0.155024 -0.607853
    outer loop
      vertex 29.4731 31.3256 1.33329
      vertex 29.1787 31.5838 1.02196
      vertex 29.4094 31.6456 1.33329
    endloop
  endfacet
  facet normal 0.963995 -0.0631744 -0.258307
    outer loop
      vertex 29.9172 2.61595 2.41473
      vertex 29.8165 2.6292 2.03568
      vertex 29.8408 3 2.03568
    endloop
  endfacet
  facet normal 0.991452 0 -0.130474
    outer loop
      vertex 29.9936 3 2.80379
      vertex 29.9424 31 2.41473
      vertex 29.9936 31 2.80379
    endloop
  endfacet
  facet normal 0.991452 0 -0.130474
    outer loop
      vertex 29.9424 31 2.41473
      vertex 29.9936 3 2.80379
      vertex 29.9424 3 2.41473
    endloop
  endfacet
  facet normal 0.972415 0.193504 -0.130252
    outer loop
      vertex 29.9172 31.3841 2.41473
      vertex 29.8421 31.7615 2.41473
      vertex 29.968 31.3907 2.80379
    endloop
  endfacet
  facet normal 0.94748 0.188542 -0.258327
    outer loop
      vertex 29.9172 31.3841 2.41473
      vertex 29.8165 31.3708 2.03568
      vertex 29.8421 31.7615 2.41473
    endloop
  endfacet
  facet normal 0.0566713 -0.864631 -0.499201
    outer loop
      vertex 27.3512 0.332401 1.67313
      vertex 27 0.309382 1.67313
      vertex 27 0.505591 1.33329
    endloop
  endfacet
  facet normal 0.536684 -0.803287 -0.258262
    outer loop
      vertex 28.7912 0.665672 2.41473
      vertex 28.4204 0.539804 2.03568
      vertex 28.7294 0.74625 2.03568
    endloop
  endfacet
  facet normal 0.18029 -0.906414 -0.38198
    outer loop
      vertex 27.3708 0.183514 2.03568
      vertex 27.3512 0.332401 1.67313
      vertex 27.6964 0.401063 1.67313
    endloop
  endfacet
  facet normal 0 -0.866023 -0.500004
    outer loop
      vertex -27 0.505591 1.33329
      vertex -14 0.309382 1.67313
      vertex -27 0.309382 1.67313
    endloop
  endfacet
  facet normal 0 -0.866023 -0.500004
    outer loop
      vertex -14 0.309382 1.67313
      vertex -27 0.505591 1.33329
      vertex -14 0.505591 1.33329
    endloop
  endfacet
  facet normal 0 -0.866023 -0.500004
    outer loop
      vertex -2 0.505591 1.33329
      vertex 27 0.309382 1.67313
      vertex -2 0.309382 1.67313
    endloop
  endfacet
  facet normal 0 -0.866023 -0.500004
    outer loop
      vertex 27 0.309382 1.67313
      vertex -2 0.505591 1.33329
      vertex 27 0.505591 1.33329
    endloop
  endfacet
  facet normal 0 -0.793356 -0.608758
    outer loop
      vertex -27 0.744481 1.02196
      vertex -14 0.505591 1.33329
      vertex -27 0.505591 1.33329
    endloop
  endfacet
  facet normal 0 -0.793356 -0.608758
    outer loop
      vertex -14 0.505591 1.33329
      vertex -27 0.744481 1.02196
      vertex -14 0.744481 1.02196
    endloop
  endfacet
  facet normal 0 -0.793356 -0.608758
    outer loop
      vertex -2 0.744481 1.02196
      vertex 27 0.505591 1.33329
      vertex -2 0.505591 1.33329
    endloop
  endfacet
  facet normal 0 -0.793356 -0.608758
    outer loop
      vertex 27 0.505591 1.33329
      vertex -2 0.744481 1.02196
      vertex 27 0.744481 1.02196
    endloop
  endfacet
  facet normal 0.278549 0.820513 -0.499169
    outer loop
      vertex 27.9546 33.3045 1.33329
      vertex 27.6456 33.4094 1.33329
      vertex 27.6964 33.5989 1.67313
    endloop
  endfacet
  facet normal 0.195806 0.577287 -0.792717
    outer loop
      vertex 27.757 32.8275 0.744481
      vertex 27.4314 32.6099 0.505591
      vertex 27.512 32.9106 0.744481
    endloop
  endfacet
  facet normal 0.057806 0.117322 -0.99141
    outer loop
      vertex 27.2926 31.5069 0.0576448
      vertex 27.0981 31.1699 0.00642395
      vertex 27.224 31.5407 0.0576448
    endloop
  endfacet
  facet normal 0.21312 0.318615 -0.923615
    outer loop
      vertex 27.587 31.765 0.15921
      vertex 27.4822 31.8351 0.15921
      vertex 27.8077 32.0527 0.309382
    endloop
  endfacet
  facet normal 0.0975372 0.491149 -0.865598
    outer loop
      vertex 27.3434 32.2817 0.309382
      vertex 27.1732 32.3155 0.309382
      vertex 27.2175 32.6525 0.505591
    endloop
  endfacet
  facet normal 0.232638 0.114623 -0.965785
    outer loop
      vertex 27.5407 31.224 0.0576448
      vertex 27.5069 31.2926 0.0576448
      vertex 27.8909 31.369 0.15921
    endloop
  endfacet
  facet normal 0 0.130513 -0.991447
    outer loop
      vertex -27 31.1962 0.00642395
      vertex -14 31.5853 0.0576448
      vertex -14 31.1962 0.00642395
    endloop
  endfacet
  facet normal 0 0.130513 -0.991447
    outer loop
      vertex -14 31.5853 0.0576448
      vertex -27 31.1962 0.00642395
      vertex -27 31.5853 0.0576448
    endloop
  endfacet
  facet normal 0 0.130513 -0.991447
    outer loop
      vertex -2 31.1962 0.00642395
      vertex 27 31.5853 0.0576448
      vertex 27 31.1962 0.00642395
    endloop
  endfacet
  facet normal 0 0.130513 -0.991447
    outer loop
      vertex 27 31.5853 0.0576448
      vertex -2 31.1962 0.00642395
      vertex -2 31.5853 0.0576448
    endloop
  endfacet
  facet normal 0.123428 0.362989 -0.923582
    outer loop
      vertex 27.369 31.8909 0.15921
      vertex 27.2496 31.9315 0.15921
      vertex 27.3434 32.2817 0.309382
    endloop
  endfacet
  facet normal -0.0578938 -0.117292 -0.991409
    outer loop
      vertex -27.224 2.45928 0.0576448
      vertex -27.2926 2.49314 0.0576448
      vertex -27.0981 2.83008 0.00642395
    endloop
  endfacet
  facet normal -0.00856549 -0.130522 -0.991408
    outer loop
      vertex -27 2.41473 0.0576448
      vertex -27.0256 2.80547 0.00642395
      vertex -27 2.80379 0.00642395
    endloop
  endfacet
  facet normal 0.87502 0.297228 -0.382093
    outer loop
      vertex 29.744 31.7353 2.03568
      vertex 29.5989 31.6964 1.67313
      vertex 29.6245 32.0871 2.03568
    endloop
  endfacet
  facet normal 0.90637 0.180279 -0.382091
    outer loop
      vertex 29.8165 31.3708 2.03568
      vertex 29.5989 31.6964 1.67313
      vertex 29.744 31.7353 2.03568
    endloop
  endfacet
  facet normal 0.232614 -0.114734 -0.965778
    outer loop
      vertex 27.8351 2.51784 0.15921
      vertex 27.5069 2.70737 0.0576448
      vertex 27.8909 2.63097 0.15921
    endloop
  endfacet
  facet normal 0.849832 0.16917 -0.499167
    outer loop
      vertex 29.4731 31.3256 1.33329
      vertex 29.4094 31.6456 1.33329
      vertex 29.5989 31.6964 1.67313
    endloop
  endfacet
  facet normal 0.777038 0.383349 -0.499254
    outer loop
      vertex 29.4858 32.0297 1.67313
      vertex 29.3045 31.9546 1.33329
      vertex 29.3301 32.3453 1.67313
    endloop
  endfacet
  facet normal 0.660192 0.441115 -0.607917
    outer loop
      vertex 28.9533 32.1278 1.02196
      vertex 28.7894 32.3731 1.02196
      vertex 29.1602 32.2472 1.33329
    endloop
  endfacet
  facet normal -0.513401 0.768395 -0.382084
    outer loop
      vertex -28.3453 33.3301 1.67313
      vertex -28.6379 33.1346 1.67313
      vertex -28.4204 33.4602 2.03568
    endloop
  endfacet
  facet normal -0.393292 0.588618 -0.706294
    outer loop
      vertex -28.2042 32.5693 0.744481
      vertex -28.3731 32.7894 1.02196
      vertex -28.1278 32.9533 1.02196
    endloop
  endfacet
  facet normal -0.536775 0.803212 -0.258308
    outer loop
      vertex -28.7294 33.2537 2.03568
      vertex -28.7912 33.3343 2.41473
      vertex -28.4204 33.4602 2.03568
    endloop
  endfacet
  facet normal -0.42713 0.866479 -0.258405
    outer loop
      vertex -28.4204 33.4602 2.03568
      vertex -28.4712 33.5482 2.41473
      vertex -28.0871 33.6245 2.03568
    endloop
  endfacet
  facet normal -0.906385 0.180384 -0.382006
    outer loop
      vertex -29.6676 31.3512 1.67313
      vertex -29.8165 31.3708 2.03568
      vertex -29.5989 31.6964 1.67313
    endloop
  endfacet
  facet normal -0.947517 0.188464 -0.258249
    outer loop
      vertex -29.8165 31.3708 2.03568
      vertex -29.8421 31.7615 2.41473
      vertex -29.744 31.7353 2.03568
    endloop
  endfacet
  facet normal -0.963971 0.0632441 -0.258381
    outer loop
      vertex -29.8408 31 2.03568
      vertex -29.9424 31 2.41473
      vertex -29.9172 31.3841 2.41473
    endloop
  endfacet
  facet normal -0.98935 0.0649092 -0.130282
    outer loop
      vertex -29.9424 31 2.41473
      vertex -29.968 31.3907 2.80379
      vertex -29.9172 31.3841 2.41473
    endloop
  endfacet
  facet normal -0.980782 -0.195109 0
    outer loop
      vertex -29.8916 2.22521 2.80379
      vertex -29.968 2.60926 57.1962
      vertex -29.968 2.60926 2.80379
    endloop
  endfacet
  facet normal -0.980782 -0.195109 0
    outer loop
      vertex -29.968 2.60926 57.1962
      vertex -29.8916 2.22521 2.80379
      vertex -29.8916 2.22521 57.1962
    endloop
  endfacet
  facet normal -0.694294 -0.137961 -0.706345
    outer loop
      vertex -29.1787 2.41623 1.02196
      vertex -29.2362 2.7056 1.02196
      vertex -28.9611 2.74181 0.744481
    endloop
  endfacet
  facet normal -0.989348 -0.0649175 -0.130296
    outer loop
      vertex -29.9172 2.61595 2.41473
      vertex -29.968 2.60926 2.80379
      vertex -29.9424 3 2.41473
    endloop
  endfacet
  facet normal -0.546678 0.269426 -0.792813
    outer loop
      vertex -28.5398 31.6378 0.505591
      vertex -28.8275 31.757 0.744481
      vertex -28.4434 31.8334 0.505591
    endloop
  endfacet
  facet normal -0.777143 0.38326 -0.49916
    outer loop
      vertex -29.3045 31.9546 1.33329
      vertex -29.3301 32.3453 1.67313
      vertex -29.1602 32.2472 1.33329
    endloop
  endfacet
  facet normal -0.792217 0.0519354 -0.608026
    outer loop
      vertex -29.2555 31 1.02196
      vertex -29.4731 31.3256 1.33329
      vertex -29.2362 31.2944 1.02196
    endloop
  endfacet
  facet normal -0.947495 -0.1885 -0.258305
    outer loop
      vertex -29.8421 2.23846 2.41473
      vertex -29.9172 2.61595 2.41473
      vertex -29.8165 2.6292 2.03568
    endloop
  endfacet
  facet normal -0.670325 0.227762 -0.70625
    outer loop
      vertex -28.8275 31.757 0.744481
      vertex -29.1787 31.5838 1.02196
      vertex -29.0838 31.8631 1.02196
    endloop
  endfacet
  facet normal -0.670268 0.227344 -0.706439
    outer loop
      vertex -28.9106 31.512 0.744481
      vertex -29.1787 31.5838 1.02196
      vertex -28.8275 31.757 0.744481
    endloop
  endfacet
  facet normal 0.098179 -0.0864789 -0.991404
    outer loop
      vertex 27.4643 2.64371 0.0576448
      vertex 27.1387 2.86126 0.00642395
      vertex 27.1557 2.88056 0.00642395
    endloop
  endfacet
  facet normal -0.232638 0.114623 -0.965785
    outer loop
      vertex -27.5407 31.224 0.0576448
      vertex -27.8909 31.369 0.15921
      vertex -27.5069 31.2926 0.0576448
    endloop
  endfacet
  facet normal 0 -0.258817 -0.965926
    outer loop
      vertex -2 2.03568 0.15921
      vertex 27 2.41473 0.0576448
      vertex 27 2.03568 0.15921
    endloop
  endfacet
  facet normal -0 -0.258817 -0.965926
    outer loop
      vertex 27 2.41473 0.0576448
      vertex -2 2.03568 0.15921
      vertex -2 2.41473 0.0576448
    endloop
  endfacet
  facet normal 0 -0.258817 -0.965926
    outer loop
      vertex -27 2.03568 0.15921
      vertex -14 2.41473 0.0576448
      vertex -14 2.03568 0.15921
    endloop
  endfacet
  facet normal -0 -0.258817 -0.965926
    outer loop
      vertex -14 2.41473 0.0576448
      vertex -27 2.03568 0.15921
      vertex -27 2.41473 0.0576448
    endloop
  endfacet
  facet normal 0.057883 -0.117296 -0.991409
    outer loop
      vertex 27.224 2.45928 0.0576448
      vertex 27.0751 2.81873 0.00642395
      vertex 27.0981 2.83008 0.00642395
    endloop
  endfacet
  facet normal 0.195977 -0.577193 -0.792743
    outer loop
      vertex 27.757 1.17253 0.744481
      vertex 27.4314 1.39008 0.505591
      vertex 27.6378 1.46016 0.505591
    endloop
  endfacet
  facet normal 0.170911 -0.195015 -0.965794
    outer loop
      vertex 27.587 2.23495 0.15921
      vertex 27.4138 2.58615 0.0576448
      vertex 27.6819 2.31812 0.15921
    endloop
  endfacet
  facet normal -0.0398804 -0.608274 -0.792725
    outer loop
      vertex -27 1.02196 0.744481
      vertex -27.2175 1.34755 0.505591
      vertex -27 1.33329 0.505591
    endloop
  endfacet
  facet normal 0.195031 -0.170889 -0.965795
    outer loop
      vertex 27.6819 2.31812 0.15921
      vertex 27.4138 2.58615 0.0576448
      vertex 27.765 2.41296 0.15921
    endloop
  endfacet
  facet normal -0.0519317 -0.792284 -0.607939
    outer loop
      vertex -27 0.744481 1.02196
      vertex -27.3256 0.526932 1.33329
      vertex -27.2944 0.763778 1.02196
    endloop
  endfacet
  facet normal -0.0327643 -0.499736 -0.865558
    outer loop
      vertex -27 1.33329 0.505591
      vertex -27.2175 1.34755 0.505591
      vertex -27 1.67313 0.309382
    endloop
  endfacet
  facet normal -0.889268 -0.438464 -0.130202
    outer loop
      vertex -29.5482 1.52882 2.41473
      vertex -29.7657 1.85441 2.80379
      vertex -29.7184 1.87401 2.41473
    endloop
  endfacet
  facet normal -0.820511 -0.278576 -0.499156
    outer loop
      vertex -29.3045 2.04543 1.33329
      vertex -29.5989 2.30362 1.67313
      vertex -29.4094 2.3544 1.33329
    endloop
  endfacet
  facet normal -0.751799 -0.255372 -0.607934
    outer loop
      vertex -29.0838 2.13685 1.02196
      vertex -29.3045 2.04543 1.33329
      vertex -29.1787 2.41623 1.02196
    endloop
  endfacet
  facet normal -0.330212 -0.376499 -0.865569
    outer loop
      vertex -28.0146 1.67771 0.505591
      vertex -28.1785 1.82146 0.505591
      vertex -27.8077 1.94733 0.309382
    endloop
  endfacet
  facet normal -0.278501 -0.820505 -0.499208
    outer loop
      vertex -27.6964 0.401063 1.67313
      vertex -28.0297 0.514194 1.67313
      vertex -27.9546 0.695467 1.33329
    endloop
  endfacet
  facet normal -0.53673 -0.803237 -0.258324
    outer loop
      vertex -28.4712 0.451845 2.41473
      vertex -28.7912 0.665672 2.41473
      vertex -28.4204 0.539804 2.03568
    endloop
  endfacet
  facet normal -0.751891 -0.255278 -0.60786
    outer loop
      vertex -29.3045 2.04543 1.33329
      vertex -29.4094 2.3544 1.33329
      vertex -29.1787 2.41623 1.02196
    endloop
  endfacet
  facet normal -0.608361 -0.0398207 -0.79266
    outer loop
      vertex -28.9611 2.74181 0.744481
      vertex -28.978 3 0.744481
      vertex -28.6525 2.78245 0.505591
    endloop
  endfacet
  facet normal -0.499782 -0.032622 -0.865536
    outer loop
      vertex -28.6525 2.78245 0.505591
      vertex -28.6667 3 0.505591
      vertex -28.3269 3 0.309382
    endloop
  endfacet
  facet normal -0.499782 0.0326295 -0.865536
    outer loop
      vertex -28.3269 31 0.309382
      vertex -28.6667 31 0.505591
      vertex -28.6525 31.2175 0.505591
    endloop
  endfacet
  facet normal -0.449195 0.221382 -0.865572
    outer loop
      vertex -28.1491 31.6634 0.309382
      vertex -28.5398 31.6378 0.505591
      vertex -28.4434 31.8334 0.505591
    endloop
  endfacet
  facet normal -0.416396 0.278175 -0.865583
    outer loop
      vertex -28.1491 31.6634 0.309382
      vertex -28.4434 31.8334 0.505591
      vertex -28.0527 31.8077 0.309382
    endloop
  endfacet
  facet normal -0.254326 0.0507974 -0.965784
    outer loop
      vertex -27.5803 31.0764 0.0576448
      vertex -27.9561 31.1259 0.15921
      vertex -27.5653 31.1515 0.0576448
    endloop
  endfacet
  facet normal -0.144132 -0.215571 -0.965792
    outer loop
      vertex -27.4822 2.16488 0.15921
      vertex -27.587 2.23495 0.15921
      vertex -27.2926 2.49314 0.0576448
    endloop
  endfacet
  facet normal -0.213092 -0.318711 -0.923588
    outer loop
      vertex -27.4822 2.16488 0.15921
      vertex -27.8077 1.94733 0.309382
      vertex -27.587 2.23495 0.15921
    endloop
  endfacet
  facet normal -0.213034 -0.318789 -0.923575
    outer loop
      vertex -27.6634 1.8509 0.309382
      vertex -27.8077 1.94733 0.309382
      vertex -27.4822 2.16488 0.15921
    endloop
  endfacet
  facet normal -0.0420434 -0.123858 -0.991409
    outer loop
      vertex -27.1515 2.43467 0.0576448
      vertex -27.224 2.45928 0.0576448
      vertex -27.0508 2.81048 0.00642395
    endloop
  endfacet
  facet normal -0.0418308 0.123962 -0.991405
    outer loop
      vertex -27.0751 31.1813 0.00642395
      vertex -27.224 31.5407 0.0576448
      vertex -27.0508 31.1895 0.00642395
    endloop
  endfacet
  facet normal -0.232628 0.11467 -0.965782
    outer loop
      vertex -27.5069 31.2926 0.0576448
      vertex -27.8909 31.369 0.15921
      vertex -27.8351 31.4822 0.15921
    endloop
  endfacet
  facet normal 0.194886 0.171161 -0.965776
    outer loop
      vertex 27.4643 31.3563 0.0576448
      vertex 27.4138 31.4138 0.0576448
      vertex 27.765 31.587 0.15921
    endloop
  endfacet
  facet normal -0.0420287 0.123865 -0.991409
    outer loop
      vertex -27.0508 31.1895 0.00642395
      vertex -27.224 31.5407 0.0576448
      vertex -27.1515 31.5653 0.0576448
    endloop
  endfacet
  facet normal -0.063222 -0.963995 -0.258295
    outer loop
      vertex -27.3708 0.183514 2.03568
      vertex -27.3691 0.0857857 2.4
      vertex -27.3835 0.0867301 2.4
    endloop
  endfacet
  facet normal -0.063185 -0.963997 -0.258296
    outer loop
      vertex -27.3691 0.0857857 2.4
      vertex -27.3708 0.183514 2.03568
      vertex -27 0.15921 2.03568
    endloop
  endfacet
  facet normal -0.188448 -0.947517 -0.25826
    outer loop
      vertex -27.3708 0.183514 2.03568
      vertex -27.7615 0.157903 2.41473
      vertex -27.7353 0.256008 2.03568
    endloop
  endfacet
  facet normal 0.745398 0.653743 0.130389
    outer loop
      vertex 29.375 32.8224 57.1962
      vertex 29.1168 33.1168 57.1962
      vertex 29.3343 32.7912 57.5853
    endloop
  endfacet
  facet normal 0.653743 0.745398 0.130389
    outer loop
      vertex 28.8224 33.375 57.1962
      vertex 28.7912 33.3343 57.5853
      vertex 29.1168 33.1168 57.1962
    endloop
  endfacet
  facet normal 0.318632 0.938896 0.130185
    outer loop
      vertex 28.1456 33.7657 57.1962
      vertex 27.7615 33.8421 57.5853
      vertex 28.126 33.7184 57.5853
    endloop
  endfacet
  facet normal 0.278541 0.820489 0.499213
    outer loop
      vertex 27.6964 33.5989 58.3269
      vertex 27.6456 33.4094 58.6667
      vertex 27.9546 33.3045 58.6667
    endloop
  endfacet
  facet normal 0.408872 0.828773 0.382045
    outer loop
      vertex 28.4204 33.4602 57.9643
      vertex 28.0297 33.4858 58.3269
      vertex 28.3453 33.3301 58.3269
    endloop
  endfacet
  facet normal 0.138127 0.69419 0.706414
    outer loop
      vertex 27.5838 33.1787 58.978
      vertex 27.2582 32.9611 59.2555
      vertex 27.512 32.9106 59.2555
    endloop
  endfacet
  facet normal 0.726441 0.636828 0.25833
    outer loop
      vertex 29.3343 32.7912 57.5853
      vertex 29.0806 33.0806 57.5853
      vertex 29.2537 32.7294 57.9643
    endloop
  endfacet
  facet normal 0.695 0.609143 0.381994
    outer loop
      vertex 29.2537 32.7294 57.9643
      vertex 28.9026 32.9026 58.3269
      vertex 29.1346 32.6379 58.3269
    endloop
  endfacet
  facet normal 0.972417 0.193504 0.130239
    outer loop
      vertex 29.968 31.3907 57.1962
      vertex 29.8421 31.7615 57.5853
      vertex 29.9172 31.3841 57.5853
    endloop
  endfacet
  facet normal 0.947472 0.18854 0.258359
    outer loop
      vertex 29.8421 31.7615 57.5853
      vertex 29.8165 31.3708 57.9643
      vertex 29.9172 31.3841 57.5853
    endloop
  endfacet
  facet normal 0.824439 0.550724 0.130396
    outer loop
      vertex 29.375 32.8224 57.1962
      vertex 29.3343 32.7912 57.5853
      vertex 29.5925 32.4968 57.1962
    endloop
  endfacet
  facet normal -0.864649 0.0565633 0.499182
    outer loop
      vertex -29.4731 31.3256 58.6667
      vertex -29.6676 31.3512 58.3269
      vertex -29.4944 31 58.6667
    endloop
  endfacet
  facet normal -0.792189 0.0519336 0.608062
    outer loop
      vertex -29.2362 31.2944 58.978
      vertex -29.4731 31.3256 58.6667
      vertex -29.2555 31 58.978
    endloop
  endfacet
  facet normal -0.889243 0.438545 0.130096
    outer loop
      vertex -29.5925 32.4968 57.1962
      vertex -29.7657 32.1456 57.1962
      vertex -29.5482 32.4712 57.5853
    endloop
  endfacet
  facet normal -0.914768 0.310444 0.258504
    outer loop
      vertex -29.7184 32.126 57.5853
      vertex -29.8421 31.7615 57.5853
      vertex -29.6245 32.0871 57.9643
    endloop
  endfacet
  facet normal -0.972421 0.193421 -0.130333
    outer loop
      vertex -29.8421 31.7615 2.41473
      vertex -29.968 31.3907 2.80379
      vertex -29.8916 31.7748 2.80379
    endloop
  endfacet
  facet normal -0.980786 0.195085 0
    outer loop
      vertex -29.968 31.3907 2.80379
      vertex -29.8916 31.7748 57.1962
      vertex -29.8916 31.7748 2.80379
    endloop
  endfacet
  facet normal -0.980786 0.195085 0
    outer loop
      vertex -29.8916 31.7748 57.1962
      vertex -29.968 31.3907 2.80379
      vertex -29.968 31.3907 57.1962
    endloop
  endfacet
  facet normal -0.0604345 0.922185 0.381997
    outer loop
      vertex -27 33.8408 57.9643
      vertex -27.3708 33.8165 57.9643
      vertex -27 33.6906 58.3269
    endloop
  endfacet
  facet normal -0.195085 0.980786 0
    outer loop
      vertex -27.3907 33.968 2.80379
      vertex -27.7748 33.8916 57.1962
      vertex -27.3907 33.968 57.1962
    endloop
  endfacet
  facet normal -0.195085 0.980786 0
    outer loop
      vertex -27.7748 33.8916 57.1962
      vertex -27.3907 33.968 2.80379
      vertex -27.7748 33.8916 2.80379
    endloop
  endfacet
  facet normal -0.550724 0.824439 0.130396
    outer loop
      vertex -28.4968 33.5925 57.1962
      vertex -28.8224 33.375 57.1962
      vertex -28.7912 33.3343 57.5853
    endloop
  endfacet
  facet normal -0.824438 0.550723 -0.13041
    outer loop
      vertex -29.3343 32.7912 2.41473
      vertex -29.5925 32.4968 2.80379
      vertex -29.375 32.8224 2.80379
    endloop
  endfacet
  facet normal -0.824303 0.550995 -0.130114
    outer loop
      vertex -29.5482 32.4712 2.41473
      vertex -29.5925 32.4968 2.80379
      vertex -29.3343 32.7912 2.41473
    endloop
  endfacet
  facet normal -0.93883 0.318767 0.130331
    outer loop
      vertex -29.7657 32.1456 57.1962
      vertex -29.8916 31.7748 57.1962
      vertex -29.8421 31.7615 57.5853
    endloop
  endfacet
  facet normal -0.694934 -0.609292 0.381876
    outer loop
      vertex -29.1346 1.36206 58.3269
      vertex -29.2537 1.27064 57.9643
      vertex -28.9026 1.09745 58.3269
    endloop
  endfacet
  facet normal -0.318832 -0.212982 0.923572
    outer loop
      vertex -27.8351 2.51784 59.8408
      vertex -28.1491 2.33657 59.6906
      vertex -28.0527 2.19226 59.6906
    endloop
  endfacet
  facet normal -0.258869 0.0169417 0.965764
    outer loop
      vertex -27.5803 31.0764 59.9424
      vertex -27.9561 31.1259 59.8408
      vertex -27.5853 31 59.9424
    endloop
  endfacet
  facet normal -0.499765 0.0326283 0.865546
    outer loop
      vertex -28.6525 31.2175 59.4944
      vertex -28.6667 31 59.4944
      vertex -28.3269 31 59.6906
    endloop
  endfacet
  facet normal -0.245578 0.0835048 0.965773
    outer loop
      vertex -27.8909 31.369 59.8408
      vertex -27.9315 31.2496 59.8408
      vertex -27.5653 31.1515 59.9424
    endloop
  endfacet
  facet normal -0.597924 0.119082 0.792658
    outer loop
      vertex -28.6099 31.4314 59.4944
      vertex -28.9611 31.2582 59.2555
      vertex -28.6525 31.2175 59.4944
    endloop
  endfacet
  facet normal -0.726186 0.637005 0.258611
    outer loop
      vertex -29.0806 33.0806 57.5853
      vertex -29.2537 32.7294 57.9643
      vertex -29.0087 33.0087 57.9643
    endloop
  endfacet
  facet normal -0.438545 0.889243 0.130096
    outer loop
      vertex -28.1456 33.7657 57.1962
      vertex -28.4968 33.5925 57.1962
      vertex -28.4712 33.5482 57.5853
    endloop
  endfacet
  facet normal -0.635022 0.313073 0.70621
    outer loop
      vertex -28.9533 32.1278 58.978
      vertex -29.0838 31.8631 58.978
      vertex -28.8275 31.757 59.2555
    endloop
  endfacet
  facet normal -0.52349 0.596988 0.607917
    outer loop
      vertex -28.5185 32.9789 58.6667
      vertex -28.7638 32.7638 58.6667
      vertex -28.3731 32.7894 58.978
    endloop
  endfacet
  facet normal -0.16954 0.343942 0.923558
    outer loop
      vertex -27.369 31.8909 59.8408
      vertex -27.6634 32.1491 59.6906
      vertex -27.4822 31.8351 59.8408
    endloop
  endfacet
  facet normal -0.278165 0.416382 0.865592
    outer loop
      vertex -27.6634 32.1491 59.6906
      vertex -27.8334 32.4434 59.4944
      vertex -27.8077 32.0527 59.6906
    endloop
  endfacet
  facet normal -0.221375 0.449179 0.865582
    outer loop
      vertex -27.6378 32.5398 59.4944
      vertex -27.8334 32.4434 59.4944
      vertex -27.6634 32.1491 59.6906
    endloop
  endfacet
  facet normal -0.161066 0.474238 0.865538
    outer loop
      vertex -27.4314 32.6099 59.4944
      vertex -27.6378 32.5398 59.4944
      vertex -27.3434 32.2817 59.6906
    endloop
  endfacet
  facet normal -0.221695 0.449163 0.865508
    outer loop
      vertex -27.6378 32.5398 59.4944
      vertex -27.6634 32.1491 59.6906
      vertex -27.5078 32.2259 59.6906
    endloop
  endfacet
  facet normal -0.0975338 0.491132 0.865608
    outer loop
      vertex -27.2175 32.6525 59.4944
      vertex -27.3434 32.2817 59.6906
      vertex -27.1732 32.3155 59.6906
    endloop
  endfacet
  facet normal -0.351153 0.712039 0.608023
    outer loop
      vertex -27.9546 33.3045 58.6667
      vertex -28.2472 33.1602 58.6667
      vertex -27.8631 33.0838 58.978
    endloop
  endfacet
  facet normal -0.376444 0.330279 0.865567
    outer loop
      vertex -28.1785 32.1785 59.4944
      vertex -28.3223 32.0146 59.4944
      vertex -28.0527 31.8077 59.6906
    endloop
  endfacet
  facet normal -0.712039 0.351153 0.608023
    outer loop
      vertex -29.1602 32.2472 58.6667
      vertex -29.3045 31.9546 58.6667
      vertex -29.0838 31.8631 58.978
    endloop
  endfacet
  facet normal -0.117275 0.0577829 0.991417
    outer loop
      vertex -27.5069 31.2926 59.9424
      vertex -27.5407 31.224 59.9424
      vertex -27.1699 31.0981 59.9936
    endloop
  endfacet
  facet normal -0.108678 0.0726793 0.991417
    outer loop
      vertex -27.4643 31.3563 59.9424
      vertex -27.5069 31.2926 59.9424
      vertex -27.1699 31.0981 59.9936
    endloop
  endfacet
  facet normal -0.546693 0.269434 0.7928
    outer loop
      vertex -28.4434 31.8334 59.4944
      vertex -28.8275 31.757 59.2555
      vertex -28.5398 31.6378 59.4944
    endloop
  endfacet
  facet normal -0.54669 0.26981 0.792675
    outer loop
      vertex -28.713 31.989 59.2555
      vertex -28.8275 31.757 59.2555
      vertex -28.4434 31.8334 59.4944
    endloop
  endfacet
  facet normal -0.0835048 0.245578 0.965773
    outer loop
      vertex -27.2496 31.9315 59.8408
      vertex -27.369 31.8909 59.8408
      vertex -27.1515 31.5653 59.9424
    endloop
  endfacet
  facet normal -0.0169417 0.258869 0.965764
    outer loop
      vertex -27 31.5853 59.9424
      vertex -27.1259 31.9561 59.8408
      vertex -27.0764 31.5803 59.9424
    endloop
  endfacet
  facet normal -0.171216 0.194949 0.965754
    outer loop
      vertex -27.3563 31.4643 59.9424
      vertex -27.587 31.765 59.8408
      vertex -27.4138 31.4138 59.9424
    endloop
  endfacet
  facet normal -0.0862785 0.098238 0.991416
    outer loop
      vertex -27.3563 31.4643 59.9424
      vertex -27.4138 31.4138 59.9424
      vertex -27.1387 31.1387 59.9936
    endloop
  endfacet
  facet normal -0.252756 -0.288404 0.923546
    outer loop
      vertex -27.6819 2.31812 59.8408
      vertex -27.9382 2.06176 59.6906
      vertex -27.587 2.23495 59.8408
    endloop
  endfacet
  facet normal -0.254407 0.0508136 0.965761
    outer loop
      vertex -27.5653 31.1515 59.9424
      vertex -27.9561 31.1259 59.8408
      vertex -27.5803 31.0764 59.9424
    endloop
  endfacet
  facet normal -0.363046 0.123448 0.923557
    outer loop
      vertex -27.8909 31.369 59.8408
      vertex -28.2817 31.3434 59.6906
      vertex -27.9315 31.2496 59.8408
    endloop
  endfacet
  facet normal -0.245672 0.0833591 0.965762
    outer loop
      vertex -27.5407 31.224 59.9424
      vertex -27.8909 31.369 59.8408
      vertex -27.5653 31.1515 59.9424
    endloop
  endfacet
  facet normal -0.0726793 0.108678 0.991417
    outer loop
      vertex -27.2926 31.5069 59.9424
      vertex -27.3563 31.4643 59.9424
      vertex -27.0981 31.1699 59.9936
    endloop
  endfacet
  facet normal 0 -0.2589 0.965904
    outer loop
      vertex -27 2.41473 59.9424
      vertex 27 2.03568 59.8408
      vertex 27 2.41473 59.9424
    endloop
  endfacet
  facet normal 0 -0.2589 0.965904
    outer loop
      vertex 27 2.03568 59.8408
      vertex -27 2.41473 59.9424
      vertex -27 2.03568 59.8408
    endloop
  endfacet
  facet normal -0.0327632 -0.499719 0.865568
    outer loop
      vertex -27 1.67313 59.6906
      vertex -27.2175 1.34755 59.4944
      vertex -27 1.33329 59.4944
    endloop
  endfacet
  facet normal -0.0250957 -0.382621 0.923564
    outer loop
      vertex -27 2.03568 59.8408
      vertex -27.1732 1.68449 59.6906
      vertex -27 1.67313 59.6906
    endloop
  endfacet
  facet normal 0.0250957 -0.382621 0.923564
    outer loop
      vertex 27 2.03568 59.8408
      vertex 27 1.67313 59.6906
      vertex 27.1732 1.68449 59.6906
    endloop
  endfacet
  facet normal 0.0327756 -0.499712 0.865571
    outer loop
      vertex 27.1732 1.68449 59.6906
      vertex 27 1.67313 59.6906
      vertex 27.2175 1.34755 59.4944
    endloop
  endfacet
  facet normal -0.44918 -0.221454 0.865561
    outer loop
      vertex -28.1491 2.33657 59.6906
      vertex -28.5398 2.36218 59.4944
      vertex -28.4434 2.16665 59.4944
    endloop
  endfacet
  facet normal -0.401936 -0.458245 0.792754
    outer loop
      vertex -28.0146 1.67771 59.4944
      vertex -28.3987 1.60132 59.2555
      vertex -28.2042 1.43072 59.2555
    endloop
  endfacet
  facet normal -0.338734 -0.506759 0.792751
    outer loop
      vertex -28.0146 1.67771 59.4944
      vertex -28.2042 1.43072 59.2555
      vertex -27.8334 1.55659 59.4944
    endloop
  endfacet
  facet normal -0.393315 -0.588581 0.706311
    outer loop
      vertex -28.2042 1.43072 59.2555
      vertex -28.3731 1.21058 58.978
      vertex -28.1278 1.04666 58.978
    endloop
  endfacet
  facet normal 0.154874 -0.778701 0.60798
    outer loop
      vertex 27.5838 0.821336 58.978
      vertex 27.2944 0.763778 58.978
      vertex 27.3256 0.526932 58.6667
    endloop
  endfacet
  facet normal 0.118878 -0.597883 0.79272
    outer loop
      vertex 27.4314 1.39008 59.4944
      vertex 27.2175 1.34755 59.4944
      vertex 27.2582 1.03889 59.2555
    endloop
  endfacet
  facet normal -0.0566696 -0.864606 0.499245
    outer loop
      vertex -27 0.505591 58.6667
      vertex -27.3512 0.332401 58.3269
      vertex -27 0.309382 58.3269
    endloop
  endfacet
  facet normal -0.778736 -0.155012 0.607899
    outer loop
      vertex -29.1787 2.41623 58.978
      vertex -29.4731 2.67441 58.6667
      vertex -29.4094 2.3544 58.6667
    endloop
  endfacet
  facet normal -0.577315 -0.195808 0.792696
    outer loop
      vertex -28.6099 2.56862 59.4944
      vertex -28.9106 2.48805 59.2555
      vertex -28.8275 2.24304 59.2555
    endloop
  endfacet
  facet normal -0.491122 -0.0975146 0.865616
    outer loop
      vertex -28.3155 2.82681 59.6906
      vertex -28.6525 2.78245 59.4944
      vertex -28.2817 2.65658 59.6906
    endloop
  endfacet
  facet normal -0.10888 -0.0724505 0.991411
    outer loop
      vertex -27.1699 2.9019 59.9936
      vertex -27.4643 2.64371 59.9424
      vertex -27.1557 2.88056 59.9936
    endloop
  endfacet
  facet normal -0.0862587 -0.0982543 0.991416
    outer loop
      vertex -27.1387 2.86126 59.9936
      vertex -27.4138 2.58615 59.9424
      vertex -27.3563 2.53567 59.9424
    endloop
  endfacet
  facet normal -0.130448 0.00853719 0.991418
    outer loop
      vertex -27.5803 31.0764 59.9424
      vertex -27.5853 31 59.9424
      vertex -27.1945 31.0256 59.9936
    endloop
  endfacet
  facet normal -0.0420327 -0.123805 0.991416
    outer loop
      vertex -27.0751 2.81873 59.9936
      vertex -27.224 2.45928 59.9424
      vertex -27.0508 2.81048 59.9936
    endloop
  endfacet
  facet normal -0.108803 0.0725355 0.991413
    outer loop
      vertex -27.1557 31.1194 59.9936
      vertex -27.4643 31.3563 59.9424
      vertex -27.1699 31.0981 59.9936
    endloop
  endfacet
  facet normal -0.694325 0.137953 0.706316
    outer loop
      vertex -29.1787 31.5838 58.978
      vertex -29.2362 31.2944 58.978
      vertex -28.9611 31.2582 59.2555
    endloop
  endfacet
  facet normal -0.706382 0.0463084 0.706314
    outer loop
      vertex -29.2362 31.2944 58.978
      vertex -29.2555 31 58.978
      vertex -28.9611 31.2582 59.2555
    endloop
  endfacet
  facet normal -0.193504 0.972415 -0.130252
    outer loop
      vertex -27.3841 33.9172 2.41473
      vertex -27.7615 33.8421 2.41473
      vertex -27.3907 33.968 2.80379
    endloop
  endfacet
  facet normal -0.0649092 0.98935 -0.130282
    outer loop
      vertex -27.3841 33.9172 2.41473
      vertex -27.3907 33.968 2.80379
      vertex -27 33.9424 2.41473
    endloop
  endfacet
  facet normal 0.0603936 0.922184 -0.382008
    outer loop
      vertex 27.3512 33.6676 1.67313
      vertex 27 33.6906 1.67313
      vertex 27.3708 33.8165 2.03568
    endloop
  endfacet
  facet normal 0.193504 0.972415 -0.130252
    outer loop
      vertex 27.7615 33.8421 2.41473
      vertex 27.3841 33.9172 2.41473
      vertex 27.3907 33.968 2.80379
    endloop
  endfacet
  facet normal 0.188542 0.94748 -0.258327
    outer loop
      vertex 27.7615 33.8421 2.41473
      vertex 27.3708 33.8165 2.03568
      vertex 27.3841 33.9172 2.41473
    endloop
  endfacet
  facet normal 0.555466 0.831539 -0
    outer loop
      vertex 28.8224 33.375 2.80379
      vertex 28.4968 33.5925 57.1962
      vertex 28.8224 33.375 57.1962
    endloop
  endfacet
  facet normal 0.555466 0.831539 0
    outer loop
      vertex 28.4968 33.5925 57.1962
      vertex 28.8224 33.375 2.80379
      vertex 28.4968 33.5925 2.80379
    endloop
  endfacet
  facet normal 0.550723 0.824438 -0.13041
    outer loop
      vertex 28.7912 33.3343 2.41473
      vertex 28.4968 33.5925 2.80379
      vertex 28.8224 33.375 2.80379
    endloop
  endfacet
  facet normal 0 0.866033 -0.499987
    outer loop
      vertex 27 33.4944 1.33329
      vertex -2 33.6906 1.67313
      vertex 27 33.6906 1.67313
    endloop
  endfacet
  facet normal 0 0.866033 -0.499987
    outer loop
      vertex -2 33.6906 1.67313
      vertex 27 33.4944 1.33329
      vertex -2 33.4944 1.33329
    endloop
  endfacet
  facet normal 0 0.866033 -0.499987
    outer loop
      vertex -14 33.4944 1.33329
      vertex -27 33.6906 1.67313
      vertex -14 33.6906 1.67313
    endloop
  endfacet
  facet normal 0 0.866033 -0.499987
    outer loop
      vertex -27 33.6906 1.67313
      vertex -14 33.4944 1.33329
      vertex -27 33.4944 1.33329
    endloop
  endfacet
  facet normal 0.180283 0.906388 0.382046
    outer loop
      vertex 27.7353 33.744 57.9643
      vertex 27.3708 33.8165 57.9643
      vertex 27.6964 33.5989 58.3269
    endloop
  endfacet
  facet normal -0 0.382697 0.923874
    outer loop
      vertex -27 32.3269 59.6906
      vertex 27 31.9643 59.8408
      vertex 27 32.3269 59.6906
    endloop
  endfacet
  facet normal 0 0.382697 0.923874
    outer loop
      vertex 27 31.9643 59.8408
      vertex -27 32.3269 59.6906
      vertex -27 31.9643 59.8408
    endloop
  endfacet
  facet normal 0.383338 0.777016 0.499298
    outer loop
      vertex 28.0297 33.4858 58.3269
      vertex 27.9546 33.3045 58.6667
      vertex 28.3453 33.3301 58.3269
    endloop
  endfacet
  facet normal 0.278416 0.820478 0.499299
    outer loop
      vertex 28.0297 33.4858 58.3269
      vertex 27.6964 33.5989 58.3269
      vertex 27.9546 33.3045 58.6667
    endloop
  endfacet
  facet normal 0.318767 0.93883 0.130331
    outer loop
      vertex 27.7748 33.8916 57.1962
      vertex 27.7615 33.8421 57.5853
      vertex 28.1456 33.7657 57.1962
    endloop
  endfacet
  facet normal 0.427127 0.866472 0.258437
    outer loop
      vertex 28.4712 33.5482 57.5853
      vertex 28.0871 33.6245 57.9643
      vertex 28.4204 33.4602 57.9643
    endloop
  endfacet
  facet normal 0.963987 -0.0631739 0.258339
    outer loop
      vertex 29.8408 3 57.9643
      vertex 29.8165 2.6292 57.9643
      vertex 29.9172 2.61595 57.5853
    endloop
  endfacet
  facet normal 0.922185 -0.0604345 0.381997
    outer loop
      vertex 29.8408 3 57.9643
      vertex 29.6906 3 58.3269
      vertex 29.8165 2.6292 57.9643
    endloop
  endfacet
  facet normal 0.820487 -0.278568 0.4992
    outer loop
      vertex 29.4094 2.3544 58.6667
      vertex 29.3045 2.04543 58.6667
      vertex 29.5989 2.30362 58.3269
    endloop
  endfacet
  facet normal 0.97242 -0.193459 0.130283
    outer loop
      vertex 29.9172 2.61595 57.5853
      vertex 29.8421 2.23846 57.5853
      vertex 29.968 2.60926 57.1962
    endloop
  endfacet
  facet normal 0.828957 -0.408671 0.381861
    outer loop
      vertex 29.4858 1.97035 58.3269
      vertex 29.4602 1.57961 57.9643
      vertex 29.6245 1.91288 57.9643
    endloop
  endfacet
  facet normal 0.588636 -0.393288 0.706281
    outer loop
      vertex 28.9533 1.87224 58.978
      vertex 28.5693 1.79585 59.2555
      vertex 28.7894 1.62693 58.978
    endloop
  endfacet
  facet normal 0.59698 -0.523462 0.60795
    outer loop
      vertex 28.7894 1.62693 58.978
      vertex 28.7638 1.23619 58.6667
      vertex 28.9789 1.4815 58.6667
    endloop
  endfacet
  facet normal 0.651459 -0.571232 0.499294
    outer loop
      vertex 28.9789 1.4815 58.6667
      vertex 28.7638 1.23619 58.6667
      vertex 29.1346 1.36206 58.3269
    endloop
  endfacet
  facet normal 0.670288 -0.227341 0.706421
    outer loop
      vertex 28.9106 2.48805 59.2555
      vertex 28.8275 2.24304 59.2555
      vertex 29.1787 2.41623 58.978
    endloop
  endfacet
  facet normal 0.597932 -0.119122 0.792646
    outer loop
      vertex 28.6525 2.78245 59.4944
      vertex 28.6099 2.56862 59.4944
      vertex 28.9611 2.74181 59.2555
    endloop
  endfacet
  facet normal 0.824311 -0.550983 0.130115
    outer loop
      vertex 29.5482 1.52882 57.5853
      vertex 29.3343 1.20881 57.5853
      vertex 29.5925 1.50321 57.1962
    endloop
  endfacet
  facet normal 0.745529 -0.653629 -0.130215
    outer loop
      vertex 29.1168 0.883222 2.80379
      vertex 29.0806 0.91944 2.41473
      vertex 29.3343 1.20881 2.41473
    endloop
  endfacet
  facet normal 0.653732 -0.745427 -0.130282
    outer loop
      vertex 28.8224 0.625036 2.80379
      vertex 28.7912 0.665672 2.41473
      vertex 29.1168 0.883222 2.80379
    endloop
  endfacet
  facet normal 0.653691 -0.745476 0.130206
    outer loop
      vertex 29.0806 0.91944 57.5853
      vertex 28.7912 0.665672 57.5853
      vertex 29.1168 0.883222 57.1962
    endloop
  endfacet
  facet normal 0.906383 -0.180394 -0.382006
    outer loop
      vertex 29.8165 2.6292 2.03568
      vertex 29.5989 2.30362 1.67313
      vertex 29.6676 2.6488 1.67313
    endloop
  endfacet
  facet normal 0.922167 -0.0604333 -0.382042
    outer loop
      vertex 29.8165 2.6292 2.03568
      vertex 29.6906 3 1.67313
      vertex 29.8408 3 2.03568
    endloop
  endfacet
  facet normal 0.938883 -0.318671 0.130185
    outer loop
      vertex 29.8421 2.23846 57.5853
      vertex 29.7184 1.87401 57.5853
      vertex 29.7657 1.85441 57.1962
    endloop
  endfacet
  facet normal 0.889269 -0.438465 0.130188
    outer loop
      vertex 29.7184 1.87401 57.5853
      vertex 29.5482 1.52882 57.5853
      vertex 29.7657 1.85441 57.1962
    endloop
  endfacet
  facet normal 0.108654 -0.0727092 0.991417
    outer loop
      vertex 27.5069 2.70737 59.9424
      vertex 27.1699 2.9019 59.9936
      vertex 27.4643 2.64371 59.9424
    endloop
  endfacet
  facet normal 0.12821 -0.0256113 0.991416
    outer loop
      vertex 27.5803 2.92361 59.9424
      vertex 27.1895 2.94922 59.9936
      vertex 27.5653 2.84852 59.9424
    endloop
  endfacet
  facet normal 0.466799 -0.532195 0.706305
    outer loop
      vertex 28.3987 1.60132 59.2555
      vertex 28.2042 1.43072 59.2555
      vertex 28.3731 1.21058 58.978
    endloop
  endfacet
  facet normal 0.245656 -0.0833652 0.965766
    outer loop
      vertex 27.5653 2.84852 59.9424
      vertex 27.5407 2.77603 59.9424
      vertex 27.8909 2.63097 59.8408
    endloop
  endfacet
  facet normal 0.778662 -0.154726 0.608066
    outer loop
      vertex 29.2362 2.7056 58.978
      vertex 29.1787 2.41623 58.978
      vertex 29.4731 2.67441 58.6667
    endloop
  endfacet
  facet normal 0.79219 -0.0519336 0.608061
    outer loop
      vertex 29.2555 3 58.978
      vertex 29.2362 2.7056 58.978
      vertex 29.4731 2.67441 58.6667
    endloop
  endfacet
  facet normal -0.123816 0.0420119 0.991416
    outer loop
      vertex -27.5407 31.224 59.9424
      vertex -27.5653 31.1515 59.9424
      vertex -27.1895 31.0508 59.9936
    endloop
  endfacet
  facet normal 0.0727274 -0.108632 0.991418
    outer loop
      vertex 27.1194 2.84434 59.9936
      vertex 27.0981 2.83008 59.9936
      vertex 27.3563 2.53567 59.9424
    endloop
  endfacet
  facet normal -0.0981397 -0.0864443 0.991411
    outer loop
      vertex -27.1557 2.88056 59.9936
      vertex -27.4643 2.64371 59.9424
      vertex -27.1387 2.86126 59.9936
    endloop
  endfacet
  facet normal 0.0463002 -0.706368 0.706329
    outer loop
      vertex 27.2582 1.03889 59.2555
      vertex 27 0.744481 58.978
      vertex 27.2944 0.763778 58.978
    endloop
  endfacet
  facet normal 0.227611 -0.670335 0.706289
    outer loop
      vertex 27.757 1.17253 59.2555
      vertex 27.5838 0.821336 58.978
      vertex 27.8631 0.916172 58.978
    endloop
  endfacet
  facet normal 0.438508 -0.889241 0.130237
    outer loop
      vertex 28.4712 0.451845 57.5853
      vertex 28.126 0.281618 57.5853
      vertex 28.1456 0.234296 57.1962
    endloop
  endfacet
  facet normal 0.0631889 -0.963992 0.258314
    outer loop
      vertex 27 0.15921 57.9643
      vertex 27 0.0615913 57.6
      vertex 27.3691 0.0857855 57.6
    endloop
  endfacet
  facet normal 0.193423 -0.972434 0.130233
    outer loop
      vertex 27.7748 0.108427 57.1962
      vertex 27.6 0.103068 57.4158
      vertex 27.6 0.0736582 57.1962
    endloop
  endfacet
  facet normal 0.193458 -0.972423 0.130261
    outer loop
      vertex 27.6 0.103068 57.4158
      vertex 27.7748 0.108427 57.1962
      vertex 27.7615 0.157903 57.5853
    endloop
  endfacet
  facet normal 0.555553 -0.831481 0
    outer loop
      vertex 28.4968 0.407487 2.80379
      vertex 28.8224 0.625036 57.1962
      vertex 28.4968 0.407487 57.1962
    endloop
  endfacet
  facet normal 0.555553 -0.831481 0
    outer loop
      vertex 28.8224 0.625036 57.1962
      vertex 28.4968 0.407487 2.80379
      vertex 28.8224 0.625036 2.80379
    endloop
  endfacet
  facet normal 0.550819 -0.824397 0.130264
    outer loop
      vertex 28.7912 0.665672 57.5853
      vertex 28.4968 0.407487 57.1962
      vertex 28.8224 0.625036 57.1962
    endloop
  endfacet
  facet normal 0.659352 -0.751835 0
    outer loop
      vertex 28.8224 0.625036 2.80379
      vertex 29.1168 0.883222 57.1962
      vertex 28.8224 0.625036 57.1962
    endloop
  endfacet
  facet normal 0.659352 -0.751835 0
    outer loop
      vertex 29.1168 0.883222 57.1962
      vertex 28.8224 0.625036 2.80379
      vertex 29.1168 0.883222 2.80379
    endloop
  endfacet
  facet normal 0.513491 -0.7684 0.381952
    outer loop
      vertex 28.6379 0.86539 58.3269
      vertex 28.3453 0.669857 58.3269
      vertex 28.4204 0.539804 57.9643
    endloop
  endfacet
  facet normal 0.0566694 -0.864606 0.499245
    outer loop
      vertex 27.3256 0.526932 58.6667
      vertex 27 0.505591 58.6667
      vertex 27.3512 0.332401 58.3269
    endloop
  endfacet
  facet normal 0.383264 -0.777088 0.499242
    outer loop
      vertex 28.2472 0.839779 58.6667
      vertex 27.9546 0.695467 58.6667
      vertex 28.3453 0.669857 58.3269
    endloop
  endfacet
  facet normal 0.138067 -0.694302 0.706316
    outer loop
      vertex 27.512 1.08936 59.2555
      vertex 27.2582 1.03889 59.2555
      vertex 27.5838 0.821336 58.978
    endloop
  endfacet
  facet normal 0.0725355 0.108803 0.991413
    outer loop
      vertex 27.3563 31.4643 59.9424
      vertex 27.0981 31.1699 59.9936
      vertex 27.1194 31.1557 59.9936
    endloop
  endfacet
  facet normal -0 0.130461 0.991453
    outer loop
      vertex -27 31.5853 59.9424
      vertex 27 31.1962 59.9936
      vertex 27 31.5853 59.9424
    endloop
  endfacet
  facet normal 0 0.130461 0.991453
    outer loop
      vertex 27 31.1962 59.9936
      vertex -27 31.5853 59.9424
      vertex -27 31.1962 59.9936
    endloop
  endfacet
  facet normal -0.0861827 -0.0983053 0.991417
    outer loop
      vertex -27.1387 2.86126 59.9936
      vertex -27.3563 2.53567 59.9424
      vertex -27.1194 2.84434 59.9936
    endloop
  endfacet
  facet normal 0.123312 -0.363093 0.923557
    outer loop
      vertex 27.369 2.10909 59.8408
      vertex 27.2496 2.06854 59.8408
      vertex 27.3434 1.71835 59.6906
    endloop
  endfacet
  facet normal 0.363046 0.123448 0.923557
    outer loop
      vertex 28.2817 31.3434 59.6906
      vertex 27.8909 31.369 59.8408
      vertex 27.9315 31.2496 59.8408
    endloop
  endfacet
  facet normal 0.254396 0.0505913 0.965776
    outer loop
      vertex 27.9315 31.2496 59.8408
      vertex 27.5653 31.1515 59.9424
      vertex 27.9561 31.1259 59.8408
    endloop
  endfacet
  facet normal 0.474308 0.160988 0.865514
    outer loop
      vertex 28.5398 31.6378 59.4944
      vertex 28.2259 31.5078 59.6906
      vertex 28.2817 31.3434 59.6906
    endloop
  endfacet
  facet normal 0.474238 0.161066 0.865538
    outer loop
      vertex 28.5398 31.6378 59.4944
      vertex 28.2817 31.3434 59.6906
      vertex 28.6099 31.4314 59.4944
    endloop
  endfacet
  facet normal 0.588668 0.393084 0.706367
    outer loop
      vertex 28.9533 32.1278 58.978
      vertex 28.5693 32.2042 59.2555
      vertex 28.713 31.989 59.2555
    endloop
  endfacet
  facet normal 0.507008 0.338555 0.792669
    outer loop
      vertex 28.5693 32.2042 59.2555
      vertex 28.4434 31.8334 59.4944
      vertex 28.713 31.989 59.2555
    endloop
  endfacet
  facet normal 0.634757 0.313274 0.706359
    outer loop
      vertex 28.9533 32.1278 58.978
      vertex 28.713 31.989 59.2555
      vertex 28.8275 31.757 59.2555
    endloop
  endfacet
  facet normal 0.513412 0.76841 0.382039
    outer loop
      vertex 28.4204 33.4602 57.9643
      vertex 28.3453 33.3301 58.3269
      vertex 28.6379 33.1346 58.3269
    endloop
  endfacet
  facet normal 0.635022 0.313073 0.70621
    outer loop
      vertex 28.9533 32.1278 58.978
      vertex 28.8275 31.757 59.2555
      vertex 29.0838 31.8631 58.978
    endloop
  endfacet
  facet normal 0.670293 0.227352 0.706412
    outer loop
      vertex 29.1787 31.5838 58.978
      vertex 28.8275 31.757 59.2555
      vertex 28.9106 31.512 59.2555
    endloop
  endfacet
  facet normal 0.849831 0.169129 0.499182
    outer loop
      vertex 29.5989 31.6964 58.3269
      vertex 29.4731 31.3256 58.6667
      vertex 29.6676 31.3512 58.3269
    endloop
  endfacet
  facet normal 0.906403 0.180388 0.381961
    outer loop
      vertex 29.8165 31.3708 57.9643
      vertex 29.5989 31.6964 58.3269
      vertex 29.6676 31.3512 58.3269
    endloop
  endfacet
  facet normal 0.144224 0.215659 0.965759
    outer loop
      vertex 27.587 31.765 59.8408
      vertex 27.2926 31.5069 59.9424
      vertex 27.3563 31.4643 59.9424
    endloop
  endfacet
  facet normal 0.40193 0.458238 0.792761
    outer loop
      vertex 28.2042 32.5693 59.2555
      vertex 28.0146 32.3223 59.4944
      vertex 28.3987 32.3987 59.2555
    endloop
  endfacet
  facet normal 0.474259 -0.161042 0.865531
    outer loop
      vertex 28.6099 2.56862 59.4944
      vertex 28.2817 2.65658 59.6906
      vertex 28.5398 2.36218 59.4944
    endloop
  endfacet
  facet normal 0.597897 -0.118986 0.792693
    outer loop
      vertex 28.9611 2.74181 59.2555
      vertex 28.6099 2.56862 59.4944
      vertex 28.9106 2.48805 59.2555
    endloop
  endfacet
  facet normal 0.123921 -0.0417997 0.991411
    outer loop
      vertex 27.1895 2.94922 59.9936
      vertex 27.1813 2.92491 59.9936
      vertex 27.5407 2.77603 59.9424
    endloop
  endfacet
  facet normal 0.254397 -0.0505874 0.965776
    outer loop
      vertex 27.9561 2.87413 59.8408
      vertex 27.5653 2.84852 59.9424
      vertex 27.9315 2.75042 59.8408
    endloop
  endfacet
  facet normal -0.193423 -0.972431 -0.13025
    outer loop
      vertex -27.7748 0.108427 2.80379
      vertex -27.6 0.103068 2.58422
      vertex -27.6 0.0736582 2.80379
    endloop
  endfacet
  facet normal -0.193453 -0.972422 -0.130274
    outer loop
      vertex -27.6 0.103068 2.58422
      vertex -27.7748 0.108427 2.80379
      vertex -27.7615 0.157903 2.41473
    endloop
  endfacet
  facet normal 0.060446 -0.92221 0.381936
    outer loop
      vertex 27 0.309382 58.3269
      vertex 27 0.15921 57.9643
      vertex 27.3708 0.183514 57.9643
    endloop
  endfacet
  facet normal -0.536726 -0.80323 0.258356
    outer loop
      vertex -28.4204 0.539804 57.9643
      vertex -28.7912 0.665672 57.5853
      vertex -28.4712 0.451845 57.5853
    endloop
  endfacet
  facet normal -0.318665 -0.938878 0.130237
    outer loop
      vertex -28.126 0.281618 57.5853
      vertex -28.1456 0.234296 57.1962
      vertex -27.7615 0.157903 57.5853
    endloop
  endfacet
  facet normal -0.720482 -0.481339 0.499217
    outer loop
      vertex -29.1602 1.7528 58.6667
      vertex -29.3301 1.65469 58.3269
      vertex -29.1346 1.36206 58.3269
    endloop
  endfacet
  facet normal -0.571347 -0.651443 0.499183
    outer loop
      vertex -28.5185 1.02105 58.6667
      vertex -28.7638 1.23619 58.6667
      vertex -28.6379 0.86539 58.3269
    endloop
  endfacet
  facet normal -0.408743 -0.828916 0.381873
    outer loop
      vertex -28.0297 0.514194 58.3269
      vertex -28.4204 0.539804 57.9643
      vertex -28.0871 0.375452 57.9643
    endloop
  endfacet
  facet normal -0.513393 -0.768425 0.382034
    outer loop
      vertex -28.6379 0.86539 58.3269
      vertex -28.7294 0.74625 57.9643
      vertex -28.4204 0.539804 57.9643
    endloop
  endfacet
  facet normal -0.751826 -0.659362 0
    outer loop
      vertex -29.1168 0.883222 2.80379
      vertex -29.375 1.17763 57.1962
      vertex -29.375 1.17763 2.80379
    endloop
  endfacet
  facet normal -0.751826 -0.659362 0
    outer loop
      vertex -29.375 1.17763 57.1962
      vertex -29.1168 0.883222 2.80379
      vertex -29.1168 0.883222 57.1962
    endloop
  endfacet
  facet normal -0.745409 -0.653735 -0.13037
    outer loop
      vertex -29.1168 0.883222 2.80379
      vertex -29.375 1.17763 2.80379
      vertex -29.3343 1.20881 2.41473
    endloop
  endfacet
  facet normal -0.310493 -0.914802 -0.258324
    outer loop
      vertex -27.7615 0.157903 2.41473
      vertex -28.126 0.281618 2.41473
      vertex -28.0871 0.375452 2.03568
    endloop
  endfacet
  facet normal -0.438507 -0.889239 -0.130251
    outer loop
      vertex -28.1456 0.234296 2.80379
      vertex -28.4712 0.451845 2.41473
      vertex -28.126 0.281618 2.41473
    endloop
  endfacet
  facet normal -0.193473 -0.972421 -0.130255
    outer loop
      vertex -27.6 0.103068 2.58422
      vertex -27.7615 0.157903 2.41473
      vertex -27.6 0.125771 2.41473
    endloop
  endfacet
  facet normal -0.318698 -0.938859 -0.130288
    outer loop
      vertex -27.7748 0.108427 2.80379
      vertex -28.1456 0.234296 2.80379
      vertex -27.7615 0.157903 2.41473
    endloop
  endfacet
  facet normal -0.906388 0.180283 0.382046
    outer loop
      vertex -29.744 31.7353 57.9643
      vertex -29.8165 31.3708 57.9643
      vertex -29.5989 31.6964 58.3269
    endloop
  endfacet
  facet normal -0.947509 0.188462 0.258281
    outer loop
      vertex -29.744 31.7353 57.9643
      vertex -29.8421 31.7615 57.5853
      vertex -29.8165 31.3708 57.9643
    endloop
  endfacet
  facet normal -0.922202 -0.0603948 0.381963
    outer loop
      vertex -29.6906 3 58.3269
      vertex -29.8165 2.6292 57.9643
      vertex -29.6676 2.6488 58.3269
    endloop
  endfacet
  facet normal -0.922185 -0.0604345 0.381997
    outer loop
      vertex -29.6906 3 58.3269
      vertex -29.8408 3 57.9643
      vertex -29.8165 2.6292 57.9643
    endloop
  endfacet
  facet normal -0.803138 -0.536831 0.258422
    outer loop
      vertex -29.4602 1.57961 57.9643
      vertex -29.5482 1.52882 57.5853
      vertex -29.3343 1.20881 57.5853
    endloop
  endfacet
  facet normal -0.824311 -0.550983 0.130115
    outer loop
      vertex -29.5482 1.52882 57.5853
      vertex -29.5925 1.50321 57.1962
      vertex -29.3343 1.20881 57.5853
    endloop
  endfacet
  facet normal 0.608361 -0.0398207 -0.79266
    outer loop
      vertex 28.9611 2.74181 0.744481
      vertex 28.6525 2.78245 0.505591
      vertex 28.978 3 0.744481
    endloop
  endfacet
  facet normal 0.318781 -0.212948 -0.923597
    outer loop
      vertex 28.0527 2.19226 0.309382
      vertex 27.8351 2.51784 0.15921
      vertex 28.1491 2.33657 0.309382
    endloop
  endfacet
  facet normal 0.49965 0.0328869 -0.865603
    outer loop
      vertex 28.3269 31 0.309382
      vertex 28.3155 31.1732 0.309382
      vertex 28.6525 31.2175 0.505591
    endloop
  endfacet
  facet normal 0.914754 -0.310663 -0.25829
    outer loop
      vertex 29.8421 2.23846 2.41473
      vertex 29.6245 1.91288 2.03568
      vertex 29.744 2.26475 2.03568
    endloop
  endfacet
  facet normal 0.588614 -0.393273 -0.706308
    outer loop
      vertex 28.7894 1.62693 1.02196
      vertex 28.5693 1.79585 0.744481
      vertex 28.9533 1.87224 1.02196
    endloop
  endfacet
  facet normal 0.401916 -0.458254 -0.792759
    outer loop
      vertex 28.3987 1.60132 0.744481
      vertex 28.0146 1.67771 0.505591
      vertex 28.1785 1.82146 0.505591
    endloop
  endfacet
  facet normal 0.466782 -0.532175 -0.706332
    outer loop
      vertex 28.3731 1.21058 1.02196
      vertex 28.2042 1.43072 0.744481
      vertex 28.3987 1.60132 0.744481
    endloop
  endfacet
  facet normal 0.609477 -0.694779 -0.381864
    outer loop
      vertex 29.0087 0.991259 2.03568
      vertex 28.7294 0.74625 2.03568
      vertex 28.9026 1.09745 1.67313
    endloop
  endfacet
  facet normal 0.824427 -0.550749 0.130369
    outer loop
      vertex 29.5925 1.50321 57.1962
      vertex 29.3343 1.20881 57.5853
      vertex 29.375 1.17763 57.1962
    endloop
  endfacet
  facet normal 0 -0.965926 -0.258817
    outer loop
      vertex -2 0.15921 2.03568
      vertex 27 0.0615916 2.4
      vertex -2 0.0615916 2.4
    endloop
  endfacet
  facet normal 0 -0.965926 -0.258817
    outer loop
      vertex 27 0.0615916 2.4
      vertex -2 0.15921 2.03568
      vertex 27 0.15921 2.03568
    endloop
  endfacet
  facet normal 0 -0.965926 -0.258817
    outer loop
      vertex -27 0.15921 2.03568
      vertex -14 0.0615916 2.4
      vertex -27 0.0615916 2.4
    endloop
  endfacet
  facet normal 0 -0.965926 -0.258817
    outer loop
      vertex -14 0.0615916 2.4
      vertex -27 0.15921 2.03568
      vertex -14 0.15921 2.03568
    endloop
  endfacet
  facet normal 0.318698 -0.938859 -0.130288
    outer loop
      vertex 27.7748 0.108427 2.80379
      vertex 27.7615 0.157903 2.41473
      vertex 28.1456 0.234296 2.80379
    endloop
  endfacet
  facet normal 0.438507 -0.889239 -0.130251
    outer loop
      vertex 28.1456 0.234296 2.80379
      vertex 28.126 0.281618 2.41473
      vertex 28.4712 0.451845 2.41473
    endloop
  endfacet
  facet normal 0.060444 -0.922192 -0.381981
    outer loop
      vertex 27.3708 0.183514 2.03568
      vertex 27 0.309382 1.67313
      vertex 27.3512 0.332401 1.67313
    endloop
  endfacet
  facet normal 0.193473 -0.972421 -0.130255
    outer loop
      vertex 27.7615 0.157903 2.41473
      vertex 27.6 0.103068 2.58422
      vertex 27.6 0.125771 2.41473
    endloop
  endfacet
  facet normal 0.16905 -0.849831 -0.499209
    outer loop
      vertex 27.6964 0.401063 1.67313
      vertex 27.3256 0.526932 1.33329
      vertex 27.6456 0.590587 1.33329
    endloop
  endfacet
  facet normal 0.571182 -0.651521 -0.499271
    outer loop
      vertex 28.9026 1.09745 1.67313
      vertex 28.6379 0.86539 1.67313
      vertex 28.7638 1.23619 1.33329
    endloop
  endfacet
  facet normal 0.0519292 -0.792285 -0.607937
    outer loop
      vertex 27.3256 0.526932 1.33329
      vertex 27 0.505591 1.33329
      vertex 27 0.744481 1.02196
    endloop
  endfacet
  facet normal 0.513401 0.768395 -0.382084
    outer loop
      vertex 28.6379 33.1346 1.67313
      vertex 28.3453 33.3301 1.67313
      vertex 28.4204 33.4602 2.03568
    endloop
  endfacet
  facet normal 0.481391 0.720486 -0.499162
    outer loop
      vertex 28.6379 33.1346 1.67313
      vertex 28.2472 33.1602 1.33329
      vertex 28.3453 33.3301 1.67313
    endloop
  endfacet
  facet normal 0.137948 0.694299 -0.706343
    outer loop
      vertex 27.5838 33.1787 1.02196
      vertex 27.2582 32.9611 0.744481
      vertex 27.2944 33.2362 1.02196
    endloop
  endfacet
  facet normal 0.0518289 0.792277 -0.607956
    outer loop
      vertex 27.3256 33.4731 1.33329
      vertex 27 33.2555 1.02196
      vertex 27 33.4944 1.33329
    endloop
  endfacet
  facet normal 0.16917 0.849832 -0.499167
    outer loop
      vertex 27.6456 33.4094 1.33329
      vertex 27.3256 33.4731 1.33329
      vertex 27.6964 33.5989 1.67313
    endloop
  endfacet
  facet normal 0.269426 0.546678 -0.792813
    outer loop
      vertex 27.8334 32.4434 0.505591
      vertex 27.6378 32.5398 0.505591
      vertex 27.757 32.8275 0.744481
    endloop
  endfacet
  facet normal 0.38326 0.777143 -0.49916
    outer loop
      vertex 28.2472 33.1602 1.33329
      vertex 27.9546 33.3045 1.33329
      vertex 28.3453 33.3301 1.67313
    endloop
  endfacet
  facet normal 0 0.500049 -0.865997
    outer loop
      vertex -2 32.3269 0.309382
      vertex 27 32.6667 0.505591
      vertex 27 32.3269 0.309382
    endloop
  endfacet
  facet normal 0 0.500049 -0.865997
    outer loop
      vertex 27 32.6667 0.505591
      vertex -2 32.3269 0.309382
      vertex -2 32.6667 0.505591
    endloop
  endfacet
  facet normal 0 0.500049 -0.865997
    outer loop
      vertex -27 32.3269 0.309382
      vertex -14 32.6667 0.505591
      vertex -14 32.3269 0.309382
    endloop
  endfacet
  facet normal 0 0.500049 -0.865997
    outer loop
      vertex -14 32.6667 0.505591
      vertex -27 32.3269 0.309382
      vertex -27 32.6667 0.505591
    endloop
  endfacet
  facet normal 0 0.258849 -0.965918
    outer loop
      vertex -2 31.5853 0.0576448
      vertex 27 31.9643 0.15921
      vertex 27 31.5853 0.0576448
    endloop
  endfacet
  facet normal 0 0.258849 -0.965918
    outer loop
      vertex 27 31.9643 0.15921
      vertex -2 31.5853 0.0576448
      vertex -2 31.9643 0.15921
    endloop
  endfacet
  facet normal 0 0.258849 -0.965918
    outer loop
      vertex -27 31.5853 0.0576448
      vertex -14 31.9643 0.15921
      vertex -14 31.5853 0.0576448
    endloop
  endfacet
  facet normal 0 0.258849 -0.965918
    outer loop
      vertex -14 31.9643 0.15921
      vertex -27 31.5853 0.0576448
      vertex -27 31.9643 0.15921
    endloop
  endfacet
  facet normal -0.0727565 -0.108676 -0.991411
    outer loop
      vertex -27.0981 2.83008 0.00642395
      vertex -27.3563 2.53567 0.0576448
      vertex -27.1194 2.84434 0.00642395
    endloop
  endfacet
  facet normal 0.254316 -0.0505712 -0.965798
    outer loop
      vertex 27.9315 2.75042 0.15921
      vertex 27.5653 2.84852 0.0576448
      vertex 27.9561 2.87413 0.15921
    endloop
  endfacet
  facet normal 0.245594 0.0833324 -0.965784
    outer loop
      vertex 27.5653 31.1515 0.0576448
      vertex 27.5407 31.224 0.0576448
      vertex 27.8909 31.369 0.15921
    endloop
  endfacet
  facet normal 0.130513 0 -0.991447
    outer loop
      vertex 27.1962 3 0.00642395
      vertex 27.5853 31 0.0576448
      vertex 27.5853 3 0.0576448
    endloop
  endfacet
  facet normal 0.130513 0 -0.991447
    outer loop
      vertex 27.5853 31 0.0576448
      vertex 27.1962 3 0.00642395
      vertex 27.1962 31 0.00642395
    endloop
  endfacet
  facet normal 0.751909 0.25526 -0.607845
    outer loop
      vertex 29.4094 31.6456 1.33329
      vertex 29.1787 31.5838 1.02196
      vertex 29.3045 31.9546 1.33329
    endloop
  endfacet
  facet normal 0.828757 0.408864 -0.38209
    outer loop
      vertex 29.4858 32.0297 1.67313
      vertex 29.3301 32.3453 1.67313
      vertex 29.4602 32.4204 2.03568
    endloop
  endfacet
  facet normal 0.82898 0.408645 -0.381839
    outer loop
      vertex 29.4858 32.0297 1.67313
      vertex 29.4602 32.4204 2.03568
      vertex 29.6245 32.0871 2.03568
    endloop
  endfacet
  facet normal 0.634733 0.313263 -0.706386
    outer loop
      vertex 28.8275 31.757 0.744481
      vertex 28.713 31.989 0.744481
      vertex 28.9533 32.1278 1.02196
    endloop
  endfacet
  facet normal 0.318615 0.21312 -0.923615
    outer loop
      vertex 27.8351 31.4822 0.15921
      vertex 27.765 31.587 0.15921
      vertex 28.0527 31.8077 0.309382
    endloop
  endfacet
  facet normal 0.70708 0 -0.707134
    outer loop
      vertex 28.978 3 0.744481
      vertex 29.2555 31 1.02196
      vertex 29.2555 3 1.02196
    endloop
  endfacet
  facet normal 0.70708 0 -0.707134
    outer loop
      vertex 29.2555 31 1.02196
      vertex 28.978 3 0.744481
      vertex 28.978 31 0.744481
    endloop
  endfacet
  facet normal 0.922184 0.0603936 -0.382008
    outer loop
      vertex 29.6906 31 1.67313
      vertex 29.6676 31.3512 1.67313
      vertex 29.8165 31.3708 2.03568
    endloop
  endfacet
  facet normal 0.660178 -0.441087 -0.607954
    outer loop
      vertex 29.1602 1.7528 1.33329
      vertex 28.7894 1.62693 1.02196
      vertex 28.9533 1.87224 1.02196
    endloop
  endfacet
  facet normal 0.258812 -0.0168607 -0.965781
    outer loop
      vertex 27.9561 2.87413 0.15921
      vertex 27.5853 3 0.0576448
      vertex 27.9643 3 0.15921
    endloop
  endfacet
  facet normal 0.416396 0.278175 -0.865583
    outer loop
      vertex 28.1491 31.6634 0.309382
      vertex 28.0527 31.8077 0.309382
      vertex 28.4434 31.8334 0.505591
    endloop
  endfacet
  facet normal 0.382515 0.0251771 -0.923606
    outer loop
      vertex 28.3269 31 0.309382
      vertex 27.9643 31 0.15921
      vertex 28.3155 31.1732 0.309382
    endloop
  endfacet
  facet normal 0.597009 0.523509 -0.60788
    outer loop
      vertex 28.7894 32.3731 1.02196
      vertex 28.7638 32.7638 1.33329
      vertex 28.9789 32.5185 1.33329
    endloop
  endfacet
  facet normal 0.278175 0.416396 -0.865583
    outer loop
      vertex 27.8077 32.0527 0.309382
      vertex 27.6634 32.1491 0.309382
      vertex 27.8334 32.4434 0.505591
    endloop
  endfacet
  facet normal 0.634998 0.313061 -0.706237
    outer loop
      vertex 29.0838 31.8631 1.02196
      vertex 28.8275 31.757 0.744481
      vertex 28.9533 32.1278 1.02196
    endloop
  endfacet
  facet normal 0.60913 0.694986 -0.382039
    outer loop
      vertex 28.9026 32.9026 1.67313
      vertex 28.6379 33.1346 1.67313
      vertex 28.7294 33.2537 2.03568
    endloop
  endfacet
  facet normal -0.169134 0.849856 -0.499137
    outer loop
      vertex -27.3256 33.4731 1.33329
      vertex -27.6964 33.5989 1.67313
      vertex -27.3512 33.6676 1.67313
    endloop
  endfacet
  facet normal -0.195806 0.577287 -0.792717
    outer loop
      vertex -27.4314 32.6099 0.505591
      vertex -27.757 32.8275 0.744481
      vertex -27.512 32.9106 0.744481
    endloop
  endfacet
  facet normal -0.123203 0.362986 -0.923614
    outer loop
      vertex -27.369 31.8909 0.15921
      vertex -27.5078 32.2259 0.309382
      vertex -27.3434 32.2817 0.309382
    endloop
  endfacet
  facet normal -0.338546 0.506995 -0.792681
    outer loop
      vertex -27.8334 32.4434 0.505591
      vertex -28.2042 32.5693 0.744481
      vertex -27.989 32.713 0.744481
    endloop
  endfacet
  facet normal -0.416378 0.278275 -0.865559
    outer loop
      vertex -28.0527 31.8077 0.309382
      vertex -28.4434 31.8334 0.505591
      vertex -28.3223 32.0146 0.505591
    endloop
  endfacet
  facet normal -0.458226 0.401919 -0.792774
    outer loop
      vertex -28.3223 32.0146 0.505591
      vertex -28.5693 32.2042 0.744481
      vertex -28.3987 32.3987 0.744481
    endloop
  endfacet
  facet normal -0.588646 0.393069 -0.706394
    outer loop
      vertex -28.713 31.989 0.744481
      vertex -28.9533 32.1278 1.02196
      vertex -28.5693 32.2042 0.744481
    endloop
  endfacet
  facet normal -0.532227 0.466718 -0.706335
    outer loop
      vertex -28.3987 32.3987 0.744481
      vertex -28.7894 32.3731 1.02196
      vertex -28.5949 32.5949 1.02196
    endloop
  endfacet
  facet normal -0.438544 0.889242 -0.130109
    outer loop
      vertex -28.4712 33.5482 2.41473
      vertex -28.4968 33.5925 2.80379
      vertex -28.1456 33.7657 2.80379
    endloop
  endfacet
  facet normal -0.438454 0.889273 -0.130202
    outer loop
      vertex -28.126 33.7184 2.41473
      vertex -28.4712 33.5482 2.41473
      vertex -28.1456 33.7657 2.80379
    endloop
  endfacet
  facet normal -0.87502 0.297228 -0.382093
    outer loop
      vertex -29.5989 31.6964 1.67313
      vertex -29.744 31.7353 2.03568
      vertex -29.6245 32.0871 2.03568
    endloop
  endfacet
  facet normal -0.820503 0.278424 -0.499255
    outer loop
      vertex -29.3045 31.9546 1.33329
      vertex -29.5989 31.6964 1.67313
      vertex -29.4858 32.0297 1.67313
    endloop
  endfacet
  facet normal -0.938881 -0.318671 -0.130198
    outer loop
      vertex -29.7657 1.85441 2.80379
      vertex -29.8421 2.23846 2.41473
      vertex -29.7184 1.87401 2.41473
    endloop
  endfacet
  facet normal -0.694154 -0.138142 -0.706447
    outer loop
      vertex -28.9106 2.48805 0.744481
      vertex -29.1787 2.41623 1.02196
      vertex -28.9611 2.74181 0.744481
    endloop
  endfacet
  facet normal -0.947501 -0.188486 -0.258291
    outer loop
      vertex -29.744 2.26475 2.03568
      vertex -29.8421 2.23846 2.41473
      vertex -29.8165 2.6292 2.03568
    endloop
  endfacet
  facet normal -0.227762 0.670325 -0.70625
    outer loop
      vertex -27.757 32.8275 0.744481
      vertex -27.8631 33.0838 1.02196
      vertex -27.5838 33.1787 1.02196
    endloop
  endfacet
  facet normal -0.278275 0.416378 -0.865559
    outer loop
      vertex -27.8077 32.0527 0.309382
      vertex -28.0146 32.3223 0.505591
      vertex -27.8334 32.4434 0.505591
    endloop
  endfacet
  facet normal -0.70708 0 -0.707134
    outer loop
      vertex -29.2555 3 1.02196
      vertex -28.978 31 0.744481
      vertex -28.978 3 0.744481
    endloop
  endfacet
  facet normal -0.70708 0 -0.707134
    outer loop
      vertex -28.978 31 0.744481
      vertex -29.2555 3 1.02196
      vertex -29.2555 31 1.02196
    endloop
  endfacet
  facet normal -0.474254 0.161072 -0.865528
    outer loop
      vertex -28.2817 31.3434 0.309382
      vertex -28.6099 31.4314 0.505591
      vertex -28.5398 31.6378 0.505591
    endloop
  endfacet
  facet normal -0.577287 0.195806 -0.792717
    outer loop
      vertex -28.6099 31.4314 0.505591
      vertex -28.9106 31.512 0.744481
      vertex -28.8275 31.757 0.744481
    endloop
  endfacet
  facet normal -0.712151 0.351098 -0.607924
    outer loop
      vertex -29.0838 31.8631 1.02196
      vertex -29.1602 32.2472 1.33329
      vertex -28.9533 32.1278 1.02196
    endloop
  endfacet
  facet normal -0.634998 0.313061 -0.706237
    outer loop
      vertex -28.8275 31.757 0.744481
      vertex -29.0838 31.8631 1.02196
      vertex -28.9533 32.1278 1.02196
    endloop
  endfacet
  facet normal 0.169497 -0.343915 -0.923576
    outer loop
      vertex 27.6634 1.8509 0.309382
      vertex 27.369 2.10909 0.15921
      vertex 27.4822 2.16488 0.15921
    endloop
  endfacet
  facet normal 0.0250917 -0.38256 -0.92359
    outer loop
      vertex 27.1732 1.68449 0.309382
      vertex 27 1.67313 0.309382
      vertex 27 2.03568 0.15921
    endloop
  endfacet
  facet normal 0.13808 -0.694262 -0.706353
    outer loop
      vertex 27.2944 0.763778 1.02196
      vertex 27.2582 1.03889 0.744481
      vertex 27.5838 0.821336 1.02196
    endloop
  endfacet
  facet normal -0.0398842 -0.608276 -0.792723
    outer loop
      vertex -27 1.02196 0.744481
      vertex -27.2582 1.03889 0.744481
      vertex -27.2175 1.34755 0.505591
    endloop
  endfacet
  facet normal -0.169497 -0.343915 -0.923576
    outer loop
      vertex -27.369 2.10909 0.15921
      vertex -27.6634 1.8509 0.309382
      vertex -27.4822 2.16488 0.15921
    endloop
  endfacet
  facet normal 0.0420495 -0.123855 -0.991409
    outer loop
      vertex 27.224 2.45928 0.0576448
      vertex 27.0508 2.81048 0.00642395
      vertex 27.0751 2.81873 0.00642395
    endloop
  endfacet
  facet normal 0.0747788 0.376022 -0.923588
    outer loop
      vertex 27.2496 31.9315 0.15921
      vertex 27.1259 31.9561 0.15921
      vertex 27.3434 32.2817 0.309382
    endloop
  endfacet
  facet normal 0.258849 0 -0.965918
    outer loop
      vertex 27.5853 3 0.0576448
      vertex 27.9643 31 0.15921
      vertex 27.9643 3 0.15921
    endloop
  endfacet
  facet normal 0.258849 0 -0.965918
    outer loop
      vertex 27.9643 31 0.15921
      vertex 27.5853 3 0.0576448
      vertex 27.5853 31 0.0576448
    endloop
  endfacet
  facet normal 0.362989 0.123428 -0.923582
    outer loop
      vertex 27.9315 31.2496 0.15921
      vertex 27.8909 31.369 0.15921
      vertex 28.2817 31.3434 0.309382
    endloop
  endfacet
  facet normal -0.138062 -0.694276 -0.706343
    outer loop
      vertex -27.2582 1.03889 0.744481
      vertex -27.5838 0.821336 1.02196
      vertex -27.512 1.08936 0.744481
    endloop
  endfacet
  facet normal -0.227547 -0.670302 -0.706341
    outer loop
      vertex -27.5838 0.821336 1.02196
      vertex -27.757 1.17253 0.744481
      vertex -27.512 1.08936 0.744481
    endloop
  endfacet
  facet normal -0.097661 -0.491175 -0.865569
    outer loop
      vertex -27.2175 1.34755 0.505591
      vertex -27.4314 1.39008 0.505591
      vertex -27.3434 1.71835 0.309382
    endloop
  endfacet
  facet normal -0.0250691 -0.38257 -0.923586
    outer loop
      vertex -27 2.03568 0.15921
      vertex -27.1732 1.68449 0.309382
      vertex -27.1259 2.04393 0.15921
    endloop
  endfacet
  facet normal -0.13808 -0.694262 -0.706353
    outer loop
      vertex -27.2944 0.763778 1.02196
      vertex -27.5838 0.821336 1.02196
      vertex -27.2582 1.03889 0.744481
    endloop
  endfacet
  facet normal -0.0462985 -0.706341 -0.706356
    outer loop
      vertex -27 0.744481 1.02196
      vertex -27.2944 0.763778 1.02196
      vertex -27.2582 1.03889 0.744481
    endloop
  endfacet
  facet normal -0.712117 -0.351155 -0.60793
    outer loop
      vertex -29.1602 1.7528 1.33329
      vertex -29.3045 2.04543 1.33329
      vertex -29.0838 2.13685 1.02196
    endloop
  endfacet
  facet normal -0.706355 -0.0463066 -0.706342
    outer loop
      vertex -29.2362 2.7056 1.02196
      vertex -29.2555 3 1.02196
      vertex -28.9611 2.74181 0.744481
    endloop
  endfacet
  facet normal -0.792218 -0.0519355 -0.608024
    outer loop
      vertex -29.2362 2.7056 1.02196
      vertex -29.4731 2.67441 1.33329
      vertex -29.2555 3 1.02196
    endloop
  endfacet
  facet normal -0.546673 -0.26952 -0.792785
    outer loop
      vertex -28.4434 2.16665 0.505591
      vertex -28.8275 2.24304 0.744481
      vertex -28.5398 2.36218 0.505591
    endloop
  endfacet
  facet normal -0.532225 -0.466754 -0.706312
    outer loop
      vertex -28.3987 1.60132 0.744481
      vertex -28.7894 1.62693 1.02196
      vertex -28.5693 1.79585 0.744481
    endloop
  endfacet
  facet normal -0.232614 -0.114734 -0.965778
    outer loop
      vertex -27.8351 2.51784 0.15921
      vertex -27.8909 2.63097 0.15921
      vertex -27.5069 2.70737 0.0576448
    endloop
  endfacet
  facet normal -0.221432 -0.449156 -0.865579
    outer loop
      vertex -27.6378 1.46016 0.505591
      vertex -27.8334 1.55659 0.505591
      vertex -27.6634 1.8509 0.309382
    endloop
  endfacet
  facet normal -0.269529 -0.546717 -0.792751
    outer loop
      vertex -27.757 1.17253 0.744481
      vertex -27.8334 1.55659 0.505591
      vertex -27.6378 1.46016 0.505591
    endloop
  endfacet
  facet normal -0.550856 -0.824376 -0.130236
    outer loop
      vertex -28.4968 0.407487 2.80379
      vertex -28.7912 0.665672 2.41473
      vertex -28.4712 0.451845 2.41473
    endloop
  endfacet
  facet normal -0.278493 -0.820504 -0.499214
    outer loop
      vertex -27.6964 0.401063 1.67313
      vertex -27.9546 0.695467 1.33329
      vertex -27.6456 0.590587 1.33329
    endloop
  endfacet
  facet normal -0.313128 -0.634792 -0.706392
    outer loop
      vertex -27.757 1.17253 0.744481
      vertex -28.1278 1.04666 1.02196
      vertex -27.989 1.28697 0.744481
    endloop
  endfacet
  facet normal -0.466782 -0.532175 -0.706332
    outer loop
      vertex -28.3731 1.21058 1.02196
      vertex -28.3987 1.60132 0.744481
      vertex -28.2042 1.43072 0.744481
    endloop
  endfacet
  facet normal -0.313008 -0.634949 -0.706304
    outer loop
      vertex -27.8631 0.916172 1.02196
      vertex -28.1278 1.04666 1.02196
      vertex -27.757 1.17253 0.744481
    endloop
  endfacet
  facet normal -0.441112 -0.660192 -0.60792
    outer loop
      vertex -28.2472 0.839779 1.33329
      vertex -28.5185 1.02105 1.33329
      vertex -28.3731 1.21058 1.02196
    endloop
  endfacet
  facet normal -0.532242 -0.46669 -0.706342
    outer loop
      vertex -28.5949 1.40511 1.02196
      vertex -28.7894 1.62693 1.02196
      vertex -28.3987 1.60132 0.744481
    endloop
  endfacet
  facet normal -0.597001 -0.52348 -0.607913
    outer loop
      vertex -28.7638 1.23619 1.33329
      vertex -28.9789 1.4815 1.33329
      vertex -28.7894 1.62693 1.02196
    endloop
  endfacet
  facet normal -0.382515 -0.0251785 -0.923606
    outer loop
      vertex -28.3155 2.82681 0.309382
      vertex -28.3269 3 0.309382
      vertex -27.9643 3 0.15921
    endloop
  endfacet
  facet normal 0.21559 0.144178 -0.965781
    outer loop
      vertex 27.5069 31.2926 0.0576448
      vertex 27.4643 31.3563 0.0576448
      vertex 27.765 31.587 0.15921
    endloop
  endfacet
  facet normal -0.382636 0 -0.923899
    outer loop
      vertex -28.3269 3 0.309382
      vertex -27.9643 31 0.15921
      vertex -27.9643 3 0.15921
    endloop
  endfacet
  facet normal -0.382636 0 -0.923899
    outer loop
      vertex -27.9643 31 0.15921
      vertex -28.3269 3 0.309382
      vertex -28.3269 31 0.309382
    endloop
  endfacet
  facet normal -0.500049 0 -0.865997
    outer loop
      vertex -28.6667 3 0.505591
      vertex -28.3269 31 0.309382
      vertex -28.3269 3 0.309382
    endloop
  endfacet
  facet normal -0.500049 0 -0.865997
    outer loop
      vertex -28.3269 31 0.309382
      vertex -28.6667 3 0.505591
      vertex -28.6667 31 0.505591
    endloop
  endfacet
  facet normal -0.474325 0.160993 -0.865504
    outer loop
      vertex -28.2817 31.3434 0.309382
      vertex -28.5398 31.6378 0.505591
      vertex -28.2259 31.5078 0.309382
    endloop
  endfacet
  facet normal -0.318804 0.212978 -0.923582
    outer loop
      vertex -27.8351 31.4822 0.15921
      vertex -28.1491 31.6634 0.309382
      vertex -28.0527 31.8077 0.309382
    endloop
  endfacet
  facet normal -0.1305 0.00854061 -0.991411
    outer loop
      vertex -27.1945 31.0256 0.00642395
      vertex -27.5853 31 0.0576448
      vertex -27.5803 31.0764 0.0576448
    endloop
  endfacet
  facet normal -0.258786 0.0169363 -0.965786
    outer loop
      vertex -27.5853 31 0.0576448
      vertex -27.9561 31.1259 0.15921
      vertex -27.5803 31.0764 0.0576448
    endloop
  endfacet
  facet normal -0.0506032 -0.254353 -0.965787
    outer loop
      vertex -27.1259 2.04393 0.15921
      vertex -27.2496 2.06854 0.15921
      vertex -27.1515 2.43467 0.0576448
    endloop
  endfacet
  facet normal -0.221572 -0.449149 -0.865547
    outer loop
      vertex -27.6378 1.46016 0.505591
      vertex -27.6634 1.8509 0.309382
      vertex -27.5078 1.77414 0.309382
    endloop
  endfacet
  facet normal -0.318697 -0.213011 -0.923612
    outer loop
      vertex -27.765 2.41296 0.15921
      vertex -28.0527 2.19226 0.309382
      vertex -27.8351 2.51784 0.15921
    endloop
  endfacet
  facet normal -0.254327 -0.0508045 -0.965783
    outer loop
      vertex -27.5653 2.84852 0.0576448
      vertex -27.9561 2.87413 0.15921
      vertex -27.5803 2.92361 0.0576448
    endloop
  endfacet
  facet normal -0.258812 -0.0168607 -0.965781
    outer loop
      vertex -27.9561 2.87413 0.15921
      vertex -27.9643 3 0.15921
      vertex -27.5853 3 0.0576448
    endloop
  endfacet
  facet normal -0.318781 -0.212948 -0.923597
    outer loop
      vertex -28.0527 2.19226 0.309382
      vertex -28.1491 2.33657 0.309382
      vertex -27.8351 2.51784 0.15921
    endloop
  endfacet
  facet normal 0.108847 0.0725646 -0.991406
    outer loop
      vertex 27.1699 31.0981 0.00642395
      vertex 27.1557 31.1194 0.00642395
      vertex 27.4643 31.3563 0.0576448
    endloop
  endfacet
  facet normal -0.0746852 0.376078 -0.923573
    outer loop
      vertex -27.1259 31.9561 0.15921
      vertex -27.3434 32.2817 0.309382
      vertex -27.1732 32.3155 0.309382
    endloop
  endfacet
  facet normal 0.117341 -0.0577647 -0.99141
    outer loop
      vertex 27.5069 2.70737 0.0576448
      vertex 27.1699 2.9019 0.00642395
      vertex 27.5407 2.77603 0.0576448
    endloop
  endfacet
  facet normal 0.550996 0.824304 0.130101
    outer loop
      vertex 28.4968 33.5925 57.1962
      vertex 28.4712 33.5482 57.5853
      vertex 28.7912 33.3343 57.5853
    endloop
  endfacet
  facet normal 0.438545 0.889243 0.130096
    outer loop
      vertex 28.4968 33.5925 57.1962
      vertex 28.1456 33.7657 57.1962
      vertex 28.4712 33.5482 57.5853
    endloop
  endfacet
  facet normal 0.0649093 0.989352 0.130268
    outer loop
      vertex 27.3907 33.968 57.1962
      vertex 27 33.9424 57.5853
      vertex 27.3841 33.9172 57.5853
    endloop
  endfacet
  facet normal 0 0.965896 0.258931
    outer loop
      vertex 27 33.9424 57.5853
      vertex -27 33.8408 57.9643
      vertex 27 33.8408 57.9643
    endloop
  endfacet
  facet normal 0 0.965896 0.258931
    outer loop
      vertex -27 33.8408 57.9643
      vertex 27 33.9424 57.5853
      vertex -27 33.9424 57.5853
    endloop
  endfacet
  facet normal 0.66016 0.441161 0.607919
    outer loop
      vertex 28.9789 32.5185 58.6667
      vertex 28.7894 32.3731 58.978
      vertex 29.1602 32.2472 58.6667
    endloop
  endfacet
  facet normal 0.803128 0.536841 0.258435
    outer loop
      vertex 29.5482 32.4712 57.5853
      vertex 29.3343 32.7912 57.5853
      vertex 29.4602 32.4204 57.9643
    endloop
  endfacet
  facet normal 0.193504 0.972417 0.130239
    outer loop
      vertex 27.3907 33.968 57.1962
      vertex 27.3841 33.9172 57.5853
      vertex 27.7615 33.8421 57.5853
    endloop
  endfacet
  facet normal 0 0.923874 0.382697
    outer loop
      vertex 27 33.8408 57.9643
      vertex -27 33.6906 58.3269
      vertex 27 33.6906 58.3269
    endloop
  endfacet
  facet normal 0 0.923874 0.382697
    outer loop
      vertex -27 33.6906 58.3269
      vertex 27 33.8408 57.9643
      vertex -27 33.8408 57.9643
    endloop
  endfacet
  facet normal 0.609143 0.695 0.381994
    outer loop
      vertex 28.7294 33.2537 57.9643
      vertex 28.6379 33.1346 58.3269
      vertex 28.9026 32.9026 58.3269
    endloop
  endfacet
  facet normal 0.803205 0.53677 0.25834
    outer loop
      vertex 29.3343 32.7912 57.5853
      vertex 29.2537 32.7294 57.9643
      vertex 29.4602 32.4204 57.9643
    endloop
  endfacet
  facet normal -0.778663 0.15471 0.60807
    outer loop
      vertex -29.1787 31.5838 58.978
      vertex -29.4731 31.3256 58.6667
      vertex -29.2362 31.2944 58.978
    endloop
  endfacet
  facet normal -0.849831 0.169129 0.499182
    outer loop
      vertex -29.5989 31.6964 58.3269
      vertex -29.6676 31.3512 58.3269
      vertex -29.4731 31.3256 58.6667
    endloop
  endfacet
  facet normal -0.820489 0.278541 0.499213
    outer loop
      vertex -29.3045 31.9546 58.6667
      vertex -29.5989 31.6964 58.3269
      vertex -29.4094 31.6456 58.6667
    endloop
  endfacet
  facet normal -0.751882 0.255251 0.607882
    outer loop
      vertex -29.3045 31.9546 58.6667
      vertex -29.4094 31.6456 58.6667
      vertex -29.1787 31.5838 58.978
    endloop
  endfacet
  facet normal -0.637005 0.726186 0.258611
    outer loop
      vertex -28.7294 33.2537 57.9643
      vertex -29.0806 33.0806 57.5853
      vertex -29.0087 33.0087 57.9643
    endloop
  endfacet
  facet normal -0.0648268 0.989368 0.130187
    outer loop
      vertex -27 33.9936 57.1962
      vertex -27.3907 33.968 57.1962
      vertex -27 33.9424 57.5853
    endloop
  endfacet
  facet normal -0.18854 0.947472 0.258359
    outer loop
      vertex -27.3841 33.9172 57.5853
      vertex -27.7615 33.8421 57.5853
      vertex -27.3708 33.8165 57.9643
    endloop
  endfacet
  facet normal -0.193504 0.972417 0.130239
    outer loop
      vertex -27.3907 33.968 57.1962
      vertex -27.7615 33.8421 57.5853
      vertex -27.3841 33.9172 57.5853
    endloop
  endfacet
  facet normal -0.255251 0.751882 0.607882
    outer loop
      vertex -27.6456 33.4094 58.6667
      vertex -27.9546 33.3045 58.6667
      vertex -27.5838 33.1787 58.978
    endloop
  endfacet
  facet normal -0.653743 0.745398 0.130389
    outer loop
      vertex -28.8224 33.375 57.1962
      vertex -29.1168 33.1168 57.1962
      vertex -28.7912 33.3343 57.5853
    endloop
  endfacet
  facet normal -0.751817 0.659372 0
    outer loop
      vertex -29.375 32.8224 2.80379
      vertex -29.1168 33.1168 57.1962
      vertex -29.1168 33.1168 2.80379
    endloop
  endfacet
  facet normal -0.751817 0.659372 0
    outer loop
      vertex -29.1168 33.1168 57.1962
      vertex -29.375 32.8224 2.80379
      vertex -29.375 32.8224 57.1962
    endloop
  endfacet
  facet normal -0.458316 -0.401937 0.792713
    outer loop
      vertex -28.3223 1.98537 59.4944
      vertex -28.5693 1.79585 59.2555
      vertex -28.3987 1.60132 59.2555
    endloop
  endfacet
  facet normal -0.278222 -0.416337 0.865596
    outer loop
      vertex -27.8077 1.94733 59.6906
      vertex -27.8334 1.55659 59.4944
      vertex -27.6634 1.8509 59.6906
    endloop
  endfacet
  facet normal -0.491195 0.0978256 0.865539
    outer loop
      vertex -28.6099 31.4314 59.4944
      vertex -28.6525 31.2175 59.4944
      vertex -28.2817 31.3434 59.6906
    endloop
  endfacet
  facet normal -0.382685 0.0249247 0.923542
    outer loop
      vertex -27.9561 31.1259 59.8408
      vertex -28.3155 31.1732 59.6906
      vertex -27.9643 31 59.8408
    endloop
  endfacet
  facet normal -0.824439 0.550724 0.130396
    outer loop
      vertex -29.375 32.8224 57.1962
      vertex -29.5925 32.4968 57.1962
      vertex -29.3343 32.7912 57.5853
    endloop
  endfacet
  facet normal -0.745398 0.653743 0.130389
    outer loop
      vertex -29.1168 33.1168 57.1962
      vertex -29.375 32.8224 57.1962
      vertex -29.3343 32.7912 57.5853
    endloop
  endfacet
  facet normal -0.866421 0.427187 0.258508
    outer loop
      vertex -29.5482 32.4712 57.5853
      vertex -29.7184 32.126 57.5853
      vertex -29.6245 32.0871 57.9643
    endloop
  endfacet
  facet normal -0.69485 0.609518 0.38167
    outer loop
      vertex -29.0087 33.0087 57.9643
      vertex -29.2537 32.7294 57.9643
      vertex -28.9026 32.9026 58.3269
    endloop
  endfacet
  facet normal -0.745567 0.653595 0.130171
    outer loop
      vertex -29.1168 33.1168 57.1962
      vertex -29.3343 32.7912 57.5853
      vertex -29.0806 33.0806 57.5853
    endloop
  endfacet
  facet normal -0.803128 0.536841 0.258435
    outer loop
      vertex -29.3343 32.7912 57.5853
      vertex -29.5482 32.4712 57.5853
      vertex -29.4602 32.4204 57.9643
    endloop
  endfacet
  facet normal -0.67035 0.22777 0.706224
    outer loop
      vertex -29.0838 31.8631 58.978
      vertex -29.1787 31.5838 58.978
      vertex -28.8275 31.757 59.2555
    endloop
  endfacet
  facet normal -0.532247 0.466736 0.706308
    outer loop
      vertex -28.5949 32.5949 58.978
      vertex -28.7894 32.3731 58.978
      vertex -28.3987 32.3987 59.2555
    endloop
  endfacet
  facet normal -0.252669 0.288547 0.923525
    outer loop
      vertex -27.587 31.765 59.8408
      vertex -27.9382 31.9382 59.6906
      vertex -27.6819 31.6819 59.8408
    endloop
  endfacet
  facet normal -0.215641 0.144241 0.965761
    outer loop
      vertex -27.765 31.587 59.8408
      vertex -27.8351 31.4822 59.8408
      vertex -27.5069 31.2926 59.9424
    endloop
  endfacet
  facet normal -0.393306 0.58864 0.706267
    outer loop
      vertex -28.1278 32.9533 58.978
      vertex -28.3731 32.7894 58.978
      vertex -28.2042 32.5693 59.2555
    endloop
  endfacet
  facet normal -0.441161 0.66016 0.607919
    outer loop
      vertex -28.2472 33.1602 58.6667
      vertex -28.5185 32.9789 58.6667
      vertex -28.3731 32.7894 58.978
    endloop
  endfacet
  facet normal -0.160988 0.474308 0.865514
    outer loop
      vertex -27.3434 32.2817 59.6906
      vertex -27.6378 32.5398 59.4944
      vertex -27.5078 32.2259 59.6906
    endloop
  endfacet
  facet normal -0.466824 0.532224 0.706267
    outer loop
      vertex -28.3731 32.7894 58.978
      vertex -28.3987 32.3987 59.2555
      vertex -28.2042 32.5693 59.2555
    endloop
  endfacet
  facet normal -0.138127 0.69419 0.706414
    outer loop
      vertex -27.2582 32.9611 59.2555
      vertex -27.5838 33.1787 58.978
      vertex -27.512 32.9106 59.2555
    endloop
  endfacet
  facet normal -0.123448 0.363046 0.923557
    outer loop
      vertex -27.3434 32.2817 59.6906
      vertex -27.369 31.8909 59.8408
      vertex -27.2496 31.9315 59.8408
    endloop
  endfacet
  facet normal -0.0746971 0.376137 0.923548
    outer loop
      vertex -27.1732 32.3155 59.6906
      vertex -27.3434 32.2817 59.6906
      vertex -27.1259 31.9561 59.8408
    endloop
  endfacet
  facet normal -0.255417 0.751718 0.608014
    outer loop
      vertex -27.5838 33.1787 58.978
      vertex -27.9546 33.3045 58.6667
      vertex -27.8631 33.0838 58.978
    endloop
  endfacet
  facet normal -0.269434 0.546693 0.7928
    outer loop
      vertex -27.757 32.8275 59.2555
      vertex -27.8334 32.4434 59.4944
      vertex -27.6378 32.5398 59.4944
    endloop
  endfacet
  facet normal 0.351086 0.712125 0.607961
    outer loop
      vertex 28.2472 33.1602 58.6667
      vertex 27.8631 33.0838 58.978
      vertex 28.1278 32.9533 58.978
    endloop
  endfacet
  facet normal -0.0566236 0.864618 0.499229
    outer loop
      vertex -27 33.6906 58.3269
      vertex -27.3512 33.6676 58.3269
      vertex -27 33.4944 58.6667
    endloop
  endfacet
  facet normal -0.343792 0.169687 0.923587
    outer loop
      vertex -28.1491 31.6634 59.6906
      vertex -28.2259 31.5078 59.6906
      vertex -27.8909 31.369 59.8408
    endloop
  endfacet
  facet normal -0.449163 0.221695 0.865508
    outer loop
      vertex -28.1491 31.6634 59.6906
      vertex -28.5398 31.6378 59.4944
      vertex -28.2259 31.5078 59.6906
    endloop
  endfacet
  facet normal -0.491132 0.0975338 0.865608
    outer loop
      vertex -28.2817 31.3434 59.6906
      vertex -28.6525 31.2175 59.4944
      vertex -28.3155 31.1732 59.6906
    endloop
  endfacet
  facet normal -0.258895 0.0168621 0.965758
    outer loop
      vertex -27.9561 31.1259 59.8408
      vertex -27.9643 31 59.8408
      vertex -27.5853 31 59.9424
    endloop
  endfacet
  facet normal -0.416364 0.278265 0.865569
    outer loop
      vertex -28.3223 32.0146 59.4944
      vertex -28.4434 31.8334 59.4944
      vertex -28.0527 31.8077 59.6906
    endloop
  endfacet
  facet normal -0.416382 0.278165 0.865592
    outer loop
      vertex -28.0527 31.8077 59.6906
      vertex -28.4434 31.8334 59.4944
      vertex -28.1491 31.6634 59.6906
    endloop
  endfacet
  facet normal -0.577302 0.195811 0.792704
    outer loop
      vertex -28.8275 31.757 59.2555
      vertex -28.9106 31.512 59.2555
      vertex -28.6099 31.4314 59.4944
    endloop
  endfacet
  facet normal -0.577111 0.196005 0.792795
    outer loop
      vertex -28.5398 31.6378 59.4944
      vertex -28.8275 31.757 59.2555
      vertex -28.6099 31.4314 59.4944
    endloop
  endfacet
  facet normal -0.0747907 0.376082 0.923563
    outer loop
      vertex -27.1259 31.9561 59.8408
      vertex -27.3434 32.2817 59.6906
      vertex -27.2496 31.9315 59.8408
    endloop
  endfacet
  facet normal -0.0505913 0.254396 0.965776
    outer loop
      vertex -27.1259 31.9561 59.8408
      vertex -27.2496 31.9315 59.8408
      vertex -27.1515 31.5653 59.9424
    endloop
  endfacet
  facet normal -0.169687 0.343792 0.923587
    outer loop
      vertex -27.5078 32.2259 59.6906
      vertex -27.6634 32.1491 59.6906
      vertex -27.369 31.8909 59.8408
    endloop
  endfacet
  facet normal -0.114707 0.232702 0.96576
    outer loop
      vertex -27.369 31.8909 59.8408
      vertex -27.4822 31.8351 59.8408
      vertex -27.2926 31.5069 59.9424
    endloop
  endfacet
  facet normal -0.0508136 0.254407 0.965761
    outer loop
      vertex -27.1259 31.9561 59.8408
      vertex -27.1515 31.5653 59.9424
      vertex -27.0764 31.5803 59.9424
    endloop
  endfacet
  facet normal -0.098238 0.0862785 0.991416
    outer loop
      vertex -27.4138 31.4138 59.9424
      vertex -27.4643 31.3563 59.9424
      vertex -27.1387 31.1387 59.9936
    endloop
  endfacet
  facet normal -0.215659 0.144224 0.965759
    outer loop
      vertex -27.4643 31.3563 59.9424
      vertex -27.765 31.587 59.8408
      vertex -27.5069 31.2926 59.9424
    endloop
  endfacet
  facet normal 0.0418141 0.123913 0.991412
    outer loop
      vertex 27.224 31.5407 59.9424
      vertex 27.0508 31.1895 59.9936
      vertex 27.0751 31.1813 59.9936
    endloop
  endfacet
  facet normal -0.144224 0.215659 0.965759
    outer loop
      vertex -27.2926 31.5069 59.9424
      vertex -27.587 31.765 59.8408
      vertex -27.3563 31.4643 59.9424
    endloop
  endfacet
  facet normal -0.128223 0.025441 0.991419
    outer loop
      vertex -27.1895 31.0508 59.9936
      vertex -27.5803 31.0764 59.9424
      vertex -27.1945 31.0256 59.9936
    endloop
  endfacet
  facet normal -0.118878 -0.597883 0.79272
    outer loop
      vertex -27.2175 1.34755 59.4944
      vertex -27.4314 1.39008 59.4944
      vertex -27.2582 1.03889 59.2555
    endloop
  endfacet
  facet normal -0.278286 -0.416325 0.865581
    outer loop
      vertex -27.8077 1.94733 59.6906
      vertex -28.0146 1.67771 59.4944
      vertex -27.8334 1.55659 59.4944
    endloop
  endfacet
  facet normal -0.474259 -0.161042 0.865531
    outer loop
      vertex -28.2817 2.65658 59.6906
      vertex -28.6099 2.56862 59.4944
      vertex -28.5398 2.36218 59.4944
    endloop
  endfacet
  facet normal -0.3302 -0.376486 0.865579
    outer loop
      vertex -27.8077 1.94733 59.6906
      vertex -28.1785 1.82146 59.4944
      vertex -28.0146 1.67771 59.4944
    endloop
  endfacet
  facet normal -0.227556 -0.670327 0.706314
    outer loop
      vertex -27.512 1.08936 59.2555
      vertex -27.757 1.17253 59.2555
      vertex -27.5838 0.821336 58.978
    endloop
  endfacet
  facet normal -0.0327756 -0.499712 0.865571
    outer loop
      vertex -27.1732 1.68449 59.6906
      vertex -27.2175 1.34755 59.4944
      vertex -27 1.67313 59.6906
    endloop
  endfacet
  facet normal 0.138085 -0.694288 0.706326
    outer loop
      vertex 27.5838 0.821336 58.978
      vertex 27.2582 1.03889 59.2555
      vertex 27.2944 0.763778 58.978
    endloop
  endfacet
  facet normal -0.0398815 -0.60829 0.792712
    outer loop
      vertex -27 1.33329 59.4944
      vertex -27.2175 1.34755 59.4944
      vertex -27 1.02196 59.2555
    endloop
  endfacet
  facet normal 0.215708 -0.144175 0.965756
    outer loop
      vertex 27.8351 2.51784 59.8408
      vertex 27.5069 2.70737 59.9424
      vertex 27.765 2.41296 59.8408
    endloop
  endfacet
  facet normal -0.31302 -0.634973 0.706277
    outer loop
      vertex -27.757 1.17253 59.2555
      vertex -28.1278 1.04666 58.978
      vertex -27.8631 0.916172 58.978
    endloop
  endfacet
  facet normal -0.383264 -0.777088 0.499242
    outer loop
      vertex -28.2472 0.839779 58.6667
      vertex -28.3453 0.669857 58.3269
      vertex -27.9546 0.695467 58.6667
    endloop
  endfacet
  facet normal -0.393174 -0.588599 0.706374
    outer loop
      vertex -27.989 1.28697 59.2555
      vertex -28.2042 1.43072 59.2555
      vertex -28.1278 1.04666 58.978
    endloop
  endfacet
  facet normal -0.313139 -0.634816 0.706365
    outer loop
      vertex -27.989 1.28697 59.2555
      vertex -28.1278 1.04666 58.978
      vertex -27.757 1.17253 59.2555
    endloop
  endfacet
  facet normal -0.138085 -0.694288 0.706326
    outer loop
      vertex -27.2582 1.03889 59.2555
      vertex -27.5838 0.821336 58.978
      vertex -27.2944 0.763778 58.978
    endloop
  endfacet
  facet normal -0.154874 -0.778701 0.60798
    outer loop
      vertex -27.2944 0.763778 58.978
      vertex -27.5838 0.821336 58.978
      vertex -27.3256 0.526932 58.6667
    endloop
  endfacet
  facet normal -0.670337 -0.2277 0.706259
    outer loop
      vertex -28.8275 2.24304 59.2555
      vertex -29.1787 2.41623 58.978
      vertex -29.0838 2.13685 58.978
    endloop
  endfacet
  facet normal -0.820477 -0.278441 0.499287
    outer loop
      vertex -29.3045 2.04543 58.6667
      vertex -29.5989 2.30362 58.3269
      vertex -29.4858 1.97035 58.3269
    endloop
  endfacet
  facet normal -0.245587 -0.0834728 0.965774
    outer loop
      vertex -27.5653 2.84852 59.9424
      vertex -27.9315 2.75042 59.8408
      vertex -27.8909 2.63097 59.8408
    endloop
  endfacet
  facet normal -0.343871 -0.16961 0.923572
    outer loop
      vertex -27.8909 2.63097 59.8408
      vertex -28.1491 2.33657 59.6906
      vertex -27.8351 2.51784 59.8408
    endloop
  endfacet
  facet normal -0.117294 -0.0577416 0.991417
    outer loop
      vertex -27.1699 2.9019 59.9936
      vertex -27.5407 2.77603 59.9424
      vertex -27.5069 2.70737 59.9424
    endloop
  endfacet
  facet normal -0.343837 -0.169643 0.923579
    outer loop
      vertex -27.8909 2.63097 59.8408
      vertex -28.2259 2.49223 59.6906
      vertex -28.1491 2.33657 59.6906
    endloop
  endfacet
  facet normal -0.221565 -0.449133 0.865557
    outer loop
      vertex -27.5078 1.77414 59.6906
      vertex -27.6634 1.8509 59.6906
      vertex -27.6378 1.46016 59.4944
    endloop
  endfacet
  facet normal 0.0981315 0.0864371 0.991413
    outer loop
      vertex 27.4643 31.3563 59.9424
      vertex 27.1387 31.1387 59.9936
      vertex 27.1557 31.1194 59.9936
    endloop
  endfacet
  facet normal -0.0577829 0.117275 0.991417
    outer loop
      vertex -27.224 31.5407 59.9424
      vertex -27.2926 31.5069 59.9424
      vertex -27.0981 31.1699 59.9936
    endloop
  endfacet
  facet normal -0.169129 0.849831 0.499182
    outer loop
      vertex -27.3512 33.6676 58.3269
      vertex -27.6964 33.5989 58.3269
      vertex -27.3256 33.4731 58.6667
    endloop
  endfacet
  facet normal -0.0518271 0.792249 0.607993
    outer loop
      vertex -27 33.4944 58.6667
      vertex -27.3256 33.4731 58.6667
      vertex -27 33.2555 58.978
    endloop
  endfacet
  facet normal 0.123448 0.363046 0.923557
    outer loop
      vertex 27.3434 32.2817 59.6906
      vertex 27.2496 31.9315 59.8408
      vertex 27.369 31.8909 59.8408
    endloop
  endfacet
  facet normal 0.427187 0.866421 0.258508
    outer loop
      vertex 28.126 33.7184 57.5853
      vertex 28.0871 33.6245 57.9643
      vertex 28.4712 33.5482 57.5853
    endloop
  endfacet
  facet normal 0.0518271 0.792249 0.607993
    outer loop
      vertex 27 33.4944 58.6667
      vertex 27 33.2555 58.978
      vertex 27.3256 33.4731 58.6667
    endloop
  endfacet
  facet normal 0.651474 -0.571187 0.499326
    outer loop
      vertex 29.1346 1.36206 58.3269
      vertex 28.7638 1.23619 58.6667
      vertex 28.9026 1.09745 58.3269
    endloop
  endfacet
  facet normal 0.777052 -0.383283 0.499283
    outer loop
      vertex 29.4858 1.97035 58.3269
      vertex 29.3045 2.04543 58.6667
      vertex 29.3301 1.65469 58.3269
    endloop
  endfacet
  facet normal 0.875064 -0.297184 0.382028
    outer loop
      vertex 29.744 2.26475 57.9643
      vertex 29.5989 2.30362 58.3269
      vertex 29.6245 1.91288 57.9643
    endloop
  endfacet
  facet normal 0.820477 -0.278441 0.499287
    outer loop
      vertex 29.5989 2.30362 58.3269
      vertex 29.3045 2.04543 58.6667
      vertex 29.4858 1.97035 58.3269
    endloop
  endfacet
  facet normal 0.588647 -0.393198 0.706321
    outer loop
      vertex 28.713 2.01098 59.2555
      vertex 28.5693 1.79585 59.2555
      vertex 28.9533 1.87224 58.978
    endloop
  endfacet
  facet normal 0.441096 -0.660168 0.607957
    outer loop
      vertex 28.3731 1.21058 58.978
      vertex 28.2472 0.839779 58.6667
      vertex 28.5185 1.02105 58.6667
    endloop
  endfacet
  facet normal 0.768443 -0.513381 0.382016
    outer loop
      vertex 29.3301 1.65469 58.3269
      vertex 29.1346 1.36206 58.3269
      vertex 29.4602 1.57961 57.9643
    endloop
  endfacet
  facet normal 0.726303 -0.636923 0.258481
    outer loop
      vertex 29.2537 1.27064 57.9643
      vertex 29.0087 0.991259 57.9643
      vertex 29.0806 0.91944 57.5853
    endloop
  endfacet
  facet normal 0.947501 -0.188486 -0.258291
    outer loop
      vertex 29.8421 2.23846 2.41473
      vertex 29.744 2.26475 2.03568
      vertex 29.8165 2.6292 2.03568
    endloop
  endfacet
  facet normal 0.828795 -0.408805 -0.38207
    outer loop
      vertex 29.4602 1.57961 2.03568
      vertex 29.3301 1.65469 1.67313
      vertex 29.4858 1.97035 1.67313
    endloop
  endfacet
  facet normal 0.550818 -0.824395 -0.130277
    outer loop
      vertex 28.8224 0.625036 2.80379
      vertex 28.4968 0.407487 2.80379
      vertex 28.7912 0.665672 2.41473
    endloop
  endfacet
  facet normal 0.896865 -0.442304 0
    outer loop
      vertex 29.5925 1.50321 57.1962
      vertex 29.7657 1.85441 2.80379
      vertex 29.7657 1.85441 57.1962
    endloop
  endfacet
  facet normal 0.896865 -0.442304 0
    outer loop
      vertex 29.7657 1.85441 2.80379
      vertex 29.5925 1.50321 57.1962
      vertex 29.5925 1.50321 2.80379
    endloop
  endfacet
  facet normal 0.768382 -0.513548 -0.381914
    outer loop
      vertex 29.2537 1.27064 2.03568
      vertex 29.1346 1.36206 1.67313
      vertex 29.4602 1.57961 2.03568
    endloop
  endfacet
  facet normal 0.946907 -0.321509 0
    outer loop
      vertex 29.7657 1.85441 57.1962
      vertex 29.8916 2.22521 2.80379
      vertex 29.8916 2.22521 57.1962
    endloop
  endfacet
  facet normal 0.946907 -0.321509 0
    outer loop
      vertex 29.8916 2.22521 2.80379
      vertex 29.7657 1.85441 57.1962
      vertex 29.7657 1.85441 2.80379
    endloop
  endfacet
  facet normal 0.0169749 -0.258858 0.965766
    outer loop
      vertex 27.0764 2.41974 59.9424
      vertex 27 2.41473 59.9424
      vertex 27.1259 2.04393 59.8408
    endloop
  endfacet
  facet normal 0.169631 -0.343859 0.923572
    outer loop
      vertex 27.6634 1.8509 59.6906
      vertex 27.369 2.10909 59.8408
      vertex 27.5078 1.77414 59.6906
    endloop
  endfacet
  facet normal 0.634822 -0.313225 0.706323
    outer loop
      vertex 28.8275 2.24304 59.2555
      vertex 28.713 2.01098 59.2555
      vertex 28.9533 1.87224 58.978
    endloop
  endfacet
  facet normal 0.546687 -0.269527 0.792773
    outer loop
      vertex 28.5398 2.36218 59.4944
      vertex 28.4434 2.16665 59.4944
      vertex 28.8275 2.24304 59.2555
    endloop
  endfacet
  facet normal 0.221565 -0.449133 0.865557
    outer loop
      vertex 27.6634 1.8509 59.6906
      vertex 27.5078 1.77414 59.6906
      vertex 27.6378 1.46016 59.4944
    endloop
  endfacet
  facet normal 0.161001 -0.47418 0.865582
    outer loop
      vertex 27.6378 1.46016 59.4944
      vertex 27.3434 1.71835 59.6906
      vertex 27.4314 1.39008 59.4944
    endloop
  endfacet
  facet normal 0.69432 -0.137967 0.706318
    outer loop
      vertex 29.2362 2.7056 58.978
      vertex 28.9611 2.74181 59.2555
      vertex 29.1787 2.41623 58.978
    endloop
  endfacet
  facet normal 0.706382 -0.0463083 0.706315
    outer loop
      vertex 29.2555 3 58.978
      vertex 28.9611 2.74181 59.2555
      vertex 29.2362 2.7056 58.978
    endloop
  endfacet
  facet normal 0.215641 0.144241 0.965761
    outer loop
      vertex 27.765 31.587 59.8408
      vertex 27.5069 31.2926 59.9424
      vertex 27.8351 31.4822 59.8408
    endloop
  endfacet
  facet normal -0.0398853 -0.608292 0.792711
    outer loop
      vertex -27.2175 1.34755 59.4944
      vertex -27.2582 1.03889 59.2555
      vertex -27 1.02196 59.2555
    endloop
  endfacet
  facet normal 0.408811 -0.828847 0.381952
    outer loop
      vertex 28.3453 0.669857 58.3269
      vertex 28.0297 0.514194 58.3269
      vertex 28.4204 0.539804 57.9643
    endloop
  endfacet
  facet normal 0 -0.793327 0.608795
    outer loop
      vertex -27 0.505591 58.6667
      vertex 27 0.744481 58.978
      vertex -27 0.744481 58.978
    endloop
  endfacet
  facet normal 0 -0.793327 0.608795
    outer loop
      vertex 27 0.744481 58.978
      vertex -27 0.505591 58.6667
      vertex 27 0.505591 58.6667
    endloop
  endfacet
  facet normal 0.278485 -0.82048 0.499258
    outer loop
      vertex 27.9546 0.695467 58.6667
      vertex 27.6456 0.590587 58.6667
      vertex 27.6964 0.401063 58.3269
    endloop
  endfacet
  facet normal 0.255188 -0.751842 0.607958
    outer loop
      vertex 27.9546 0.695467 58.6667
      vertex 27.5838 0.821336 58.978
      vertex 27.6456 0.590587 58.6667
    endloop
  endfacet
  facet normal 0.550857 -0.824378 0.130223
    outer loop
      vertex 28.7912 0.665672 57.5853
      vertex 28.4712 0.451845 57.5853
      vertex 28.4968 0.407487 57.1962
    endloop
  endfacet
  facet normal 0.536726 -0.80323 0.258356
    outer loop
      vertex 28.7912 0.665672 57.5853
      vertex 28.4204 0.539804 57.9643
      vertex 28.4712 0.451845 57.5853
    endloop
  endfacet
  facet normal 0.318699 -0.938861 0.130274
    outer loop
      vertex 28.1456 0.234296 57.1962
      vertex 27.7615 0.157903 57.5853
      vertex 27.7748 0.108427 57.1962
    endloop
  endfacet
  facet normal 0.193473 -0.972422 0.130247
    outer loop
      vertex 27.6 0.125771 57.5853
      vertex 27.6 0.103068 57.4158
      vertex 27.7615 0.157903 57.5853
    endloop
  endfacet
  facet normal 0.53668 -0.80328 0.258294
    outer loop
      vertex 28.7294 0.74625 57.9643
      vertex 28.4204 0.539804 57.9643
      vertex 28.7912 0.665672 57.5853
    endloop
  endfacet
  facet normal 0.636932 -0.726364 0.258289
    outer loop
      vertex 29.0806 0.91944 57.5853
      vertex 28.7294 0.74625 57.9643
      vertex 28.7912 0.665672 57.5853
    endloop
  endfacet
  facet normal 0.427258 -0.866428 0.258366
    outer loop
      vertex 28.4712 0.451845 57.5853
      vertex 28.0871 0.375452 57.9643
      vertex 28.126 0.281618 57.5853
    endloop
  endfacet
  facet normal 0.31059 -0.914786 0.258265
    outer loop
      vertex 28.0871 0.375452 57.9643
      vertex 27.7353 0.256008 57.9643
      vertex 27.7615 0.157903 57.5853
    endloop
  endfacet
  facet normal 0.169032 -0.849815 0.499242
    outer loop
      vertex 27.6964 0.401063 58.3269
      vertex 27.3256 0.526932 58.6667
      vertex 27.3512 0.332401 58.3269
    endloop
  endfacet
  facet normal 0.278493 -0.820481 0.499252
    outer loop
      vertex 27.9546 0.695467 58.6667
      vertex 27.6964 0.401063 58.3269
      vertex 28.0297 0.514194 58.3269
    endloop
  endfacet
  facet normal 0.269689 -0.54673 0.792688
    outer loop
      vertex 27.8334 1.55659 59.4944
      vertex 27.757 1.17253 59.2555
      vertex 27.989 1.28697 59.2555
    endloop
  endfacet
  facet normal 0.481386 -0.720468 0.499192
    outer loop
      vertex 28.5185 1.02105 58.6667
      vertex 28.2472 0.839779 58.6667
      vertex 28.6379 0.86539 58.3269
    endloop
  endfacet
  facet normal -0.025441 0.128223 0.991419
    outer loop
      vertex -27.0256 31.1945 59.9936
      vertex -27.0764 31.5803 59.9424
      vertex -27.0508 31.1895 59.9936
    endloop
  endfacet
  facet normal -0.0256081 0.128211 0.991416
    outer loop
      vertex -27.0764 31.5803 59.9424
      vertex -27.1515 31.5653 59.9424
      vertex -27.0508 31.1895 59.9936
    endloop
  endfacet
  facet normal 0.215659 0.144224 0.965759
    outer loop
      vertex 27.765 31.587 59.8408
      vertex 27.4643 31.3563 59.9424
      vertex 27.5069 31.2926 59.9424
    endloop
  endfacet
  facet normal 0.195129 0.170866 0.965779
    outer loop
      vertex 27.6819 31.6819 59.8408
      vertex 27.4138 31.4138 59.9424
      vertex 27.765 31.587 59.8408
    endloop
  endfacet
  facet normal 0.213153 0.318666 0.92359
    outer loop
      vertex 27.8077 32.0527 59.6906
      vertex 27.4822 31.8351 59.8408
      vertex 27.587 31.765 59.8408
    endloop
  endfacet
  facet normal 0.0862785 0.098238 0.991416
    outer loop
      vertex 27.3563 31.4643 59.9424
      vertex 27.1387 31.1387 59.9936
      vertex 27.4138 31.4138 59.9424
    endloop
  endfacet
  facet normal 0.0169417 0.258869 0.965764
    outer loop
      vertex 27.1259 31.9561 59.8408
      vertex 27 31.5853 59.9424
      vertex 27.0764 31.5803 59.9424
    endloop
  endfacet
  facet normal 0.025441 0.128223 0.991419
    outer loop
      vertex 27.0764 31.5803 59.9424
      vertex 27.0256 31.1945 59.9936
      vertex 27.0508 31.1895 59.9936
    endloop
  endfacet
  facet normal 0.254407 0.0508136 0.965761
    outer loop
      vertex 27.9561 31.1259 59.8408
      vertex 27.5653 31.1515 59.9424
      vertex 27.5803 31.0764 59.9424
    endloop
  endfacet
  facet normal -0.0725355 0.108803 0.991413
    outer loop
      vertex -27.0981 31.1699 59.9936
      vertex -27.3563 31.4643 59.9424
      vertex -27.1194 31.1557 59.9936
    endloop
  endfacet
  facet normal 0.117174 0.0580778 0.991412
    outer loop
      vertex 27.5407 31.224 59.9424
      vertex 27.1699 31.0981 59.9936
      vertex 27.1813 31.0751 59.9936
    endloop
  endfacet
  facet normal 0.343792 0.169687 0.923587
    outer loop
      vertex 28.1491 31.6634 59.6906
      vertex 27.8909 31.369 59.8408
      vertex 28.2259 31.5078 59.6906
    endloop
  endfacet
  facet normal 0.343942 0.16954 0.923558
    outer loop
      vertex 28.1491 31.6634 59.6906
      vertex 27.8351 31.4822 59.8408
      vertex 27.8909 31.369 59.8408
    endloop
  endfacet
  facet normal 0.849807 0.169165 0.499211
    outer loop
      vertex 29.5989 31.6964 58.3269
      vertex 29.4094 31.6456 58.6667
      vertex 29.4731 31.3256 58.6667
    endloop
  endfacet
  facet normal 0.875227 0.296994 0.381802
    outer loop
      vertex 29.6245 32.0871 57.9643
      vertex 29.4858 32.0297 58.3269
      vertex 29.5989 31.6964 58.3269
    endloop
  endfacet
  facet normal 0.660169 0.441099 0.607954
    outer loop
      vertex 29.1602 32.2472 58.6667
      vertex 28.7894 32.3731 58.978
      vertex 28.9533 32.1278 58.978
    endloop
  endfacet
  facet normal 0.58864 0.393306 0.706267
    outer loop
      vertex 28.7894 32.3731 58.978
      vertex 28.5693 32.2042 59.2555
      vertex 28.9533 32.1278 58.978
    endloop
  endfacet
  facet normal 0.712039 0.351153 0.608023
    outer loop
      vertex 29.1602 32.2472 58.6667
      vertex 29.0838 31.8631 58.978
      vertex 29.3045 31.9546 58.6667
    endloop
  endfacet
  facet normal 0.906388 0.180283 0.382046
    outer loop
      vertex 29.744 31.7353 57.9643
      vertex 29.5989 31.6964 58.3269
      vertex 29.8165 31.3708 57.9643
    endloop
  endfacet
  facet normal 0.466824 0.532224 0.706267
    outer loop
      vertex 28.3731 32.7894 58.978
      vertex 28.2042 32.5693 59.2555
      vertex 28.3987 32.3987 59.2555
    endloop
  endfacet
  facet normal 0.458152 0.401966 0.792792
    outer loop
      vertex 28.3987 32.3987 59.2555
      vertex 28.1785 32.1785 59.4944
      vertex 28.3223 32.0146 59.4944
    endloop
  endfacet
  facet normal 0.313073 0.635022 0.70621
    outer loop
      vertex 27.8631 33.0838 58.978
      vertex 27.757 32.8275 59.2555
      vertex 28.1278 32.9533 58.978
    endloop
  endfacet
  facet normal 0.0328858 0.499633 0.865613
    outer loop
      vertex 27.2175 32.6525 59.4944
      vertex 27 32.3269 59.6906
      vertex 27.1732 32.3155 59.6906
    endloop
  endfacet
  facet normal 0.491196 -0.0978578 0.865535
    outer loop
      vertex 28.6525 2.78245 59.4944
      vertex 28.2817 2.65658 59.6906
      vertex 28.6099 2.56862 59.4944
    endloop
  endfacet
  facet normal 0.382684 -0.0249305 0.923543
    outer loop
      vertex 27.9643 3 59.8408
      vertex 27.9561 2.87413 59.8408
      vertex 28.3155 2.82681 59.6906
    endloop
  endfacet
  facet normal 0.232732 -0.114569 0.965769
    outer loop
      vertex 27.5407 2.77603 59.9424
      vertex 27.5069 2.70737 59.9424
      vertex 27.8909 2.63097 59.8408
    endloop
  endfacet
  facet normal 0.474275 -0.161025 0.865526
    outer loop
      vertex 28.2817 2.65658 59.6906
      vertex 28.2259 2.49223 59.6906
      vertex 28.5398 2.36218 59.4944
    endloop
  endfacet
  facet normal 0.254408 -0.0508207 0.965761
    outer loop
      vertex 27.5803 2.92361 59.9424
      vertex 27.5653 2.84852 59.9424
      vertex 27.9561 2.87413 59.8408
    endloop
  endfacet
  facet normal 0.25887 -0.0169439 0.965764
    outer loop
      vertex 27.5853 3 59.9424
      vertex 27.5803 2.92361 59.9424
      vertex 27.9561 2.87413 59.8408
    endloop
  endfacet
  facet normal -0.351069 -0.712157 0.607933
    outer loop
      vertex -28.1278 1.04666 58.978
      vertex -28.2472 0.839779 58.6667
      vertex -27.8631 0.916172 58.978
    endloop
  endfacet
  facet normal -0.441148 -0.660161 0.607928
    outer loop
      vertex -28.1278 1.04666 58.978
      vertex -28.3731 1.21058 58.978
      vertex -28.2472 0.839779 58.6667
    endloop
  endfacet
  facet normal -0.712056 -0.351171 0.607993
    outer loop
      vertex -29.0838 2.13685 58.978
      vertex -29.1602 1.7528 58.6667
      vertex -28.9533 1.87224 58.978
    endloop
  endfacet
  facet normal -0.828812 -0.408813 0.382025
    outer loop
      vertex -29.3301 1.65469 58.3269
      vertex -29.4858 1.97035 58.3269
      vertex -29.4602 1.57961 57.9643
    endloop
  endfacet
  facet normal -0.651459 -0.571232 0.499294
    outer loop
      vertex -28.9789 1.4815 58.6667
      vertex -29.1346 1.36206 58.3269
      vertex -28.7638 1.23619 58.6667
    endloop
  endfacet
  facet normal -0.523529 -0.596919 0.607952
    outer loop
      vertex -28.5949 1.40511 58.978
      vertex -28.7638 1.23619 58.6667
      vertex -28.3731 1.21058 58.978
    endloop
  endfacet
  facet normal -0.726399 -0.636857 0.258376
    outer loop
      vertex -29.2537 1.27064 57.9643
      vertex -29.3343 1.20881 57.5853
      vertex -29.0806 0.91944 57.5853
    endloop
  endfacet
  facet normal -0.651474 -0.571187 0.499326
    outer loop
      vertex -28.7638 1.23619 58.6667
      vertex -29.1346 1.36206 58.3269
      vertex -28.9026 1.09745 58.3269
    endloop
  endfacet
  facet normal -0.427245 -0.866439 0.258351
    outer loop
      vertex -28.4204 0.539804 57.9643
      vertex -28.4712 0.451845 57.5853
      vertex -28.0871 0.375452 57.9643
    endloop
  endfacet
  facet normal -0.31049 -0.914794 0.258356
    outer loop
      vertex -28.0871 0.375452 57.9643
      vertex -28.126 0.281618 57.5853
      vertex -27.7615 0.157903 57.5853
    endloop
  endfacet
  facet normal -0.427258 -0.866428 0.258366
    outer loop
      vertex -28.0871 0.375452 57.9643
      vertex -28.4712 0.451845 57.5853
      vertex -28.126 0.281618 57.5853
    endloop
  endfacet
  facet normal -0.438508 -0.889241 0.130237
    outer loop
      vertex -28.126 0.281618 57.5853
      vertex -28.4712 0.451845 57.5853
      vertex -28.1456 0.234296 57.1962
    endloop
  endfacet
  facet normal -0.550818 -0.824395 -0.130277
    outer loop
      vertex -28.4968 0.407487 2.80379
      vertex -28.8224 0.625036 2.80379
      vertex -28.7912 0.665672 2.41473
    endloop
  endfacet
  facet normal -0.653732 -0.745427 -0.130282
    outer loop
      vertex -28.8224 0.625036 2.80379
      vertex -29.1168 0.883222 2.80379
      vertex -28.7912 0.665672 2.41473
    endloop
  endfacet
  facet normal -0.297115 -0.875098 -0.382003
    outer loop
      vertex -27.7353 0.256008 2.03568
      vertex -28.0871 0.375452 2.03568
      vertex -27.6964 0.401063 1.67313
    endloop
  endfacet
  facet normal -0.297049 -0.87515 -0.381935
    outer loop
      vertex -27.6964 0.401063 1.67313
      vertex -28.0871 0.375452 2.03568
      vertex -28.0297 0.514194 1.67313
    endloop
  endfacet
  facet normal -0.321438 -0.946931 0
    outer loop
      vertex -28.1456 0.234296 2.80379
      vertex -27.7748 0.108427 57.1962
      vertex -28.1456 0.234296 57.1962
    endloop
  endfacet
  facet normal -0.321438 -0.946931 -0
    outer loop
      vertex -27.7748 0.108427 57.1962
      vertex -28.1456 0.234296 2.80379
      vertex -27.7748 0.108427 2.80379
    endloop
  endfacet
  facet normal -0.989366 0.0648267 -0.1302
    outer loop
      vertex -29.9424 31 2.41473
      vertex -29.9936 31 2.80379
      vertex -29.968 31.3907 2.80379
    endloop
  endfacet
  facet normal -0.99786 0.0653832 0
    outer loop
      vertex -29.9936 31 2.80379
      vertex -29.968 31.3907 57.1962
      vertex -29.968 31.3907 2.80379
    endloop
  endfacet
  facet normal -0.99786 0.0653832 0
    outer loop
      vertex -29.968 31.3907 57.1962
      vertex -29.9936 31 2.80379
      vertex -29.9936 31 57.1962
    endloop
  endfacet
  facet normal -0.947487 -0.188498 0.258336
    outer loop
      vertex -29.8165 2.6292 57.9643
      vertex -29.9172 2.61595 57.5853
      vertex -29.8421 2.23846 57.5853
    endloop
  endfacet
  facet normal -0.97242 -0.193459 0.130283
    outer loop
      vertex -29.9172 2.61595 57.5853
      vertex -29.968 2.60926 57.1962
      vertex -29.8421 2.23846 57.5853
    endloop
  endfacet
  facet normal 0.474291 -0.161031 -0.865516
    outer loop
      vertex 28.5398 2.36218 0.505591
      vertex 28.2259 2.49223 0.309382
      vertex 28.2817 2.65658 0.309382
    endloop
  endfacet
  facet normal 0.694294 -0.137961 -0.706345
    outer loop
      vertex 29.1787 2.41623 1.02196
      vertex 28.9611 2.74181 0.744481
      vertex 29.2362 2.7056 1.02196
    endloop
  endfacet
  facet normal 0.416445 -0.278188 -0.865555
    outer loop
      vertex 28.4434 2.16665 0.505591
      vertex 28.0527 2.19226 0.309382
      vertex 28.1491 2.33657 0.309382
    endloop
  endfacet
  facet normal 0.792277 -0.0518305 -0.607956
    outer loop
      vertex 29.4731 2.67441 1.33329
      vertex 29.2555 3 1.02196
      vertex 29.4944 3 1.33329
    endloop
  endfacet
  facet normal 0.864673 -0.0565667 -0.49914
    outer loop
      vertex 29.6676 2.6488 1.67313
      vertex 29.4731 2.67441 1.33329
      vertex 29.4944 3 1.33329
    endloop
  endfacet
  facet normal 0.634913 -0.313126 -0.706284
    outer loop
      vertex 28.9533 1.87224 1.02196
      vertex 28.8275 2.24304 0.744481
      vertex 29.0838 2.13685 1.02196
    endloop
  endfacet
  facet normal 0.546671 -0.269731 -0.792714
    outer loop
      vertex 28.713 2.01098 0.744481
      vertex 28.4434 2.16665 0.505591
      vertex 28.8275 2.24304 0.744481
    endloop
  endfacet
  facet normal 0.532242 -0.46669 -0.706342
    outer loop
      vertex 28.5949 1.40511 1.02196
      vertex 28.3987 1.60132 0.744481
      vertex 28.7894 1.62693 1.02196
    endloop
  endfacet
  facet normal 0.532225 -0.466754 -0.706312
    outer loop
      vertex 28.7894 1.62693 1.02196
      vertex 28.3987 1.60132 0.744481
      vertex 28.5693 1.79585 0.744481
    endloop
  endfacet
  facet normal 0.195949 -0.577221 -0.79273
    outer loop
      vertex 27.512 1.08936 0.744481
      vertex 27.4314 1.39008 0.505591
      vertex 27.757 1.17253 0.744481
    endloop
  endfacet
  facet normal 0.393301 -0.588559 -0.706338
    outer loop
      vertex 28.3731 1.21058 1.02196
      vertex 28.1278 1.04666 1.02196
      vertex 28.2042 1.43072 0.744481
    endloop
  endfacet
  facet normal 0.720503 -0.481353 -0.499173
    outer loop
      vertex 29.3301 1.65469 1.67313
      vertex 29.1346 1.36206 1.67313
      vertex 29.1602 1.7528 1.33329
    endloop
  endfacet
  facet normal 0.660167 -0.441165 -0.607909
    outer loop
      vertex 28.9789 1.4815 1.33329
      vertex 28.7894 1.62693 1.02196
      vertex 29.1602 1.7528 1.33329
    endloop
  endfacet
  facet normal 0.889268 -0.438464 -0.130202
    outer loop
      vertex 29.7657 1.85441 2.80379
      vertex 29.5482 1.52882 2.41473
      vertex 29.7184 1.87401 2.41473
    endloop
  endfacet
  facet normal 0.0631889 -0.963996 -0.2583
    outer loop
      vertex 27.3691 0.0857857 2.4
      vertex 27 0.0615916 2.4
      vertex 27 0.15921 2.03568
    endloop
  endfacet
  facet normal 0.427262 -0.866436 -0.258334
    outer loop
      vertex 28.126 0.281618 2.41473
      vertex 28.0871 0.375452 2.03568
      vertex 28.4712 0.451845 2.41473
    endloop
  endfacet
  facet normal 0.297115 -0.875098 -0.382003
    outer loop
      vertex 27.7353 0.256008 2.03568
      vertex 27.6964 0.401063 1.67313
      vertex 28.0871 0.375452 2.03568
    endloop
  endfacet
  facet normal 0.310593 -0.914794 -0.258233
    outer loop
      vertex 27.7615 0.157903 2.41473
      vertex 27.7353 0.256008 2.03568
      vertex 28.0871 0.375452 2.03568
    endloop
  endfacet
  facet normal 0.188448 -0.947517 -0.25826
    outer loop
      vertex 27.7615 0.157903 2.41473
      vertex 27.3708 0.183514 2.03568
      vertex 27.7353 0.256008 2.03568
    endloop
  endfacet
  facet normal 0.180273 -0.906412 -0.381995
    outer loop
      vertex 27.7353 0.256008 2.03568
      vertex 27.3708 0.183514 2.03568
      vertex 27.6964 0.401063 1.67313
    endloop
  endfacet
  facet normal 0.278501 -0.820505 -0.499208
    outer loop
      vertex 28.0297 0.514194 1.67313
      vertex 27.6964 0.401063 1.67313
      vertex 27.9546 0.695467 1.33329
    endloop
  endfacet
  facet normal 0.408735 -0.828899 -0.381918
    outer loop
      vertex 28.0871 0.375452 2.03568
      vertex 28.0297 0.514194 1.67313
      vertex 28.4204 0.539804 2.03568
    endloop
  endfacet
  facet normal 0.408803 -0.82883 -0.381997
    outer loop
      vertex 28.4204 0.539804 2.03568
      vertex 28.0297 0.514194 1.67313
      vertex 28.3453 0.669857 1.67313
    endloop
  endfacet
  facet normal 0.609202 -0.694889 -0.382102
    outer loop
      vertex 28.7294 0.74625 2.03568
      vertex 28.6379 0.86539 1.67313
      vertex 28.9026 1.09745 1.67313
    endloop
  endfacet
  facet normal 0.481437 -0.720433 -0.499195
    outer loop
      vertex 28.3453 0.669857 1.67313
      vertex 28.2472 0.839779 1.33329
      vertex 28.6379 0.86539 1.67313
    endloop
  endfacet
  facet normal 0.513481 -0.768385 -0.381997
    outer loop
      vertex 28.4204 0.539804 2.03568
      vertex 28.3453 0.669857 1.67313
      vertex 28.6379 0.86539 1.67313
    endloop
  endfacet
  facet normal 0.297049 -0.87515 -0.381935
    outer loop
      vertex 28.0871 0.375452 2.03568
      vertex 27.6964 0.401063 1.67313
      vertex 28.0297 0.514194 1.67313
    endloop
  endfacet
  facet normal 0.383287 -0.777097 -0.49921
    outer loop
      vertex 28.0297 0.514194 1.67313
      vertex 27.9546 0.695467 1.33329
      vertex 28.3453 0.669857 1.67313
    endloop
  endfacet
  facet normal 0.255271 -0.751796 -0.60798
    outer loop
      vertex 27.9546 0.695467 1.33329
      vertex 27.5838 0.821336 1.02196
      vertex 27.8631 0.916172 1.02196
    endloop
  endfacet
  facet normal 0.255197 -0.751868 -0.607921
    outer loop
      vertex 27.6456 0.590587 1.33329
      vertex 27.5838 0.821336 1.02196
      vertex 27.9546 0.695467 1.33329
    endloop
  endfacet
  facet normal 0.609505 0.694836 -0.381715
    outer loop
      vertex 28.9026 32.9026 1.67313
      vertex 28.7294 33.2537 2.03568
      vertex 29.0087 33.0087 2.03568
    endloop
  endfacet
  facet normal 0.694836 0.609505 -0.381715
    outer loop
      vertex 29.2537 32.7294 2.03568
      vertex 28.9026 32.9026 1.67313
      vertex 29.0087 33.0087 2.03568
    endloop
  endfacet
  facet normal 0.383349 0.777038 -0.499254
    outer loop
      vertex 28.3453 33.3301 1.67313
      vertex 27.9546 33.3045 1.33329
      vertex 28.0297 33.4858 1.67313
    endloop
  endfacet
  facet normal 0.408864 0.828757 -0.38209
    outer loop
      vertex 28.3453 33.3301 1.67313
      vertex 28.0297 33.4858 1.67313
      vertex 28.4204 33.4602 2.03568
    endloop
  endfacet
  facet normal 0.25526 0.751909 -0.607845
    outer loop
      vertex 27.9546 33.3045 1.33329
      vertex 27.5838 33.1787 1.02196
      vertex 27.6456 33.4094 1.33329
    endloop
  endfacet
  facet normal 0.255426 0.751745 -0.607978
    outer loop
      vertex 27.8631 33.0838 1.02196
      vertex 27.5838 33.1787 1.02196
      vertex 27.9546 33.3045 1.33329
    endloop
  endfacet
  facet normal 0 0.70708 -0.707134
    outer loop
      vertex -2 32.978 0.744481
      vertex 27 33.2555 1.02196
      vertex 27 32.978 0.744481
    endloop
  endfacet
  facet normal 0 0.70708 -0.707134
    outer loop
      vertex 27 33.2555 1.02196
      vertex -2 32.978 0.744481
      vertex -2 33.2555 1.02196
    endloop
  endfacet
  facet normal 0 0.70708 -0.707134
    outer loop
      vertex -27 32.978 0.744481
      vertex -14 33.2555 1.02196
      vertex -14 32.978 0.744481
    endloop
  endfacet
  facet normal 0 0.70708 -0.707134
    outer loop
      vertex -14 33.2555 1.02196
      vertex -27 32.978 0.744481
      vertex -27 33.2555 1.02196
    endloop
  endfacet
  facet normal 0.0420434 -0.123858 -0.991409
    outer loop
      vertex 27.1515 2.43467 0.0576448
      vertex 27.0508 2.81048 0.00642395
      vertex 27.224 2.45928 0.0576448
    endloop
  endfacet
  facet normal 0.221703 0.449179 -0.865498
    outer loop
      vertex 27.6634 32.1491 0.309382
      vertex 27.5078 32.2259 0.309382
      vertex 27.6378 32.5398 0.505591
    endloop
  endfacet
  facet normal 0.0746852 0.376078 -0.923573
    outer loop
      vertex 27.3434 32.2817 0.309382
      vertex 27.1259 31.9561 0.15921
      vertex 27.1732 32.3155 0.309382
    endloop
  endfacet
  facet normal 0.160993 0.474325 -0.865504
    outer loop
      vertex 27.5078 32.2259 0.309382
      vertex 27.3434 32.2817 0.309382
      vertex 27.6378 32.5398 0.505591
    endloop
  endfacet
  facet normal 0 0.382636 -0.923899
    outer loop
      vertex -27 31.9643 0.15921
      vertex -14 32.3269 0.309382
      vertex -14 31.9643 0.15921
    endloop
  endfacet
  facet normal 0 0.382636 -0.923899
    outer loop
      vertex -14 32.3269 0.309382
      vertex -27 31.9643 0.15921
      vertex -27 32.3269 0.309382
    endloop
  endfacet
  facet normal 0 0.382636 -0.923899
    outer loop
      vertex -2 31.9643 0.15921
      vertex 27 32.3269 0.309382
      vertex 27 31.9643 0.15921
    endloop
  endfacet
  facet normal 0 0.382636 -0.923899
    outer loop
      vertex 27 32.3269 0.309382
      vertex -2 31.9643 0.15921
      vertex -2 32.3269 0.309382
    endloop
  endfacet
  facet normal 0.0255042 -0.12829 -0.991409
    outer loop
      vertex 27.0764 2.41974 0.0576448
      vertex 27.0508 2.81048 0.00642395
      vertex 27.1515 2.43467 0.0576448
    endloop
  endfacet
  facet normal 0.144015 -0.215701 -0.965781
    outer loop
      vertex 27.587 2.23495 0.15921
      vertex 27.2926 2.49314 0.0576448
      vertex 27.3563 2.53567 0.0576448
    endloop
  endfacet
  facet normal 0.0726314 -0.108785 -0.991408
    outer loop
      vertex 27.2926 2.49314 0.0576448
      vertex 27.0981 2.83008 0.00642395
      vertex 27.3563 2.53567 0.0576448
    endloop
  endfacet
  facet normal 0.108923 -0.0724795 -0.991404
    outer loop
      vertex 27.4643 2.64371 0.0576448
      vertex 27.1557 2.88056 0.00642395
      vertex 27.1699 2.9019 0.00642395
    endloop
  endfacet
  facet normal 0.382625 0.0249207 -0.923568
    outer loop
      vertex 27.9643 31 0.15921
      vertex 27.9561 31.1259 0.15921
      vertex 28.3155 31.1732 0.309382
    endloop
  endfacet
  facet normal 0.864674 0.056565 -0.499138
    outer loop
      vertex 29.4944 31 1.33329
      vertex 29.4731 31.3256 1.33329
      vertex 29.6676 31.3512 1.67313
    endloop
  endfacet
  facet normal 0.792277 0.0518289 -0.607956
    outer loop
      vertex 29.4944 31 1.33329
      vertex 29.2555 31 1.02196
      vertex 29.4731 31.3256 1.33329
    endloop
  endfacet
  facet normal 0.588646 0.393069 -0.706394
    outer loop
      vertex 28.713 31.989 0.744481
      vertex 28.5693 32.2042 0.744481
      vertex 28.9533 32.1278 1.02196
    endloop
  endfacet
  facet normal 0.751745 0.255426 -0.607978
    outer loop
      vertex 29.1787 31.5838 1.02196
      vertex 29.0838 31.8631 1.02196
      vertex 29.3045 31.9546 1.33329
    endloop
  endfacet
  facet normal 0.670325 0.227762 -0.70625
    outer loop
      vertex 29.1787 31.5838 1.02196
      vertex 28.8275 31.757 0.744481
      vertex 29.0838 31.8631 1.02196
    endloop
  endfacet
  facet normal 0.117322 0.057806 -0.99141
    outer loop
      vertex 27.5407 31.224 0.0576448
      vertex 27.1699 31.0981 0.00642395
      vertex 27.5069 31.2926 0.0576448
    endloop
  endfacet
  facet normal 0.0328869 0.49965 -0.865603
    outer loop
      vertex 27.1732 32.3155 0.309382
      vertex 27 32.3269 0.309382
      vertex 27.2175 32.6525 0.505591
    endloop
  endfacet
  facet normal 0.706324 -0.0462329 -0.706377
    outer loop
      vertex 29.2555 3 1.02196
      vertex 28.9611 2.74181 0.744481
      vertex 28.978 3 0.744481
    endloop
  endfacet
  facet normal 0.608315 -0.0397062 -0.792702
    outer loop
      vertex 28.978 3 0.744481
      vertex 28.6525 2.78245 0.505591
      vertex 28.6667 3 0.505591
    endloop
  endfacet
  facet normal 0.499782 0.0326295 -0.865536
    outer loop
      vertex 28.6667 31 0.505591
      vertex 28.3269 31 0.309382
      vertex 28.6525 31.2175 0.505591
    endloop
  endfacet
  facet normal 0.608795 0 -0.793327
    outer loop
      vertex 28.6667 3 0.505591
      vertex 28.978 31 0.744481
      vertex 28.978 3 0.744481
    endloop
  endfacet
  facet normal 0.608795 0 -0.793327
    outer loop
      vertex 28.978 31 0.744481
      vertex 28.6667 3 0.505591
      vertex 28.6667 31 0.505591
    endloop
  endfacet
  facet normal 0.500049 0 -0.865997
    outer loop
      vertex 28.3269 3 0.309382
      vertex 28.6667 31 0.505591
      vertex 28.6667 3 0.505591
    endloop
  endfacet
  facet normal 0.500049 0 -0.865997
    outer loop
      vertex 28.6667 31 0.505591
      vertex 28.3269 3 0.309382
      vertex 28.3269 31 0.309382
    endloop
  endfacet
  facet normal 0.401919 0.458226 -0.792774
    outer loop
      vertex 28.3987 32.3987 0.744481
      vertex 28.0146 32.3223 0.505591
      vertex 28.2042 32.5693 0.744481
    endloop
  endfacet
  facet normal 0.506764 0.338682 -0.79277
    outer loop
      vertex 28.4434 31.8334 0.505591
      vertex 28.3223 32.0146 0.505591
      vertex 28.5693 32.2042 0.744481
    endloop
  endfacet
  facet normal 0.571067 0.651558 -0.499354
    outer loop
      vertex 28.7638 32.7638 1.33329
      vertex 28.6379 33.1346 1.67313
      vertex 28.9026 32.9026 1.67313
    endloop
  endfacet
  facet normal 0.441115 0.660192 -0.607917
    outer loop
      vertex 28.3731 32.7894 1.02196
      vertex 28.1278 32.9533 1.02196
      vertex 28.2472 33.1602 1.33329
    endloop
  endfacet
  facet normal 0.660184 0.441177 -0.607882
    outer loop
      vertex 29.1602 32.2472 1.33329
      vertex 28.7894 32.3731 1.02196
      vertex 28.9789 32.5185 1.33329
    endloop
  endfacet
  facet normal 0.588618 0.393292 -0.706294
    outer loop
      vertex 28.9533 32.1278 1.02196
      vertex 28.5693 32.2042 0.744481
      vertex 28.7894 32.3731 1.02196
    endloop
  endfacet
  facet normal 0.720422 0.481432 -0.499214
    outer loop
      vertex 29.1602 32.2472 1.33329
      vertex 28.9789 32.5185 1.33329
      vertex 29.1346 32.6379 1.67313
    endloop
  endfacet
  facet normal 0.777143 0.38326 -0.49916
    outer loop
      vertex 29.3045 31.9546 1.33329
      vertex 29.1602 32.2472 1.33329
      vertex 29.3301 32.3453 1.67313
    endloop
  endfacet
  facet normal -0.596995 0.523515 -0.607889
    outer loop
      vertex -28.5949 32.5949 1.02196
      vertex -28.7894 32.3731 1.02196
      vertex -28.7638 32.7638 1.33329
    endloop
  endfacet
  facet normal -0.383349 0.777038 -0.499254
    outer loop
      vertex -27.9546 33.3045 1.33329
      vertex -28.3453 33.3301 1.67313
      vertex -28.0297 33.4858 1.67313
    endloop
  endfacet
  facet normal -0.180279 0.90637 -0.382091
    outer loop
      vertex -27.6964 33.5989 1.67313
      vertex -27.7353 33.744 2.03568
      vertex -27.3708 33.8165 2.03568
    endloop
  endfacet
  facet normal -0.154716 0.778691 -0.608033
    outer loop
      vertex -27.2944 33.2362 1.02196
      vertex -27.5838 33.1787 1.02196
      vertex -27.3256 33.4731 1.33329
    endloop
  endfacet
  facet normal -0.401956 0.45814 -0.792805
    outer loop
      vertex -28.1785 32.1785 0.505591
      vertex -28.3987 32.3987 0.744481
      vertex -28.0146 32.3223 0.505591
    endloop
  endfacet
  facet normal -0.21312 0.318615 -0.923615
    outer loop
      vertex -27.587 31.765 0.15921
      vertex -27.8077 32.0527 0.309382
      vertex -27.4822 31.8351 0.15921
    endloop
  endfacet
  facet normal -0.118963 0.597878 -0.79271
    outer loop
      vertex -27.4314 32.6099 0.505591
      vertex -27.512 32.9106 0.744481
      vertex -27.2582 32.9611 0.744481
    endloop
  endfacet
  facet normal -0.0398189 0.608357 -0.792664
    outer loop
      vertex -27.2175 32.6525 0.505591
      vertex -27.2582 32.9611 0.744481
      vertex -27 32.978 0.744481
    endloop
  endfacet
  facet normal -0.138122 0.694164 -0.706441
    outer loop
      vertex -27.512 32.9106 0.744481
      vertex -27.5838 33.1787 1.02196
      vertex -27.2582 32.9611 0.744481
    endloop
  endfacet
  facet normal -0.119079 0.597908 -0.79267
    outer loop
      vertex -27.2175 32.6525 0.505591
      vertex -27.4314 32.6099 0.505591
      vertex -27.2582 32.9611 0.744481
    endloop
  endfacet
  facet normal -0.597009 0.523509 -0.60788
    outer loop
      vertex -28.7894 32.3731 1.02196
      vertex -28.9789 32.5185 1.33329
      vertex -28.7638 32.7638 1.33329
    endloop
  endfacet
  facet normal -0.651489 0.571281 -0.499199
    outer loop
      vertex -28.9789 32.5185 1.33329
      vertex -29.1346 32.6379 1.67313
      vertex -28.7638 32.7638 1.33329
    endloop
  endfacet
  facet normal -0.45814 0.401956 -0.792805
    outer loop
      vertex -28.3223 32.0146 0.505591
      vertex -28.3987 32.3987 0.744481
      vertex -28.1785 32.1785 0.505591
    endloop
  endfacet
  facet normal -0.588618 0.393292 -0.706294
    outer loop
      vertex -28.5693 32.2042 0.744481
      vertex -28.9533 32.1278 1.02196
      vertex -28.7894 32.3731 1.02196
    endloop
  endfacet
  facet normal -0.82898 0.408645 -0.381839
    outer loop
      vertex -29.4858 32.0297 1.67313
      vertex -29.6245 32.0871 2.03568
      vertex -29.4602 32.4204 2.03568
    endloop
  endfacet
  facet normal -0.828757 0.408864 -0.38209
    outer loop
      vertex -29.3301 32.3453 1.67313
      vertex -29.4858 32.0297 1.67313
      vertex -29.4602 32.4204 2.03568
    endloop
  endfacet
  facet normal -0.706356 0.0463066 -0.706341
    outer loop
      vertex -28.9611 31.2582 0.744481
      vertex -29.2555 31 1.02196
      vertex -29.2362 31.2944 1.02196
    endloop
  endfacet
  facet normal -0.849832 0.16917 -0.499167
    outer loop
      vertex -29.4731 31.3256 1.33329
      vertex -29.5989 31.6964 1.67313
      vertex -29.4094 31.6456 1.33329
    endloop
  endfacet
  facet normal -0.922167 -0.0604333 -0.382042
    outer loop
      vertex -29.8165 2.6292 2.03568
      vertex -29.8408 3 2.03568
      vertex -29.6906 3 1.67313
    endloop
  endfacet
  facet normal -0.972418 -0.193458 -0.130296
    outer loop
      vertex -29.8421 2.23846 2.41473
      vertex -29.968 2.60926 2.80379
      vertex -29.9172 2.61595 2.41473
    endloop
  endfacet
  facet normal -0.720503 -0.481353 -0.499173
    outer loop
      vertex -29.1346 1.36206 1.67313
      vertex -29.3301 1.65469 1.67313
      vertex -29.1602 1.7528 1.33329
    endloop
  endfacet
  facet normal -0.694884 -0.609371 -0.381842
    outer loop
      vertex -29.0087 0.991259 2.03568
      vertex -29.2537 1.27064 2.03568
      vertex -28.9026 1.09745 1.67313
    endloop
  endfacet
  facet normal -0.923855 0 -0.382742
    outer loop
      vertex -29.6906 3 1.67313
      vertex -29.8408 31 2.03568
      vertex -29.6906 31 1.67313
    endloop
  endfacet
  facet normal -0.923855 -0 -0.382742
    outer loop
      vertex -29.8408 31 2.03568
      vertex -29.6906 3 1.67313
      vertex -29.8408 3 2.03568
    endloop
  endfacet
  facet normal -0.597878 0.118963 -0.79271
    outer loop
      vertex -28.6099 31.4314 0.505591
      vertex -28.9611 31.2582 0.744481
      vertex -28.9106 31.512 0.744481
    endloop
  endfacet
  facet normal -0.258812 0.0168567 -0.965781
    outer loop
      vertex -27.5853 31 0.0576448
      vertex -27.9643 31 0.15921
      vertex -27.9561 31.1259 0.15921
    endloop
  endfacet
  facet normal -0.608315 0.0397153 -0.792701
    outer loop
      vertex -28.6667 31 0.505591
      vertex -28.978 31 0.744481
      vertex -28.6525 31.2175 0.505591
    endloop
  endfacet
  facet normal -0.608357 0.0398189 -0.792664
    outer loop
      vertex -28.6525 31.2175 0.505591
      vertex -28.978 31 0.744481
      vertex -28.9611 31.2582 0.744481
    endloop
  endfacet
  facet normal -0.660192 0.441115 -0.607917
    outer loop
      vertex -28.9533 32.1278 1.02196
      vertex -29.1602 32.2472 1.33329
      vertex -28.7894 32.3731 1.02196
    endloop
  endfacet
  facet normal -0.532204 0.466807 -0.706294
    outer loop
      vertex -28.5693 32.2042 0.744481
      vertex -28.7894 32.3731 1.02196
      vertex -28.3987 32.3987 0.744481
    endloop
  endfacet
  facet normal 0.252768 -0.288265 -0.923586
    outer loop
      vertex 27.8077 1.94733 0.309382
      vertex 27.587 2.23495 0.15921
      vertex 27.9382 2.06176 0.309382
    endloop
  endfacet
  facet normal 0.0748095 -0.376023 -0.923585
    outer loop
      vertex 27.3434 1.71835 0.309382
      vertex 27.1259 2.04393 0.15921
      vertex 27.2496 2.06854 0.15921
    endloop
  endfacet
  facet normal 0.0463148 -0.706348 -0.706348
    outer loop
      vertex 27.2582 1.03889 0.744481
      vertex 27 0.744481 1.02196
      vertex 27 1.02196 0.744481
    endloop
  endfacet
  facet normal 0 -0.707107 -0.707107
    outer loop
      vertex -27 1.02196 0.744481
      vertex -14 0.744481 1.02196
      vertex -27 0.744481 1.02196
    endloop
  endfacet
  facet normal 0 -0.707107 -0.707107
    outer loop
      vertex -14 0.744481 1.02196
      vertex -27 1.02196 0.744481
      vertex -14 1.02196 0.744481
    endloop
  endfacet
  facet normal 0 -0.707107 -0.707107
    outer loop
      vertex -2 1.02196 0.744481
      vertex 27 0.744481 1.02196
      vertex -2 0.744481 1.02196
    endloop
  endfacet
  facet normal 0 -0.707107 -0.707107
    outer loop
      vertex 27 0.744481 1.02196
      vertex -2 1.02196 0.744481
      vertex 27 1.02196 0.744481
    endloop
  endfacet
  facet normal 0 -0.608758 -0.793356
    outer loop
      vertex -27 1.02196 0.744481
      vertex -14 1.33329 0.505591
      vertex -14 1.02196 0.744481
    endloop
  endfacet
  facet normal -0 -0.608758 -0.793356
    outer loop
      vertex -14 1.33329 0.505591
      vertex -27 1.02196 0.744481
      vertex -27 1.33329 0.505591
    endloop
  endfacet
  facet normal 0 -0.608758 -0.793356
    outer loop
      vertex -2 1.02196 0.744481
      vertex 27 1.33329 0.505591
      vertex 27 1.02196 0.744481
    endloop
  endfacet
  facet normal -0 -0.608758 -0.793356
    outer loop
      vertex 27 1.33329 0.505591
      vertex -2 1.02196 0.744481
      vertex -2 1.33329 0.505591
    endloop
  endfacet
  facet normal 0.118875 -0.597867 -0.792732
    outer loop
      vertex 27.2582 1.03889 0.744481
      vertex 27.2175 1.34755 0.505591
      vertex 27.4314 1.39008 0.505591
    endloop
  endfacet
  facet normal 0 -0.382681 -0.923881
    outer loop
      vertex -2 1.67313 0.309382
      vertex 27 2.03568 0.15921
      vertex 27 1.67313 0.309382
    endloop
  endfacet
  facet normal -0 -0.382681 -0.923881
    outer loop
      vertex 27 2.03568 0.15921
      vertex -2 1.67313 0.309382
      vertex -2 2.03568 0.15921
    endloop
  endfacet
  facet normal 0 -0.382681 -0.923881
    outer loop
      vertex -27 1.67313 0.309382
      vertex -14 2.03568 0.15921
      vertex -14 1.67313 0.309382
    endloop
  endfacet
  facet normal -0 -0.382681 -0.923881
    outer loop
      vertex -14 2.03568 0.15921
      vertex -27 1.67313 0.309382
      vertex -27 2.03568 0.15921
    endloop
  endfacet
  facet normal -0.0327767 -0.49973 -0.865561
    outer loop
      vertex -27 1.67313 0.309382
      vertex -27.2175 1.34755 0.505591
      vertex -27.1732 1.68449 0.309382
    endloop
  endfacet
  facet normal 0.123962 0.0418308 -0.991405
    outer loop
      vertex 27.1895 31.0508 0.00642395
      vertex 27.1813 31.0751 0.00642395
      vertex 27.5407 31.224 0.0576448
    endloop
  endfacet
  facet normal -0.0864717 0.0981708 -0.991406
    outer loop
      vertex -27.1387 31.1387 0.00642395
      vertex -27.3563 31.4643 0.0576448
      vertex -27.1194 31.1557 0.00642395
    endloop
  endfacet
  facet normal 0.382636 0 -0.923899
    outer loop
      vertex 27.9643 3 0.15921
      vertex 28.3269 31 0.309382
      vertex 28.3269 3 0.309382
    endloop
  endfacet
  facet normal 0.382636 0 -0.923899
    outer loop
      vertex 28.3269 31 0.309382
      vertex 27.9643 3 0.15921
      vertex 27.9643 31 0.15921
    endloop
  endfacet
  facet normal 0.108698 -0.0727383 -0.99141
    outer loop
      vertex 27.4643 2.64371 0.0576448
      vertex 27.1699 2.9019 0.00642395
      vertex 27.5069 2.70737 0.0576448
    endloop
  endfacet
  facet normal 0.258787 -0.0169385 -0.965786
    outer loop
      vertex 27.9561 2.87413 0.15921
      vertex 27.5803 2.92361 0.0576448
      vertex 27.5853 3 0.0576448
    endloop
  endfacet
  facet normal 0.130508 0.00866658 -0.991409
    outer loop
      vertex 27.1962 31 0.00642395
      vertex 27.1945 31.0256 0.00642395
      vertex 27.5853 31 0.0576448
    endloop
  endfacet
  facet normal -0.118891 -0.597871 -0.792726
    outer loop
      vertex -27.2582 1.03889 0.744481
      vertex -27.512 1.08936 0.744481
      vertex -27.4314 1.39008 0.505591
    endloop
  endfacet
  facet normal -0.195949 -0.577221 -0.79273
    outer loop
      vertex -27.512 1.08936 0.744481
      vertex -27.757 1.17253 0.744481
      vertex -27.4314 1.39008 0.505591
    endloop
  endfacet
  facet normal -0.499646 -0.0328885 -0.865605
    outer loop
      vertex -28.3155 2.82681 0.309382
      vertex -28.6525 2.78245 0.505591
      vertex -28.3269 3 0.309382
    endloop
  endfacet
  facet normal -0.491139 -0.097518 -0.865606
    outer loop
      vertex -28.2817 2.65658 0.309382
      vertex -28.6525 2.78245 0.505591
      vertex -28.3155 2.82681 0.309382
    endloop
  endfacet
  facet normal -0.449195 -0.221462 -0.865551
    outer loop
      vertex -28.4434 2.16665 0.505591
      vertex -28.5398 2.36218 0.505591
      vertex -28.1491 2.33657 0.309382
    endloop
  endfacet
  facet normal -0.849852 -0.169143 -0.499141
    outer loop
      vertex -29.5989 2.30362 1.67313
      vertex -29.6676 2.6488 1.67313
      vertex -29.4731 2.67441 1.33329
    endloop
  endfacet
  facet normal -0.634913 -0.313126 -0.706284
    outer loop
      vertex -28.9533 1.87224 1.02196
      vertex -29.0838 2.13685 1.02196
      vertex -28.8275 2.24304 0.744481
    endloop
  endfacet
  facet normal -0.343782 -0.169616 -0.923604
    outer loop
      vertex -28.1491 2.33657 0.309382
      vertex -28.2259 2.49223 0.309382
      vertex -27.8909 2.63097 0.15921
    endloop
  endfacet
  facet normal -0.171114 -0.19491 -0.965779
    outer loop
      vertex -27.3563 2.53567 0.0576448
      vertex -27.587 2.23495 0.15921
      vertex -27.4138 2.58615 0.0576448
    endloop
  endfacet
  facet normal -0.144015 -0.215701 -0.965781
    outer loop
      vertex -27.2926 2.49314 0.0576448
      vertex -27.587 2.23495 0.15921
      vertex -27.3563 2.53567 0.0576448
    endloop
  endfacet
  facet normal -0.416445 -0.278188 -0.865555
    outer loop
      vertex -28.0527 2.19226 0.309382
      vertex -28.4434 2.16665 0.505591
      vertex -28.1491 2.33657 0.309382
    endloop
  endfacet
  facet normal -0.506883 -0.338612 -0.792724
    outer loop
      vertex -28.3223 1.98537 0.505591
      vertex -28.5693 1.79585 0.744481
      vertex -28.4434 2.16665 0.505591
    endloop
  endfacet
  facet normal -0.866431 -0.427204 -0.258444
    outer loop
      vertex -29.5482 1.52882 2.41473
      vertex -29.7184 1.87401 2.41473
      vertex -29.6245 1.91288 2.03568
    endloop
  endfacet
  facet normal -0.670311 -0.227692 -0.706285
    outer loop
      vertex -29.0838 2.13685 1.02196
      vertex -29.1787 2.41623 1.02196
      vertex -28.8275 2.24304 0.744481
    endloop
  endfacet
  facet normal -0.651479 -0.571249 -0.49925
    outer loop
      vertex -28.7638 1.23619 1.33329
      vertex -29.1346 1.36206 1.67313
      vertex -28.9789 1.4815 1.33329
    endloop
  endfacet
  facet normal -0.466751 -0.532183 -0.706346
    outer loop
      vertex -28.3731 1.21058 1.02196
      vertex -28.5949 1.40511 1.02196
      vertex -28.3987 1.60132 0.744481
    endloop
  endfacet
  facet normal -0.278295 -0.41634 -0.865571
    outer loop
      vertex -27.8334 1.55659 0.505591
      vertex -28.0146 1.67771 0.505591
      vertex -27.8077 1.94733 0.309382
    endloop
  endfacet
  facet normal -0.401925 -0.458233 -0.792766
    outer loop
      vertex -28.2042 1.43072 0.744481
      vertex -28.3987 1.60132 0.744481
      vertex -28.0146 1.67771 0.505591
    endloop
  endfacet
  facet normal -0.441164 -0.660185 -0.607891
    outer loop
      vertex -28.2472 0.839779 1.33329
      vertex -28.3731 1.21058 1.02196
      vertex -28.1278 1.04666 1.02196
    endloop
  endfacet
  facet normal -0.523547 -0.59694 -0.607915
    outer loop
      vertex -28.3731 1.21058 1.02196
      vertex -28.7638 1.23619 1.33329
      vertex -28.5949 1.40511 1.02196
    endloop
  endfacet
  facet normal -0.0727084 0.108721 -0.99141
    outer loop
      vertex -27.0981 31.1699 0.00642395
      vertex -27.3563 31.4643 0.0576448
      vertex -27.2926 31.5069 0.0576448
    endloop
  endfacet
  facet normal -0.0981708 0.0864717 -0.991406
    outer loop
      vertex -27.1557 31.1194 0.00642395
      vertex -27.4643 31.3563 0.0576448
      vertex -27.1387 31.1387 0.00642395
    endloop
  endfacet
  facet normal -0.254315 0.0505751 -0.965798
    outer loop
      vertex -27.5653 31.1515 0.0576448
      vertex -27.9561 31.1259 0.15921
      vertex -27.9315 31.2496 0.15921
    endloop
  endfacet
  facet normal -0.382515 0.0251771 -0.923606
    outer loop
      vertex -27.9643 31 0.15921
      vertex -28.3269 31 0.309382
      vertex -28.3155 31.1732 0.309382
    endloop
  endfacet
  facet normal -0.343737 0.16966 -0.923613
    outer loop
      vertex -27.8909 31.369 0.15921
      vertex -28.2259 31.5078 0.309382
      vertex -28.1491 31.6634 0.309382
    endloop
  endfacet
  facet normal -0.343887 0.169513 -0.923584
    outer loop
      vertex -27.8909 31.369 0.15921
      vertex -28.1491 31.6634 0.309382
      vertex -27.8351 31.4822 0.15921
    endloop
  endfacet
  facet normal -0.0833977 -0.245566 -0.965786
    outer loop
      vertex -27.2496 2.06854 0.15921
      vertex -27.369 2.10909 0.15921
      vertex -27.1515 2.43467 0.0576448
    endloop
  endfacet
  facet normal -0.0833641 -0.245587 -0.965783
    outer loop
      vertex -27.1515 2.43467 0.0576448
      vertex -27.369 2.10909 0.15921
      vertex -27.224 2.45928 0.0576448
    endloop
  endfacet
  facet normal -0.130513 0 -0.991447
    outer loop
      vertex -27.5853 3 0.0576448
      vertex -27.1962 31 0.00642395
      vertex -27.1962 3 0.00642395
    endloop
  endfacet
  facet normal -0.130513 0 -0.991447
    outer loop
      vertex -27.1962 31 0.00642395
      vertex -27.5853 3 0.0576448
      vertex -27.5853 31 0.0576448
    endloop
  endfacet
  facet normal -0.0725646 0.108847 -0.991406
    outer loop
      vertex -27.1194 31.1557 0.00642395
      vertex -27.3563 31.4643 0.0576448
      vertex -27.0981 31.1699 0.00642395
    endloop
  endfacet
  facet normal -0.114794 -0.232572 -0.965781
    outer loop
      vertex -27.224 2.45928 0.0576448
      vertex -27.369 2.10909 0.15921
      vertex -27.2926 2.49314 0.0576448
    endloop
  endfacet
  facet normal -0.114639 -0.232606 -0.965791
    outer loop
      vertex -27.369 2.10909 0.15921
      vertex -27.4822 2.16488 0.15921
      vertex -27.2926 2.49314 0.0576448
    endloop
  endfacet
  facet normal -0.108923 -0.0724795 -0.991404
    outer loop
      vertex -27.1557 2.88056 0.00642395
      vertex -27.4643 2.64371 0.0576448
      vertex -27.1699 2.9019 0.00642395
    endloop
  endfacet
  facet normal -0.215639 -0.144129 -0.965778
    outer loop
      vertex -27.765 2.41296 0.15921
      vertex -27.8351 2.51784 0.15921
      vertex -27.5069 2.70737 0.0576448
    endloop
  endfacet
  facet normal -0.128274 0.0254512 -0.991412
    outer loop
      vertex -27.1945 31.0256 0.00642395
      vertex -27.5803 31.0764 0.0576448
      vertex -27.1895 31.0508 0.00642395
    endloop
  endfacet
  facet normal -0.0833324 0.245594 -0.965784
    outer loop
      vertex -27.224 31.5407 0.0576448
      vertex -27.369 31.8909 0.15921
      vertex -27.1515 31.5653 0.0576448
    endloop
  endfacet
  facet normal 0.0632435 0.963962 0.258413
    outer loop
      vertex 27 33.9424 57.5853
      vertex 27 33.8408 57.9643
      vertex 27.3841 33.9172 57.5853
    endloop
  endfacet
  facet normal 0.57105 0.651539 0.499398
    outer loop
      vertex 28.9026 32.9026 58.3269
      vertex 28.6379 33.1346 58.3269
      vertex 28.7638 32.7638 58.6667
    endloop
  endfacet
  facet normal 0.596988 0.52349 0.607917
    outer loop
      vertex 28.9789 32.5185 58.6667
      vertex 28.7638 32.7638 58.6667
      vertex 28.7894 32.3731 58.978
    endloop
  endfacet
  facet normal 0.768387 0.513502 0.381965
    outer loop
      vertex 29.2537 32.7294 57.9643
      vertex 29.1346 32.6379 58.3269
      vertex 29.4602 32.4204 57.9643
    endloop
  endfacet
  facet normal 0.651539 0.57105 0.499398
    outer loop
      vertex 28.9026 32.9026 58.3269
      vertex 28.7638 32.7638 58.6667
      vertex 29.1346 32.6379 58.3269
    endloop
  endfacet
  facet normal 0.828997 0.408653 0.381794
    outer loop
      vertex 29.6245 32.0871 57.9643
      vertex 29.4602 32.4204 57.9643
      vertex 29.4858 32.0297 58.3269
    endloop
  endfacet
  facet normal 0.875038 0.297234 0.382048
    outer loop
      vertex 29.6245 32.0871 57.9643
      vertex 29.5989 31.6964 58.3269
      vertex 29.744 31.7353 57.9643
    endloop
  endfacet
  facet normal 0.745567 0.653595 0.130171
    outer loop
      vertex 29.1168 33.1168 57.1962
      vertex 29.0806 33.0806 57.5853
      vertex 29.3343 32.7912 57.5853
    endloop
  endfacet
  facet normal 0.653595 0.745567 0.130171
    outer loop
      vertex 29.1168 33.1168 57.1962
      vertex 28.7912 33.3343 57.5853
      vertex 29.0806 33.0806 57.5853
    endloop
  endfacet
  facet normal -0.820478 0.278416 0.499299
    outer loop
      vertex -29.4858 32.0297 58.3269
      vertex -29.5989 31.6964 58.3269
      vertex -29.3045 31.9546 58.6667
    endloop
  endfacet
  facet normal -0.777016 0.383338 0.499298
    outer loop
      vertex -29.3301 32.3453 58.3269
      vertex -29.4858 32.0297 58.3269
      vertex -29.3045 31.9546 58.6667
    endloop
  endfacet
  facet normal -0.0631737 0.963984 0.258347
    outer loop
      vertex -27 33.8408 57.9643
      vertex -27.3841 33.9172 57.5853
      vertex -27.3708 33.8165 57.9643
    endloop
  endfacet
  facet normal -0.0632435 0.963962 0.258413
    outer loop
      vertex -27 33.9424 57.5853
      vertex -27.3841 33.9172 57.5853
      vertex -27 33.8408 57.9643
    endloop
  endfacet
  facet normal -0.278541 0.820489 0.499213
    outer loop
      vertex -27.6964 33.5989 58.3269
      vertex -27.9546 33.3045 58.6667
      vertex -27.6456 33.4094 58.6667
    endloop
  endfacet
  facet normal -0.536841 0.803128 0.258435
    outer loop
      vertex -28.4712 33.5482 57.5853
      vertex -28.7912 33.3343 57.5853
      vertex -28.4204 33.4602 57.9643
    endloop
  endfacet
  facet normal -0.659372 0.751817 0
    outer loop
      vertex -28.8224 33.375 2.80379
      vertex -29.1168 33.1168 57.1962
      vertex -28.8224 33.375 57.1962
    endloop
  endfacet
  facet normal -0.659372 0.751817 0
    outer loop
      vertex -29.1168 33.1168 57.1962
      vertex -28.8224 33.375 2.80379
      vertex -29.1168 33.1168 2.80379
    endloop
  endfacet
  facet normal -0.416431 -0.278179 0.865564
    outer loop
      vertex -28.1491 2.33657 59.6906
      vertex -28.4434 2.16665 59.4944
      vertex -28.0527 2.19226 59.6906
    endloop
  endfacet
  facet normal -0.491196 -0.0978578 0.865535
    outer loop
      vertex -28.2817 2.65658 59.6906
      vertex -28.6525 2.78245 59.4944
      vertex -28.6099 2.56862 59.4944
    endloop
  endfacet
  facet normal -0.849812 -0.16916 0.499204
    outer loop
      vertex -29.4731 2.67441 58.6667
      vertex -29.5989 2.30362 58.3269
      vertex -29.4094 2.3544 58.6667
    endloop
  endfacet
  facet normal -0.751864 -0.255269 0.607897
    outer loop
      vertex -29.1787 2.41623 58.978
      vertex -29.4094 2.3544 58.6667
      vertex -29.3045 2.04543 58.6667
    endloop
  endfacet
  facet normal -0.828997 0.408653 0.381794
    outer loop
      vertex -29.4602 32.4204 57.9643
      vertex -29.6245 32.0871 57.9643
      vertex -29.4858 32.0297 58.3269
    endloop
  endfacet
  facet normal -0.828773 0.408872 0.382045
    outer loop
      vertex -29.4602 32.4204 57.9643
      vertex -29.4858 32.0297 58.3269
      vertex -29.3301 32.3453 58.3269
    endloop
  endfacet
  facet normal -0.636828 0.726441 0.25833
    outer loop
      vertex -28.7912 33.3343 57.5853
      vertex -29.0806 33.0806 57.5853
      vertex -28.7294 33.2537 57.9643
    endloop
  endfacet
  facet normal -0.653595 0.745567 0.130171
    outer loop
      vertex -28.7912 33.3343 57.5853
      vertex -29.1168 33.1168 57.1962
      vertex -29.0806 33.0806 57.5853
    endloop
  endfacet
  facet normal -0.849807 0.169165 0.499211
    outer loop
      vertex -29.4094 31.6456 58.6667
      vertex -29.5989 31.6964 58.3269
      vertex -29.4731 31.3256 58.6667
    endloop
  endfacet
  facet normal -0.778742 0.155018 0.607889
    outer loop
      vertex -29.4094 31.6456 58.6667
      vertex -29.4731 31.3256 58.6667
      vertex -29.1787 31.5838 58.978
    endloop
  endfacet
  facet normal -0.596974 0.523496 0.607926
    outer loop
      vertex -28.7638 32.7638 58.6667
      vertex -28.7894 32.3731 58.978
      vertex -28.5949 32.5949 58.978
    endloop
  endfacet
  facet normal -0.751718 0.255417 0.608014
    outer loop
      vertex -29.0838 31.8631 58.978
      vertex -29.3045 31.9546 58.6667
      vertex -29.1787 31.5838 58.978
    endloop
  endfacet
  facet normal -0.330283 0.376436 0.865569
    outer loop
      vertex -27.8077 32.0527 59.6906
      vertex -28.1785 32.1785 59.4944
      vertex -27.9382 31.9382 59.6906
    endloop
  endfacet
  facet normal -0.252864 0.288199 0.923581
    outer loop
      vertex -27.8077 32.0527 59.6906
      vertex -27.9382 31.9382 59.6906
      vertex -27.587 31.765 59.8408
    endloop
  endfacet
  facet normal -0.194949 0.171216 0.965754
    outer loop
      vertex -27.4138 31.4138 59.9424
      vertex -27.765 31.587 59.8408
      vertex -27.4643 31.3563 59.9424
    endloop
  endfacet
  facet normal -0.288547 0.252669 0.923525
    outer loop
      vertex -27.6819 31.6819 59.8408
      vertex -27.9382 31.9382 59.6906
      vertex -27.765 31.587 59.8408
    endloop
  endfacet
  facet normal -0.401966 0.458152 0.792792
    outer loop
      vertex -28.0146 32.3223 59.4944
      vertex -28.3987 32.3987 59.2555
      vertex -28.1785 32.1785 59.4944
    endloop
  endfacet
  facet normal -0.278265 0.416364 0.865569
    outer loop
      vertex -27.8334 32.4434 59.4944
      vertex -28.0146 32.3223 59.4944
      vertex -27.8077 32.0527 59.6906
    endloop
  endfacet
  facet normal -0.57105 0.651539 0.499398
    outer loop
      vertex -28.6379 33.1346 58.3269
      vertex -28.9026 32.9026 58.3269
      vertex -28.7638 32.7638 58.6667
    endloop
  endfacet
  facet normal -0.651539 0.57105 0.499398
    outer loop
      vertex -28.9026 32.9026 58.3269
      vertex -29.1346 32.6379 58.3269
      vertex -28.7638 32.7638 58.6667
    endloop
  endfacet
  facet normal -0.338555 0.507008 0.792669
    outer loop
      vertex -27.989 32.713 59.2555
      vertex -28.2042 32.5693 59.2555
      vertex -27.8334 32.4434 59.4944
    endloop
  endfacet
  facet normal -0.393084 0.588668 0.706367
    outer loop
      vertex -28.1278 32.9533 58.978
      vertex -28.2042 32.5693 59.2555
      vertex -27.989 32.713 59.2555
    endloop
  endfacet
  facet normal -0.195811 0.577302 0.792704
    outer loop
      vertex -27.512 32.9106 59.2555
      vertex -27.757 32.8275 59.2555
      vertex -27.4314 32.6099 59.4944
    endloop
  endfacet
  facet normal -0.196005 0.577111 0.792795
    outer loop
      vertex -27.4314 32.6099 59.4944
      vertex -27.757 32.8275 59.2555
      vertex -27.6378 32.5398 59.4944
    endloop
  endfacet
  facet normal -0.0462329 0.706351 0.706351
    outer loop
      vertex -27 33.2555 58.978
      vertex -27.2582 32.9611 59.2555
      vertex -27 32.978 59.2555
    endloop
  endfacet
  facet normal 0 0.707107 0.707107
    outer loop
      vertex 27 33.2555 58.978
      vertex -27 32.978 59.2555
      vertex 27 32.978 59.2555
    endloop
  endfacet
  facet normal 0 0.707107 0.707107
    outer loop
      vertex -27 32.978 59.2555
      vertex 27 33.2555 58.978
      vertex -27 33.2555 58.978
    endloop
  endfacet
  facet normal -0.155018 0.778742 0.607889
    outer loop
      vertex -27.3256 33.4731 58.6667
      vertex -27.6456 33.4094 58.6667
      vertex -27.5838 33.1787 58.978
    endloop
  endfacet
  facet normal -0.351086 0.712125 0.607961
    outer loop
      vertex -27.8631 33.0838 58.978
      vertex -28.2472 33.1602 58.6667
      vertex -28.1278 32.9533 58.978
    endloop
  endfacet
  facet normal -0.169165 0.849807 0.499211
    outer loop
      vertex -27.3256 33.4731 58.6667
      vertex -27.6964 33.5989 58.3269
      vertex -27.6456 33.4094 58.6667
    endloop
  endfacet
  facet normal -0.180283 0.906388 0.382046
    outer loop
      vertex -27.3708 33.8165 57.9643
      vertex -27.7353 33.744 57.9643
      vertex -27.6964 33.5989 58.3269
    endloop
  endfacet
  facet normal 0.0566236 0.864618 0.499229
    outer loop
      vertex 27 33.6906 58.3269
      vertex 27 33.4944 58.6667
      vertex 27.3512 33.6676 58.3269
    endloop
  endfacet
  facet normal 0.137953 0.694325 0.706316
    outer loop
      vertex 27.2944 33.2362 58.978
      vertex 27.2582 32.9611 59.2555
      vertex 27.5838 33.1787 58.978
    endloop
  endfacet
  facet normal -0.363044 0.123223 0.923588
    outer loop
      vertex -28.2259 31.5078 59.6906
      vertex -28.2817 31.3434 59.6906
      vertex -27.8909 31.369 59.8408
    endloop
  endfacet
  facet normal -0.474308 0.160988 0.865514
    outer loop
      vertex -28.2259 31.5078 59.6906
      vertex -28.5398 31.6378 59.4944
      vertex -28.2817 31.3434 59.6906
    endloop
  endfacet
  facet normal -0.376082 0.0747907 0.923563
    outer loop
      vertex -27.9315 31.2496 59.8408
      vertex -28.2817 31.3434 59.6906
      vertex -27.9561 31.1259 59.8408
    endloop
  endfacet
  facet normal -0.254396 0.0505913 0.965776
    outer loop
      vertex -27.9315 31.2496 59.8408
      vertex -27.9561 31.1259 59.8408
      vertex -27.5653 31.1515 59.9424
    endloop
  endfacet
  facet normal -0.288199 0.252864 0.923581
    outer loop
      vertex -27.9382 31.9382 59.6906
      vertex -28.0527 31.8077 59.6906
      vertex -27.765 31.587 59.8408
    endloop
  endfacet
  facet normal -0.376436 0.330283 0.865569
    outer loop
      vertex -27.9382 31.9382 59.6906
      vertex -28.1785 32.1785 59.4944
      vertex -28.0527 31.8077 59.6906
    endloop
  endfacet
  facet normal -0.213012 0.318855 0.923557
    outer loop
      vertex -27.6634 32.1491 59.6906
      vertex -27.8077 32.0527 59.6906
      vertex -27.4822 31.8351 59.8408
    endloop
  endfacet
  facet normal -0.213153 0.318666 0.92359
    outer loop
      vertex -27.4822 31.8351 59.8408
      vertex -27.8077 32.0527 59.6906
      vertex -27.587 31.765 59.8408
    endloop
  endfacet
  facet normal -0.0833591 0.245672 0.965762
    outer loop
      vertex -27.1515 31.5653 59.9424
      vertex -27.369 31.8909 59.8408
      vertex -27.224 31.5407 59.9424
    endloop
  endfacet
  facet normal -0.11466 0.232712 0.965763
    outer loop
      vertex -27.224 31.5407 59.9424
      vertex -27.369 31.8909 59.8408
      vertex -27.2926 31.5069 59.9424
    endloop
  endfacet
  facet normal 0.123913 0.0418141 0.991412
    outer loop
      vertex 27.5407 31.224 59.9424
      vertex 27.1813 31.0751 59.9936
      vertex 27.1895 31.0508 59.9936
    endloop
  endfacet
  facet normal -0.123913 0.0418141 0.991412
    outer loop
      vertex -27.1813 31.0751 59.9936
      vertex -27.5407 31.224 59.9424
      vertex -27.1895 31.0508 59.9936
    endloop
  endfacet
  facet normal 0.0833908 -0.245666 0.965761
    outer loop
      vertex 27.224 2.45928 59.9424
      vertex 27.1515 2.43467 59.9424
      vertex 27.369 2.10909 59.8408
    endloop
  endfacet
  facet normal 0.144178 -0.21564 0.96577
    outer loop
      vertex 27.587 2.23495 59.8408
      vertex 27.2926 2.49314 59.9424
      vertex 27.4822 2.16488 59.8408
    endloop
  endfacet
  facet normal 0 -0.382742 0.923855
    outer loop
      vertex -27 2.03568 59.8408
      vertex 27 1.67313 59.6906
      vertex 27 2.03568 59.8408
    endloop
  endfacet
  facet normal 0 -0.382742 0.923855
    outer loop
      vertex 27 1.67313 59.6906
      vertex -27 2.03568 59.8408
      vertex -27 1.67313 59.6906
    endloop
  endfacet
  facet normal -0.252808 -0.288311 0.923561
    outer loop
      vertex -27.587 2.23495 59.8408
      vertex -27.9382 2.06176 59.6906
      vertex -27.8077 1.94733 59.6906
    endloop
  endfacet
  facet normal -0.376076 -0.0747836 0.923566
    outer loop
      vertex -27.9561 2.87413 59.8408
      vertex -28.2817 2.65658 59.6906
      vertex -27.9315 2.75042 59.8408
    endloop
  endfacet
  facet normal -0.138067 -0.694302 0.706316
    outer loop
      vertex -27.512 1.08936 59.2555
      vertex -27.5838 0.821336 58.978
      vertex -27.2582 1.03889 59.2555
    endloop
  endfacet
  facet normal 0 -0.707134 0.70708
    outer loop
      vertex -27 0.744481 58.978
      vertex 27 1.02196 59.2555
      vertex -27 1.02196 59.2555
    endloop
  endfacet
  facet normal 0 -0.707134 0.70708
    outer loop
      vertex 27 1.02196 59.2555
      vertex -27 0.744481 58.978
      vertex 27 0.744481 58.978
    endloop
  endfacet
  facet normal -0.338627 -0.50694 0.792681
    outer loop
      vertex -27.8334 1.55659 59.4944
      vertex -28.2042 1.43072 59.2555
      vertex -27.989 1.28697 59.2555
    endloop
  endfacet
  facet normal -0.269689 -0.54673 0.792688
    outer loop
      vertex -27.8334 1.55659 59.4944
      vertex -27.989 1.28697 59.2555
      vertex -27.757 1.17253 59.2555
    endloop
  endfacet
  facet normal -0.118894 -0.597887 0.792714
    outer loop
      vertex -27.4314 1.39008 59.4944
      vertex -27.512 1.08936 59.2555
      vertex -27.2582 1.03889 59.2555
    endloop
  endfacet
  facet normal -0.123217 -0.363092 0.92357
    outer loop
      vertex -27.369 2.10909 59.8408
      vertex -27.5078 1.77414 59.6906
      vertex -27.3434 1.71835 59.6906
    endloop
  endfacet
  facet normal 0.0977147 -0.491171 0.865565
    outer loop
      vertex 27.3434 1.71835 59.6906
      vertex 27.1732 1.68449 59.6906
      vertex 27.2175 1.34755 59.4944
    endloop
  endfacet
  facet normal 0.0250731 -0.382631 0.923561
    outer loop
      vertex 27.1259 2.04393 59.8408
      vertex 27 2.03568 59.8408
      vertex 27.1732 1.68449 59.6906
    endloop
  endfacet
  facet normal 0.123217 -0.363092 0.92357
    outer loop
      vertex 27.369 2.10909 59.8408
      vertex 27.3434 1.71835 59.6906
      vertex 27.5078 1.77414 59.6906
    endloop
  endfacet
  facet normal 0.025495 -0.128238 0.991416
    outer loop
      vertex 27.0508 2.81048 59.9936
      vertex 27.0256 2.80547 59.9936
      vertex 27.0764 2.41974 59.9424
    endloop
  endfacet
  facet normal -0.768397 -0.513558 0.381869
    outer loop
      vertex -29.1346 1.36206 58.3269
      vertex -29.4602 1.57961 57.9643
      vertex -29.2537 1.27064 57.9643
    endloop
  endfacet
  facet normal -0.571166 -0.651502 0.499315
    outer loop
      vertex -28.7638 1.23619 58.6667
      vertex -28.9026 1.09745 58.3269
      vertex -28.6379 0.86539 58.3269
    endloop
  endfacet
  facet normal -0.363049 -0.123397 0.923563
    outer loop
      vertex -27.9315 2.75042 59.8408
      vertex -28.2817 2.65658 59.6906
      vertex -27.8909 2.63097 59.8408
    endloop
  endfacet
  facet normal -0.254397 -0.0505874 0.965776
    outer loop
      vertex -27.5653 2.84852 59.9424
      vertex -27.9561 2.87413 59.8408
      vertex -27.9315 2.75042 59.8408
    endloop
  endfacet
  facet normal -0.123921 -0.0417997 0.991411
    outer loop
      vertex -27.1895 2.94922 59.9936
      vertex -27.5407 2.77603 59.9424
      vertex -27.1813 2.92491 59.9936
    endloop
  endfacet
  facet normal -0.123814 -0.0420172 0.991415
    outer loop
      vertex -27.1895 2.94922 59.9936
      vertex -27.5653 2.84852 59.9424
      vertex -27.5407 2.77603 59.9424
    endloop
  endfacet
  facet normal -0.0748191 -0.376084 0.92356
    outer loop
      vertex -27.1259 2.04393 59.8408
      vertex -27.3434 1.71835 59.6906
      vertex -27.1732 1.68449 59.6906
    endloop
  endfacet
  facet normal -0.00855563 -0.130469 0.991415
    outer loop
      vertex -27.0256 2.80547 59.9936
      vertex -27.0764 2.41974 59.9424
      vertex -27 2.41473 59.9424
    endloop
  endfacet
  facet normal -0.169631 -0.343859 0.923572
    outer loop
      vertex -27.369 2.10909 59.8408
      vertex -27.6634 1.8509 59.6906
      vertex -27.5078 1.77414 59.6906
    endloop
  endfacet
  facet normal -0.0578706 -0.117245 0.991415
    outer loop
      vertex -27.0981 2.83008 59.9936
      vertex -27.2926 2.49314 59.9424
      vertex -27.224 2.45928 59.9424
    endloop
  endfacet
  facet normal -0.213126 -0.318762 0.923563
    outer loop
      vertex -27.587 2.23495 59.8408
      vertex -27.8077 1.94733 59.6906
      vertex -27.4822 2.16488 59.8408
    endloop
  endfacet
  facet normal -0.288436 -0.252731 0.923543
    outer loop
      vertex -27.765 2.41296 59.8408
      vertex -27.9382 2.06176 59.6906
      vertex -27.6819 2.31812 59.8408
    endloop
  endfacet
  facet normal -0.0506194 -0.254434 0.965764
    outer loop
      vertex -27.1515 2.43467 59.9424
      vertex -27.2496 2.06854 59.8408
      vertex -27.1259 2.04393 59.8408
    endloop
  endfacet
  facet normal -0.0505815 -0.254432 0.965767
    outer loop
      vertex -27.0764 2.41974 59.9424
      vertex -27.1515 2.43467 59.9424
      vertex -27.1259 2.04393 59.8408
    endloop
  endfacet
  facet normal -0.180388 0.906403 0.381961
    outer loop
      vertex -27.3708 33.8165 57.9643
      vertex -27.6964 33.5989 58.3269
      vertex -27.3512 33.6676 58.3269
    endloop
  endfacet
  facet normal -0.0603948 0.922202 0.381963
    outer loop
      vertex -27 33.6906 58.3269
      vertex -27.3708 33.8165 57.9643
      vertex -27.3512 33.6676 58.3269
    endloop
  endfacet
  facet normal 0.155018 0.778742 0.607889
    outer loop
      vertex 27.6456 33.4094 58.6667
      vertex 27.3256 33.4731 58.6667
      vertex 27.5838 33.1787 58.978
    endloop
  endfacet
  facet normal 0.221695 0.449163 0.865508
    outer loop
      vertex 27.6378 32.5398 59.4944
      vertex 27.5078 32.2259 59.6906
      vertex 27.6634 32.1491 59.6906
    endloop
  endfacet
  facet normal -0 0.500031 0.866007
    outer loop
      vertex -27 32.6667 59.4944
      vertex 27 32.3269 59.6906
      vertex 27 32.6667 59.4944
    endloop
  endfacet
  facet normal 0 0.500031 0.866007
    outer loop
      vertex 27 32.3269 59.6906
      vertex -27 32.6667 59.4944
      vertex -27 32.3269 59.6906
    endloop
  endfacet
  facet normal 0.00866311 0.130456 0.991416
    outer loop
      vertex 27 31.5853 59.9424
      vertex 27 31.1962 59.9936
      vertex 27.0256 31.1945 59.9936
    endloop
  endfacet
  facet normal 0.0747907 0.376082 0.923563
    outer loop
      vertex 27.3434 32.2817 59.6906
      vertex 27.1259 31.9561 59.8408
      vertex 27.2496 31.9315 59.8408
    endloop
  endfacet
  facet normal 0.188462 0.947509 0.258281
    outer loop
      vertex 27.7615 33.8421 57.5853
      vertex 27.3708 33.8165 57.9643
      vertex 27.7353 33.744 57.9643
    endloop
  endfacet
  facet normal 0.18854 0.947472 0.258359
    outer loop
      vertex 27.3841 33.9172 57.5853
      vertex 27.3708 33.8165 57.9643
      vertex 27.7615 33.8421 57.5853
    endloop
  endfacet
  facet normal 0.296994 0.875227 0.381802
    outer loop
      vertex 28.0871 33.6245 57.9643
      vertex 27.6964 33.5989 58.3269
      vertex 28.0297 33.4858 58.3269
    endloop
  endfacet
  facet normal 0.408653 0.828997 0.381794
    outer loop
      vertex 28.0871 33.6245 57.9643
      vertex 28.0297 33.4858 58.3269
      vertex 28.4204 33.4602 57.9643
    endloop
  endfacet
  facet normal 0.849827 -0.169138 0.499185
    outer loop
      vertex 29.6676 2.6488 58.3269
      vertex 29.4731 2.67441 58.6667
      vertex 29.5989 2.30362 58.3269
    endloop
  endfacet
  facet normal 0.875199 -0.297012 0.381852
    outer loop
      vertex 29.5989 2.30362 58.3269
      vertex 29.4858 1.97035 58.3269
      vertex 29.6245 1.91288 57.9643
    endloop
  endfacet
  facet normal 0.906401 -0.180398 0.381961
    outer loop
      vertex 29.6676 2.6488 58.3269
      vertex 29.5989 2.30362 58.3269
      vertex 29.8165 2.6292 57.9643
    endloop
  endfacet
  facet normal 0.849812 -0.16916 0.499204
    outer loop
      vertex 29.4731 2.67441 58.6667
      vertex 29.4094 2.3544 58.6667
      vertex 29.5989 2.30362 58.3269
    endloop
  endfacet
  facet normal 0.546685 -0.269738 0.792702
    outer loop
      vertex 28.8275 2.24304 59.2555
      vertex 28.4434 2.16665 59.4944
      vertex 28.713 2.01098 59.2555
    endloop
  endfacet
  facet normal 0.50692 -0.338607 0.792703
    outer loop
      vertex 28.713 2.01098 59.2555
      vertex 28.4434 2.16665 59.4944
      vertex 28.5693 1.79585 59.2555
    endloop
  endfacet
  facet normal 0.726399 -0.636857 0.258376
    outer loop
      vertex 29.2537 1.27064 57.9643
      vertex 29.0806 0.91944 57.5853
      vertex 29.3343 1.20881 57.5853
    endloop
  endfacet
  facet normal 0.828812 -0.408813 0.382025
    outer loop
      vertex 29.4858 1.97035 58.3269
      vertex 29.3301 1.65469 58.3269
      vertex 29.4602 1.57961 57.9643
    endloop
  endfacet
  facet normal 0.824309 -0.550982 -0.130128
    outer loop
      vertex 29.5925 1.50321 2.80379
      vertex 29.3343 1.20881 2.41473
      vertex 29.5482 1.52882 2.41473
    endloop
  endfacet
  facet normal 0.889242 -0.438544 0.130107
    outer loop
      vertex 29.7657 1.85441 57.1962
      vertex 29.5482 1.52882 57.5853
      vertex 29.5925 1.50321 57.1962
    endloop
  endfacet
  facet normal 0.980782 -0.195109 0
    outer loop
      vertex 29.8916 2.22521 57.1962
      vertex 29.968 2.60926 2.80379
      vertex 29.968 2.60926 57.1962
    endloop
  endfacet
  facet normal 0.980782 -0.195109 0
    outer loop
      vertex 29.968 2.60926 2.80379
      vertex 29.8916 2.22521 57.1962
      vertex 29.8916 2.22521 2.80379
    endloop
  endfacet
  facet normal 0.128223 0.025441 0.991419
    outer loop
      vertex 27.5803 31.0764 59.9424
      vertex 27.1895 31.0508 59.9936
      vertex 27.1945 31.0256 59.9936
    endloop
  endfacet
  facet normal 0.130456 0.00866311 0.991416
    outer loop
      vertex 27.5853 31 59.9424
      vertex 27.1945 31.0256 59.9936
      vertex 27.1962 31 59.9936
    endloop
  endfacet
  facet normal 0.376459 -0.330272 0.865563
    outer loop
      vertex 28.3223 1.98537 59.4944
      vertex 28.0527 2.19226 59.6906
      vertex 28.1785 1.82146 59.4944
    endloop
  endfacet
  facet normal 0.44918 -0.221454 0.865561
    outer loop
      vertex 28.5398 2.36218 59.4944
      vertex 28.1491 2.33657 59.6906
      vertex 28.4434 2.16665 59.4944
    endloop
  endfacet
  facet normal 0.458316 -0.401937 0.792713
    outer loop
      vertex 28.5693 1.79585 59.2555
      vertex 28.3223 1.98537 59.4944
      vertex 28.3987 1.60132 59.2555
    endloop
  endfacet
  facet normal 0.523528 -0.59692 0.607951
    outer loop
      vertex 28.7638 1.23619 58.6667
      vertex 28.3731 1.21058 58.978
      vertex 28.5185 1.02105 58.6667
    endloop
  endfacet
  facet normal 0.0398853 -0.608292 0.792711
    outer loop
      vertex 27.2175 1.34755 59.4944
      vertex 27 1.02196 59.2555
      vertex 27.2582 1.03889 59.2555
    endloop
  endfacet
  facet normal 0.180294 -0.906432 0.381935
    outer loop
      vertex 27.6964 0.401063 58.3269
      vertex 27.3512 0.332401 58.3269
      vertex 27.3708 0.183514 57.9643
    endloop
  endfacet
  facet normal 0.180276 -0.90643 0.38195
    outer loop
      vertex 27.6964 0.401063 58.3269
      vertex 27.3708 0.183514 57.9643
      vertex 27.7353 0.256008 57.9643
    endloop
  endfacet
  facet normal 0.188435 -0.94751 0.258296
    outer loop
      vertex 27.6 0.129786 57.6
      vertex 27.3708 0.183514 57.9643
      vertex 27.3835 0.0867298 57.6
    endloop
  endfacet
  facet normal 0.188471 -0.947497 0.258316
    outer loop
      vertex 27.6 0.129786 57.6
      vertex 27.7615 0.157903 57.5853
      vertex 27.3708 0.183514 57.9643
    endloop
  endfacet
  facet normal 0.188489 -0.947374 0.258756
    outer loop
      vertex 27.7615 0.157903 57.5853
      vertex 27.6 0.129786 57.6
      vertex 27.6 0.125771 57.5853
    endloop
  endfacet
  facet normal 0.0631847 -0.963994 0.25831
    outer loop
      vertex 27.3691 0.0857855 57.6
      vertex 27.3708 0.183514 57.9643
      vertex 27 0.15921 57.9643
    endloop
  endfacet
  facet normal 0.0632151 -0.963992 0.258309
    outer loop
      vertex 27.3708 0.183514 57.9643
      vertex 27.3691 0.0857855 57.6
      vertex 27.3835 0.0867298 57.6
    endloop
  endfacet
  facet normal 0.31049 -0.914794 0.258356
    outer loop
      vertex 28.0871 0.375452 57.9643
      vertex 27.7615 0.157903 57.5853
      vertex 28.126 0.281618 57.5853
    endloop
  endfacet
  facet normal 0.318665 -0.938878 0.130237
    outer loop
      vertex 28.126 0.281618 57.5853
      vertex 27.7615 0.157903 57.5853
      vertex 28.1456 0.234296 57.1962
    endloop
  endfacet
  facet normal 0.401936 -0.458245 0.792754
    outer loop
      vertex 28.3987 1.60132 59.2555
      vertex 28.0146 1.67771 59.4944
      vertex 28.2042 1.43072 59.2555
    endloop
  endfacet
  facet normal 0.466769 -0.532203 0.706319
    outer loop
      vertex 28.3987 1.60132 59.2555
      vertex 28.3731 1.21058 58.978
      vertex 28.5949 1.40511 58.978
    endloop
  endfacet
  facet normal 0.458202 -0.401985 0.792754
    outer loop
      vertex 28.3223 1.98537 59.4944
      vertex 28.1785 1.82146 59.4944
      vertex 28.3987 1.60132 59.2555
    endloop
  endfacet
  facet normal 0.338734 -0.506759 0.792751
    outer loop
      vertex 28.0146 1.67771 59.4944
      vertex 27.8334 1.55659 59.4944
      vertex 28.2042 1.43072 59.2555
    endloop
  endfacet
  facet normal 0.571347 -0.651443 0.499183
    outer loop
      vertex 28.7638 1.23619 58.6667
      vertex 28.5185 1.02105 58.6667
      vertex 28.6379 0.86539 58.3269
    endloop
  endfacet
  facet normal 0.596986 -0.523459 0.607946
    outer loop
      vertex 28.7894 1.62693 58.978
      vertex 28.5949 1.40511 58.978
      vertex 28.7638 1.23619 58.6667
    endloop
  endfacet
  facet normal 0.0580778 0.117174 0.991412
    outer loop
      vertex 27.224 31.5407 59.9424
      vertex 27.0751 31.1813 59.9936
      vertex 27.0981 31.1699 59.9936
    endloop
  endfacet
  facet normal 0.11466 0.232712 0.965763
    outer loop
      vertex 27.369 31.8909 59.8408
      vertex 27.224 31.5407 59.9424
      vertex 27.2926 31.5069 59.9424
    endloop
  endfacet
  facet normal 0.098238 0.0862785 0.991416
    outer loop
      vertex 27.4138 31.4138 59.9424
      vertex 27.1387 31.1387 59.9936
      vertex 27.4643 31.3563 59.9424
    endloop
  endfacet
  facet normal 0.194949 0.171216 0.965754
    outer loop
      vertex 27.765 31.587 59.8408
      vertex 27.4138 31.4138 59.9424
      vertex 27.4643 31.3563 59.9424
    endloop
  endfacet
  facet normal 0.288199 0.252864 0.923581
    outer loop
      vertex 27.9382 31.9382 59.6906
      vertex 27.765 31.587 59.8408
      vertex 28.0527 31.8077 59.6906
    endloop
  endfacet
  facet normal 0.288547 0.252669 0.923525
    outer loop
      vertex 27.9382 31.9382 59.6906
      vertex 27.6819 31.6819 59.8408
      vertex 27.765 31.587 59.8408
    endloop
  endfacet
  facet normal -0 0.258931 0.965896
    outer loop
      vertex -27 31.9643 59.8408
      vertex 27 31.5853 59.9424
      vertex 27 31.9643 59.8408
    endloop
  endfacet
  facet normal 0 0.258931 0.965896
    outer loop
      vertex 27 31.5853 59.9424
      vertex -27 31.9643 59.8408
      vertex -27 31.5853 59.9424
    endloop
  endfacet
  facet normal -0.0418141 0.123913 0.991412
    outer loop
      vertex -27.0508 31.1895 59.9936
      vertex -27.224 31.5407 59.9424
      vertex -27.0751 31.1813 59.9936
    endloop
  endfacet
  facet normal -0.0578598 -0.117249 0.991416
    outer loop
      vertex -27.0981 2.83008 59.9936
      vertex -27.224 2.45928 59.9424
      vertex -27.0751 2.81873 59.9936
    endloop
  endfacet
  facet normal 0.245578 0.0835048 0.965773
    outer loop
      vertex 27.8909 31.369 59.8408
      vertex 27.5653 31.1515 59.9424
      vertex 27.9315 31.2496 59.8408
    endloop
  endfacet
  facet normal 0.245672 0.0833591 0.965762
    outer loop
      vertex 27.8909 31.369 59.8408
      vertex 27.5407 31.224 59.9424
      vertex 27.5653 31.1515 59.9424
    endloop
  endfacet
  facet normal -0.0864371 0.0981315 0.991413
    outer loop
      vertex -27.1194 31.1557 59.9936
      vertex -27.3563 31.4643 59.9424
      vertex -27.1387 31.1387 59.9936
    endloop
  endfacet
  facet normal 0.232712 0.11466 0.965763
    outer loop
      vertex 27.8909 31.369 59.8408
      vertex 27.5069 31.2926 59.9424
      vertex 27.5407 31.224 59.9424
    endloop
  endfacet
  facet normal 0.232702 0.114707 0.96576
    outer loop
      vertex 27.8351 31.4822 59.8408
      vertex 27.5069 31.2926 59.9424
      vertex 27.8909 31.369 59.8408
    endloop
  endfacet
  facet normal 0.751718 0.255417 0.608014
    outer loop
      vertex 29.3045 31.9546 58.6667
      vertex 29.0838 31.8631 58.978
      vertex 29.1787 31.5838 58.978
    endloop
  endfacet
  facet normal 0.820489 0.278541 0.499213
    outer loop
      vertex 29.5989 31.6964 58.3269
      vertex 29.3045 31.9546 58.6667
      vertex 29.4094 31.6456 58.6667
    endloop
  endfacet
  facet normal 0.914768 0.310444 0.258504
    outer loop
      vertex 29.7184 32.126 57.5853
      vertex 29.6245 32.0871 57.9643
      vertex 29.8421 31.7615 57.5853
    endloop
  endfacet
  facet normal 0.866421 0.427187 0.258508
    outer loop
      vertex 29.7184 32.126 57.5853
      vertex 29.5482 32.4712 57.5853
      vertex 29.6245 32.0871 57.9643
    endloop
  endfacet
  facet normal 0.376436 0.330283 0.865569
    outer loop
      vertex 28.1785 32.1785 59.4944
      vertex 27.9382 31.9382 59.6906
      vertex 28.0527 31.8077 59.6906
    endloop
  endfacet
  facet normal 0.376444 0.330279 0.865567
    outer loop
      vertex 28.1785 32.1785 59.4944
      vertex 28.0527 31.8077 59.6906
      vertex 28.3223 32.0146 59.4944
    endloop
  endfacet
  facet normal 0.0463084 0.706382 0.706314
    outer loop
      vertex 27.2944 33.2362 58.978
      vertex 27 33.2555 58.978
      vertex 27.2582 32.9611 59.2555
    endloop
  endfacet
  facet normal 0.118966 0.597894 0.792698
    outer loop
      vertex 27.512 32.9106 59.2555
      vertex 27.2582 32.9611 59.2555
      vertex 27.4314 32.6099 59.4944
    endloop
  endfacet
  facet normal 0.227352 0.670293 0.706412
    outer loop
      vertex 27.5838 33.1787 58.978
      vertex 27.512 32.9106 59.2555
      vertex 27.757 32.8275 59.2555
    endloop
  endfacet
  facet normal 0.393306 0.58864 0.706267
    outer loop
      vertex 28.3731 32.7894 58.978
      vertex 28.1278 32.9533 58.978
      vertex 28.2042 32.5693 59.2555
    endloop
  endfacet
  facet normal 0.351153 0.712039 0.608023
    outer loop
      vertex 27.9546 33.3045 58.6667
      vertex 27.8631 33.0838 58.978
      vertex 28.2472 33.1602 58.6667
    endloop
  endfacet
  facet normal 0.383248 0.77712 0.499204
    outer loop
      vertex 28.3453 33.3301 58.3269
      vertex 27.9546 33.3045 58.6667
      vertex 28.2472 33.1602 58.6667
    endloop
  endfacet
  facet normal 0.491122 -0.0975146 0.865616
    outer loop
      vertex 28.3155 2.82681 59.6906
      vertex 28.2817 2.65658 59.6906
      vertex 28.6525 2.78245 59.4944
    endloop
  endfacet
  facet normal 0.499629 -0.0328874 0.865615
    outer loop
      vertex 28.3269 3 59.6906
      vertex 28.3155 2.82681 59.6906
      vertex 28.6525 2.78245 59.4944
    endloop
  endfacet
  facet normal 0.376076 -0.0747836 0.923566
    outer loop
      vertex 27.9561 2.87413 59.8408
      vertex 27.9315 2.75042 59.8408
      vertex 28.2817 2.65658 59.6906
    endloop
  endfacet
  facet normal 0.123814 -0.0420172 0.991415
    outer loop
      vertex 27.5653 2.84852 59.9424
      vertex 27.1895 2.94922 59.9936
      vertex 27.5407 2.77603 59.9424
    endloop
  endfacet
  facet normal 0.245587 -0.0834728 0.965774
    outer loop
      vertex 27.9315 2.75042 59.8408
      vertex 27.5653 2.84852 59.9424
      vertex 27.8909 2.63097 59.8408
    endloop
  endfacet
  facet normal 0.363049 -0.123397 0.923563
    outer loop
      vertex 27.9315 2.75042 59.8408
      vertex 27.8909 2.63097 59.8408
      vertex 28.2817 2.65658 59.6906
    endloop
  endfacet
  facet normal 0.130449 -0.00853832 0.991418
    outer loop
      vertex 27.5853 3 59.9424
      vertex 27.1945 2.97439 59.9936
      vertex 27.5803 2.92361 59.9424
    endloop
  endfacet
  facet normal 0.12822 -0.0254708 0.991419
    outer loop
      vertex 27.1945 2.97439 59.9936
      vertex 27.1895 2.94922 59.9936
      vertex 27.5803 2.92361 59.9424
    endloop
  endfacet
  facet normal -0.660143 -0.44115 0.607946
    outer loop
      vertex -28.7894 1.62693 58.978
      vertex -29.1602 1.7528 58.6667
      vertex -28.9789 1.4815 58.6667
    endloop
  endfacet
  facet normal -0.466769 -0.532203 0.706319
    outer loop
      vertex -28.3987 1.60132 59.2555
      vertex -28.5949 1.40511 58.978
      vertex -28.3731 1.21058 58.978
    endloop
  endfacet
  facet normal -0.297121 -0.875115 0.381958
    outer loop
      vertex -27.6964 0.401063 58.3269
      vertex -28.0871 0.375452 57.9643
      vertex -27.7353 0.256008 57.9643
    endloop
  endfacet
  facet normal -0.297055 -0.875167 0.38189
    outer loop
      vertex -28.0297 0.514194 58.3269
      vertex -28.0871 0.375452 57.9643
      vertex -27.6964 0.401063 58.3269
    endloop
  endfacet
  facet normal -0.637049 -0.726209 -0.258434
    outer loop
      vertex -28.7294 0.74625 2.03568
      vertex -29.0806 0.91944 2.41473
      vertex -29.0087 0.991259 2.03568
    endloop
  endfacet
  facet normal -0.726405 -0.636863 -0.258344
    outer loop
      vertex -29.0806 0.91944 2.41473
      vertex -29.3343 1.20881 2.41473
      vertex -29.2537 1.27064 2.03568
    endloop
  endfacet
  facet normal -0.571182 -0.651521 -0.499271
    outer loop
      vertex -28.6379 0.86539 1.67313
      vertex -28.9026 1.09745 1.67313
      vertex -28.7638 1.23619 1.33329
    endloop
  endfacet
  facet normal -0.571364 -0.651462 -0.499139
    outer loop
      vertex -28.6379 0.86539 1.67313
      vertex -28.7638 1.23619 1.33329
      vertex -28.5185 1.02105 1.33329
    endloop
  endfacet
  facet normal -0.636937 -0.726371 -0.258257
    outer loop
      vertex -28.7912 0.665672 2.41473
      vertex -29.0806 0.91944 2.41473
      vertex -28.7294 0.74625 2.03568
    endloop
  endfacet
  facet normal -0.16905 -0.849831 -0.499209
    outer loop
      vertex -27.3256 0.526932 1.33329
      vertex -27.6964 0.401063 1.67313
      vertex -27.6456 0.590587 1.33329
    endloop
  endfacet
  facet normal -0.18029 -0.906414 -0.38198
    outer loop
      vertex -27.3708 0.183514 2.03568
      vertex -27.6964 0.401063 1.67313
      vertex -27.3512 0.332401 1.67313
    endloop
  endfacet
  facet normal -0.180273 -0.906412 -0.381995
    outer loop
      vertex -27.3708 0.183514 2.03568
      vertex -27.7353 0.256008 2.03568
      vertex -27.6964 0.401063 1.67313
    endloop
  endfacet
  facet normal -0.914746 -0.310661 0.258321
    outer loop
      vertex -29.744 2.26475 57.9643
      vertex -29.8421 2.23846 57.5853
      vertex -29.6245 1.91288 57.9643
    endloop
  endfacet
  facet normal -0.875064 -0.297184 0.382028
    outer loop
      vertex -29.5989 2.30362 58.3269
      vertex -29.744 2.26475 57.9643
      vertex -29.6245 1.91288 57.9643
    endloop
  endfacet
  facet normal 0.130501 -0.00854174 -0.991411
    outer loop
      vertex 27.5803 2.92361 0.0576448
      vertex 27.1945 2.97439 0.00642395
      vertex 27.5853 3 0.0576448
    endloop
  endfacet
  facet normal 0.382515 -0.0251785 -0.923606
    outer loop
      vertex 28.3155 2.82681 0.309382
      vertex 27.9643 3 0.15921
      vertex 28.3269 3 0.309382
    endloop
  endfacet
  facet normal 0.449187 -0.221621 -0.865514
    outer loop
      vertex 28.5398 2.36218 0.505591
      vertex 28.1491 2.33657 0.309382
      vertex 28.2259 2.49223 0.309382
    endloop
  endfacet
  facet normal 0.362989 -0.123242 -0.923607
    outer loop
      vertex 28.2259 2.49223 0.309382
      vertex 27.8909 2.63097 0.15921
      vertex 28.2817 2.65658 0.309382
    endloop
  endfacet
  facet normal 0.458304 -0.401926 -0.792725
    outer loop
      vertex 28.3987 1.60132 0.744481
      vertex 28.3223 1.98537 0.505591
      vertex 28.5693 1.79585 0.744481
    endloop
  endfacet
  facet normal 0.458189 -0.401975 -0.792767
    outer loop
      vertex 28.3987 1.60132 0.744481
      vertex 28.1785 1.82146 0.505591
      vertex 28.3223 1.98537 0.505591
    endloop
  endfacet
  facet normal 0.634798 -0.313213 -0.706349
    outer loop
      vertex 28.9533 1.87224 1.02196
      vertex 28.713 2.01098 0.744481
      vertex 28.8275 2.24304 0.744481
    endloop
  endfacet
  facet normal 0.588625 -0.393183 -0.706348
    outer loop
      vertex 28.9533 1.87224 1.02196
      vertex 28.5693 1.79585 0.744481
      vertex 28.713 2.01098 0.744481
    endloop
  endfacet
  facet normal 0.77869 -0.154732 -0.608029
    outer loop
      vertex 29.4731 2.67441 1.33329
      vertex 29.1787 2.41623 1.02196
      vertex 29.2362 2.7056 1.02196
    endloop
  endfacet
  facet normal 0.778764 -0.155018 -0.607862
    outer loop
      vertex 29.4094 2.3544 1.33329
      vertex 29.1787 2.41623 1.02196
      vertex 29.4731 2.67441 1.33329
    endloop
  endfacet
  facet normal 0.597007 -0.523478 -0.607909
    outer loop
      vertex 28.7638 1.23619 1.33329
      vertex 28.5949 1.40511 1.02196
      vertex 28.7894 1.62693 1.02196
    endloop
  endfacet
  facet normal 0.523547 -0.59694 -0.607915
    outer loop
      vertex 28.7638 1.23619 1.33329
      vertex 28.3731 1.21058 1.02196
      vertex 28.5949 1.40511 1.02196
    endloop
  endfacet
  facet normal 0.221432 -0.449156 -0.865579
    outer loop
      vertex 27.8334 1.55659 0.505591
      vertex 27.6378 1.46016 0.505591
      vertex 27.6634 1.8509 0.309382
    endloop
  endfacet
  facet normal 0.401925 -0.458233 -0.792766
    outer loop
      vertex 28.2042 1.43072 0.744481
      vertex 28.0146 1.67771 0.505591
      vertex 28.3987 1.60132 0.744481
    endloop
  endfacet
  facet normal 0.338725 -0.506745 -0.792764
    outer loop
      vertex 28.2042 1.43072 0.744481
      vertex 27.8334 1.55659 0.505591
      vertex 28.0146 1.67771 0.505591
    endloop
  endfacet
  facet normal 0.39316 -0.588577 -0.706401
    outer loop
      vertex 28.1278 1.04666 1.02196
      vertex 27.989 1.28697 0.744481
      vertex 28.2042 1.43072 0.744481
    endloop
  endfacet
  facet normal 0.90637 -0.180304 -0.382079
    outer loop
      vertex 29.744 2.26475 2.03568
      vertex 29.5989 2.30362 1.67313
      vertex 29.8165 2.6292 2.03568
    endloop
  endfacet
  facet normal 0.938833 -0.318768 -0.130304
    outer loop
      vertex 29.8916 2.22521 2.80379
      vertex 29.7657 1.85441 2.80379
      vertex 29.8421 2.23846 2.41473
    endloop
  endfacet
  facet normal 0.777155 -0.383226 -0.499167
    outer loop
      vertex 29.3301 1.65469 1.67313
      vertex 29.1602 1.7528 1.33329
      vertex 29.3045 2.04543 1.33329
    endloop
  endfacet
  facet normal 0.712081 -0.351183 -0.607956
    outer loop
      vertex 29.1602 1.7528 1.33329
      vertex 28.9533 1.87224 1.02196
      vertex 29.0838 2.13685 1.02196
    endloop
  endfacet
  facet normal 0.321438 -0.946931 0
    outer loop
      vertex 27.7748 0.108427 2.80379
      vertex 28.1456 0.234296 57.1962
      vertex 27.7748 0.108427 57.1962
    endloop
  endfacet
  facet normal 0.321438 -0.946931 0
    outer loop
      vertex 28.1456 0.234296 57.1962
      vertex 27.7748 0.108427 2.80379
      vertex 28.1456 0.234296 2.80379
    endloop
  endfacet
  facet normal 0.438518 -0.889235 -0.130239
    outer loop
      vertex 28.4968 0.407487 2.80379
      vertex 28.1456 0.234296 2.80379
      vertex 28.4712 0.451845 2.41473
    endloop
  endfacet
  facet normal 0.550856 -0.824376 -0.130236
    outer loop
      vertex 28.4968 0.407487 2.80379
      vertex 28.4712 0.451845 2.41473
      vertex 28.7912 0.665672 2.41473
    endloop
  endfacet
  facet normal 0.188435 -0.947514 -0.258282
    outer loop
      vertex 27.3835 0.0867301 2.4
      vertex 27.3708 0.183514 2.03568
      vertex 27.6 0.129786 2.4
    endloop
  endfacet
  facet normal 0.188515 -0.947503 -0.258264
    outer loop
      vertex 27.6 0.129786 2.4
      vertex 27.7615 0.157903 2.41473
      vertex 27.6 0.125771 2.41473
    endloop
  endfacet
  facet normal 0.188518 -0.947484 -0.25833
    outer loop
      vertex 27.7615 0.157903 2.41473
      vertex 27.6 0.129786 2.4
      vertex 27.3708 0.183514 2.03568
    endloop
  endfacet
  facet normal 0.063185 -0.963997 -0.258296
    outer loop
      vertex 27.3708 0.183514 2.03568
      vertex 27.3691 0.0857857 2.4
      vertex 27 0.15921 2.03568
    endloop
  endfacet
  facet normal 0.063222 -0.963995 -0.258295
    outer loop
      vertex 27.3691 0.0857857 2.4
      vertex 27.3708 0.183514 2.03568
      vertex 27.3835 0.0867301 2.4
    endloop
  endfacet
  facet normal 0.441164 -0.660185 -0.607891
    outer loop
      vertex 28.2472 0.839779 1.33329
      vertex 28.1278 1.04666 1.02196
      vertex 28.3731 1.21058 1.02196
    endloop
  endfacet
  facet normal 0.351082 -0.712183 -0.607896
    outer loop
      vertex 28.2472 0.839779 1.33329
      vertex 27.8631 0.916172 1.02196
      vertex 28.1278 1.04666 1.02196
    endloop
  endfacet
  facet normal 0.513382 -0.76841 -0.382079
    outer loop
      vertex 28.7294 0.74625 2.03568
      vertex 28.4204 0.539804 2.03568
      vertex 28.6379 0.86539 1.67313
    endloop
  endfacet
  facet normal 0.441112 -0.660192 -0.60792
    outer loop
      vertex 28.5185 1.02105 1.33329
      vertex 28.2472 0.839779 1.33329
      vertex 28.3731 1.21058 1.02196
    endloop
  endfacet
  facet normal 0.768427 -0.51337 -0.382061
    outer loop
      vertex 29.4602 1.57961 2.03568
      vertex 29.1346 1.36206 1.67313
      vertex 29.3301 1.65469 1.67313
    endloop
  endfacet
  facet normal 0.651493 -0.571204 -0.499282
    outer loop
      vertex 28.9026 1.09745 1.67313
      vertex 28.7638 1.23619 1.33329
      vertex 29.1346 1.36206 1.67313
    endloop
  endfacet
  facet normal 0.637049 -0.726209 -0.258434
    outer loop
      vertex 29.0806 0.91944 2.41473
      vertex 28.7294 0.74625 2.03568
      vertex 29.0087 0.991259 2.03568
    endloop
  endfacet
  facet normal 0.636937 -0.726371 -0.258257
    outer loop
      vertex 28.7912 0.665672 2.41473
      vertex 28.7294 0.74625 2.03568
      vertex 29.0806 0.91944 2.41473
    endloop
  endfacet
  facet normal 0.278493 -0.820504 -0.499214
    outer loop
      vertex 27.6964 0.401063 1.67313
      vertex 27.6456 0.590587 1.33329
      vertex 27.9546 0.695467 1.33329
    endloop
  endfacet
  facet normal 0.0462985 -0.706341 -0.706356
    outer loop
      vertex 27.2944 0.763778 1.02196
      vertex 27 0.744481 1.02196
      vertex 27.2582 1.03889 0.744481
    endloop
  endfacet
  facet normal 0.118891 -0.597871 -0.792726
    outer loop
      vertex 27.512 1.08936 0.744481
      vertex 27.2582 1.03889 0.744481
      vertex 27.4314 1.39008 0.505591
    endloop
  endfacet
  facet normal 0.227603 -0.670309 -0.706316
    outer loop
      vertex 27.8631 0.916172 1.02196
      vertex 27.5838 0.821336 1.02196
      vertex 27.757 1.17253 0.744481
    endloop
  endfacet
  facet normal 0.571281 0.651489 -0.499199
    outer loop
      vertex 28.7638 32.7638 1.33329
      vertex 28.5185 32.9789 1.33329
      vertex 28.6379 33.1346 1.67313
    endloop
  endfacet
  facet normal 0.694986 0.60913 -0.382039
    outer loop
      vertex 29.1346 32.6379 1.67313
      vertex 28.9026 32.9026 1.67313
      vertex 29.2537 32.7294 2.03568
    endloop
  endfacet
  facet normal 0.651558 0.571067 -0.499354
    outer loop
      vertex 29.1346 32.6379 1.67313
      vertex 28.7638 32.7638 1.33329
      vertex 28.9026 32.9026 1.67313
    endloop
  endfacet
  facet normal 0.651489 0.571281 -0.499199
    outer loop
      vertex 28.9789 32.5185 1.33329
      vertex 28.7638 32.7638 1.33329
      vertex 29.1346 32.6379 1.67313
    endloop
  endfacet
  facet normal 0.0463066 0.706356 -0.706341
    outer loop
      vertex 27.2582 32.9611 0.744481
      vertex 27 33.2555 1.02196
      vertex 27.2944 33.2362 1.02196
    endloop
  endfacet
  facet normal 0.138122 0.694164 -0.706441
    outer loop
      vertex 27.512 32.9106 0.744481
      vertex 27.2582 32.9611 0.744481
      vertex 27.5838 33.1787 1.02196
    endloop
  endfacet
  facet normal 0.056565 0.864674 -0.499138
    outer loop
      vertex 27.3256 33.4731 1.33329
      vertex 27 33.4944 1.33329
      vertex 27.3512 33.6676 1.67313
    endloop
  endfacet
  facet normal 0.169134 0.849856 -0.499137
    outer loop
      vertex 27.6964 33.5989 1.67313
      vertex 27.3256 33.4731 1.33329
      vertex 27.3512 33.6676 1.67313
    endloop
  endfacet
  facet normal 0.161072 0.474254 -0.865528
    outer loop
      vertex 27.6378 32.5398 0.505591
      vertex 27.3434 32.2817 0.309382
      vertex 27.4314 32.6099 0.505591
    endloop
  endfacet
  facet normal 0.0249207 0.382625 -0.923568
    outer loop
      vertex 27.1259 31.9561 0.15921
      vertex 27 31.9643 0.15921
      vertex 27.1732 32.3155 0.309382
    endloop
  endfacet
  facet normal 0.0326295 0.499782 -0.865536
    outer loop
      vertex 27.2175 32.6525 0.505591
      vertex 27 32.3269 0.309382
      vertex 27 32.6667 0.505591
    endloop
  endfacet
  facet normal 0.466807 0.532204 -0.706294
    outer loop
      vertex 28.3987 32.3987 0.744481
      vertex 28.2042 32.5693 0.744481
      vertex 28.3731 32.7894 1.02196
    endloop
  endfacet
  facet normal 0.252628 0.288501 -0.923551
    outer loop
      vertex 27.6819 31.6819 0.15921
      vertex 27.587 31.765 0.15921
      vertex 27.9382 31.9382 0.309382
    endloop
  endfacet
  facet normal 0.0169363 0.258786 -0.965786
    outer loop
      vertex 27.0764 31.5803 0.0576448
      vertex 27 31.5853 0.0576448
      vertex 27.1259 31.9561 0.15921
    endloop
  endfacet
  facet normal -0.0168567 0.258812 -0.965781
    outer loop
      vertex -27 31.5853 0.0576448
      vertex -27.1259 31.9561 0.15921
      vertex -27 31.9643 0.15921
    endloop
  endfacet
  facet normal -0.0747788 0.376022 -0.923588
    outer loop
      vertex -27.2496 31.9315 0.15921
      vertex -27.3434 32.2817 0.309382
      vertex -27.1259 31.9561 0.15921
    endloop
  endfacet
  facet normal -0.098179 -0.0864789 -0.991404
    outer loop
      vertex -27.1387 2.86126 0.00642395
      vertex -27.4643 2.64371 0.0576448
      vertex -27.1557 2.88056 0.00642395
    endloop
  endfacet
  facet normal 0.0982773 0.0863131 -0.991409
    outer loop
      vertex 27.4643 31.3563 0.0576448
      vertex 27.1387 31.1387 0.00642395
      vertex 27.4138 31.4138 0.0576448
    endloop
  endfacet
  facet normal -0.0254512 0.128274 -0.991412
    outer loop
      vertex -27.0508 31.1895 0.00642395
      vertex -27.0764 31.5803 0.0576448
      vertex -27.0256 31.1945 0.00642395
    endloop
  endfacet
  facet normal -0.245578 -0.0833386 -0.965788
    outer loop
      vertex -27.5407 2.77603 0.0576448
      vertex -27.8909 2.63097 0.15921
      vertex -27.5653 2.84852 0.0576448
    endloop
  endfacet
  facet normal 0.577096 0.196 -0.792808
    outer loop
      vertex 28.6099 31.4314 0.505591
      vertex 28.5398 31.6378 0.505591
      vertex 28.8275 31.757 0.744481
    endloop
  endfacet
  facet normal 0.793343 0 -0.608774
    outer loop
      vertex 29.4944 3 1.33329
      vertex 29.2555 31 1.02196
      vertex 29.4944 31 1.33329
    endloop
  endfacet
  facet normal 0.793343 0 -0.608774
    outer loop
      vertex 29.2555 31 1.02196
      vertex 29.4944 3 1.33329
      vertex 29.2555 3 1.02196
    endloop
  endfacet
  facet normal 0.506995 0.338546 -0.792681
    outer loop
      vertex 28.713 31.989 0.744481
      vertex 28.4434 31.8334 0.505591
      vertex 28.5693 32.2042 0.744481
    endloop
  endfacet
  facet normal 0.546675 0.269803 -0.792687
    outer loop
      vertex 28.8275 31.757 0.744481
      vertex 28.4434 31.8334 0.505591
      vertex 28.713 31.989 0.744481
    endloop
  endfacet
  facet normal 0.670268 0.227344 -0.706439
    outer loop
      vertex 28.9106 31.512 0.744481
      vertex 28.8275 31.757 0.744481
      vertex 29.1787 31.5838 1.02196
    endloop
  endfacet
  facet normal 0.778691 0.154716 -0.608033
    outer loop
      vertex 29.2362 31.2944 1.02196
      vertex 29.1787 31.5838 1.02196
      vertex 29.4731 31.3256 1.33329
    endloop
  endfacet
  facet normal 0.712151 0.351098 -0.607924
    outer loop
      vertex 29.0838 31.8631 1.02196
      vertex 28.9533 32.1278 1.02196
      vertex 29.1602 32.2472 1.33329
    endloop
  endfacet
  facet normal 0.712065 0.351165 -0.607986
    outer loop
      vertex 29.3045 31.9546 1.33329
      vertex 29.0838 31.8631 1.02196
      vertex 29.1602 32.2472 1.33329
    endloop
  endfacet
  facet normal 0.258812 0.0168567 -0.965781
    outer loop
      vertex 27.9643 31 0.15921
      vertex 27.5853 31 0.0576448
      vertex 27.9561 31.1259 0.15921
    endloop
  endfacet
  facet normal 0.376078 0.0746852 -0.923573
    outer loop
      vertex 28.3155 31.1732 0.309382
      vertex 27.9561 31.1259 0.15921
      vertex 28.2817 31.3434 0.309382
    endloop
  endfacet
  facet normal 0.376449 0.330294 -0.865559
    outer loop
      vertex 28.0527 31.8077 0.309382
      vertex 27.9382 31.9382 0.309382
      vertex 28.1785 32.1785 0.505591
    endloop
  endfacet
  facet normal 0.108721 0.0727084 -0.99141
    outer loop
      vertex 27.5069 31.2926 0.0576448
      vertex 27.1699 31.0981 0.00642395
      vertex 27.4643 31.3563 0.0576448
    endloop
  endfacet
  facet normal 0.474275 -0.161048 -0.865521
    outer loop
      vertex 28.5398 2.36218 0.505591
      vertex 28.2817 2.65658 0.309382
      vertex 28.6099 2.56862 0.505591
    endloop
  endfacet
  facet normal 0.491212 -0.0978612 -0.865525
    outer loop
      vertex 28.6099 2.56862 0.505591
      vertex 28.2817 2.65658 0.309382
      vertex 28.6525 2.78245 0.505591
    endloop
  endfacet
  facet normal 0.128263 0.0256183 -0.991409
    outer loop
      vertex 27.5803 31.0764 0.0576448
      vertex 27.1895 31.0508 0.00642395
      vertex 27.5653 31.1515 0.0576448
    endloop
  endfacet
  facet normal 0.376022 0.0747788 -0.923588
    outer loop
      vertex 27.9561 31.1259 0.15921
      vertex 27.9315 31.2496 0.15921
      vertex 28.2817 31.3434 0.309382
    endloop
  endfacet
  facet normal 0.596995 0.523515 -0.607889
    outer loop
      vertex 28.7894 32.3731 1.02196
      vertex 28.5949 32.5949 1.02196
      vertex 28.7638 32.7638 1.33329
    endloop
  endfacet
  facet normal 0.532204 0.466807 -0.706294
    outer loop
      vertex 28.5693 32.2042 0.744481
      vertex 28.3987 32.3987 0.744481
      vertex 28.7894 32.3731 1.02196
    endloop
  endfacet
  facet normal -0.137948 0.694299 -0.706343
    outer loop
      vertex -27.2582 32.9611 0.744481
      vertex -27.5838 33.1787 1.02196
      vertex -27.2944 33.2362 1.02196
    endloop
  endfacet
  facet normal -0.0463066 0.706356 -0.706341
    outer loop
      vertex -27.2582 32.9611 0.744481
      vertex -27.2944 33.2362 1.02196
      vertex -27 33.2555 1.02196
    endloop
  endfacet
  facet normal -0.180384 0.906385 -0.382006
    outer loop
      vertex -27.3512 33.6676 1.67313
      vertex -27.6964 33.5989 1.67313
      vertex -27.3708 33.8165 2.03568
    endloop
  endfacet
  facet normal -0.0603936 0.922184 -0.382008
    outer loop
      vertex -27.3512 33.6676 1.67313
      vertex -27.3708 33.8165 2.03568
      vertex -27 33.6906 1.67313
    endloop
  endfacet
  facet normal -0.33029 0.376457 -0.865557
    outer loop
      vertex -27.8077 32.0527 0.309382
      vertex -28.1785 32.1785 0.505591
      vertex -28.0146 32.3223 0.505591
    endloop
  endfacet
  facet normal -0.376449 0.330294 -0.865559
    outer loop
      vertex -28.0527 31.8077 0.309382
      vertex -28.1785 32.1785 0.505591
      vertex -27.9382 31.9382 0.309382
    endloop
  endfacet
  facet normal -0.144194 0.215572 -0.965783
    outer loop
      vertex -27.2926 31.5069 0.0576448
      vertex -27.587 31.765 0.15921
      vertex -27.4822 31.8351 0.15921
    endloop
  endfacet
  facet normal -0.11467 0.232628 -0.965782
    outer loop
      vertex -27.2926 31.5069 0.0576448
      vertex -27.4822 31.8351 0.15921
      vertex -27.369 31.8909 0.15921
    endloop
  endfacet
  facet normal -0.161072 0.474254 -0.865528
    outer loop
      vertex -27.3434 32.2817 0.309382
      vertex -27.6378 32.5398 0.505591
      vertex -27.4314 32.6099 0.505591
    endloop
  endfacet
  facet normal -0.269803 0.546675 -0.792687
    outer loop
      vertex -27.8334 32.4434 0.505591
      vertex -27.989 32.713 0.744481
      vertex -27.757 32.8275 0.744481
    endloop
  endfacet
  facet normal -0.571067 0.651558 -0.499354
    outer loop
      vertex -28.7638 32.7638 1.33329
      vertex -28.9026 32.9026 1.67313
      vertex -28.6379 33.1346 1.67313
    endloop
  endfacet
  facet normal -0.313061 0.634998 -0.706237
    outer loop
      vertex -27.757 32.8275 0.744481
      vertex -28.1278 32.9533 1.02196
      vertex -27.8631 33.0838 1.02196
    endloop
  endfacet
  facet normal -0.506764 0.338682 -0.79277
    outer loop
      vertex -28.4434 31.8334 0.505591
      vertex -28.5693 32.2042 0.744481
      vertex -28.3223 32.0146 0.505591
    endloop
  endfacet
  facet normal -0.506995 0.338546 -0.792681
    outer loop
      vertex -28.4434 31.8334 0.505591
      vertex -28.713 31.989 0.744481
      vertex -28.5693 32.2042 0.744481
    endloop
  endfacet
  facet normal -0.481391 0.720486 -0.499162
    outer loop
      vertex -28.2472 33.1602 1.33329
      vertex -28.6379 33.1346 1.67313
      vertex -28.3453 33.3301 1.67313
    endloop
  endfacet
  facet normal -0.38326 0.777143 -0.49916
    outer loop
      vertex -28.2472 33.1602 1.33329
      vertex -28.3453 33.3301 1.67313
      vertex -27.9546 33.3045 1.33329
    endloop
  endfacet
  facet normal -0.792277 0.0518289 -0.607956
    outer loop
      vertex -29.2555 31 1.02196
      vertex -29.4944 31 1.33329
      vertex -29.4731 31.3256 1.33329
    endloop
  endfacet
  facet normal -0.864674 0.056565 -0.499138
    outer loop
      vertex -29.4944 31 1.33329
      vertex -29.6676 31.3512 1.67313
      vertex -29.4731 31.3256 1.33329
    endloop
  endfacet
  facet normal -0.77877 0.155024 -0.607853
    outer loop
      vertex -29.1787 31.5838 1.02196
      vertex -29.4731 31.3256 1.33329
      vertex -29.4094 31.6456 1.33329
    endloop
  endfacet
  facet normal -0.751909 0.25526 -0.607845
    outer loop
      vertex -29.1787 31.5838 1.02196
      vertex -29.4094 31.6456 1.33329
      vertex -29.3045 31.9546 1.33329
    endloop
  endfacet
  facet normal -0.914769 -0.310487 -0.25845
    outer loop
      vertex -29.7184 1.87401 2.41473
      vertex -29.8421 2.23846 2.41473
      vertex -29.6245 1.91288 2.03568
    endloop
  endfacet
  facet normal -0.914754 -0.310663 -0.25829
    outer loop
      vertex -29.6245 1.91288 2.03568
      vertex -29.8421 2.23846 2.41473
      vertex -29.744 2.26475 2.03568
    endloop
  endfacet
  facet normal -0.69492 -0.60928 -0.381921
    outer loop
      vertex -28.9026 1.09745 1.67313
      vertex -29.2537 1.27064 2.03568
      vertex -29.1346 1.36206 1.67313
    endloop
  endfacet
  facet normal -0.875046 -0.297178 -0.382073
    outer loop
      vertex -29.6245 1.91288 2.03568
      vertex -29.744 2.26475 2.03568
      vertex -29.5989 2.30362 1.67313
    endloop
  endfacet
  facet normal -0.491212 0.097829 -0.865529
    outer loop
      vertex -28.2817 31.3434 0.309382
      vertex -28.6525 31.2175 0.505591
      vertex -28.6099 31.4314 0.505591
    endloop
  endfacet
  facet normal -0.597908 0.119079 -0.79267
    outer loop
      vertex -28.6525 31.2175 0.505591
      vertex -28.9611 31.2582 0.744481
      vertex -28.6099 31.4314 0.505591
    endloop
  endfacet
  facet normal -0.49965 0.0328869 -0.865603
    outer loop
      vertex -28.3269 31 0.309382
      vertex -28.6525 31.2175 0.505591
      vertex -28.3155 31.1732 0.309382
    endloop
  endfacet
  facet normal -0.491149 0.0975372 -0.865598
    outer loop
      vertex -28.3155 31.1732 0.309382
      vertex -28.6525 31.2175 0.505591
      vertex -28.2817 31.3434 0.309382
    endloop
  endfacet
  facet normal -0.108698 -0.0727383 -0.99141
    outer loop
      vertex -27.4643 2.64371 0.0576448
      vertex -27.5069 2.70737 0.0576448
      vertex -27.1699 2.9019 0.00642395
    endloop
  endfacet
  facet normal 0.12397 -0.0418164 -0.991404
    outer loop
      vertex 27.5407 2.77603 0.0576448
      vertex 27.1813 2.92491 0.00642395
      vertex 27.1895 2.94922 0.00642395
    endloop
  endfacet
  facet normal -0.128271 -0.025481 -0.991412
    outer loop
      vertex -27.1895 2.94922 0.00642395
      vertex -27.5803 2.92361 0.0576448
      vertex -27.1945 2.97439 0.00642395
    endloop
  endfacet
  facet normal 0.0727084 0.108721 -0.99141
    outer loop
      vertex 27.3563 31.4643 0.0576448
      vertex 27.0981 31.1699 0.00642395
      vertex 27.2926 31.5069 0.0576448
    endloop
  endfacet
  facet normal 0.144132 -0.215571 -0.965792
    outer loop
      vertex 27.4822 2.16488 0.15921
      vertex 27.2926 2.49314 0.0576448
      vertex 27.587 2.23495 0.15921
    endloop
  endfacet
  facet normal 0.318697 -0.213011 -0.923612
    outer loop
      vertex 28.0527 2.19226 0.309382
      vertex 27.765 2.41296 0.15921
      vertex 27.8351 2.51784 0.15921
    endloop
  endfacet
  facet normal 0.0727565 -0.108676 -0.991411
    outer loop
      vertex 27.3563 2.53567 0.0576448
      vertex 27.0981 2.83008 0.00642395
      vertex 27.1194 2.84434 0.00642395
    endloop
  endfacet
  facet normal 0.28839 -0.252691 -0.923568
    outer loop
      vertex 27.9382 2.06176 0.309382
      vertex 27.6819 2.31812 0.15921
      vertex 27.765 2.41296 0.15921
    endloop
  endfacet
  facet normal 0 -0.500004 -0.866023
    outer loop
      vertex -27 1.33329 0.505591
      vertex -14 1.67313 0.309382
      vertex -14 1.33329 0.505591
    endloop
  endfacet
  facet normal -0 -0.500004 -0.866023
    outer loop
      vertex -14 1.67313 0.309382
      vertex -27 1.33329 0.505591
      vertex -27 1.67313 0.309382
    endloop
  endfacet
  facet normal 0 -0.500004 -0.866023
    outer loop
      vertex -2 1.33329 0.505591
      vertex 27 1.67313 0.309382
      vertex 27 1.33329 0.505591
    endloop
  endfacet
  facet normal -0 -0.500004 -0.866023
    outer loop
      vertex 27 1.67313 0.309382
      vertex -2 1.33329 0.505591
      vertex -2 1.67313 0.309382
    endloop
  endfacet
  facet normal 0.0327767 -0.49973 -0.865561
    outer loop
      vertex 27.2175 1.34755 0.505591
      vertex 27 1.67313 0.309382
      vertex 27.1732 1.68449 0.309382
    endloop
  endfacet
  facet normal 0.0748072 -0.376024 -0.923585
    outer loop
      vertex 27.1732 1.68449 0.309382
      vertex 27.1259 2.04393 0.15921
      vertex 27.3434 1.71835 0.309382
    endloop
  endfacet
  facet normal 0.362991 -0.123377 -0.923588
    outer loop
      vertex 28.2817 2.65658 0.309382
      vertex 27.8909 2.63097 0.15921
      vertex 27.9315 2.75042 0.15921
    endloop
  endfacet
  facet normal 0.232657 -0.114533 -0.965791
    outer loop
      vertex 27.8909 2.63097 0.15921
      vertex 27.5069 2.70737 0.0576448
      vertex 27.5407 2.77603 0.0576448
    endloop
  endfacet
  facet normal -0.0862172 -0.0983447 -0.991411
    outer loop
      vertex -27.1194 2.84434 0.00642395
      vertex -27.3563 2.53567 0.0576448
      vertex -27.1387 2.86126 0.00642395
    endloop
  endfacet
  facet normal 0.130508 -0.00866319 -0.991409
    outer loop
      vertex 27.5853 3 0.0576448
      vertex 27.1945 2.97439 0.00642395
      vertex 27.1962 3 0.00642395
    endloop
  endfacet
  facet normal -0.057883 -0.117296 -0.991409
    outer loop
      vertex -27.0751 2.81873 0.00642395
      vertex -27.224 2.45928 0.0576448
      vertex -27.0981 2.83008 0.00642395
    endloop
  endfacet
  facet normal -0.0420495 -0.123855 -0.991409
    outer loop
      vertex -27.0508 2.81048 0.00642395
      vertex -27.224 2.45928 0.0576448
      vertex -27.0751 2.81873 0.00642395
    endloop
  endfacet
  facet normal -0.123292 -0.363035 -0.923582
    outer loop
      vertex -27.3434 1.71835 0.309382
      vertex -27.369 2.10909 0.15921
      vertex -27.2496 2.06854 0.15921
    endloop
  endfacet
  facet normal -0.0748095 -0.376023 -0.923585
    outer loop
      vertex -27.1259 2.04393 0.15921
      vertex -27.3434 1.71835 0.309382
      vertex -27.2496 2.06854 0.15921
    endloop
  endfacet
  facet normal -0.597917 -0.119119 -0.792658
    outer loop
      vertex -28.6099 2.56862 0.505591
      vertex -28.9611 2.74181 0.744481
      vertex -28.6525 2.78245 0.505591
    endloop
  endfacet
  facet normal -0.491212 -0.0978612 -0.865525
    outer loop
      vertex -28.6099 2.56862 0.505591
      vertex -28.6525 2.78245 0.505591
      vertex -28.2817 2.65658 0.309382
    endloop
  endfacet
  facet normal -0.5773 -0.195803 -0.792708
    outer loop
      vertex -28.8275 2.24304 0.744481
      vertex -28.9106 2.48805 0.744481
      vertex -28.6099 2.56862 0.505591
    endloop
  endfacet
  facet normal -0.577132 -0.195974 -0.792788
    outer loop
      vertex -28.5398 2.36218 0.505591
      vertex -28.8275 2.24304 0.744481
      vertex -28.6099 2.56862 0.505591
    endloop
  endfacet
  facet normal -0.449187 -0.221621 -0.865514
    outer loop
      vertex -28.1491 2.33657 0.309382
      vertex -28.5398 2.36218 0.505591
      vertex -28.2259 2.49223 0.309382
    endloop
  endfacet
  facet normal -0.474291 -0.161031 -0.865516
    outer loop
      vertex -28.2259 2.49223 0.309382
      vertex -28.5398 2.36218 0.505591
      vertex -28.2817 2.65658 0.309382
    endloop
  endfacet
  facet normal -0.252768 -0.288265 -0.923586
    outer loop
      vertex -27.8077 1.94733 0.309382
      vertex -27.9382 2.06176 0.309382
      vertex -27.587 2.23495 0.15921
    endloop
  endfacet
  facet normal -0.330185 -0.376555 -0.865554
    outer loop
      vertex -27.8077 1.94733 0.309382
      vertex -28.1785 1.82146 0.505591
      vertex -27.9382 2.06176 0.309382
    endloop
  endfacet
  facet normal -0.376449 -0.330294 -0.865559
    outer loop
      vertex -27.9382 2.06176 0.309382
      vertex -28.1785 1.82146 0.505591
      vertex -28.0527 2.19226 0.309382
    endloop
  endfacet
  facet normal -0.288153 -0.252824 -0.923606
    outer loop
      vertex -27.9382 2.06176 0.309382
      vertex -28.0527 2.19226 0.309382
      vertex -27.765 2.41296 0.15921
    endloop
  endfacet
  facet normal -0.416444 -0.278196 -0.865553
    outer loop
      vertex -28.3223 1.98537 0.505591
      vertex -28.4434 2.16665 0.505591
      vertex -28.0527 2.19226 0.309382
    endloop
  endfacet
  facet normal -0.376472 -0.330283 -0.865553
    outer loop
      vertex -28.1785 1.82146 0.505591
      vertex -28.3223 1.98537 0.505591
      vertex -28.0527 2.19226 0.309382
    endloop
  endfacet
  facet normal -0.506907 -0.338598 -0.792715
    outer loop
      vertex -28.5693 1.79585 0.744481
      vertex -28.713 2.01098 0.744481
      vertex -28.4434 2.16665 0.505591
    endloop
  endfacet
  facet normal -0.588625 -0.393183 -0.706348
    outer loop
      vertex -28.5693 1.79585 0.744481
      vertex -28.9533 1.87224 1.02196
      vertex -28.713 2.01098 0.744481
    endloop
  endfacet
  facet normal -0.720402 -0.481419 -0.499256
    outer loop
      vertex -29.1346 1.36206 1.67313
      vertex -29.1602 1.7528 1.33329
      vertex -28.9789 1.4815 1.33329
    endloop
  endfacet
  facet normal -0.597007 -0.523478 -0.607909
    outer loop
      vertex -28.7638 1.23619 1.33329
      vertex -28.7894 1.62693 1.02196
      vertex -28.5949 1.40511 1.02196
    endloop
  endfacet
  facet normal -0.408803 -0.82883 -0.381997
    outer loop
      vertex -28.0297 0.514194 1.67313
      vertex -28.4204 0.539804 2.03568
      vertex -28.3453 0.669857 1.67313
    endloop
  endfacet
  facet normal -0.4814 -0.720489 -0.499148
    outer loop
      vertex -28.2472 0.839779 1.33329
      vertex -28.6379 0.86539 1.67313
      vertex -28.5185 1.02105 1.33329
    endloop
  endfacet
  facet normal -0.401916 -0.458254 -0.792759
    outer loop
      vertex -28.0146 1.67771 0.505591
      vertex -28.3987 1.60132 0.744481
      vertex -28.1785 1.82146 0.505591
    endloop
  endfacet
  facet normal -0.393301 -0.588559 -0.706338
    outer loop
      vertex -28.1278 1.04666 1.02196
      vertex -28.3731 1.21058 1.02196
      vertex -28.2042 1.43072 0.744481
    endloop
  endfacet
  facet normal -0.382625 0.0249207 -0.923568
    outer loop
      vertex -27.9643 31 0.15921
      vertex -28.3155 31.1732 0.309382
      vertex -27.9561 31.1259 0.15921
    endloop
  endfacet
  facet normal -0.376078 0.0746852 -0.923573
    outer loop
      vertex -27.9561 31.1259 0.15921
      vertex -28.3155 31.1732 0.309382
      vertex -28.2817 31.3434 0.309382
    endloop
  endfacet
  facet normal -0.2455 0.0834782 -0.965796
    outer loop
      vertex -27.5653 31.1515 0.0576448
      vertex -27.9315 31.2496 0.15921
      vertex -27.8909 31.369 0.15921
    endloop
  endfacet
  facet normal -0.362989 0.123428 -0.923582
    outer loop
      vertex -27.9315 31.2496 0.15921
      vertex -28.2817 31.3434 0.309382
      vertex -27.8909 31.369 0.15921
    endloop
  endfacet
  facet normal -0.0255042 -0.12829 -0.991409
    outer loop
      vertex -27.0764 2.41974 0.0576448
      vertex -27.1515 2.43467 0.0576448
      vertex -27.0508 2.81048 0.00642395
    endloop
  endfacet
  facet normal -0.0505654 -0.254351 -0.965789
    outer loop
      vertex -27.1259 2.04393 0.15921
      vertex -27.1515 2.43467 0.0576448
      vertex -27.0764 2.41974 0.0576448
    endloop
  endfacet
  facet normal -0.362991 -0.123377 -0.923588
    outer loop
      vertex -27.8909 2.63097 0.15921
      vertex -28.2817 2.65658 0.309382
      vertex -27.9315 2.75042 0.15921
    endloop
  endfacet
  facet normal -0.108847 0.0725646 -0.991406
    outer loop
      vertex -27.1699 31.0981 0.00642395
      vertex -27.4643 31.3563 0.0576448
      vertex -27.1557 31.1194 0.00642395
    endloop
  endfacet
  facet normal -0.123864 -0.042034 -0.991409
    outer loop
      vertex -27.5407 2.77603 0.0576448
      vertex -27.5653 2.84852 0.0576448
      vertex -27.1895 2.94922 0.00642395
    endloop
  endfacet
  facet normal -0.245509 -0.0834462 -0.965796
    outer loop
      vertex -27.8909 2.63097 0.15921
      vertex -27.9315 2.75042 0.15921
      vertex -27.5653 2.84852 0.0576448
    endloop
  endfacet
  facet normal 0.00866658 0.130508 -0.991409
    outer loop
      vertex 27.0256 31.1945 0.00642395
      vertex 27 31.1962 0.00642395
      vertex 27 31.5853 0.0576448
    endloop
  endfacet
  facet normal 0.0420287 0.123865 -0.991409
    outer loop
      vertex 27.224 31.5407 0.0576448
      vertex 27.0508 31.1895 0.00642395
      vertex 27.1515 31.5653 0.0576448
    endloop
  endfacet
  facet normal -0.215572 0.144194 -0.965783
    outer loop
      vertex -27.5069 31.2926 0.0576448
      vertex -27.8351 31.4822 0.15921
      vertex -27.765 31.587 0.15921
    endloop
  endfacet
  facet normal -0.318615 0.21312 -0.923615
    outer loop
      vertex -27.8351 31.4822 0.15921
      vertex -28.0527 31.8077 0.309382
      vertex -27.765 31.587 0.15921
    endloop
  endfacet
  facet normal -0.058101 0.117221 -0.991405
    outer loop
      vertex -27.0981 31.1699 0.00642395
      vertex -27.224 31.5407 0.0576448
      vertex -27.0751 31.1813 0.00642395
    endloop
  endfacet
  facet normal -0.128263 0.0256183 -0.991409
    outer loop
      vertex -27.1895 31.0508 0.00642395
      vertex -27.5803 31.0764 0.0576448
      vertex -27.5653 31.1515 0.0576448
    endloop
  endfacet
  facet normal 0.123864 -0.042034 -0.991409
    outer loop
      vertex 27.5407 2.77603 0.0576448
      vertex 27.1895 2.94922 0.00642395
      vertex 27.5653 2.84852 0.0576448
    endloop
  endfacet
  facet normal 0.571264 0.65147 0.499243
    outer loop
      vertex 28.6379 33.1346 58.3269
      vertex 28.5185 32.9789 58.6667
      vertex 28.7638 32.7638 58.6667
    endloop
  endfacet
  facet normal 0.523496 0.596974 0.607926
    outer loop
      vertex 28.7638 32.7638 58.6667
      vertex 28.3731 32.7894 58.978
      vertex 28.5949 32.5949 58.978
    endloop
  endfacet
  facet normal 0.828773 0.408872 0.382045
    outer loop
      vertex 29.4602 32.4204 57.9643
      vertex 29.3301 32.3453 58.3269
      vertex 29.4858 32.0297 58.3269
    endloop
  endfacet
  facet normal 0.866472 0.427127 0.258437
    outer loop
      vertex 29.5482 32.4712 57.5853
      vertex 29.4602 32.4204 57.9643
      vertex 29.6245 32.0871 57.9643
    endloop
  endfacet
  facet normal 0.636828 0.726441 0.25833
    outer loop
      vertex 28.7912 33.3343 57.5853
      vertex 28.7294 33.2537 57.9643
      vertex 29.0806 33.0806 57.5853
    endloop
  endfacet
  facet normal 0.53677 0.803205 0.25834
    outer loop
      vertex 28.7912 33.3343 57.5853
      vertex 28.4204 33.4602 57.9643
      vertex 28.7294 33.2537 57.9643
    endloop
  endfacet
  facet normal 0.69485 0.609518 0.38167
    outer loop
      vertex 29.0087 33.0087 57.9643
      vertex 28.9026 32.9026 58.3269
      vertex 29.2537 32.7294 57.9643
    endloop
  endfacet
  facet normal 0.726186 0.637005 0.258611
    outer loop
      vertex 29.0806 33.0806 57.5853
      vertex 29.0087 33.0087 57.9643
      vertex 29.2537 32.7294 57.9643
    endloop
  endfacet
  facet normal -0.438454 0.889274 0.130189
    outer loop
      vertex -28.1456 33.7657 57.1962
      vertex -28.4712 33.5482 57.5853
      vertex -28.126 33.7184 57.5853
    endloop
  endfacet
  facet normal -0.427127 0.866472 0.258437
    outer loop
      vertex -28.0871 33.6245 57.9643
      vertex -28.4712 33.5482 57.5853
      vertex -28.4204 33.4602 57.9643
    endloop
  endfacet
  facet normal -0.609143 0.695 0.381994
    outer loop
      vertex -28.7294 33.2537 57.9643
      vertex -28.9026 32.9026 58.3269
      vertex -28.6379 33.1346 58.3269
    endloop
  endfacet
  facet normal -0.383338 0.777016 0.499298
    outer loop
      vertex -28.0297 33.4858 58.3269
      vertex -28.3453 33.3301 58.3269
      vertex -27.9546 33.3045 58.6667
    endloop
  endfacet
  facet normal -0.427187 0.866421 0.258508
    outer loop
      vertex -28.126 33.7184 57.5853
      vertex -28.4712 33.5482 57.5853
      vertex -28.0871 33.6245 57.9643
    endloop
  endfacet
  facet normal -0.513502 0.768387 0.381965
    outer loop
      vertex -28.4204 33.4602 57.9643
      vertex -28.7294 33.2537 57.9643
      vertex -28.6379 33.1346 58.3269
    endloop
  endfacet
  facet normal -0.706382 -0.0463083 0.706315
    outer loop
      vertex -28.9611 2.74181 59.2555
      vertex -29.2555 3 58.978
      vertex -29.2362 2.7056 58.978
    endloop
  endfacet
  facet normal -0.499629 -0.0328874 0.865615
    outer loop
      vertex -28.3269 3 59.6906
      vertex -28.6525 2.78245 59.4944
      vertex -28.3155 2.82681 59.6906
    endloop
  endfacet
  facet normal -0.588636 -0.393288 0.706281
    outer loop
      vertex -28.5693 1.79585 59.2555
      vertex -28.9533 1.87224 58.978
      vertex -28.7894 1.62693 58.978
    endloop
  endfacet
  facet normal -0.330174 -0.376542 0.865564
    outer loop
      vertex -27.9382 2.06176 59.6906
      vertex -28.1785 1.82146 59.4944
      vertex -27.8077 1.94733 59.6906
    endloop
  endfacet
  facet normal -0.778662 -0.154726 0.608066
    outer loop
      vertex -29.2362 2.7056 58.978
      vertex -29.4731 2.67441 58.6667
      vertex -29.1787 2.41623 58.978
    endloop
  endfacet
  facet normal -0.792249 -0.0518287 0.607993
    outer loop
      vertex -29.2555 3 58.978
      vertex -29.4944 3 58.6667
      vertex -29.4731 2.67441 58.6667
    endloop
  endfacet
  facet normal -0.751772 -0.255363 0.607971
    outer loop
      vertex -29.1787 2.41623 58.978
      vertex -29.3045 2.04543 58.6667
      vertex -29.0838 2.13685 58.978
    endloop
  endfacet
  facet normal -0.660154 -0.441072 0.607991
    outer loop
      vertex -28.9533 1.87224 58.978
      vertex -29.1602 1.7528 58.6667
      vertex -28.7894 1.62693 58.978
    endloop
  endfacet
  facet normal -0.803205 0.53677 0.25834
    outer loop
      vertex -29.3343 32.7912 57.5853
      vertex -29.4602 32.4204 57.9643
      vertex -29.2537 32.7294 57.9643
    endloop
  endfacet
  facet normal -0.768387 0.513502 0.381965
    outer loop
      vertex -29.2537 32.7294 57.9643
      vertex -29.4602 32.4204 57.9643
      vertex -29.1346 32.6379 58.3269
    endloop
  endfacet
  facet normal -0.338691 0.506778 0.792758
    outer loop
      vertex -27.8334 32.4434 59.4944
      vertex -28.2042 32.5693 59.2555
      vertex -28.0146 32.3223 59.4944
    endloop
  endfacet
  facet normal -0.596988 0.52349 0.607917
    outer loop
      vertex -28.7638 32.7638 58.6667
      vertex -28.9789 32.5185 58.6667
      vertex -28.7894 32.3731 58.978
    endloop
  endfacet
  facet normal -0.195129 0.170866 0.965779
    outer loop
      vertex -27.6819 31.6819 59.8408
      vertex -27.765 31.587 59.8408
      vertex -27.4138 31.4138 59.9424
    endloop
  endfacet
  facet normal -0.170866 0.195129 0.965779
    outer loop
      vertex -27.587 31.765 59.8408
      vertex -27.6819 31.6819 59.8408
      vertex -27.4138 31.4138 59.9424
    endloop
  endfacet
  facet normal -0.318666 0.213153 0.92359
    outer loop
      vertex -27.765 31.587 59.8408
      vertex -28.0527 31.8077 59.6906
      vertex -27.8351 31.4822 59.8408
    endloop
  endfacet
  facet normal -0.318855 0.213012 0.923557
    outer loop
      vertex -28.0527 31.8077 59.6906
      vertex -28.1491 31.6634 59.6906
      vertex -27.8351 31.4822 59.8408
    endloop
  endfacet
  facet normal -0.65147 0.571264 0.499243
    outer loop
      vertex -28.7638 32.7638 58.6667
      vertex -29.1346 32.6379 58.3269
      vertex -28.9789 32.5185 58.6667
    endloop
  endfacet
  facet normal -0.712125 0.351086 0.607961
    outer loop
      vertex -28.9533 32.1278 58.978
      vertex -29.1602 32.2472 58.6667
      vertex -29.0838 31.8631 58.978
    endloop
  endfacet
  facet normal -0.507008 0.338555 0.792669
    outer loop
      vertex -28.5693 32.2042 59.2555
      vertex -28.713 31.989 59.2555
      vertex -28.4434 31.8334 59.4944
    endloop
  endfacet
  facet normal -0.458152 0.401966 0.792792
    outer loop
      vertex -28.1785 32.1785 59.4944
      vertex -28.3987 32.3987 59.2555
      vertex -28.3223 32.0146 59.4944
    endloop
  endfacet
  facet normal -0.22777 0.67035 0.706224
    outer loop
      vertex -27.5838 33.1787 58.978
      vertex -27.8631 33.0838 58.978
      vertex -27.757 32.8275 59.2555
    endloop
  endfacet
  facet normal -0.313073 0.635022 0.70621
    outer loop
      vertex -27.8631 33.0838 58.978
      vertex -28.1278 32.9533 58.978
      vertex -27.757 32.8275 59.2555
    endloop
  endfacet
  facet normal -0.119082 0.597924 0.792658
    outer loop
      vertex -27.2582 32.9611 59.2555
      vertex -27.4314 32.6099 59.4944
      vertex -27.2175 32.6525 59.4944
    endloop
  endfacet
  facet normal -0.118966 0.597894 0.792698
    outer loop
      vertex -27.2582 32.9611 59.2555
      vertex -27.512 32.9106 59.2555
      vertex -27.4314 32.6099 59.4944
    endloop
  endfacet
  facet normal -0.0463084 0.706382 0.706314
    outer loop
      vertex -27 33.2555 58.978
      vertex -27.2944 33.2362 58.978
      vertex -27.2582 32.9611 59.2555
    endloop
  endfacet
  facet normal -0.0519336 0.792189 0.608062
    outer loop
      vertex -27 33.2555 58.978
      vertex -27.3256 33.4731 58.6667
      vertex -27.2944 33.2362 58.978
    endloop
  endfacet
  facet normal -0.278416 0.820478 0.499299
    outer loop
      vertex -27.6964 33.5989 58.3269
      vertex -28.0297 33.4858 58.3269
      vertex -27.9546 33.3045 58.6667
    endloop
  endfacet
  facet normal -0.408872 0.828773 0.382045
    outer loop
      vertex -28.0297 33.4858 58.3269
      vertex -28.4204 33.4602 57.9643
      vertex -28.3453 33.3301 58.3269
    endloop
  endfacet
  facet normal 0 0.866007 0.500031
    outer loop
      vertex 27 33.6906 58.3269
      vertex -27 33.4944 58.6667
      vertex 27 33.4944 58.6667
    endloop
  endfacet
  facet normal 0 0.866007 0.500031
    outer loop
      vertex -27 33.4944 58.6667
      vertex 27 33.6906 58.3269
      vertex -27 33.6906 58.3269
    endloop
  endfacet
  facet normal 0.169165 0.849807 0.499211
    outer loop
      vertex 27.6964 33.5989 58.3269
      vertex 27.3256 33.4731 58.6667
      vertex 27.6456 33.4094 58.6667
    endloop
  endfacet
  facet normal 0.0565633 0.864649 0.499182
    outer loop
      vertex 27.3512 33.6676 58.3269
      vertex 27 33.4944 58.6667
      vertex 27.3256 33.4731 58.6667
    endloop
  endfacet
  facet normal -0.499633 0.0328858 0.865613
    outer loop
      vertex -28.3155 31.1732 59.6906
      vertex -28.6525 31.2175 59.4944
      vertex -28.3269 31 59.6906
    endloop
  endfacet
  facet normal -0.382575 0.0251811 0.923581
    outer loop
      vertex -28.3155 31.1732 59.6906
      vertex -28.3269 31 59.6906
      vertex -27.9643 31 59.8408
    endloop
  endfacet
  facet normal -0.123312 -0.363093 0.923557
    outer loop
      vertex -27.2496 2.06854 59.8408
      vertex -27.369 2.10909 59.8408
      vertex -27.3434 1.71835 59.6906
    endloop
  endfacet
  facet normal -0.195982 -0.577208 0.792731
    outer loop
      vertex -27.6378 1.46016 59.4944
      vertex -27.757 1.17253 59.2555
      vertex -27.4314 1.39008 59.4944
    endloop
  endfacet
  facet normal 0.215598 -0.144274 0.965765
    outer loop
      vertex 27.5069 2.70737 59.9424
      vertex 27.4643 2.64371 59.9424
      vertex 27.765 2.41296 59.8408
    endloop
  endfacet
  facet normal 0.0169628 -0.258862 0.965765
    outer loop
      vertex 27 2.41473 59.9424
      vertex 27 2.03568 59.8408
      vertex 27.1259 2.04393 59.8408
    endloop
  endfacet
  facet normal 0.0834243 -0.245644 0.965764
    outer loop
      vertex 27.369 2.10909 59.8408
      vertex 27.1515 2.43467 59.9424
      vertex 27.2496 2.06854 59.8408
    endloop
  endfacet
  facet normal 0.160936 -0.474239 0.865562
    outer loop
      vertex 27.5078 1.77414 59.6906
      vertex 27.3434 1.71835 59.6906
      vertex 27.6378 1.46016 59.4944
    endloop
  endfacet
  facet normal -0.726303 -0.636923 0.258481
    outer loop
      vertex -29.0087 0.991259 57.9643
      vertex -29.2537 1.27064 57.9643
      vertex -29.0806 0.91944 57.5853
    endloop
  endfacet
  facet normal -0.637044 -0.726203 0.258466
    outer loop
      vertex -29.0087 0.991259 57.9643
      vertex -29.0806 0.91944 57.5853
      vertex -28.7294 0.74625 57.9643
    endloop
  endfacet
  facet normal -0.596986 -0.523459 0.607946
    outer loop
      vertex -28.5949 1.40511 58.978
      vertex -28.7894 1.62693 58.978
      vertex -28.7638 1.23619 58.6667
    endloop
  endfacet
  facet normal -0.59698 -0.523462 0.60795
    outer loop
      vertex -28.7894 1.62693 58.978
      vertex -28.9789 1.4815 58.6667
      vertex -28.7638 1.23619 58.6667
    endloop
  endfacet
  facet normal -0.25887 -0.0169439 0.965764
    outer loop
      vertex -27.5853 3 59.9424
      vertex -27.9561 2.87413 59.8408
      vertex -27.5803 2.92361 59.9424
    endloop
  endfacet
  facet normal -0.254408 -0.0508207 0.965761
    outer loop
      vertex -27.5803 2.92361 59.9424
      vertex -27.9561 2.87413 59.8408
      vertex -27.5653 2.84852 59.9424
    endloop
  endfacet
  facet normal -0.161001 -0.47418 0.865582
    outer loop
      vertex -27.3434 1.71835 59.6906
      vertex -27.6378 1.46016 59.4944
      vertex -27.4314 1.39008 59.4944
    endloop
  endfacet
  facet normal -0.0250731 -0.382631 0.923561
    outer loop
      vertex -27.1259 2.04393 59.8408
      vertex -27.1732 1.68449 59.6906
      vertex -27 2.03568 59.8408
    endloop
  endfacet
  facet normal -0.160936 -0.474239 0.865562
    outer loop
      vertex -27.5078 1.77414 59.6906
      vertex -27.6378 1.46016 59.4944
      vertex -27.3434 1.71835 59.6906
    endloop
  endfacet
  facet normal -0.114831 -0.232647 0.965758
    outer loop
      vertex -27.2926 2.49314 59.9424
      vertex -27.369 2.10909 59.8408
      vertex -27.224 2.45928 59.9424
    endloop
  endfacet
  facet normal -0.114675 -0.23268 0.965769
    outer loop
      vertex -27.2926 2.49314 59.9424
      vertex -27.4822 2.16488 59.8408
      vertex -27.369 2.10909 59.8408
    endloop
  endfacet
  facet normal -0.169524 -0.34397 0.923551
    outer loop
      vertex -27.4822 2.16488 59.8408
      vertex -27.6634 1.8509 59.6906
      vertex -27.369 2.10909 59.8408
    endloop
  endfacet
  facet normal -0.215598 -0.144274 0.965765
    outer loop
      vertex -27.5069 2.70737 59.9424
      vertex -27.765 2.41296 59.8408
      vertex -27.4643 2.64371 59.9424
    endloop
  endfacet
  facet normal -0.215708 -0.144175 0.965756
    outer loop
      vertex -27.5069 2.70737 59.9424
      vertex -27.8351 2.51784 59.8408
      vertex -27.765 2.41296 59.8408
    endloop
  endfacet
  facet normal -0.144178 -0.21564 0.96577
    outer loop
      vertex -27.2926 2.49314 59.9424
      vertex -27.587 2.23495 59.8408
      vertex -27.4822 2.16488 59.8408
    endloop
  endfacet
  facet normal -0.170965 -0.195078 0.965772
    outer loop
      vertex -27.4138 2.58615 59.9424
      vertex -27.6819 2.31812 59.8408
      vertex -27.587 2.23495 59.8408
    endloop
  endfacet
  facet normal -0.171169 -0.194973 0.965757
    outer loop
      vertex -27.4138 2.58615 59.9424
      vertex -27.587 2.23495 59.8408
      vertex -27.3563 2.53567 59.9424
    endloop
  endfacet
  facet normal -0.0982842 -0.0862292 0.991416
    outer loop
      vertex -27.1387 2.86126 59.9936
      vertex -27.4643 2.64371 59.9424
      vertex -27.4138 2.58615 59.9424
    endloop
  endfacet
  facet normal -0.0420265 -0.123808 0.991416
    outer loop
      vertex -27.0508 2.81048 59.9936
      vertex -27.224 2.45928 59.9424
      vertex -27.1515 2.43467 59.9424
    endloop
  endfacet
  facet normal -0.025495 -0.128238 0.991416
    outer loop
      vertex -27.0508 2.81048 59.9936
      vertex -27.0764 2.41974 59.9424
      vertex -27.0256 2.80547 59.9936
    endloop
  endfacet
  facet normal -0.00853719 0.130448 0.991418
    outer loop
      vertex -27 31.5853 59.9424
      vertex -27.0764 31.5803 59.9424
      vertex -27.0256 31.1945 59.9936
    endloop
  endfacet
  facet normal -0.00866311 0.130456 0.991416
    outer loop
      vertex -27 31.5853 59.9424
      vertex -27.0256 31.1945 59.9936
      vertex -27 31.1962 59.9936
    endloop
  endfacet
  facet normal 0.213012 0.318855 0.923557
    outer loop
      vertex 27.6634 32.1491 59.6906
      vertex 27.4822 31.8351 59.8408
      vertex 27.8077 32.0527 59.6906
    endloop
  endfacet
  facet normal 0.16954 0.343942 0.923558
    outer loop
      vertex 27.6634 32.1491 59.6906
      vertex 27.369 31.8909 59.8408
      vertex 27.4822 31.8351 59.8408
    endloop
  endfacet
  facet normal 0.0505913 0.254396 0.965776
    outer loop
      vertex 27.2496 31.9315 59.8408
      vertex 27.1259 31.9561 59.8408
      vertex 27.1515 31.5653 59.9424
    endloop
  endfacet
  facet normal 0.0726793 0.108678 0.991417
    outer loop
      vertex 27.2926 31.5069 59.9424
      vertex 27.0981 31.1699 59.9936
      vertex 27.3563 31.4643 59.9424
    endloop
  endfacet
  facet normal 0.196005 0.577111 0.792795
    outer loop
      vertex 27.757 32.8275 59.2555
      vertex 27.4314 32.6099 59.4944
      vertex 27.6378 32.5398 59.4944
    endloop
  endfacet
  facet normal 0.0251811 0.382575 0.923581
    outer loop
      vertex 27 32.3269 59.6906
      vertex 27 31.9643 59.8408
      vertex 27.1732 32.3155 59.6906
    endloop
  endfacet
  facet normal 0.0631737 0.963984 0.258347
    outer loop
      vertex 27.3841 33.9172 57.5853
      vertex 27 33.8408 57.9643
      vertex 27.3708 33.8165 57.9643
    endloop
  endfacet
  facet normal 0.0604345 0.922185 0.381997
    outer loop
      vertex 27 33.8408 57.9643
      vertex 27 33.6906 58.3269
      vertex 27.3708 33.8165 57.9643
    endloop
  endfacet
  facet normal 0.777132 -0.383215 0.499211
    outer loop
      vertex 29.3045 2.04543 58.6667
      vertex 29.1602 1.7528 58.6667
      vertex 29.3301 1.65469 58.3269
    endloop
  endfacet
  facet normal 0.694934 -0.609292 0.381876
    outer loop
      vertex 29.1346 1.36206 58.3269
      vertex 28.9026 1.09745 58.3269
      vertex 29.2537 1.27064 57.9643
    endloop
  endfacet
  facet normal 0.864618 -0.0566236 0.499229
    outer loop
      vertex 29.6906 3 58.3269
      vertex 29.4944 3 58.6667
      vertex 29.6676 2.6488 58.3269
    endloop
  endfacet
  facet normal 0.864648 -0.056565 0.499184
    outer loop
      vertex 29.4944 3 58.6667
      vertex 29.4731 2.67441 58.6667
      vertex 29.6676 2.6488 58.3269
    endloop
  endfacet
  facet normal 0.803172 -0.5368 0.25838
    outer loop
      vertex 29.4602 1.57961 57.9643
      vertex 29.2537 1.27064 57.9643
      vertex 29.3343 1.20881 57.5853
    endloop
  endfacet
  facet normal 0.803138 -0.536831 0.258422
    outer loop
      vertex 29.4602 1.57961 57.9643
      vertex 29.3343 1.20881 57.5853
      vertex 29.5482 1.52882 57.5853
    endloop
  endfacet
  facet normal 0.745411 -0.653736 0.130356
    outer loop
      vertex 29.3343 1.20881 57.5853
      vertex 29.1168 0.883222 57.1962
      vertex 29.375 1.17763 57.1962
    endloop
  endfacet
  facet normal 0.831523 -0.55549 0
    outer loop
      vertex 29.375 1.17763 57.1962
      vertex 29.5925 1.50321 2.80379
      vertex 29.5925 1.50321 57.1962
    endloop
  endfacet
  facet normal 0.831523 -0.55549 0
    outer loop
      vertex 29.5925 1.50321 2.80379
      vertex 29.375 1.17763 57.1962
      vertex 29.375 1.17763 2.80379
    endloop
  endfacet
  facet normal 0.866467 -0.427163 -0.258395
    outer loop
      vertex 29.5482 1.52882 2.41473
      vertex 29.4602 1.57961 2.03568
      vertex 29.6245 1.91288 2.03568
    endloop
  endfacet
  facet normal 0.523529 -0.596919 0.607952
    outer loop
      vertex 28.5949 1.40511 58.978
      vertex 28.3731 1.21058 58.978
      vertex 28.7638 1.23619 58.6667
    endloop
  endfacet
  facet normal 0.313139 -0.634816 0.706365
    outer loop
      vertex 27.989 1.28697 59.2555
      vertex 27.757 1.17253 59.2555
      vertex 28.1278 1.04666 58.978
    endloop
  endfacet
  facet normal 0.0398815 -0.60829 0.792712
    outer loop
      vertex 27 1.33329 59.4944
      vertex 27 1.02196 59.2555
      vertex 27.2175 1.34755 59.4944
    endloop
  endfacet
  facet normal -0.0463165 -0.706375 0.706321
    outer loop
      vertex -27 1.02196 59.2555
      vertex -27.2582 1.03889 59.2555
      vertex -27 0.744481 58.978
    endloop
  endfacet
  facet normal 0.297055 -0.875167 0.38189
    outer loop
      vertex 28.0297 0.514194 58.3269
      vertex 27.6964 0.401063 58.3269
      vertex 28.0871 0.375452 57.9643
    endloop
  endfacet
  facet normal 0.408743 -0.828916 0.381873
    outer loop
      vertex 28.4204 0.539804 57.9643
      vertex 28.0297 0.514194 58.3269
      vertex 28.0871 0.375452 57.9643
    endloop
  endfacet
  facet normal 0.154902 -0.778708 0.607963
    outer loop
      vertex 27.5838 0.821336 58.978
      vertex 27.3256 0.526932 58.6667
      vertex 27.6456 0.590587 58.6667
    endloop
  endfacet
  facet normal 0.169045 -0.849806 0.499253
    outer loop
      vertex 27.6456 0.590587 58.6667
      vertex 27.3256 0.526932 58.6667
      vertex 27.6964 0.401063 58.3269
    endloop
  endfacet
  facet normal 0.31302 -0.634973 0.706277
    outer loop
      vertex 28.1278 1.04666 58.978
      vertex 27.757 1.17253 59.2555
      vertex 27.8631 0.916172 58.978
    endloop
  endfacet
  facet normal 0.351069 -0.712157 0.607933
    outer loop
      vertex 28.1278 1.04666 58.978
      vertex 27.8631 0.916172 58.978
      vertex 28.2472 0.839779 58.6667
    endloop
  endfacet
  facet normal 0.532262 -0.466707 0.706315
    outer loop
      vertex 28.7894 1.62693 58.978
      vertex 28.3987 1.60132 59.2555
      vertex 28.5949 1.40511 58.978
    endloop
  endfacet
  facet normal 0.532245 -0.466771 0.706286
    outer loop
      vertex 28.5693 1.79585 59.2555
      vertex 28.3987 1.60132 59.2555
      vertex 28.7894 1.62693 58.978
    endloop
  endfacet
  facet normal 0.3302 -0.376486 0.865579
    outer loop
      vertex 28.1785 1.82146 59.4944
      vertex 27.8077 1.94733 59.6906
      vertex 28.0146 1.67771 59.4944
    endloop
  endfacet
  facet normal 0.252808 -0.288311 0.923561
    outer loop
      vertex 27.9382 2.06176 59.6906
      vertex 27.587 2.23495 59.8408
      vertex 27.8077 1.94733 59.6906
    endloop
  endfacet
  facet normal 0.571166 -0.651502 0.499315
    outer loop
      vertex 28.7638 1.23619 58.6667
      vertex 28.6379 0.86539 58.3269
      vertex 28.9026 1.09745 58.3269
    endloop
  endfacet
  facet normal 0.768397 -0.513558 0.381869
    outer loop
      vertex 29.4602 1.57961 57.9643
      vertex 29.1346 1.36206 58.3269
      vertex 29.2537 1.27064 57.9643
    endloop
  endfacet
  facet normal 0.0833591 0.245672 0.965762
    outer loop
      vertex 27.369 31.8909 59.8408
      vertex 27.1515 31.5653 59.9424
      vertex 27.224 31.5407 59.9424
    endloop
  endfacet
  facet normal 0.0835048 0.245578 0.965773
    outer loop
      vertex 27.2496 31.9315 59.8408
      vertex 27.1515 31.5653 59.9424
      vertex 27.369 31.8909 59.8408
    endloop
  endfacet
  facet normal 0.751882 0.255251 0.607882
    outer loop
      vertex 29.3045 31.9546 58.6667
      vertex 29.1787 31.5838 58.978
      vertex 29.4094 31.6456 58.6667
    endloop
  endfacet
  facet normal 0.778742 0.155018 0.607889
    outer loop
      vertex 29.4094 31.6456 58.6667
      vertex 29.1787 31.5838 58.978
      vertex 29.4731 31.3256 58.6667
    endloop
  endfacet
  facet normal 0.777016 0.383338 0.499298
    outer loop
      vertex 29.3301 32.3453 58.3269
      vertex 29.3045 31.9546 58.6667
      vertex 29.4858 32.0297 58.3269
    endloop
  endfacet
  facet normal 0.820478 0.278416 0.499299
    outer loop
      vertex 29.4858 32.0297 58.3269
      vertex 29.3045 31.9546 58.6667
      vertex 29.5989 31.6964 58.3269
    endloop
  endfacet
  facet normal 0.169687 0.343792 0.923587
    outer loop
      vertex 27.5078 32.2259 59.6906
      vertex 27.369 31.8909 59.8408
      vertex 27.6634 32.1491 59.6906
    endloop
  endfacet
  facet normal 0.278165 0.416382 0.865592
    outer loop
      vertex 27.8334 32.4434 59.4944
      vertex 27.6634 32.1491 59.6906
      vertex 27.8077 32.0527 59.6906
    endloop
  endfacet
  facet normal 0.22777 0.67035 0.706224
    outer loop
      vertex 27.8631 33.0838 58.978
      vertex 27.5838 33.1787 58.978
      vertex 27.757 32.8275 59.2555
    endloop
  endfacet
  facet normal 0.0462329 0.706351 0.706351
    outer loop
      vertex 27 33.2555 58.978
      vertex 27 32.978 59.2555
      vertex 27.2582 32.9611 59.2555
    endloop
  endfacet
  facet normal 0.255417 0.751718 0.608014
    outer loop
      vertex 27.9546 33.3045 58.6667
      vertex 27.5838 33.1787 58.978
      vertex 27.8631 33.0838 58.978
    endloop
  endfacet
  facet normal 0.255251 0.751882 0.607882
    outer loop
      vertex 27.6456 33.4094 58.6667
      vertex 27.5838 33.1787 58.978
      vertex 27.9546 33.3045 58.6667
    endloop
  endfacet
  facet normal 0.232688 -0.114771 0.965756
    outer loop
      vertex 27.8909 2.63097 59.8408
      vertex 27.5069 2.70737 59.9424
      vertex 27.8351 2.51784 59.8408
    endloop
  endfacet
  facet normal 0.117294 -0.0577416 0.991417
    outer loop
      vertex 27.5407 2.77603 59.9424
      vertex 27.1699 2.9019 59.9936
      vertex 27.5069 2.70737 59.9424
    endloop
  endfacet
  facet normal 0.343871 -0.16961 0.923572
    outer loop
      vertex 27.8909 2.63097 59.8408
      vertex 27.8351 2.51784 59.8408
      vertex 28.1491 2.33657 59.6906
    endloop
  endfacet
  facet normal 0.343837 -0.169643 0.923579
    outer loop
      vertex 28.2259 2.49223 59.6906
      vertex 27.8909 2.63097 59.8408
      vertex 28.1491 2.33657 59.6906
    endloop
  endfacet
  facet normal -0.532262 -0.466707 0.706315
    outer loop
      vertex -28.3987 1.60132 59.2555
      vertex -28.7894 1.62693 58.978
      vertex -28.5949 1.40511 58.978
    endloop
  endfacet
  facet normal -0.506897 -0.338621 0.792712
    outer loop
      vertex -28.4434 2.16665 59.4944
      vertex -28.5693 1.79585 59.2555
      vertex -28.3223 1.98537 59.4944
    endloop
  endfacet
  facet normal -0.824309 -0.550982 -0.130128
    outer loop
      vertex -29.3343 1.20881 2.41473
      vertex -29.5925 1.50321 2.80379
      vertex -29.5482 1.52882 2.41473
    endloop
  endfacet
  facet normal -0.88924 -0.438543 -0.13012
    outer loop
      vertex -29.5925 1.50321 2.80379
      vertex -29.7657 1.85441 2.80379
      vertex -29.5482 1.52882 2.41473
    endloop
  endfacet
  facet normal -0.745529 -0.653629 -0.130215
    outer loop
      vertex -29.1168 0.883222 2.80379
      vertex -29.3343 1.20881 2.41473
      vertex -29.0806 0.91944 2.41473
    endloop
  endfacet
  facet normal -0.866467 -0.427163 -0.258395
    outer loop
      vertex -29.5482 1.52882 2.41473
      vertex -29.6245 1.91288 2.03568
      vertex -29.4602 1.57961 2.03568
    endloop
  endfacet
  facet normal -0.408735 -0.828899 -0.381918
    outer loop
      vertex -28.0871 0.375452 2.03568
      vertex -28.4204 0.539804 2.03568
      vertex -28.0297 0.514194 1.67313
    endloop
  endfacet
  facet normal -0.427249 -0.866446 -0.25832
    outer loop
      vertex -28.0871 0.375452 2.03568
      vertex -28.4712 0.451845 2.41473
      vertex -28.4204 0.539804 2.03568
    endloop
  endfacet
  facet normal 0.213034 -0.318789 -0.923575
    outer loop
      vertex 27.6634 1.8509 0.309382
      vertex 27.4822 2.16488 0.15921
      vertex 27.8077 1.94733 0.309382
    endloop
  endfacet
  facet normal 0.330212 -0.376499 -0.865569
    outer loop
      vertex 28.0146 1.67771 0.505591
      vertex 27.8077 1.94733 0.309382
      vertex 28.1785 1.82146 0.505591
    endloop
  endfacet
  facet normal 0.875046 -0.297178 -0.382073
    outer loop
      vertex 29.6245 1.91288 2.03568
      vertex 29.5989 2.30362 1.67313
      vertex 29.744 2.26475 2.03568
    endloop
  endfacet
  facet normal 0.820511 -0.278576 -0.499156
    outer loop
      vertex 29.5989 2.30362 1.67313
      vertex 29.3045 2.04543 1.33329
      vertex 29.4094 2.3544 1.33329
    endloop
  endfacet
  facet normal 0.820501 -0.278449 -0.499243
    outer loop
      vertex 29.4858 1.97035 1.67313
      vertex 29.3045 2.04543 1.33329
      vertex 29.5989 2.30362 1.67313
    endloop
  endfacet
  facet normal 0.875182 -0.297006 -0.381897
    outer loop
      vertex 29.6245 1.91288 2.03568
      vertex 29.4858 1.97035 1.67313
      vertex 29.5989 2.30362 1.67313
    endloop
  endfacet
  facet normal 0.670311 -0.227692 -0.706285
    outer loop
      vertex 29.0838 2.13685 1.02196
      vertex 28.8275 2.24304 0.744481
      vertex 29.1787 2.41623 1.02196
    endloop
  endfacet
  facet normal 0.712117 -0.351155 -0.60793
    outer loop
      vertex 29.1602 1.7528 1.33329
      vertex 29.0838 2.13685 1.02196
      vertex 29.3045 2.04543 1.33329
    endloop
  endfacet
  facet normal 0.318664 -0.938876 -0.130251
    outer loop
      vertex 28.1456 0.234296 2.80379
      vertex 27.7615 0.157903 2.41473
      vertex 28.126 0.281618 2.41473
    endloop
  endfacet
  facet normal 0.310493 -0.914802 -0.258324
    outer loop
      vertex 28.126 0.281618 2.41473
      vertex 27.7615 0.157903 2.41473
      vertex 28.0871 0.375452 2.03568
    endloop
  endfacet
  facet normal 0.4814 -0.720489 -0.499148
    outer loop
      vertex 28.6379 0.86539 1.67313
      vertex 28.2472 0.839779 1.33329
      vertex 28.5185 1.02105 1.33329
    endloop
  endfacet
  facet normal 0.571364 -0.651462 -0.499139
    outer loop
      vertex 28.6379 0.86539 1.67313
      vertex 28.5185 1.02105 1.33329
      vertex 28.7638 1.23619 1.33329
    endloop
  endfacet
  facet normal 0.720402 -0.481419 -0.499256
    outer loop
      vertex 29.1346 1.36206 1.67313
      vertex 28.9789 1.4815 1.33329
      vertex 29.1602 1.7528 1.33329
    endloop
  endfacet
  facet normal 0.651479 -0.571249 -0.49925
    outer loop
      vertex 29.1346 1.36206 1.67313
      vertex 28.7638 1.23619 1.33329
      vertex 28.9789 1.4815 1.33329
    endloop
  endfacet
  facet normal 0.154879 -0.778728 -0.607943
    outer loop
      vertex 27.3256 0.526932 1.33329
      vertex 27.2944 0.763778 1.02196
      vertex 27.5838 0.821336 1.02196
    endloop
  endfacet
  facet normal 0.0519317 -0.792284 -0.607939
    outer loop
      vertex 27.3256 0.526932 1.33329
      vertex 27 0.744481 1.02196
      vertex 27.2944 0.763778 1.02196
    endloop
  endfacet
  facet normal 0.227547 -0.670302 -0.706341
    outer loop
      vertex 27.5838 0.821336 1.02196
      vertex 27.512 1.08936 0.744481
      vertex 27.757 1.17253 0.744481
    endloop
  endfacet
  facet normal 0.138062 -0.694276 -0.706343
    outer loop
      vertex 27.5838 0.821336 1.02196
      vertex 27.2582 1.03889 0.744481
      vertex 27.512 1.08936 0.744481
    endloop
  endfacet
  facet normal 0.532227 0.466718 -0.706335
    outer loop
      vertex 28.7894 32.3731 1.02196
      vertex 28.3987 32.3987 0.744481
      vertex 28.5949 32.5949 1.02196
    endloop
  endfacet
  facet normal 0.466718 0.532227 -0.706335
    outer loop
      vertex 28.3987 32.3987 0.744481
      vertex 28.3731 32.7894 1.02196
      vertex 28.5949 32.5949 1.02196
    endloop
  endfacet
  facet normal 0.441177 0.660184 -0.607882
    outer loop
      vertex 28.3731 32.7894 1.02196
      vertex 28.2472 33.1602 1.33329
      vertex 28.5185 32.9789 1.33329
    endloop
  endfacet
  facet normal 0.481432 0.720422 -0.499214
    outer loop
      vertex 28.5185 32.9789 1.33329
      vertex 28.2472 33.1602 1.33329
      vertex 28.6379 33.1346 1.67313
    endloop
  endfacet
  facet normal 0.0519354 0.792217 -0.608026
    outer loop
      vertex 27.2944 33.2362 1.02196
      vertex 27 33.2555 1.02196
      vertex 27.3256 33.4731 1.33329
    endloop
  endfacet
  facet normal 0.154716 0.778691 -0.608033
    outer loop
      vertex 27.5838 33.1787 1.02196
      vertex 27.2944 33.2362 1.02196
      vertex 27.3256 33.4731 1.33329
    endloop
  endfacet
  facet normal 0.144194 0.215572 -0.965783
    outer loop
      vertex 27.587 31.765 0.15921
      vertex 27.2926 31.5069 0.0576448
      vertex 27.4822 31.8351 0.15921
    endloop
  endfacet
  facet normal 0.114623 0.232638 -0.965785
    outer loop
      vertex 27.2926 31.5069 0.0576448
      vertex 27.224 31.5407 0.0576448
      vertex 27.369 31.8909 0.15921
    endloop
  endfacet
  facet normal 0.0398189 0.608357 -0.792664
    outer loop
      vertex 27.2175 32.6525 0.505591
      vertex 27 32.978 0.744481
      vertex 27.2582 32.9611 0.744481
    endloop
  endfacet
  facet normal 0.097829 0.491212 -0.865529
    outer loop
      vertex 27.3434 32.2817 0.309382
      vertex 27.2175 32.6525 0.505591
      vertex 27.4314 32.6099 0.505591
    endloop
  endfacet
  facet normal 0.11467 0.232628 -0.965782
    outer loop
      vertex 27.4822 31.8351 0.15921
      vertex 27.2926 31.5069 0.0576448
      vertex 27.369 31.8909 0.15921
    endloop
  endfacet
  facet normal 0.0168567 0.258812 -0.965781
    outer loop
      vertex 27.1259 31.9561 0.15921
      vertex 27 31.5853 0.0576448
      vertex 27 31.9643 0.15921
    endloop
  endfacet
  facet normal 0.313061 0.634998 -0.706237
    outer loop
      vertex 28.1278 32.9533 1.02196
      vertex 27.757 32.8275 0.744481
      vertex 27.8631 33.0838 1.02196
    endloop
  endfacet
  facet normal 0.313263 0.634733 -0.706386
    outer loop
      vertex 27.989 32.713 0.744481
      vertex 27.757 32.8275 0.744481
      vertex 28.1278 32.9533 1.02196
    endloop
  endfacet
  facet normal 0.269803 0.546675 -0.792687
    outer loop
      vertex 27.8334 32.4434 0.505591
      vertex 27.757 32.8275 0.744481
      vertex 27.989 32.713 0.744481
    endloop
  endfacet
  facet normal 0.338546 0.506995 -0.792681
    outer loop
      vertex 28.2042 32.5693 0.744481
      vertex 27.8334 32.4434 0.505591
      vertex 27.989 32.713 0.744481
    endloop
  endfacet
  facet normal 0.0255052 -0.12829 -0.991409
    outer loop
      vertex 27.0764 2.41974 0.0576448
      vertex 27.0256 2.80547 0.00642395
      vertex 27.0508 2.81048 0.00642395
    endloop
  endfacet
  facet normal -0.254316 -0.0505712 -0.965798
    outer loop
      vertex -27.9315 2.75042 0.15921
      vertex -27.9561 2.87413 0.15921
      vertex -27.5653 2.84852 0.0576448
    endloop
  endfacet
  facet normal 0.792217 0.0519354 -0.608026
    outer loop
      vertex 29.2555 31 1.02196
      vertex 29.2362 31.2944 1.02196
      vertex 29.4731 31.3256 1.33329
    endloop
  endfacet
  facet normal 0.694164 0.138122 -0.706441
    outer loop
      vertex 28.9611 31.2582 0.744481
      vertex 28.9106 31.512 0.744481
      vertex 29.1787 31.5838 1.02196
    endloop
  endfacet
  facet normal 0.866033 0 -0.499987
    outer loop
      vertex 29.6906 3 1.67313
      vertex 29.4944 31 1.33329
      vertex 29.6906 31 1.67313
    endloop
  endfacet
  facet normal 0.866033 0 -0.499987
    outer loop
      vertex 29.4944 31 1.33329
      vertex 29.6906 3 1.67313
      vertex 29.4944 3 1.33329
    endloop
  endfacet
  facet normal 0.416378 0.278275 -0.865559
    outer loop
      vertex 28.4434 31.8334 0.505591
      vertex 28.0527 31.8077 0.309382
      vertex 28.3223 32.0146 0.505591
    endloop
  endfacet
  facet normal 0.330294 0.376449 -0.865559
    outer loop
      vertex 27.9382 31.9382 0.309382
      vertex 27.8077 32.0527 0.309382
      vertex 28.1785 32.1785 0.505591
    endloop
  endfacet
  facet normal 0.608315 0.0397153 -0.792701
    outer loop
      vertex 28.6667 31 0.505591
      vertex 28.6525 31.2175 0.505591
      vertex 28.978 31 0.744481
    endloop
  endfacet
  facet normal 0.362986 0.123203 -0.923614
    outer loop
      vertex 28.2817 31.3434 0.309382
      vertex 27.8909 31.369 0.15921
      vertex 28.2259 31.5078 0.309382
    endloop
  endfacet
  facet normal 0.491149 0.0975372 -0.865598
    outer loop
      vertex 28.3155 31.1732 0.309382
      vertex 28.2817 31.3434 0.309382
      vertex 28.6525 31.2175 0.505591
    endloop
  endfacet
  facet normal 0.491212 0.097829 -0.865529
    outer loop
      vertex 28.6525 31.2175 0.505591
      vertex 28.2817 31.3434 0.309382
      vertex 28.6099 31.4314 0.505591
    endloop
  endfacet
  facet normal 0.343887 0.169513 -0.923584
    outer loop
      vertex 27.8909 31.369 0.15921
      vertex 27.8351 31.4822 0.15921
      vertex 28.1491 31.6634 0.309382
    endloop
  endfacet
  facet normal 0.318804 0.212978 -0.923582
    outer loop
      vertex 28.1491 31.6634 0.309382
      vertex 27.8351 31.4822 0.15921
      vertex 28.0527 31.8077 0.309382
    endloop
  endfacet
  facet normal 0.288501 0.252628 -0.923551
    outer loop
      vertex 27.765 31.587 0.15921
      vertex 27.6819 31.6819 0.15921
      vertex 27.9382 31.9382 0.309382
    endloop
  endfacet
  facet normal 0.252824 0.288153 -0.923606
    outer loop
      vertex 27.9382 31.9382 0.309382
      vertex 27.587 31.765 0.15921
      vertex 27.8077 32.0527 0.309382
    endloop
  endfacet
  facet normal 0.491139 -0.097518 -0.865606
    outer loop
      vertex 28.6525 2.78245 0.505591
      vertex 28.2817 2.65658 0.309382
      vertex 28.3155 2.82681 0.309382
    endloop
  endfacet
  facet normal 0.499646 -0.0328885 -0.865605
    outer loop
      vertex 28.6525 2.78245 0.505591
      vertex 28.3155 2.82681 0.309382
      vertex 28.3269 3 0.309382
    endloop
  endfacet
  facet normal 0.670262 -0.227333 -0.706448
    outer loop
      vertex 29.1787 2.41623 1.02196
      vertex 28.8275 2.24304 0.744481
      vertex 28.9106 2.48805 0.744481
    endloop
  endfacet
  facet normal 0.597917 -0.119119 -0.792658
    outer loop
      vertex 28.9611 2.74181 0.744481
      vertex 28.6099 2.56862 0.505591
      vertex 28.6525 2.78245 0.505591
    endloop
  endfacet
  facet normal 0.254315 0.0505751 -0.965798
    outer loop
      vertex 27.9561 31.1259 0.15921
      vertex 27.5653 31.1515 0.0576448
      vertex 27.9315 31.2496 0.15921
    endloop
  endfacet
  facet normal 0.2455 0.0834782 -0.965796
    outer loop
      vertex 27.9315 31.2496 0.15921
      vertex 27.5653 31.1515 0.0576448
      vertex 27.8909 31.369 0.15921
    endloop
  endfacet
  facet normal 0.1305 0.00854061 -0.991411
    outer loop
      vertex 27.5853 31 0.0576448
      vertex 27.1945 31.0256 0.00642395
      vertex 27.5803 31.0764 0.0576448
    endloop
  endfacet
  facet normal 0.128274 0.0254512 -0.991412
    outer loop
      vertex 27.1945 31.0256 0.00642395
      vertex 27.1895 31.0508 0.00642395
      vertex 27.5803 31.0764 0.0576448
    endloop
  endfacet
  facet normal -0.056565 0.864674 -0.499138
    outer loop
      vertex -27.3256 33.4731 1.33329
      vertex -27.3512 33.6676 1.67313
      vertex -27 33.4944 1.33329
    endloop
  endfacet
  facet normal -0.0518289 0.792277 -0.607956
    outer loop
      vertex -27 33.2555 1.02196
      vertex -27.3256 33.4731 1.33329
      vertex -27 33.4944 1.33329
    endloop
  endfacet
  facet normal -0.252824 0.288153 -0.923606
    outer loop
      vertex -27.587 31.765 0.15921
      vertex -27.9382 31.9382 0.309382
      vertex -27.8077 32.0527 0.309382
    endloop
  endfacet
  facet normal -0.330294 0.376449 -0.865559
    outer loop
      vertex -27.9382 31.9382 0.309382
      vertex -28.1785 32.1785 0.505591
      vertex -27.8077 32.0527 0.309382
    endloop
  endfacet
  facet normal -0.0249207 0.382625 -0.923568
    outer loop
      vertex -27.1259 31.9561 0.15921
      vertex -27.1732 32.3155 0.309382
      vertex -27 31.9643 0.15921
    endloop
  endfacet
  facet normal -0.123428 0.362989 -0.923582
    outer loop
      vertex -27.2496 31.9315 0.15921
      vertex -27.369 31.8909 0.15921
      vertex -27.3434 32.2817 0.309382
    endloop
  endfacet
  facet normal -0.269426 0.546678 -0.792813
    outer loop
      vertex -27.6378 32.5398 0.505591
      vertex -27.8334 32.4434 0.505591
      vertex -27.757 32.8275 0.744481
    endloop
  endfacet
  facet normal -0.196 0.577096 -0.792808
    outer loop
      vertex -27.6378 32.5398 0.505591
      vertex -27.757 32.8275 0.744481
      vertex -27.4314 32.6099 0.505591
    endloop
  endfacet
  facet normal -0.408864 0.828757 -0.38209
    outer loop
      vertex -28.3453 33.3301 1.67313
      vertex -28.4204 33.4602 2.03568
      vertex -28.0297 33.4858 1.67313
    endloop
  endfacet
  facet normal -0.408645 0.82898 -0.381839
    outer loop
      vertex -28.0297 33.4858 1.67313
      vertex -28.4204 33.4602 2.03568
      vertex -28.0871 33.6245 2.03568
    endloop
  endfacet
  facet normal -0.351098 0.712151 -0.607924
    outer loop
      vertex -28.1278 32.9533 1.02196
      vertex -28.2472 33.1602 1.33329
      vertex -27.8631 33.0838 1.02196
    endloop
  endfacet
  facet normal -0.313263 0.634733 -0.706386
    outer loop
      vertex -27.989 32.713 0.744481
      vertex -28.1278 32.9533 1.02196
      vertex -27.757 32.8275 0.744481
    endloop
  endfacet
  facet normal -0.60913 0.694986 -0.382039
    outer loop
      vertex -28.6379 33.1346 1.67313
      vertex -28.9026 32.9026 1.67313
      vertex -28.7294 33.2537 2.03568
    endloop
  endfacet
  facet normal -0.513491 0.768372 -0.38201
    outer loop
      vertex -28.6379 33.1346 1.67313
      vertex -28.7294 33.2537 2.03568
      vertex -28.4204 33.4602 2.03568
    endloop
  endfacet
  facet normal -0.401919 0.458226 -0.792774
    outer loop
      vertex -28.0146 32.3223 0.505591
      vertex -28.3987 32.3987 0.744481
      vertex -28.2042 32.5693 0.744481
    endloop
  endfacet
  facet normal -0.338682 0.506764 -0.79277
    outer loop
      vertex -28.0146 32.3223 0.505591
      vertex -28.2042 32.5693 0.744481
      vertex -27.8334 32.4434 0.505591
    endloop
  endfacet
  facet normal -0.778691 0.154716 -0.608033
    outer loop
      vertex -29.2362 31.2944 1.02196
      vertex -29.4731 31.3256 1.33329
      vertex -29.1787 31.5838 1.02196
    endloop
  endfacet
  facet normal -0.694299 0.137948 -0.706343
    outer loop
      vertex -28.9611 31.2582 0.744481
      vertex -29.2362 31.2944 1.02196
      vertex -29.1787 31.5838 1.02196
    endloop
  endfacet
  facet normal -0.777075 -0.383294 -0.499239
    outer loop
      vertex -29.3301 1.65469 1.67313
      vertex -29.4858 1.97035 1.67313
      vertex -29.3045 2.04543 1.33329
    endloop
  endfacet
  facet normal -0.828795 -0.408805 -0.38207
    outer loop
      vertex -29.4602 1.57961 2.03568
      vertex -29.4858 1.97035 1.67313
      vertex -29.3301 1.65469 1.67313
    endloop
  endfacet
  facet normal -0.864673 -0.0565667 -0.49914
    outer loop
      vertex -29.4731 2.67441 1.33329
      vertex -29.6676 2.6488 1.67313
      vertex -29.4944 3 1.33329
    endloop
  endfacet
  facet normal -0.90637 -0.180304 -0.382079
    outer loop
      vertex -29.744 2.26475 2.03568
      vertex -29.8165 2.6292 2.03568
      vertex -29.5989 2.30362 1.67313
    endloop
  endfacet
  facet normal -0.906383 -0.180394 -0.382006
    outer loop
      vertex -29.5989 2.30362 1.67313
      vertex -29.8165 2.6292 2.03568
      vertex -29.6676 2.6488 1.67313
    endloop
  endfacet
  facet normal -0.792277 -0.0518305 -0.607956
    outer loop
      vertex -29.4731 2.67441 1.33329
      vertex -29.4944 3 1.33329
      vertex -29.2555 3 1.02196
    endloop
  endfacet
  facet normal 0.0862172 -0.0983447 -0.991411
    outer loop
      vertex 27.3563 2.53567 0.0576448
      vertex 27.1194 2.84434 0.00642395
      vertex 27.1387 2.86126 0.00642395
    endloop
  endfacet
  facet normal 0.171114 -0.19491 -0.965779
    outer loop
      vertex 27.587 2.23495 0.15921
      vertex 27.3563 2.53567 0.0576448
      vertex 27.4138 2.58615 0.0576448
    endloop
  endfacet
  facet normal 0.0977181 -0.491188 -0.865555
    outer loop
      vertex 27.2175 1.34755 0.505591
      vertex 27.1732 1.68449 0.309382
      vertex 27.3434 1.71835 0.309382
    endloop
  endfacet
  facet normal 0.00855906 -0.130521 -0.991409
    outer loop
      vertex 27.0764 2.41974 0.0576448
      vertex 27 2.41473 0.0576448
      vertex 27.0256 2.80547 0.00642395
    endloop
  endfacet
  facet normal -0.128262 -0.0256216 -0.991409
    outer loop
      vertex -27.5653 2.84852 0.0576448
      vertex -27.5803 2.92361 0.0576448
      vertex -27.1895 2.94922 0.00642395
    endloop
  endfacet
  facet normal 0.416444 -0.278196 -0.865553
    outer loop
      vertex 28.3223 1.98537 0.505591
      vertex 28.0527 2.19226 0.309382
      vertex 28.4434 2.16665 0.505591
    endloop
  endfacet
  facet normal 0.376472 -0.330283 -0.865553
    outer loop
      vertex 28.1785 1.82146 0.505591
      vertex 28.0527 2.19226 0.309382
      vertex 28.3223 1.98537 0.505591
    endloop
  endfacet
  facet normal 0.252716 -0.288358 -0.923571
    outer loop
      vertex 27.9382 2.06176 0.309382
      vertex 27.587 2.23495 0.15921
      vertex 27.6819 2.31812 0.15921
    endloop
  endfacet
  facet normal 0.213092 -0.318711 -0.923588
    outer loop
      vertex 27.8077 1.94733 0.309382
      vertex 27.4822 2.16488 0.15921
      vertex 27.587 2.23495 0.15921
    endloop
  endfacet
  facet normal 0.0833641 -0.245587 -0.965783
    outer loop
      vertex 27.369 2.10909 0.15921
      vertex 27.1515 2.43467 0.0576448
      vertex 27.224 2.45928 0.0576448
    endloop
  endfacet
  facet normal 0.0506032 -0.254353 -0.965787
    outer loop
      vertex 27.2496 2.06854 0.15921
      vertex 27.1259 2.04393 0.15921
      vertex 27.1515 2.43467 0.0576448
    endloop
  endfacet
  facet normal 0.338618 -0.506927 -0.792694
    outer loop
      vertex 27.989 1.28697 0.744481
      vertex 27.8334 1.55659 0.505591
      vertex 28.2042 1.43072 0.744481
    endloop
  endfacet
  facet normal 0.278295 -0.41634 -0.865571
    outer loop
      vertex 27.8334 1.55659 0.505591
      vertex 27.8077 1.94733 0.309382
      vertex 28.0146 1.67771 0.505591
    endloop
  endfacet
  facet normal 0.0398804 -0.608274 -0.792725
    outer loop
      vertex 27.2175 1.34755 0.505591
      vertex 27 1.02196 0.744481
      vertex 27 1.33329 0.505591
    endloop
  endfacet
  facet normal 0.0327643 -0.499736 -0.865558
    outer loop
      vertex 27.2175 1.34755 0.505591
      vertex 27 1.33329 0.505591
      vertex 27 1.67313 0.309382
    endloop
  endfacet
  facet normal 0.343782 -0.169616 -0.923604
    outer loop
      vertex 28.1491 2.33657 0.309382
      vertex 27.8909 2.63097 0.15921
      vertex 28.2259 2.49223 0.309382
    endloop
  endfacet
  facet normal 0.343816 -0.169583 -0.923597
    outer loop
      vertex 28.1491 2.33657 0.309382
      vertex 27.8351 2.51784 0.15921
      vertex 27.8909 2.63097 0.15921
    endloop
  endfacet
  facet normal 0.382623 -0.0249266 -0.923568
    outer loop
      vertex 28.3155 2.82681 0.309382
      vertex 27.9561 2.87413 0.15921
      vertex 27.9643 3 0.15921
    endloop
  endfacet
  facet normal 0.376076 -0.0746717 -0.923575
    outer loop
      vertex 28.2817 2.65658 0.309382
      vertex 27.9561 2.87413 0.15921
      vertex 28.3155 2.82681 0.309382
    endloop
  endfacet
  facet normal 0.245509 -0.0834462 -0.965796
    outer loop
      vertex 27.8909 2.63097 0.15921
      vertex 27.5653 2.84852 0.0576448
      vertex 27.9315 2.75042 0.15921
    endloop
  endfacet
  facet normal 0.245578 -0.0833386 -0.965788
    outer loop
      vertex 27.8909 2.63097 0.15921
      vertex 27.5407 2.77603 0.0576448
      vertex 27.5653 2.84852 0.0576448
    endloop
  endfacet
  facet normal -0.21553 -0.144228 -0.965787
    outer loop
      vertex -27.4643 2.64371 0.0576448
      vertex -27.765 2.41296 0.15921
      vertex -27.5069 2.70737 0.0576448
    endloop
  endfacet
  facet normal 0.117233 -0.0580814 -0.991405
    outer loop
      vertex 27.5407 2.77603 0.0576448
      vertex 27.1699 2.9019 0.00642395
      vertex 27.1813 2.92491 0.00642395
    endloop
  endfacet
  facet normal -0.0977181 -0.491188 -0.865555
    outer loop
      vertex -27.2175 1.34755 0.505591
      vertex -27.3434 1.71835 0.309382
      vertex -27.1732 1.68449 0.309382
    endloop
  endfacet
  facet normal -0.0748072 -0.376024 -0.923585
    outer loop
      vertex -27.1732 1.68449 0.309382
      vertex -27.3434 1.71835 0.309382
      vertex -27.1259 2.04393 0.15921
    endloop
  endfacet
  facet normal -0.123198 -0.363034 -0.923595
    outer loop
      vertex -27.3434 1.71835 0.309382
      vertex -27.5078 1.77414 0.309382
      vertex -27.369 2.10909 0.15921
    endloop
  endfacet
  facet normal -0.160941 -0.474255 -0.865552
    outer loop
      vertex -27.3434 1.71835 0.309382
      vertex -27.6378 1.46016 0.505591
      vertex -27.5078 1.77414 0.309382
    endloop
  endfacet
  facet normal -0.252716 -0.288358 -0.923571
    outer loop
      vertex -27.587 2.23495 0.15921
      vertex -27.9382 2.06176 0.309382
      vertex -27.6819 2.31812 0.15921
    endloop
  endfacet
  facet normal -0.28839 -0.252691 -0.923568
    outer loop
      vertex -27.6819 2.31812 0.15921
      vertex -27.9382 2.06176 0.309382
      vertex -27.765 2.41296 0.15921
    endloop
  endfacet
  facet normal -0.546671 -0.269731 -0.792714
    outer loop
      vertex -28.713 2.01098 0.744481
      vertex -28.8275 2.24304 0.744481
      vertex -28.4434 2.16665 0.505591
    endloop
  endfacet
  facet normal -0.634798 -0.313213 -0.706349
    outer loop
      vertex -28.713 2.01098 0.744481
      vertex -28.9533 1.87224 1.02196
      vertex -28.8275 2.24304 0.744481
    endloop
  endfacet
  facet normal -0.660167 -0.441165 -0.607909
    outer loop
      vertex -28.9789 1.4815 1.33329
      vertex -29.1602 1.7528 1.33329
      vertex -28.7894 1.62693 1.02196
    endloop
  endfacet
  facet normal -0.660178 -0.441087 -0.607954
    outer loop
      vertex -28.7894 1.62693 1.02196
      vertex -29.1602 1.7528 1.33329
      vertex -28.9533 1.87224 1.02196
    endloop
  endfacet
  facet normal -0.351186 -0.712049 -0.607992
    outer loop
      vertex -27.9546 0.695467 1.33329
      vertex -28.2472 0.839779 1.33329
      vertex -27.8631 0.916172 1.02196
    endloop
  endfacet
  facet normal -0.255271 -0.751796 -0.60798
    outer loop
      vertex -27.5838 0.821336 1.02196
      vertex -27.9546 0.695467 1.33329
      vertex -27.8631 0.916172 1.02196
    endloop
  endfacet
  facet normal -0.383275 -0.777111 -0.499198
    outer loop
      vertex -27.9546 0.695467 1.33329
      vertex -28.3453 0.669857 1.67313
      vertex -28.2472 0.839779 1.33329
    endloop
  endfacet
  facet normal -0.383287 -0.777097 -0.49921
    outer loop
      vertex -28.0297 0.514194 1.67313
      vertex -28.3453 0.669857 1.67313
      vertex -27.9546 0.695467 1.33329
    endloop
  endfacet
  facet normal -0.338725 -0.506745 -0.792764
    outer loop
      vertex -27.8334 1.55659 0.505591
      vertex -28.2042 1.43072 0.744481
      vertex -28.0146 1.67771 0.505591
    endloop
  endfacet
  facet normal -0.39316 -0.588577 -0.706401
    outer loop
      vertex -28.1278 1.04666 1.02196
      vertex -28.2042 1.43072 0.744481
      vertex -27.989 1.28697 0.744481
    endloop
  endfacet
  facet normal -0.117221 0.058101 -0.991405
    outer loop
      vertex -27.1813 31.0751 0.00642395
      vertex -27.5407 31.224 0.0576448
      vertex -27.1699 31.0981 0.00642395
    endloop
  endfacet
  facet normal -0.117322 0.057806 -0.99141
    outer loop
      vertex -27.1699 31.0981 0.00642395
      vertex -27.5407 31.224 0.0576448
      vertex -27.5069 31.2926 0.0576448
    endloop
  endfacet
  facet normal -0.130501 -0.00854174 -0.991411
    outer loop
      vertex -27.5803 2.92361 0.0576448
      vertex -27.5853 3 0.0576448
      vertex -27.1945 2.97439 0.00642395
    endloop
  endfacet
  facet normal 0.254327 -0.0508045 -0.965783
    outer loop
      vertex 27.9561 2.87413 0.15921
      vertex 27.5653 2.84852 0.0576448
      vertex 27.5803 2.92361 0.0576448
    endloop
  endfacet
  facet normal -0.258787 -0.0169385 -0.965786
    outer loop
      vertex -27.5803 2.92361 0.0576448
      vertex -27.9561 2.87413 0.15921
      vertex -27.5853 3 0.0576448
    endloop
  endfacet
  facet normal 0.058101 0.117221 -0.991405
    outer loop
      vertex 27.0981 31.1699 0.00642395
      vertex 27.0751 31.1813 0.00642395
      vertex 27.224 31.5407 0.0576448
    endloop
  endfacet
  facet normal -0.123962 0.0418308 -0.991405
    outer loop
      vertex -27.1895 31.0508 0.00642395
      vertex -27.5407 31.224 0.0576448
      vertex -27.1813 31.0751 0.00642395
    endloop
  endfacet
  facet normal -0.123865 0.0420287 -0.991409
    outer loop
      vertex -27.1895 31.0508 0.00642395
      vertex -27.5653 31.1515 0.0576448
      vertex -27.5407 31.224 0.0576448
    endloop
  endfacet
  facet normal 0.0863131 0.0982773 -0.991409
    outer loop
      vertex 27.4138 31.4138 0.0576448
      vertex 27.1387 31.1387 0.00642395
      vertex 27.3563 31.4643 0.0576448
    endloop
  endfacet
  facet normal 0.0981708 0.0864717 -0.991406
    outer loop
      vertex 27.1557 31.1194 0.00642395
      vertex 27.1387 31.1387 0.00642395
      vertex 27.4643 31.3563 0.0576448
    endloop
  endfacet
  facet normal -0.195066 0.170811 -0.965802
    outer loop
      vertex -27.4138 31.4138 0.0576448
      vertex -27.765 31.587 0.15921
      vertex -27.6819 31.6819 0.15921
    endloop
  endfacet
  facet normal -0.0863131 0.0982773 -0.991409
    outer loop
      vertex -27.1387 31.1387 0.00642395
      vertex -27.4138 31.4138 0.0576448
      vertex -27.3563 31.4643 0.0576448
    endloop
  endfacet
  facet normal -0.0256183 0.128263 -0.991409
    outer loop
      vertex -27.0508 31.1895 0.00642395
      vertex -27.1515 31.5653 0.0576448
      vertex -27.0764 31.5803 0.0576448
    endloop
  endfacet
  facet normal -0.0507974 0.254326 -0.965784
    outer loop
      vertex -27.0764 31.5803 0.0576448
      vertex -27.1515 31.5653 0.0576448
      vertex -27.1259 31.9561 0.15921
    endloop
  endfacet
  facet normal -0.057806 0.117322 -0.99141
    outer loop
      vertex -27.0981 31.1699 0.00642395
      vertex -27.2926 31.5069 0.0576448
      vertex -27.224 31.5407 0.0576448
    endloop
  endfacet
  facet normal -0.114623 0.232638 -0.965785
    outer loop
      vertex -27.2926 31.5069 0.0576448
      vertex -27.369 31.8909 0.15921
      vertex -27.224 31.5407 0.0576448
    endloop
  endfacet
  facet normal -0.0169363 0.258786 -0.965786
    outer loop
      vertex -27.0764 31.5803 0.0576448
      vertex -27.1259 31.9561 0.15921
      vertex -27 31.5853 0.0576448
    endloop
  endfacet
  facet normal 0.481418 0.720401 0.499258
    outer loop
      vertex 28.6379 33.1346 58.3269
      vertex 28.2472 33.1602 58.6667
      vertex 28.5185 32.9789 58.6667
    endloop
  endfacet
  facet normal 0.441161 0.66016 0.607919
    outer loop
      vertex 28.5185 32.9789 58.6667
      vertex 28.2472 33.1602 58.6667
      vertex 28.3731 32.7894 58.978
    endloop
  endfacet
  facet normal 0.65147 0.571264 0.499243
    outer loop
      vertex 29.1346 32.6379 58.3269
      vertex 28.7638 32.7638 58.6667
      vertex 28.9789 32.5185 58.6667
    endloop
  endfacet
  facet normal 0.720401 0.481418 0.499258
    outer loop
      vertex 29.1346 32.6379 58.3269
      vertex 28.9789 32.5185 58.6667
      vertex 29.1602 32.2472 58.6667
    endloop
  endfacet
  facet normal 0.637005 0.726186 0.258611
    outer loop
      vertex 29.0806 33.0806 57.5853
      vertex 28.7294 33.2537 57.9643
      vertex 29.0087 33.0087 57.9643
    endloop
  endfacet
  facet normal 0.609518 0.69485 0.38167
    outer loop
      vertex 29.0087 33.0087 57.9643
      vertex 28.7294 33.2537 57.9643
      vertex 28.9026 32.9026 58.3269
    endloop
  endfacet
  facet normal -0.188462 0.947509 0.258281
    outer loop
      vertex -27.3708 33.8165 57.9643
      vertex -27.7615 33.8421 57.5853
      vertex -27.7353 33.744 57.9643
    endloop
  endfacet
  facet normal -0.318632 0.938896 0.130185
    outer loop
      vertex -27.7615 33.8421 57.5853
      vertex -28.1456 33.7657 57.1962
      vertex -28.126 33.7184 57.5853
    endloop
  endfacet
  facet normal -0.571264 0.65147 0.499243
    outer loop
      vertex -28.6379 33.1346 58.3269
      vertex -28.7638 32.7638 58.6667
      vertex -28.5185 32.9789 58.6667
    endloop
  endfacet
  facet normal -0.481418 0.720401 0.499258
    outer loop
      vertex -28.2472 33.1602 58.6667
      vertex -28.6379 33.1346 58.3269
      vertex -28.5185 32.9789 58.6667
    endloop
  endfacet
  facet normal -0.408653 0.828997 0.381794
    outer loop
      vertex -28.0871 33.6245 57.9643
      vertex -28.4204 33.4602 57.9643
      vertex -28.0297 33.4858 58.3269
    endloop
  endfacet
  facet normal -0.296994 0.875227 0.381802
    outer loop
      vertex -27.6964 33.5989 58.3269
      vertex -28.0871 33.6245 57.9643
      vertex -28.0297 33.4858 58.3269
    endloop
  endfacet
  facet normal -0.597932 -0.119122 0.792646
    outer loop
      vertex -28.6525 2.78245 59.4944
      vertex -28.9611 2.74181 59.2555
      vertex -28.6099 2.56862 59.4944
    endloop
  endfacet
  facet normal -0.608377 -0.0398218 0.792648
    outer loop
      vertex -28.6525 2.78245 59.4944
      vertex -28.978 3 59.2555
      vertex -28.9611 2.74181 59.2555
    endloop
  endfacet
  facet normal -0.382684 -0.0249305 0.923543
    outer loop
      vertex -27.9643 3 59.8408
      vertex -28.3155 2.82681 59.6906
      vertex -27.9561 2.87413 59.8408
    endloop
  endfacet
  facet normal -0.382575 -0.0251825 0.923581
    outer loop
      vertex -27.9643 3 59.8408
      vertex -28.3269 3 59.6906
      vertex -28.3155 2.82681 59.6906
    endloop
  endfacet
  facet normal -0.532245 -0.466771 0.706286
    outer loop
      vertex -28.5693 1.79585 59.2555
      vertex -28.7894 1.62693 58.978
      vertex -28.3987 1.60132 59.2555
    endloop
  endfacet
  facet normal -0.401927 -0.458267 0.792746
    outer loop
      vertex -28.1785 1.82146 59.4944
      vertex -28.3987 1.60132 59.2555
      vertex -28.0146 1.67771 59.4944
    endloop
  endfacet
  facet normal -0.376459 -0.330272 0.865563
    outer loop
      vertex -28.0527 2.19226 59.6906
      vertex -28.3223 1.98537 59.4944
      vertex -28.1785 1.82146 59.4944
    endloop
  endfacet
  facet normal -0.376436 -0.330283 0.865569
    outer loop
      vertex -28.0527 2.19226 59.6906
      vertex -28.1785 1.82146 59.4944
      vertex -27.9382 2.06176 59.6906
    endloop
  endfacet
  facet normal -0.588647 -0.393198 0.706321
    outer loop
      vertex -28.713 2.01098 59.2555
      vertex -28.9533 1.87224 58.978
      vertex -28.5693 1.79585 59.2555
    endloop
  endfacet
  facet normal -0.50692 -0.338607 0.792703
    outer loop
      vertex -28.4434 2.16665 59.4944
      vertex -28.713 2.01098 59.2555
      vertex -28.5693 1.79585 59.2555
    endloop
  endfacet
  facet normal -0.864648 -0.056565 0.499184
    outer loop
      vertex -29.4944 3 58.6667
      vertex -29.6676 2.6488 58.3269
      vertex -29.4731 2.67441 58.6667
    endloop
  endfacet
  facet normal -0.849827 -0.169138 0.499185
    outer loop
      vertex -29.4731 2.67441 58.6667
      vertex -29.6676 2.6488 58.3269
      vertex -29.5989 2.30362 58.3269
    endloop
  endfacet
  facet normal -0.720401 0.481418 0.499258
    outer loop
      vertex -29.1346 32.6379 58.3269
      vertex -29.1602 32.2472 58.6667
      vertex -28.9789 32.5185 58.6667
    endloop
  endfacet
  facet normal -0.720465 0.481377 0.499206
    outer loop
      vertex -29.1346 32.6379 58.3269
      vertex -29.3301 32.3453 58.3269
      vertex -29.1602 32.2472 58.6667
    endloop
  endfacet
  facet normal -0.66016 0.441161 0.607919
    outer loop
      vertex -28.9789 32.5185 58.6667
      vertex -29.1602 32.2472 58.6667
      vertex -28.7894 32.3731 58.978
    endloop
  endfacet
  facet normal -0.660169 0.441099 0.607954
    outer loop
      vertex -28.7894 32.3731 58.978
      vertex -29.1602 32.2472 58.6667
      vertex -28.9533 32.1278 58.978
    endloop
  endfacet
  facet normal -0.506778 0.338691 0.792758
    outer loop
      vertex -28.3223 32.0146 59.4944
      vertex -28.5693 32.2042 59.2555
      vertex -28.4434 31.8334 59.4944
    endloop
  endfacet
  facet normal -0.458238 0.40193 0.792761
    outer loop
      vertex -28.3987 32.3987 59.2555
      vertex -28.5693 32.2042 59.2555
      vertex -28.3223 32.0146 59.4944
    endloop
  endfacet
  facet normal 0.180388 0.906403 0.381961
    outer loop
      vertex 27.3708 33.8165 57.9643
      vertex 27.3512 33.6676 58.3269
      vertex 27.6964 33.5989 58.3269
    endloop
  endfacet
  facet normal 0.0603948 0.922202 0.381963
    outer loop
      vertex 27.3708 33.8165 57.9643
      vertex 27 33.6906 58.3269
      vertex 27.3512 33.6676 58.3269
    endloop
  endfacet
  facet normal 0.0861827 -0.0983053 0.991417
    outer loop
      vertex 27.1387 2.86126 59.9936
      vertex 27.1194 2.84434 59.9936
      vertex 27.3563 2.53567 59.9424
    endloop
  endfacet
  facet normal 0.00855563 -0.130469 0.991415
    outer loop
      vertex 27.0256 2.80547 59.9936
      vertex 27 2.41473 59.9424
      vertex 27.0764 2.41974 59.9424
    endloop
  endfacet
  facet normal 0.195093 -0.170943 0.965773
    outer loop
      vertex 27.765 2.41296 59.8408
      vertex 27.4138 2.58615 59.9424
      vertex 27.6819 2.31812 59.8408
    endloop
  endfacet
  facet normal 0.376436 -0.330283 0.865569
    outer loop
      vertex 28.0527 2.19226 59.6906
      vertex 27.9382 2.06176 59.6906
      vertex 28.1785 1.82146 59.4944
    endloop
  endfacet
  facet normal -0.694898 -0.609383 0.381797
    outer loop
      vertex -28.9026 1.09745 58.3269
      vertex -29.2537 1.27064 57.9643
      vertex -29.0087 0.991259 57.9643
    endloop
  endfacet
  facet normal -0.60949 -0.694793 0.381819
    outer loop
      vertex -28.9026 1.09745 58.3269
      vertex -29.0087 0.991259 57.9643
      vertex -28.7294 0.74625 57.9643
    endloop
  endfacet
  facet normal -0.712092 -0.351143 0.607967
    outer loop
      vertex -29.0838 2.13685 58.978
      vertex -29.3045 2.04543 58.6667
      vertex -29.1602 1.7528 58.6667
    endloop
  endfacet
  facet normal -0.768443 -0.513381 0.382016
    outer loop
      vertex -29.3301 1.65469 58.3269
      vertex -29.4602 1.57961 57.9643
      vertex -29.1346 1.36206 58.3269
    endloop
  endfacet
  facet normal -0.025494 -0.128238 0.991416
    outer loop
      vertex -27.0508 2.81048 59.9936
      vertex -27.1515 2.43467 59.9424
      vertex -27.0764 2.41974 59.9424
    endloop
  endfacet
  facet normal -0.0169749 -0.258858 0.965766
    outer loop
      vertex -27.0764 2.41974 59.9424
      vertex -27.1259 2.04393 59.8408
      vertex -27 2.41473 59.9424
    endloop
  endfacet
  facet normal -0.0976577 -0.491159 0.865579
    outer loop
      vertex -27.3434 1.71835 59.6906
      vertex -27.4314 1.39008 59.4944
      vertex -27.2175 1.34755 59.4944
    endloop
  endfacet
  facet normal -0.0977147 -0.491171 0.865565
    outer loop
      vertex -27.1732 1.68449 59.6906
      vertex -27.3434 1.71835 59.6906
      vertex -27.2175 1.34755 59.4944
    endloop
  endfacet
  facet normal -0.144061 -0.21577 0.965759
    outer loop
      vertex -27.3563 2.53567 59.9424
      vertex -27.587 2.23495 59.8408
      vertex -27.2926 2.49314 59.9424
    endloop
  endfacet
  facet normal -0.0726023 -0.108741 0.991415
    outer loop
      vertex -27.0981 2.83008 59.9936
      vertex -27.3563 2.53567 59.9424
      vertex -27.2926 2.49314 59.9424
    endloop
  endfacet
  facet normal 0.297234 0.875038 0.382048
    outer loop
      vertex 27.7353 33.744 57.9643
      vertex 27.6964 33.5989 58.3269
      vertex 28.0871 33.6245 57.9643
    endloop
  endfacet
  facet normal 0.310722 0.914745 0.258252
    outer loop
      vertex 27.7615 33.8421 57.5853
      vertex 27.7353 33.744 57.9643
      vertex 28.0871 33.6245 57.9643
    endloop
  endfacet
  facet normal 0.720482 -0.481339 0.499217
    outer loop
      vertex 29.1602 1.7528 58.6667
      vertex 29.1346 1.36206 58.3269
      vertex 29.3301 1.65469 58.3269
    endloop
  endfacet
  facet normal 0.720381 -0.481405 0.4993
    outer loop
      vertex 29.1602 1.7528 58.6667
      vertex 28.9789 1.4815 58.6667
      vertex 29.1346 1.36206 58.3269
    endloop
  endfacet
  facet normal 0.751826 -0.659362 0
    outer loop
      vertex 29.1168 0.883222 57.1962
      vertex 29.375 1.17763 2.80379
      vertex 29.375 1.17763 57.1962
    endloop
  endfacet
  facet normal 0.751826 -0.659362 0
    outer loop
      vertex 29.375 1.17763 2.80379
      vertex 29.1168 0.883222 57.1962
      vertex 29.1168 0.883222 2.80379
    endloop
  endfacet
  facet normal 0.694884 -0.609371 -0.381842
    outer loop
      vertex 29.0087 0.991259 2.03568
      vertex 28.9026 1.09745 1.67313
      vertex 29.2537 1.27064 2.03568
    endloop
  endfacet
  facet normal 0.69492 -0.60928 -0.381921
    outer loop
      vertex 29.2537 1.27064 2.03568
      vertex 28.9026 1.09745 1.67313
      vertex 29.1346 1.36206 1.67313
    endloop
  endfacet
  facet normal 0.195982 -0.577208 0.792731
    outer loop
      vertex 27.6378 1.46016 59.4944
      vertex 27.4314 1.39008 59.4944
      vertex 27.757 1.17253 59.2555
    endloop
  endfacet
  facet normal 0.269537 -0.546732 0.792739
    outer loop
      vertex 27.8334 1.55659 59.4944
      vertex 27.6378 1.46016 59.4944
      vertex 27.757 1.17253 59.2555
    endloop
  endfacet
  facet normal 0.227556 -0.670327 0.706314
    outer loop
      vertex 27.757 1.17253 59.2555
      vertex 27.512 1.08936 59.2555
      vertex 27.5838 0.821336 58.978
    endloop
  endfacet
  facet normal 0.195954 -0.577236 0.792717
    outer loop
      vertex 27.757 1.17253 59.2555
      vertex 27.4314 1.39008 59.4944
      vertex 27.512 1.08936 59.2555
    endloop
  endfacet
  facet normal 0 -0.608774 0.793343
    outer loop
      vertex -27 1.33329 59.4944
      vertex 27 1.02196 59.2555
      vertex 27 1.33329 59.4944
    endloop
  endfacet
  facet normal 0 -0.608774 0.793343
    outer loop
      vertex 27 1.02196 59.2555
      vertex -27 1.33329 59.4944
      vertex -27 1.02196 59.2555
    endloop
  endfacet
  facet normal 0.0519299 -0.792256 0.607976
    outer loop
      vertex 27.2944 0.763778 58.978
      vertex 27 0.744481 58.978
      vertex 27.3256 0.526932 58.6667
    endloop
  endfacet
  facet normal 0.0519274 -0.792257 0.607974
    outer loop
      vertex 27 0.744481 58.978
      vertex 27 0.505591 58.6667
      vertex 27.3256 0.526932 58.6667
    endloop
  endfacet
  facet normal 0.393315 -0.588581 0.706311
    outer loop
      vertex 28.2042 1.43072 59.2555
      vertex 28.1278 1.04666 58.978
      vertex 28.3731 1.21058 58.978
    endloop
  endfacet
  facet normal 0.441148 -0.660161 0.607928
    outer loop
      vertex 28.3731 1.21058 58.978
      vertex 28.1278 1.04666 58.978
      vertex 28.2472 0.839779 58.6667
    endloop
  endfacet
  facet normal 0.393174 -0.588599 0.706374
    outer loop
      vertex 28.2042 1.43072 59.2555
      vertex 27.989 1.28697 59.2555
      vertex 28.1278 1.04666 58.978
    endloop
  endfacet
  facet normal 0.338627 -0.50694 0.792681
    outer loop
      vertex 28.2042 1.43072 59.2555
      vertex 27.8334 1.55659 59.4944
      vertex 27.989 1.28697 59.2555
    endloop
  endfacet
  facet normal 0.144241 0.215641 0.965761
    outer loop
      vertex 27.4822 31.8351 59.8408
      vertex 27.2926 31.5069 59.9424
      vertex 27.587 31.765 59.8408
    endloop
  endfacet
  facet normal 0.114707 0.232702 0.96576
    outer loop
      vertex 27.369 31.8909 59.8408
      vertex 27.2926 31.5069 59.9424
      vertex 27.4822 31.8351 59.8408
    endloop
  endfacet
  facet normal 0.0508136 0.254407 0.965761
    outer loop
      vertex 27.1259 31.9561 59.8408
      vertex 27.0764 31.5803 59.9424
      vertex 27.1515 31.5653 59.9424
    endloop
  endfacet
  facet normal 0.0256081 0.128211 0.991416
    outer loop
      vertex 27.0764 31.5803 59.9424
      vertex 27.0508 31.1895 59.9936
      vertex 27.1515 31.5653 59.9424
    endloop
  endfacet
  facet normal 0.338691 0.506778 0.792758
    outer loop
      vertex 28.2042 32.5693 59.2555
      vertex 27.8334 32.4434 59.4944
      vertex 28.0146 32.3223 59.4944
    endloop
  endfacet
  facet normal 0.278265 0.416364 0.865569
    outer loop
      vertex 27.8334 32.4434 59.4944
      vertex 27.8077 32.0527 59.6906
      vertex 28.0146 32.3223 59.4944
    endloop
  endfacet
  facet normal 0.221375 0.449179 0.865582
    outer loop
      vertex 27.8334 32.4434 59.4944
      vertex 27.6378 32.5398 59.4944
      vertex 27.6634 32.1491 59.6906
    endloop
  endfacet
  facet normal 0.313274 0.634757 0.706359
    outer loop
      vertex 28.1278 32.9533 58.978
      vertex 27.757 32.8275 59.2555
      vertex 27.989 32.713 59.2555
    endloop
  endfacet
  facet normal 0.0975338 0.491132 0.865608
    outer loop
      vertex 27.2175 32.6525 59.4944
      vertex 27.1732 32.3155 59.6906
      vertex 27.3434 32.2817 59.6906
    endloop
  endfacet
  facet normal 0.0326283 0.499765 0.865546
    outer loop
      vertex 27 32.6667 59.4944
      vertex 27 32.3269 59.6906
      vertex 27.2175 32.6525 59.4944
    endloop
  endfacet
  facet normal 0.195811 0.577302 0.792704
    outer loop
      vertex 27.512 32.9106 59.2555
      vertex 27.4314 32.6099 59.4944
      vertex 27.757 32.8275 59.2555
    endloop
  endfacet
  facet normal 0.0398199 0.608373 0.792652
    outer loop
      vertex 27.2582 32.9611 59.2555
      vertex 27 32.978 59.2555
      vertex 27.2175 32.6525 59.4944
    endloop
  endfacet
  facet normal 0.15471 0.778663 0.60807
    outer loop
      vertex 27.3256 33.4731 58.6667
      vertex 27.2944 33.2362 58.978
      vertex 27.5838 33.1787 58.978
    endloop
  endfacet
  facet normal 0.0519336 0.792189 0.608062
    outer loop
      vertex 27.3256 33.4731 58.6667
      vertex 27 33.2555 58.978
      vertex 27.2944 33.2362 58.978
    endloop
  endfacet
  facet normal -0.609202 -0.694889 -0.382102
    outer loop
      vertex -28.7294 0.74625 2.03568
      vertex -28.9026 1.09745 1.67313
      vertex -28.6379 0.86539 1.67313
    endloop
  endfacet
  facet normal -0.72631 -0.636929 -0.258449
    outer loop
      vertex -29.0806 0.91944 2.41473
      vertex -29.2537 1.27064 2.03568
      vertex -29.0087 0.991259 2.03568
    endloop
  endfacet
  facet normal -0.609477 -0.694779 -0.381864
    outer loop
      vertex -28.7294 0.74625 2.03568
      vertex -29.0087 0.991259 2.03568
      vertex -28.9026 1.09745 1.67313
    endloop
  endfacet
  facet normal -0.653689 -0.745475 -0.130219
    outer loop
      vertex -28.7912 0.665672 2.41473
      vertex -29.1168 0.883222 2.80379
      vertex -29.0806 0.91944 2.41473
    endloop
  endfacet
  facet normal -0.513382 -0.76841 -0.382079
    outer loop
      vertex -28.4204 0.539804 2.03568
      vertex -28.7294 0.74625 2.03568
      vertex -28.6379 0.86539 1.67313
    endloop
  endfacet
  facet normal -0.536684 -0.803287 -0.258262
    outer loop
      vertex -28.4204 0.539804 2.03568
      vertex -28.7912 0.665672 2.41473
      vertex -28.7294 0.74625 2.03568
    endloop
  endfacet
  facet normal 0.269682 -0.546716 -0.7927
    outer loop
      vertex 27.989 1.28697 0.744481
      vertex 27.757 1.17253 0.744481
      vertex 27.8334 1.55659 0.505591
    endloop
  endfacet
  facet normal 0.269529 -0.546717 -0.792751
    outer loop
      vertex 27.757 1.17253 0.744481
      vertex 27.6378 1.46016 0.505591
      vertex 27.8334 1.55659 0.505591
    endloop
  endfacet
  facet normal 0.849837 -0.169165 -0.499159
    outer loop
      vertex 29.5989 2.30362 1.67313
      vertex 29.4094 2.3544 1.33329
      vertex 29.4731 2.67441 1.33329
    endloop
  endfacet
  facet normal 0.849852 -0.169143 -0.499141
    outer loop
      vertex 29.5989 2.30362 1.67313
      vertex 29.4731 2.67441 1.33329
      vertex 29.6676 2.6488 1.67313
    endloop
  endfacet
  facet normal 0.947495 -0.1885 -0.258305
    outer loop
      vertex 29.8421 2.23846 2.41473
      vertex 29.8165 2.6292 2.03568
      vertex 29.9172 2.61595 2.41473
    endloop
  endfacet
  facet normal 0.972418 -0.193458 -0.130296
    outer loop
      vertex 29.968 2.60926 2.80379
      vertex 29.8421 2.23846 2.41473
      vertex 29.9172 2.61595 2.41473
    endloop
  endfacet
  facet normal 0.751799 -0.255372 -0.607934
    outer loop
      vertex 29.3045 2.04543 1.33329
      vertex 29.0838 2.13685 1.02196
      vertex 29.1787 2.41623 1.02196
    endloop
  endfacet
  facet normal 0.751891 -0.255278 -0.60786
    outer loop
      vertex 29.3045 2.04543 1.33329
      vertex 29.1787 2.41623 1.02196
      vertex 29.4094 2.3544 1.33329
    endloop
  endfacet
  facet normal 0.0833324 0.245594 -0.965784
    outer loop
      vertex 27.224 31.5407 0.0576448
      vertex 27.1515 31.5653 0.0576448
      vertex 27.369 31.8909 0.15921
    endloop
  endfacet
  facet normal 0.195066 0.170811 -0.965802
    outer loop
      vertex 27.765 31.587 0.15921
      vertex 27.4138 31.4138 0.0576448
      vertex 27.6819 31.6819 0.15921
    endloop
  endfacet
  facet normal 0.170811 0.195066 -0.965802
    outer loop
      vertex 27.6819 31.6819 0.15921
      vertex 27.4138 31.4138 0.0576448
      vertex 27.587 31.765 0.15921
    endloop
  endfacet
  facet normal 0.119079 0.597908 -0.79267
    outer loop
      vertex 27.4314 32.6099 0.505591
      vertex 27.2175 32.6525 0.505591
      vertex 27.2582 32.9611 0.744481
    endloop
  endfacet
  facet normal 0.118963 0.597878 -0.79271
    outer loop
      vertex 27.4314 32.6099 0.505591
      vertex 27.2582 32.9611 0.744481
      vertex 27.512 32.9106 0.744481
    endloop
  endfacet
  facet normal 0.0834782 0.2455 -0.965796
    outer loop
      vertex 27.369 31.8909 0.15921
      vertex 27.1515 31.5653 0.0576448
      vertex 27.2496 31.9315 0.15921
    endloop
  endfacet
  facet normal 0.0505751 0.254315 -0.965798
    outer loop
      vertex 27.1515 31.5653 0.0576448
      vertex 27.1259 31.9561 0.15921
      vertex 27.2496 31.9315 0.15921
    endloop
  endfacet
  facet normal 0.221382 0.449195 -0.865572
    outer loop
      vertex 27.6634 32.1491 0.309382
      vertex 27.6378 32.5398 0.505591
      vertex 27.8334 32.4434 0.505591
    endloop
  endfacet
  facet normal 0.196 0.577096 -0.792808
    outer loop
      vertex 27.6378 32.5398 0.505591
      vertex 27.4314 32.6099 0.505591
      vertex 27.757 32.8275 0.744481
    endloop
  endfacet
  facet normal 0.393069 0.588646 -0.706394
    outer loop
      vertex 28.2042 32.5693 0.744481
      vertex 27.989 32.713 0.744481
      vertex 28.1278 32.9533 1.02196
    endloop
  endfacet
  facet normal 0.393292 0.588618 -0.706294
    outer loop
      vertex 28.2042 32.5693 0.744481
      vertex 28.1278 32.9533 1.02196
      vertex 28.3731 32.7894 1.02196
    endloop
  endfacet
  facet normal 0.338682 0.506764 -0.79277
    outer loop
      vertex 28.0146 32.3223 0.505591
      vertex 27.8334 32.4434 0.505591
      vertex 28.2042 32.5693 0.744481
    endloop
  endfacet
  facet normal 0.278275 0.416378 -0.865559
    outer loop
      vertex 28.0146 32.3223 0.505591
      vertex 27.8077 32.0527 0.309382
      vertex 27.8334 32.4434 0.505591
    endloop
  endfacet
  facet normal 0.227344 0.670268 -0.706439
    outer loop
      vertex 27.757 32.8275 0.744481
      vertex 27.512 32.9106 0.744481
      vertex 27.5838 33.1787 1.02196
    endloop
  endfacet
  facet normal 0.227762 0.670325 -0.70625
    outer loop
      vertex 27.757 32.8275 0.744481
      vertex 27.5838 33.1787 1.02196
      vertex 27.8631 33.0838 1.02196
    endloop
  endfacet
  facet normal 0.169513 0.343887 -0.923584
    outer loop
      vertex 27.4822 31.8351 0.15921
      vertex 27.369 31.8909 0.15921
      vertex 27.6634 32.1491 0.309382
    endloop
  endfacet
  facet normal 0.212978 0.318804 -0.923582
    outer loop
      vertex 27.8077 32.0527 0.309382
      vertex 27.4822 31.8351 0.15921
      vertex 27.6634 32.1491 0.309382
    endloop
  endfacet
  facet normal 0.16966 0.343737 -0.923613
    outer loop
      vertex 27.6634 32.1491 0.309382
      vertex 27.369 31.8909 0.15921
      vertex 27.5078 32.2259 0.309382
    endloop
  endfacet
  facet normal 0.123203 0.362986 -0.923614
    outer loop
      vertex 27.369 31.8909 0.15921
      vertex 27.3434 32.2817 0.309382
      vertex 27.5078 32.2259 0.309382
    endloop
  endfacet
  facet normal 0.706356 0.0463066 -0.706341
    outer loop
      vertex 29.2555 31 1.02196
      vertex 28.9611 31.2582 0.744481
      vertex 29.2362 31.2944 1.02196
    endloop
  endfacet
  facet normal 0.706324 0.0462311 -0.706377
    outer loop
      vertex 28.978 31 0.744481
      vertex 28.9611 31.2582 0.744481
      vertex 29.2555 31 1.02196
    endloop
  endfacet
  facet normal 0.474254 0.161072 -0.865528
    outer loop
      vertex 28.6099 31.4314 0.505591
      vertex 28.2817 31.3434 0.309382
      vertex 28.5398 31.6378 0.505591
    endloop
  endfacet
  facet normal 0.474325 0.160993 -0.865504
    outer loop
      vertex 28.2817 31.3434 0.309382
      vertex 28.2259 31.5078 0.309382
      vertex 28.5398 31.6378 0.505591
    endloop
  endfacet
  facet normal 0.401956 0.45814 -0.792805
    outer loop
      vertex 28.1785 32.1785 0.505591
      vertex 28.0146 32.3223 0.505591
      vertex 28.3987 32.3987 0.744481
    endloop
  endfacet
  facet normal 0.376457 0.33029 -0.865557
    outer loop
      vertex 28.3223 32.0146 0.505591
      vertex 28.0527 31.8077 0.309382
      vertex 28.1785 32.1785 0.505591
    endloop
  endfacet
  facet normal 0.215572 0.144194 -0.965783
    outer loop
      vertex 27.8351 31.4822 0.15921
      vertex 27.5069 31.2926 0.0576448
      vertex 27.765 31.587 0.15921
    endloop
  endfacet
  facet normal 0.232628 0.11467 -0.965782
    outer loop
      vertex 27.8909 31.369 0.15921
      vertex 27.5069 31.2926 0.0576448
      vertex 27.8351 31.4822 0.15921
    endloop
  endfacet
  facet normal 0.449179 0.221703 -0.865498
    outer loop
      vertex 28.2259 31.5078 0.309382
      vertex 28.1491 31.6634 0.309382
      vertex 28.5398 31.6378 0.505591
    endloop
  endfacet
  facet normal 0.343737 0.16966 -0.923613
    outer loop
      vertex 28.2259 31.5078 0.309382
      vertex 27.8909 31.369 0.15921
      vertex 28.1491 31.6634 0.309382
    endloop
  endfacet
  facet normal 0.5773 -0.195803 -0.792708
    outer loop
      vertex 28.8275 2.24304 0.744481
      vertex 28.6099 2.56862 0.505591
      vertex 28.9106 2.48805 0.744481
    endloop
  endfacet
  facet normal 0.577132 -0.195974 -0.792788
    outer loop
      vertex 28.8275 2.24304 0.744481
      vertex 28.5398 2.36218 0.505591
      vertex 28.6099 2.56862 0.505591
    endloop
  endfacet
  facet normal -0.170811 0.195066 -0.965802
    outer loop
      vertex -27.4138 31.4138 0.0576448
      vertex -27.6819 31.6819 0.15921
      vertex -27.587 31.765 0.15921
    endloop
  endfacet
  facet normal -0.288153 0.252824 -0.923606
    outer loop
      vertex -27.765 31.587 0.15921
      vertex -28.0527 31.8077 0.309382
      vertex -27.9382 31.9382 0.309382
    endloop
  endfacet
  facet normal -0.221703 0.449179 -0.865498
    outer loop
      vertex -27.5078 32.2259 0.309382
      vertex -27.6634 32.1491 0.309382
      vertex -27.6378 32.5398 0.505591
    endloop
  endfacet
  facet normal -0.16966 0.343737 -0.923613
    outer loop
      vertex -27.369 31.8909 0.15921
      vertex -27.6634 32.1491 0.309382
      vertex -27.5078 32.2259 0.309382
    endloop
  endfacet
  facet normal -0.0975372 0.491149 -0.865598
    outer loop
      vertex -27.1732 32.3155 0.309382
      vertex -27.3434 32.2817 0.309382
      vertex -27.2175 32.6525 0.505591
    endloop
  endfacet
  facet normal -0.0328869 0.49965 -0.865603
    outer loop
      vertex -27.1732 32.3155 0.309382
      vertex -27.2175 32.6525 0.505591
      vertex -27 32.3269 0.309382
    endloop
  endfacet
  facet normal -0.0505751 0.254315 -0.965798
    outer loop
      vertex -27.1515 31.5653 0.0576448
      vertex -27.2496 31.9315 0.15921
      vertex -27.1259 31.9561 0.15921
    endloop
  endfacet
  facet normal -0.0834782 0.2455 -0.965796
    outer loop
      vertex -27.1515 31.5653 0.0576448
      vertex -27.369 31.8909 0.15921
      vertex -27.2496 31.9315 0.15921
    endloop
  endfacet
  facet normal -0.25526 0.751909 -0.607845
    outer loop
      vertex -27.5838 33.1787 1.02196
      vertex -27.9546 33.3045 1.33329
      vertex -27.6456 33.4094 1.33329
    endloop
  endfacet
  facet normal -0.278549 0.820513 -0.499169
    outer loop
      vertex -27.6456 33.4094 1.33329
      vertex -27.9546 33.3045 1.33329
      vertex -27.6964 33.5989 1.67313
    endloop
  endfacet
  facet normal -0.466807 0.532204 -0.706294
    outer loop
      vertex -28.2042 32.5693 0.744481
      vertex -28.3987 32.3987 0.744481
      vertex -28.3731 32.7894 1.02196
    endloop
  endfacet
  facet normal -0.466718 0.532227 -0.706335
    outer loop
      vertex -28.3987 32.3987 0.744481
      vertex -28.5949 32.5949 1.02196
      vertex -28.3731 32.7894 1.02196
    endloop
  endfacet
  facet normal -0.441115 0.660192 -0.607917
    outer loop
      vertex -28.1278 32.9533 1.02196
      vertex -28.3731 32.7894 1.02196
      vertex -28.2472 33.1602 1.33329
    endloop
  endfacet
  facet normal -0.481432 0.720422 -0.499214
    outer loop
      vertex -28.5185 32.9789 1.33329
      vertex -28.6379 33.1346 1.67313
      vertex -28.2472 33.1602 1.33329
    endloop
  endfacet
  facet normal -0.828941 -0.408663 -0.381906
    outer loop
      vertex -29.4602 1.57961 2.03568
      vertex -29.6245 1.91288 2.03568
      vertex -29.4858 1.97035 1.67313
    endloop
  endfacet
  facet normal -0.768427 -0.51337 -0.382061
    outer loop
      vertex -29.1346 1.36206 1.67313
      vertex -29.4602 1.57961 2.03568
      vertex -29.3301 1.65469 1.67313
    endloop
  endfacet
  facet normal -0.875182 -0.297006 -0.381897
    outer loop
      vertex -29.4858 1.97035 1.67313
      vertex -29.6245 1.91288 2.03568
      vertex -29.5989 2.30362 1.67313
    endloop
  endfacet
  facet normal -0.820501 -0.278449 -0.499243
    outer loop
      vertex -29.4858 1.97035 1.67313
      vertex -29.5989 2.30362 1.67313
      vertex -29.3045 2.04543 1.33329
    endloop
  endfacet
  facet normal -0.922184 -0.0603936 -0.382008
    outer loop
      vertex -29.6676 2.6488 1.67313
      vertex -29.8165 2.6292 2.03568
      vertex -29.6906 3 1.67313
    endloop
  endfacet
  facet normal -0.864643 -0.0566253 -0.499185
    outer loop
      vertex -29.6676 2.6488 1.67313
      vertex -29.6906 3 1.67313
      vertex -29.4944 3 1.33329
    endloop
  endfacet
  facet normal -0.849837 -0.169165 -0.499159
    outer loop
      vertex -29.4094 2.3544 1.33329
      vertex -29.5989 2.30362 1.67313
      vertex -29.4731 2.67441 1.33329
    endloop
  endfacet
  facet normal -0.670262 -0.227333 -0.706448
    outer loop
      vertex -28.8275 2.24304 0.744481
      vertex -29.1787 2.41623 1.02196
      vertex -28.9106 2.48805 0.744481
    endloop
  endfacet
  facet normal 0.0862932 -0.0982936 -0.991409
    outer loop
      vertex 27.3563 2.53567 0.0576448
      vertex 27.1387 2.86126 0.00642395
      vertex 27.4138 2.58615 0.0576448
    endloop
  endfacet
  facet normal 0.0983235 -0.0862637 -0.991409
    outer loop
      vertex 27.4138 2.58615 0.0576448
      vertex 27.1387 2.86126 0.00642395
      vertex 27.4643 2.64371 0.0576448
    endloop
  endfacet
  facet normal 0.0833977 -0.245566 -0.965786
    outer loop
      vertex 27.2496 2.06854 0.15921
      vertex 27.1515 2.43467 0.0576448
      vertex 27.369 2.10909 0.15921
    endloop
  endfacet
  facet normal 0.0578938 -0.117292 -0.991409
    outer loop
      vertex 27.224 2.45928 0.0576448
      vertex 27.0981 2.83008 0.00642395
      vertex 27.2926 2.49314 0.0576448
    endloop
  endfacet
  facet normal 0.288153 -0.252824 -0.923606
    outer loop
      vertex 27.9382 2.06176 0.309382
      vertex 27.765 2.41296 0.15921
      vertex 28.0527 2.19226 0.309382
    endloop
  endfacet
  facet normal 0.376449 -0.330294 -0.865559
    outer loop
      vertex 28.1785 1.82146 0.505591
      vertex 27.9382 2.06176 0.309382
      vertex 28.0527 2.19226 0.309382
    endloop
  endfacet
  facet normal 0.21553 -0.144228 -0.965787
    outer loop
      vertex 27.765 2.41296 0.15921
      vertex 27.4643 2.64371 0.0576448
      vertex 27.5069 2.70737 0.0576448
    endloop
  endfacet
  facet normal 0.215639 -0.144129 -0.965778
    outer loop
      vertex 27.765 2.41296 0.15921
      vertex 27.5069 2.70737 0.0576448
      vertex 27.8351 2.51784 0.15921
    endloop
  endfacet
  facet normal 0.123292 -0.363035 -0.923582
    outer loop
      vertex 27.3434 1.71835 0.309382
      vertex 27.2496 2.06854 0.15921
      vertex 27.369 2.10909 0.15921
    endloop
  endfacet
  facet normal 0.0250691 -0.38257 -0.923586
    outer loop
      vertex 27.1732 1.68449 0.309382
      vertex 27 2.03568 0.15921
      vertex 27.1259 2.04393 0.15921
    endloop
  endfacet
  facet normal 0.114794 -0.232572 -0.965781
    outer loop
      vertex 27.369 2.10909 0.15921
      vertex 27.224 2.45928 0.0576448
      vertex 27.2926 2.49314 0.0576448
    endloop
  endfacet
  facet normal 0.114639 -0.232606 -0.965791
    outer loop
      vertex 27.369 2.10909 0.15921
      vertex 27.2926 2.49314 0.0576448
      vertex 27.4822 2.16488 0.15921
    endloop
  endfacet
  facet normal 0.160941 -0.474255 -0.865552
    outer loop
      vertex 27.6378 1.46016 0.505591
      vertex 27.3434 1.71835 0.309382
      vertex 27.5078 1.77414 0.309382
    endloop
  endfacet
  facet normal 0.123198 -0.363034 -0.923595
    outer loop
      vertex 27.5078 1.77414 0.309382
      vertex 27.3434 1.71835 0.309382
      vertex 27.369 2.10909 0.15921
    endloop
  endfacet
  facet normal -0.12397 -0.0418164 -0.991404
    outer loop
      vertex -27.1813 2.92491 0.00642395
      vertex -27.5407 2.77603 0.0576448
      vertex -27.1895 2.94922 0.00642395
    endloop
  endfacet
  facet normal 0.128262 -0.0256216 -0.991409
    outer loop
      vertex 27.5653 2.84852 0.0576448
      vertex 27.1895 2.94922 0.00642395
      vertex 27.5803 2.92361 0.0576448
    endloop
  endfacet
  facet normal 0.128271 -0.025481 -0.991412
    outer loop
      vertex 27.5803 2.92361 0.0576448
      vertex 27.1895 2.94922 0.00642395
      vertex 27.1945 2.97439 0.00642395
    endloop
  endfacet
  facet normal -0.338618 -0.506927 -0.792694
    outer loop
      vertex -27.989 1.28697 0.744481
      vertex -28.2042 1.43072 0.744481
      vertex -27.8334 1.55659 0.505591
    endloop
  endfacet
  facet normal -0.269682 -0.546716 -0.7927
    outer loop
      vertex -27.757 1.17253 0.744481
      vertex -27.989 1.28697 0.744481
      vertex -27.8334 1.55659 0.505591
    endloop
  endfacet
  facet normal -0.458304 -0.401926 -0.792725
    outer loop
      vertex -28.3987 1.60132 0.744481
      vertex -28.5693 1.79585 0.744481
      vertex -28.3223 1.98537 0.505591
    endloop
  endfacet
  facet normal -0.458189 -0.401975 -0.792767
    outer loop
      vertex -28.1785 1.82146 0.505591
      vertex -28.3987 1.60132 0.744481
      vertex -28.3223 1.98537 0.505591
    endloop
  endfacet
  facet normal -0.170911 -0.195015 -0.965794
    outer loop
      vertex -27.587 2.23495 0.15921
      vertex -27.6819 2.31812 0.15921
      vertex -27.4138 2.58615 0.0576448
    endloop
  endfacet
  facet normal -0.195031 -0.170889 -0.965795
    outer loop
      vertex -27.6819 2.31812 0.15921
      vertex -27.765 2.41296 0.15921
      vertex -27.4138 2.58615 0.0576448
    endloop
  endfacet
  facet normal 0.0418308 0.123962 -0.991405
    outer loop
      vertex 27.0751 31.1813 0.00642395
      vertex 27.0508 31.1895 0.00642395
      vertex 27.224 31.5407 0.0576448
    endloop
  endfacet
  facet normal -0.117233 -0.0580814 -0.991405
    outer loop
      vertex -27.1699 2.9019 0.00642395
      vertex -27.5407 2.77603 0.0576448
      vertex -27.1813 2.92491 0.00642395
    endloop
  endfacet
  facet normal -0.171161 0.194886 -0.965776
    outer loop
      vertex -27.4138 31.4138 0.0576448
      vertex -27.587 31.765 0.15921
      vertex -27.3563 31.4643 0.0576448
    endloop
  endfacet
  facet normal -0.144178 0.21559 -0.965781
    outer loop
      vertex -27.3563 31.4643 0.0576448
      vertex -27.587 31.765 0.15921
      vertex -27.2926 31.5069 0.0576448
    endloop
  endfacet
  facet normal -0.194886 0.171161 -0.965776
    outer loop
      vertex -27.4643 31.3563 0.0576448
      vertex -27.765 31.587 0.15921
      vertex -27.4138 31.4138 0.0576448
    endloop
  endfacet
  facet normal -0.0982773 0.0863131 -0.991409
    outer loop
      vertex -27.1387 31.1387 0.00642395
      vertex -27.4643 31.3563 0.0576448
      vertex -27.4138 31.4138 0.0576448
    endloop
  endfacet
  facet normal -0.00854061 0.1305 -0.991411
    outer loop
      vertex -27.0256 31.1945 0.00642395
      vertex -27.0764 31.5803 0.0576448
      vertex -27 31.5853 0.0576448
    endloop
  endfacet
  facet normal -0.00866658 0.130508 -0.991409
    outer loop
      vertex -27 31.1962 0.00642395
      vertex -27.0256 31.1945 0.00642395
      vertex -27 31.5853 0.0576448
    endloop
  endfacet
  facet normal -0.513412 0.76841 0.382039
    outer loop
      vertex -28.4204 33.4602 57.9643
      vertex -28.6379 33.1346 58.3269
      vertex -28.3453 33.3301 58.3269
    endloop
  endfacet
  facet normal -0.481377 0.720465 0.499206
    outer loop
      vertex -28.3453 33.3301 58.3269
      vertex -28.6379 33.1346 58.3269
      vertex -28.2472 33.1602 58.6667
    endloop
  endfacet
  facet normal -0.310722 0.914745 0.258252
    outer loop
      vertex -27.7615 33.8421 57.5853
      vertex -28.0871 33.6245 57.9643
      vertex -27.7353 33.744 57.9643
    endloop
  endfacet
  facet normal -0.297234 0.875038 0.382048
    outer loop
      vertex -27.7353 33.744 57.9643
      vertex -28.0871 33.6245 57.9643
      vertex -27.6964 33.5989 58.3269
    endloop
  endfacet
  facet normal -0.69418 -0.138147 0.70642
    outer loop
      vertex -28.9611 2.74181 59.2555
      vertex -29.1787 2.41623 58.978
      vertex -28.9106 2.48805 59.2555
    endloop
  endfacet
  facet normal -0.670288 -0.227341 0.706421
    outer loop
      vertex -28.9106 2.48805 59.2555
      vertex -29.1787 2.41623 58.978
      vertex -28.8275 2.24304 59.2555
    endloop
  endfacet
  facet normal -0.577147 -0.195979 0.792776
    outer loop
      vertex -28.6099 2.56862 59.4944
      vertex -28.8275 2.24304 59.2555
      vertex -28.5398 2.36218 59.4944
    endloop
  endfacet
  facet normal -0.376136 -0.0746836 0.92355
    outer loop
      vertex -27.9561 2.87413 59.8408
      vertex -28.3155 2.82681 59.6906
      vertex -28.2817 2.65658 59.6906
    endloop
  endfacet
  facet normal -0.458202 -0.401985 0.792754
    outer loop
      vertex -28.3223 1.98537 59.4944
      vertex -28.3987 1.60132 59.2555
      vertex -28.1785 1.82146 59.4944
    endloop
  endfacet
  facet normal -0.41643 -0.278186 0.865563
    outer loop
      vertex -28.0527 2.19226 59.6906
      vertex -28.4434 2.16665 59.4944
      vertex -28.3223 1.98537 59.4944
    endloop
  endfacet
  facet normal -0.546685 -0.269738 0.792702
    outer loop
      vertex -28.4434 2.16665 59.4944
      vertex -28.8275 2.24304 59.2555
      vertex -28.713 2.01098 59.2555
    endloop
  endfacet
  facet normal -0.634822 -0.313225 0.706323
    outer loop
      vertex -28.8275 2.24304 59.2555
      vertex -28.9533 1.87224 58.978
      vertex -28.713 2.01098 59.2555
    endloop
  endfacet
  facet normal -0.532224 0.466824 0.706267
    outer loop
      vertex -28.3987 32.3987 59.2555
      vertex -28.7894 32.3731 58.978
      vertex -28.5693 32.2042 59.2555
    endloop
  endfacet
  facet normal -0.58864 0.393306 0.706267
    outer loop
      vertex -28.7894 32.3731 58.978
      vertex -28.9533 32.1278 58.978
      vertex -28.5693 32.2042 59.2555
    endloop
  endfacet
  facet normal 0.114831 -0.232647 0.965758
    outer loop
      vertex 27.2926 2.49314 59.9424
      vertex 27.224 2.45928 59.9424
      vertex 27.369 2.10909 59.8408
    endloop
  endfacet
  facet normal 0.0578706 -0.117245 0.991415
    outer loop
      vertex 27.2926 2.49314 59.9424
      vertex 27.0981 2.83008 59.9936
      vertex 27.224 2.45928 59.9424
    endloop
  endfacet
  facet normal 0.195015 -0.171096 0.965762
    outer loop
      vertex 27.4643 2.64371 59.9424
      vertex 27.4138 2.58615 59.9424
      vertex 27.765 2.41296 59.8408
    endloop
  endfacet
  facet normal 0.0982842 -0.0862292 0.991416
    outer loop
      vertex 27.4643 2.64371 59.9424
      vertex 27.1387 2.86126 59.9936
      vertex 27.4138 2.58615 59.9424
    endloop
  endfacet
  facet normal 0.278286 -0.416325 0.865581
    outer loop
      vertex 28.0146 1.67771 59.4944
      vertex 27.8077 1.94733 59.6906
      vertex 27.8334 1.55659 59.4944
    endloop
  endfacet
  facet normal 0.41643 -0.278186 0.865563
    outer loop
      vertex 28.4434 2.16665 59.4944
      vertex 28.0527 2.19226 59.6906
      vertex 28.3223 1.98537 59.4944
    endloop
  endfacet
  facet normal 0.416431 -0.278179 0.865564
    outer loop
      vertex 28.1491 2.33657 59.6906
      vertex 28.0527 2.19226 59.6906
      vertex 28.4434 2.16665 59.4944
    endloop
  endfacet
  facet normal 0.318832 -0.212982 0.923572
    outer loop
      vertex 28.1491 2.33657 59.6906
      vertex 27.8351 2.51784 59.8408
      vertex 28.0527 2.19226 59.6906
    endloop
  endfacet
  facet normal -0.777132 -0.383215 0.499211
    outer loop
      vertex -29.3045 2.04543 58.6667
      vertex -29.3301 1.65469 58.3269
      vertex -29.1602 1.7528 58.6667
    endloop
  endfacet
  facet normal -0.777052 -0.383283 0.499283
    outer loop
      vertex -29.3045 2.04543 58.6667
      vertex -29.4858 1.97035 58.3269
      vertex -29.3301 1.65469 58.3269
    endloop
  endfacet
  facet normal -0.0833908 -0.245666 0.965761
    outer loop
      vertex -27.224 2.45928 59.9424
      vertex -27.369 2.10909 59.8408
      vertex -27.1515 2.43467 59.9424
    endloop
  endfacet
  facet normal -0.0834243 -0.245644 0.965764
    outer loop
      vertex -27.1515 2.43467 59.9424
      vertex -27.369 2.10909 59.8408
      vertex -27.2496 2.06854 59.8408
    endloop
  endfacet
  facet normal 0.824425 -0.550748 -0.130382
    outer loop
      vertex 29.375 1.17763 2.80379
      vertex 29.3343 1.20881 2.41473
      vertex 29.5925 1.50321 2.80379
    endloop
  endfacet
  facet normal 0.745409 -0.653735 -0.13037
    outer loop
      vertex 29.375 1.17763 2.80379
      vertex 29.1168 0.883222 2.80379
      vertex 29.3343 1.20881 2.41473
    endloop
  endfacet
  facet normal 0.26981 0.54669 0.792675
    outer loop
      vertex 27.989 32.713 59.2555
      vertex 27.757 32.8275 59.2555
      vertex 27.8334 32.4434 59.4944
    endloop
  endfacet
  facet normal 0.338555 0.507008 0.792669
    outer loop
      vertex 27.989 32.713 59.2555
      vertex 27.8334 32.4434 59.4944
      vertex 28.2042 32.5693 59.2555
    endloop
  endfacet
  facet normal 0.160988 0.474308 0.865514
    outer loop
      vertex 27.6378 32.5398 59.4944
      vertex 27.3434 32.2817 59.6906
      vertex 27.5078 32.2259 59.6906
    endloop
  endfacet
  facet normal 0.123223 0.363044 0.923588
    outer loop
      vertex 27.5078 32.2259 59.6906
      vertex 27.3434 32.2817 59.6906
      vertex 27.369 31.8909 59.8408
    endloop
  endfacet
  facet normal 0.119082 0.597924 0.792658
    outer loop
      vertex 27.2582 32.9611 59.2555
      vertex 27.2175 32.6525 59.4944
      vertex 27.4314 32.6099 59.4944
    endloop
  endfacet
  facet normal 0.0978256 0.491195 0.865539
    outer loop
      vertex 27.4314 32.6099 59.4944
      vertex 27.2175 32.6525 59.4944
      vertex 27.3434 32.2817 59.6906
    endloop
  endfacet
  facet normal 0.914769 -0.310487 -0.25845
    outer loop
      vertex 29.7184 1.87401 2.41473
      vertex 29.6245 1.91288 2.03568
      vertex 29.8421 2.23846 2.41473
    endloop
  endfacet
  facet normal 0.938881 -0.318671 -0.130198
    outer loop
      vertex 29.7657 1.85441 2.80379
      vertex 29.7184 1.87401 2.41473
      vertex 29.8421 2.23846 2.41473
    endloop
  endfacet
  facet normal 0.0256183 0.128263 -0.991409
    outer loop
      vertex 27.1515 31.5653 0.0576448
      vertex 27.0508 31.1895 0.00642395
      vertex 27.0764 31.5803 0.0576448
    endloop
  endfacet
  facet normal 0.0507974 0.254326 -0.965784
    outer loop
      vertex 27.1515 31.5653 0.0576448
      vertex 27.0764 31.5803 0.0576448
      vertex 27.1259 31.9561 0.15921
    endloop
  endfacet
  facet normal 0.144178 0.21559 -0.965781
    outer loop
      vertex 27.3563 31.4643 0.0576448
      vertex 27.2926 31.5069 0.0576448
      vertex 27.587 31.765 0.15921
    endloop
  endfacet
  facet normal 0.171161 0.194886 -0.965776
    outer loop
      vertex 27.4138 31.4138 0.0576448
      vertex 27.3563 31.4643 0.0576448
      vertex 27.587 31.765 0.15921
    endloop
  endfacet
  facet normal 0.597908 0.119079 -0.79267
    outer loop
      vertex 28.6525 31.2175 0.505591
      vertex 28.6099 31.4314 0.505591
      vertex 28.9611 31.2582 0.744481
    endloop
  endfacet
  facet normal 0.608357 0.0398189 -0.792664
    outer loop
      vertex 28.978 31 0.744481
      vertex 28.6525 31.2175 0.505591
      vertex 28.9611 31.2582 0.744481
    endloop
  endfacet
  facet normal 0.449195 0.221382 -0.865572
    outer loop
      vertex 28.5398 31.6378 0.505591
      vertex 28.1491 31.6634 0.309382
      vertex 28.4434 31.8334 0.505591
    endloop
  endfacet
  facet normal 0.546678 0.269426 -0.792813
    outer loop
      vertex 28.5398 31.6378 0.505591
      vertex 28.4434 31.8334 0.505591
      vertex 28.8275 31.757 0.744481
    endloop
  endfacet
  facet normal 0.45814 0.401956 -0.792805
    outer loop
      vertex 28.3223 32.0146 0.505591
      vertex 28.1785 32.1785 0.505591
      vertex 28.3987 32.3987 0.744481
    endloop
  endfacet
  facet normal 0.458226 0.401919 -0.792774
    outer loop
      vertex 28.5693 32.2042 0.744481
      vertex 28.3223 32.0146 0.505591
      vertex 28.3987 32.3987 0.744481
    endloop
  endfacet
  facet normal -0.288501 0.252628 -0.923551
    outer loop
      vertex -27.765 31.587 0.15921
      vertex -27.9382 31.9382 0.309382
      vertex -27.6819 31.6819 0.15921
    endloop
  endfacet
  facet normal -0.252628 0.288501 -0.923551
    outer loop
      vertex -27.6819 31.6819 0.15921
      vertex -27.9382 31.9382 0.309382
      vertex -27.587 31.765 0.15921
    endloop
  endfacet
  facet normal -0.212978 0.318804 -0.923582
    outer loop
      vertex -27.4822 31.8351 0.15921
      vertex -27.8077 32.0527 0.309382
      vertex -27.6634 32.1491 0.309382
    endloop
  endfacet
  facet normal -0.169513 0.343887 -0.923584
    outer loop
      vertex -27.4822 31.8351 0.15921
      vertex -27.6634 32.1491 0.309382
      vertex -27.369 31.8909 0.15921
    endloop
  endfacet
  facet normal -0.351165 0.712065 -0.607986
    outer loop
      vertex -27.8631 33.0838 1.02196
      vertex -28.2472 33.1602 1.33329
      vertex -27.9546 33.3045 1.33329
    endloop
  endfacet
  facet normal -0.255426 0.751745 -0.607978
    outer loop
      vertex -27.8631 33.0838 1.02196
      vertex -27.9546 33.3045 1.33329
      vertex -27.5838 33.1787 1.02196
    endloop
  endfacet
  facet normal -0.16917 0.849832 -0.499167
    outer loop
      vertex -27.6456 33.4094 1.33329
      vertex -27.6964 33.5989 1.67313
      vertex -27.3256 33.4731 1.33329
    endloop
  endfacet
  facet normal -0.155024 0.77877 -0.607853
    outer loop
      vertex -27.5838 33.1787 1.02196
      vertex -27.6456 33.4094 1.33329
      vertex -27.3256 33.4731 1.33329
    endloop
  endfacet
  facet normal -0.441177 0.660184 -0.607882
    outer loop
      vertex -28.3731 32.7894 1.02196
      vertex -28.5185 32.9789 1.33329
      vertex -28.2472 33.1602 1.33329
    endloop
  endfacet
  facet normal -0.523509 0.597009 -0.60788
    outer loop
      vertex -28.3731 32.7894 1.02196
      vertex -28.7638 32.7638 1.33329
      vertex -28.5185 32.9789 1.33329
    endloop
  endfacet
  facet normal -0.803179 -0.536805 -0.258348
    outer loop
      vertex -29.3343 1.20881 2.41473
      vertex -29.4602 1.57961 2.03568
      vertex -29.2537 1.27064 2.03568
    endloop
  endfacet
  facet normal -0.768382 -0.513548 -0.381914
    outer loop
      vertex -29.2537 1.27064 2.03568
      vertex -29.4602 1.57961 2.03568
      vertex -29.1346 1.36206 1.67313
    endloop
  endfacet
  facet normal -0.778764 -0.155018 -0.607862
    outer loop
      vertex -29.4094 2.3544 1.33329
      vertex -29.4731 2.67441 1.33329
      vertex -29.1787 2.41623 1.02196
    endloop
  endfacet
  facet normal -0.77869 -0.154732 -0.608029
    outer loop
      vertex -29.1787 2.41623 1.02196
      vertex -29.4731 2.67441 1.33329
      vertex -29.2362 2.7056 1.02196
    endloop
  endfacet
  facet normal 0.0505654 -0.254351 -0.965789
    outer loop
      vertex 27.1259 2.04393 0.15921
      vertex 27.0764 2.41974 0.0576448
      vertex 27.1515 2.43467 0.0576448
    endloop
  endfacet
  facet normal 0.0169695 -0.258776 -0.965788
    outer loop
      vertex 27.1259 2.04393 0.15921
      vertex 27 2.41473 0.0576448
      vertex 27.0764 2.41974 0.0576448
    endloop
  endfacet
  facet normal 0.169604 -0.343805 -0.923598
    outer loop
      vertex 27.5078 1.77414 0.309382
      vertex 27.369 2.10909 0.15921
      vertex 27.6634 1.8509 0.309382
    endloop
  endfacet
  facet normal 0.221572 -0.449149 -0.865547
    outer loop
      vertex 27.6378 1.46016 0.505591
      vertex 27.5078 1.77414 0.309382
      vertex 27.6634 1.8509 0.309382
    endloop
  endfacet
  facet normal -0.0983235 -0.0862637 -0.991409
    outer loop
      vertex -27.4138 2.58615 0.0576448
      vertex -27.4643 2.64371 0.0576448
      vertex -27.1387 2.86126 0.00642395
    endloop
  endfacet
  facet normal -0.194953 -0.171041 -0.965784
    outer loop
      vertex -27.4138 2.58615 0.0576448
      vertex -27.765 2.41296 0.15921
      vertex -27.4643 2.64371 0.0576448
    endloop
  endfacet
  facet normal 0 0 -1
    outer loop
      vertex -20 20 0.00642395
      vertex -14 2.80379 0.00642395
      vertex -20 8 0.00642395
    endloop
  endfacet
  facet normal 0 0 -1
    outer loop
      vertex -27 2.80379 0.00642395
      vertex -20 8 0.00642395
      vertex -14 2.80379 0.00642395
    endloop
  endfacet
  facet normal 0 0 -1
    outer loop
      vertex -27.1962 3 0.00642395
      vertex -26 8 0.00642395
      vertex -27 2.80379 0.00642395
    endloop
  endfacet
  facet normal -0 0 -1
    outer loop
      vertex -20 8 0.00642395
      vertex -27 2.80379 0.00642395
      vertex -26 8 0.00642395
    endloop
  endfacet
  facet normal 0 0 -1
    outer loop
      vertex -14 2.80379 0.00642395
      vertex -20 20 0.00642395
      vertex -14 31.1962 0.00642395
    endloop
  endfacet
  facet normal 0 0 -1
    outer loop
      vertex -27.1962 31 0.00642395
      vertex -20 20 0.00642395
      vertex -26 20 0.00642395
    endloop
  endfacet
  facet normal 0 0 -1
    outer loop
      vertex -20 20 0.00642395
      vertex -27 31.1962 0.00642395
      vertex -14 31.1962 0.00642395
    endloop
  endfacet
  facet normal -0 0 -1
    outer loop
      vertex -26 8 0.00642395
      vertex -27.1962 3 0.00642395
      vertex -26 20 0.00642395
    endloop
  endfacet
  facet normal 0 0 -1
    outer loop
      vertex -27.1962 3 0.00642395
      vertex -27 2.80379 0.00642395
      vertex -27.0256 2.80547 0.00642395
    endloop
  endfacet
  facet normal 0 0 -1
    outer loop
      vertex -27.1962 31 0.00642395
      vertex -26 20 0.00642395
      vertex -27.1962 3 0.00642395
    endloop
  endfacet
  facet normal 0 0 -1
    outer loop
      vertex -27.1962 3 0.00642395
      vertex -27.0256 2.80547 0.00642395
      vertex -27.0508 2.81048 0.00642395
    endloop
  endfacet
  facet normal 0 0 -1
    outer loop
      vertex -20 20 0.00642395
      vertex -27.1962 31 0.00642395
      vertex -27 31.1962 0.00642395
    endloop
  endfacet
  facet normal 0 0 -1
    outer loop
      vertex -27.1962 3 0.00642395
      vertex -27.0508 2.81048 0.00642395
      vertex -27.0751 2.81873 0.00642395
    endloop
  endfacet
  facet normal 0 0 -1
    outer loop
      vertex -27 31.1962 0.00642395
      vertex -27.1962 31 0.00642395
      vertex -27.0256 31.1945 0.00642395
    endloop
  endfacet
  facet normal 0 0 -1
    outer loop
      vertex -27.1962 3 0.00642395
      vertex -27.0751 2.81873 0.00642395
      vertex -27.0981 2.83008 0.00642395
    endloop
  endfacet
  facet normal 0 0 -1
    outer loop
      vertex -27.0256 31.1945 0.00642395
      vertex -27.1962 31 0.00642395
      vertex -27.0508 31.1895 0.00642395
    endloop
  endfacet
  facet normal 0 0 -1
    outer loop
      vertex -27.1962 3 0.00642395
      vertex -27.0981 2.83008 0.00642395
      vertex -27.1194 2.84434 0.00642395
    endloop
  endfacet
  facet normal 0 0 -1
    outer loop
      vertex -27.0508 31.1895 0.00642395
      vertex -27.1962 31 0.00642395
      vertex -27.0751 31.1813 0.00642395
    endloop
  endfacet
  facet normal 0 0 -1
    outer loop
      vertex -27.1962 3 0.00642395
      vertex -27.1194 2.84434 0.00642395
      vertex -27.1387 2.86126 0.00642395
    endloop
  endfacet
  facet normal 0 0 -1
    outer loop
      vertex -27.0751 31.1813 0.00642395
      vertex -27.1962 31 0.00642395
      vertex -27.0981 31.1699 0.00642395
    endloop
  endfacet
  facet normal 0 0 -1
    outer loop
      vertex -27.1962 3 0.00642395
      vertex -27.1387 2.86126 0.00642395
      vertex -27.1557 2.88056 0.00642395
    endloop
  endfacet
  facet normal 0 0 -1
    outer loop
      vertex -27.0981 31.1699 0.00642395
      vertex -27.1962 31 0.00642395
      vertex -27.1194 31.1557 0.00642395
    endloop
  endfacet
  facet normal 0 0 -1
    outer loop
      vertex -27.1962 3 0.00642395
      vertex -27.1557 2.88056 0.00642395
      vertex -27.1699 2.9019 0.00642395
    endloop
  endfacet
  facet normal 0 0 -1
    outer loop
      vertex -27.1194 31.1557 0.00642395
      vertex -27.1962 31 0.00642395
      vertex -27.1387 31.1387 0.00642395
    endloop
  endfacet
  facet normal 0 0 -1
    outer loop
      vertex -27.1962 3 0.00642395
      vertex -27.1699 2.9019 0.00642395
      vertex -27.1813 2.92491 0.00642395
    endloop
  endfacet
  facet normal 0 0 -1
    outer loop
      vertex -27.1387 31.1387 0.00642395
      vertex -27.1962 31 0.00642395
      vertex -27.1557 31.1194 0.00642395
    endloop
  endfacet
  facet normal 0 0 -1
    outer loop
      vertex -27.1962 3 0.00642395
      vertex -27.1813 2.92491 0.00642395
      vertex -27.1895 2.94922 0.00642395
    endloop
  endfacet
  facet normal 0 0 -1
    outer loop
      vertex -27.1557 31.1194 0.00642395
      vertex -27.1962 31 0.00642395
      vertex -27.1699 31.0981 0.00642395
    endloop
  endfacet
  facet normal 0 0 -1
    outer loop
      vertex -27.1962 3 0.00642395
      vertex -27.1895 2.94922 0.00642395
      vertex -27.1945 2.97439 0.00642395
    endloop
  endfacet
  facet normal 0 0 -1
    outer loop
      vertex -27.1699 31.0981 0.00642395
      vertex -27.1962 31 0.00642395
      vertex -27.1813 31.0751 0.00642395
    endloop
  endfacet
  facet normal 0 0 -1
    outer loop
      vertex -27.1813 31.0751 0.00642395
      vertex -27.1962 31 0.00642395
      vertex -27.1895 31.0508 0.00642395
    endloop
  endfacet
  facet normal 0 0 -1
    outer loop
      vertex -27.1895 31.0508 0.00642395
      vertex -27.1962 31 0.00642395
      vertex -27.1945 31.0256 0.00642395
    endloop
  endfacet
  facet normal 0 0 -1
    outer loop
      vertex 27 2.80379 0.00642395
      vertex 27.1962 3 0.00642395
      vertex 27.1945 2.97439 0.00642395
    endloop
  endfacet
  facet normal 0 0 -1
    outer loop
      vertex 27.1962 3 0.00642395
      vertex 26 20 0.00642395
      vertex 27.1962 31 0.00642395
    endloop
  endfacet
  facet normal 0 0 -1
    outer loop
      vertex 27 2.80379 0.00642395
      vertex 27.1945 2.97439 0.00642395
      vertex 27.1895 2.94922 0.00642395
    endloop
  endfacet
  facet normal 0 0 -1
    outer loop
      vertex 20 20 0.00642395
      vertex 27.1962 31 0.00642395
      vertex 26 20 0.00642395
    endloop
  endfacet
  facet normal 0 0 -1
    outer loop
      vertex 27 2.80379 0.00642395
      vertex 27.1895 2.94922 0.00642395
      vertex 27.1813 2.92491 0.00642395
    endloop
  endfacet
  facet normal 0 -0 -1
    outer loop
      vertex 27 31.1962 0.00642395
      vertex 27.1962 31 0.00642395
      vertex 20 20 0.00642395
    endloop
  endfacet
  facet normal 0 0 -1
    outer loop
      vertex 27 2.80379 0.00642395
      vertex 27.1813 2.92491 0.00642395
      vertex 27.1699 2.9019 0.00642395
    endloop
  endfacet
  facet normal 0 0 -1
    outer loop
      vertex 27.1945 31.0256 0.00642395
      vertex 27 31.1962 0.00642395
      vertex 27.1895 31.0508 0.00642395
    endloop
  endfacet
  facet normal 0 0 -1
    outer loop
      vertex 27 2.80379 0.00642395
      vertex 27.1699 2.9019 0.00642395
      vertex 27.1557 2.88056 0.00642395
    endloop
  endfacet
  facet normal 0 0 -1
    outer loop
      vertex 27.1895 31.0508 0.00642395
      vertex 27 31.1962 0.00642395
      vertex 27.1813 31.0751 0.00642395
    endloop
  endfacet
  facet normal 0 0 -1
    outer loop
      vertex 27 2.80379 0.00642395
      vertex 27.1557 2.88056 0.00642395
      vertex 27.1387 2.86126 0.00642395
    endloop
  endfacet
  facet normal 0 0 -1
    outer loop
      vertex 27.1813 31.0751 0.00642395
      vertex 27 31.1962 0.00642395
      vertex 27.1699 31.0981 0.00642395
    endloop
  endfacet
  facet normal 0 0 -1
    outer loop
      vertex 27 2.80379 0.00642395
      vertex 27.1387 2.86126 0.00642395
      vertex 27.1194 2.84434 0.00642395
    endloop
  endfacet
  facet normal 0 0 -1
    outer loop
      vertex 27.1699 31.0981 0.00642395
      vertex 27 31.1962 0.00642395
      vertex 27.1557 31.1194 0.00642395
    endloop
  endfacet
  facet normal 0 0 -1
    outer loop
      vertex 27 2.80379 0.00642395
      vertex 27.1194 2.84434 0.00642395
      vertex 27.0981 2.83008 0.00642395
    endloop
  endfacet
  facet normal 0 0 -1
    outer loop
      vertex 27.1557 31.1194 0.00642395
      vertex 27 31.1962 0.00642395
      vertex 27.1387 31.1387 0.00642395
    endloop
  endfacet
  facet normal 0 0 -1
    outer loop
      vertex 27 2.80379 0.00642395
      vertex 27.0981 2.83008 0.00642395
      vertex 27.0751 2.81873 0.00642395
    endloop
  endfacet
  facet normal 0 0 -1
    outer loop
      vertex 27.1387 31.1387 0.00642395
      vertex 27 31.1962 0.00642395
      vertex 27.1194 31.1557 0.00642395
    endloop
  endfacet
  facet normal 0 0 -1
    outer loop
      vertex 27 2.80379 0.00642395
      vertex 27.0751 2.81873 0.00642395
      vertex 27.0508 2.81048 0.00642395
    endloop
  endfacet
  facet normal 0 0 -1
    outer loop
      vertex 27.1194 31.1557 0.00642395
      vertex 27 31.1962 0.00642395
      vertex 27.0981 31.1699 0.00642395
    endloop
  endfacet
  facet normal 0 0 -1
    outer loop
      vertex 27 2.80379 0.00642395
      vertex 27.0508 2.81048 0.00642395
      vertex 27.0256 2.80547 0.00642395
    endloop
  endfacet
  facet normal 0 0 -1
    outer loop
      vertex 27.0981 31.1699 0.00642395
      vertex 27 31.1962 0.00642395
      vertex 27.0751 31.1813 0.00642395
    endloop
  endfacet
  facet normal -0 0 -1
    outer loop
      vertex 27.1962 3 0.00642395
      vertex 27 2.80379 0.00642395
      vertex 26 8 0.00642395
    endloop
  endfacet
  facet normal 0 0 -1
    outer loop
      vertex 27.0751 31.1813 0.00642395
      vertex 27 31.1962 0.00642395
      vertex 27.0508 31.1895 0.00642395
    endloop
  endfacet
  facet normal 0 0 -1
    outer loop
      vertex 27.1962 3 0.00642395
      vertex 26 8 0.00642395
      vertex 26 20 0.00642395
    endloop
  endfacet
  facet normal 0 0 -1
    outer loop
      vertex 27 2.80379 0.00642395
      vertex 20 8 0.00642395
      vertex 26 8 0.00642395
    endloop
  endfacet
  facet normal -0 0 -1
    outer loop
      vertex 20 8 0.00642395
      vertex -2 2.80379 0.00642395
      vertex 20 20 0.00642395
    endloop
  endfacet
  facet normal 0 0 -1
    outer loop
      vertex -2 2.80379 0.00642395
      vertex 20 8 0.00642395
      vertex 27 2.80379 0.00642395
    endloop
  endfacet
  facet normal 0 0 -1
    outer loop
      vertex 27.0508 31.1895 0.00642395
      vertex 27 31.1962 0.00642395
      vertex 27.0256 31.1945 0.00642395
    endloop
  endfacet
  facet normal 0 0 -1
    outer loop
      vertex 27.1962 31 0.00642395
      vertex 27 31.1962 0.00642395
      vertex 27.1945 31.0256 0.00642395
    endloop
  endfacet
  facet normal 0 0 -1
    outer loop
      vertex -2 31.1962 0.00642395
      vertex 20 20 0.00642395
      vertex -2 2.80379 0.00642395
    endloop
  endfacet
  facet normal 0 0 -1
    outer loop
      vertex 20 20 0.00642395
      vertex -2 31.1962 0.00642395
      vertex 27 31.1962 0.00642395
    endloop
  endfacet
  facet normal -0.232732 -0.114569 0.965769
    outer loop
      vertex -27.5407 2.77603 59.9424
      vertex -27.8909 2.63097 59.8408
      vertex -27.5069 2.70737 59.9424
    endloop
  endfacet
  facet normal -0.245656 -0.0833652 0.965766
    outer loop
      vertex -27.5653 2.84852 59.9424
      vertex -27.8909 2.63097 59.8408
      vertex -27.5407 2.77603 59.9424
    endloop
  endfacet
  facet normal -0.546687 -0.269527 0.792773
    outer loop
      vertex -28.5398 2.36218 59.4944
      vertex -28.8275 2.24304 59.2555
      vertex -28.4434 2.16665 59.4944
    endloop
  endfacet
  facet normal -0.363047 -0.123261 0.923582
    outer loop
      vertex -27.8909 2.63097 59.8408
      vertex -28.2817 2.65658 59.6906
      vertex -28.2259 2.49223 59.6906
    endloop
  endfacet
  facet normal -0.449172 -0.221614 0.865524
    outer loop
      vertex -28.2259 2.49223 59.6906
      vertex -28.5398 2.36218 59.4944
      vertex -28.1491 2.33657 59.6906
    endloop
  endfacet
  facet normal -0.474275 -0.161025 0.865526
    outer loop
      vertex -28.2817 2.65658 59.6906
      vertex -28.5398 2.36218 59.4944
      vertex -28.2259 2.49223 59.6906
    endloop
  endfacet
  facet normal -0.288199 -0.252864 0.923581
    outer loop
      vertex -27.765 2.41296 59.8408
      vertex -28.0527 2.19226 59.6906
      vertex -27.9382 2.06176 59.6906
    endloop
  endfacet
  facet normal -0.318747 -0.213045 0.923586
    outer loop
      vertex -27.8351 2.51784 59.8408
      vertex -28.0527 2.19226 59.6906
      vertex -27.765 2.41296 59.8408
    endloop
  endfacet
  facet normal 0.0505815 -0.254432 0.965767
    outer loop
      vertex 27.1515 2.43467 59.9424
      vertex 27.0764 2.41974 59.9424
      vertex 27.1259 2.04393 59.8408
    endloop
  endfacet
  facet normal 0.025494 -0.128238 0.991416
    outer loop
      vertex 27.1515 2.43467 59.9424
      vertex 27.0508 2.81048 59.9936
      vertex 27.0764 2.41974 59.9424
    endloop
  endfacet
  facet normal 0.0506194 -0.254434 0.965764
    outer loop
      vertex 27.1515 2.43467 59.9424
      vertex 27.1259 2.04393 59.8408
      vertex 27.2496 2.06854 59.8408
    endloop
  endfacet
  facet normal 0.0748214 -0.376083 0.92356
    outer loop
      vertex 27.2496 2.06854 59.8408
      vertex 27.1259 2.04393 59.8408
      vertex 27.3434 1.71835 59.6906
    endloop
  endfacet
  facet normal 0.171169 -0.194973 0.965757
    outer loop
      vertex 27.4138 2.58615 59.9424
      vertex 27.3563 2.53567 59.9424
      vertex 27.587 2.23495 59.8408
    endloop
  endfacet
  facet normal 0.0862587 -0.0982543 0.991416
    outer loop
      vertex 27.4138 2.58615 59.9424
      vertex 27.1387 2.86126 59.9936
      vertex 27.3563 2.53567 59.9424
    endloop
  endfacet
  facet normal 0.288199 -0.252864 0.923581
    outer loop
      vertex 28.0527 2.19226 59.6906
      vertex 27.765 2.41296 59.8408
      vertex 27.9382 2.06176 59.6906
    endloop
  endfacet
  facet normal 0.318747 -0.213045 0.923586
    outer loop
      vertex 27.8351 2.51784 59.8408
      vertex 27.765 2.41296 59.8408
      vertex 28.0527 2.19226 59.6906
    endloop
  endfacet
  facet normal 0.114675 -0.23268 0.965769
    outer loop
      vertex 27.4822 2.16488 59.8408
      vertex 27.2926 2.49314 59.9424
      vertex 27.369 2.10909 59.8408
    endloop
  endfacet
  facet normal 0.278222 -0.416337 0.865596
    outer loop
      vertex 27.8077 1.94733 59.6906
      vertex 27.6634 1.8509 59.6906
      vertex 27.8334 1.55659 59.4944
    endloop
  endfacet
  facet normal 0.726405 -0.636863 -0.258344
    outer loop
      vertex 29.3343 1.20881 2.41473
      vertex 29.0806 0.91944 2.41473
      vertex 29.2537 1.27064 2.03568
    endloop
  endfacet
  facet normal 0.72631 -0.636929 -0.258449
    outer loop
      vertex 29.0806 0.91944 2.41473
      vertex 29.0087 0.991259 2.03568
      vertex 29.2537 1.27064 2.03568
    endloop
  endfacet
  facet normal 0.0254512 0.128274 -0.991412
    outer loop
      vertex 27.0508 31.1895 0.00642395
      vertex 27.0256 31.1945 0.00642395
      vertex 27.0764 31.5803 0.0576448
    endloop
  endfacet
  facet normal 0.00854061 0.1305 -0.991411
    outer loop
      vertex 27.0256 31.1945 0.00642395
      vertex 27 31.5853 0.0576448
      vertex 27.0764 31.5803 0.0576448
    endloop
  endfacet
  facet normal 0.0864717 0.0981708 -0.991406
    outer loop
      vertex 27.1387 31.1387 0.00642395
      vertex 27.1194 31.1557 0.00642395
      vertex 27.3563 31.4643 0.0576448
    endloop
  endfacet
  facet normal 0.0725646 0.108847 -0.991406
    outer loop
      vertex 27.1194 31.1557 0.00642395
      vertex 27.0981 31.1699 0.00642395
      vertex 27.3563 31.4643 0.0576448
    endloop
  endfacet
  facet normal -0.117341 -0.0577647 -0.99141
    outer loop
      vertex -27.5069 2.70737 0.0576448
      vertex -27.5407 2.77603 0.0576448
      vertex -27.1699 2.9019 0.00642395
    endloop
  endfacet
  facet normal -0.232657 -0.114533 -0.965791
    outer loop
      vertex -27.5069 2.70737 0.0576448
      vertex -27.8909 2.63097 0.15921
      vertex -27.5407 2.77603 0.0576448
    endloop
  endfacet
  facet normal 0.144061 -0.21577 0.965759
    outer loop
      vertex 27.3563 2.53567 59.9424
      vertex 27.2926 2.49314 59.9424
      vertex 27.587 2.23495 59.8408
    endloop
  endfacet
  facet normal 0.0726023 -0.108741 0.991415
    outer loop
      vertex 27.3563 2.53567 59.9424
      vertex 27.0981 2.83008 59.9936
      vertex 27.2926 2.49314 59.9424
    endloop
  endfacet
  facet normal 0.252756 -0.288404 0.923546
    outer loop
      vertex 27.6819 2.31812 59.8408
      vertex 27.587 2.23495 59.8408
      vertex 27.9382 2.06176 59.6906
    endloop
  endfacet
  facet normal 0.288436 -0.252731 0.923543
    outer loop
      vertex 27.765 2.41296 59.8408
      vertex 27.6819 2.31812 59.8408
      vertex 27.9382 2.06176 59.6906
    endloop
  endfacet
  facet normal 0.803145 -0.536836 -0.25839
    outer loop
      vertex 29.5482 1.52882 2.41473
      vertex 29.3343 1.20881 2.41473
      vertex 29.4602 1.57961 2.03568
    endloop
  endfacet
  facet normal 0.803179 -0.536805 -0.258348
    outer loop
      vertex 29.3343 1.20881 2.41473
      vertex 29.2537 1.27064 2.03568
      vertex 29.4602 1.57961 2.03568
    endloop
  endfacet
  facet normal 0.0578598 -0.117249 0.991416
    outer loop
      vertex 27.0981 2.83008 59.9936
      vertex 27.0751 2.81873 59.9936
      vertex 27.224 2.45928 59.9424
    endloop
  endfacet
  facet normal 0.0420327 -0.123805 0.991416
    outer loop
      vertex 27.0751 2.81873 59.9936
      vertex 27.0508 2.81048 59.9936
      vertex 27.224 2.45928 59.9424
    endloop
  endfacet
  facet normal 0.169524 -0.34397 0.923551
    outer loop
      vertex 27.4822 2.16488 59.8408
      vertex 27.369 2.10909 59.8408
      vertex 27.6634 1.8509 59.6906
    endloop
  endfacet
  facet normal 0.213068 -0.318839 0.923549
    outer loop
      vertex 27.8077 1.94733 59.6906
      vertex 27.4822 2.16488 59.8408
      vertex 27.6634 1.8509 59.6906
    endloop
  endfacet
  facet normal -1 0 0
    outer loop
      vertex 27.6 16.2 48.25
      vertex 27.6 13.2863 50.0912
      vertex 27.6 13.3 50.3
    endloop
  endfacet
  facet normal -1 0 0
    outer loop
      vertex 27.6 16.2 48.25
      vertex 27.6 13.2455 49.8859
      vertex 27.6 13.2863 50.0912
    endloop
  endfacet
  facet normal -1 0 0
    outer loop
      vertex 27.6 16.2 48.25
      vertex 27.6 13.1782 49.6877
      vertex 27.6 13.2455 49.8859
    endloop
  endfacet
  facet normal -1 0 0
    outer loop
      vertex 27.6 16.2 48.25
      vertex 27.6 13.0856 49.5
      vertex 27.6 13.1782 49.6877
    endloop
  endfacet
  facet normal -1 0 0
    outer loop
      vertex 27.6 16.2 48.25
      vertex 27.6 12.9694 49.326
      vertex 27.6 13.0856 49.5
    endloop
  endfacet
  facet normal -1 0 0
    outer loop
      vertex 27.6 16.2 48.25
      vertex 27.6 12.8314 49.1686
      vertex 27.6 12.9694 49.326
    endloop
  endfacet
  facet normal -1 0 0
    outer loop
      vertex 27.6 16.2 48.25
      vertex 27.6 12.674 49.0306
      vertex 27.6 12.8314 49.1686
    endloop
  endfacet
  facet normal -1 0 0
    outer loop
      vertex 27.6 16.2 48.25
      vertex 27.6 12.5 48.9144
      vertex 27.6 12.674 49.0306
    endloop
  endfacet
  facet normal -1 0 0
    outer loop
      vertex 27.6 16.2 48.25
      vertex 27.6 12.3123 48.8218
      vertex 27.6 12.5 48.9144
    endloop
  endfacet
  facet normal -1 0 0
    outer loop
      vertex 27.6 16.2 48.25
      vertex 27.6 12.1141 48.7545
      vertex 27.6 12.3123 48.8218
    endloop
  endfacet
  facet normal -1 0 0
    outer loop
      vertex 27.6 16.2 48.25
      vertex 27.6 11.9088 48.7137
      vertex 27.6 12.1141 48.7545
    endloop
  endfacet
  facet normal -1 0 0
    outer loop
      vertex 27.6 16.2 48.25
      vertex 27.6 11.7 48.7
      vertex 27.6 11.9088 48.7137
    endloop
  endfacet
  facet normal -1 0 0
    outer loop
      vertex 27.6 7.2 48.25
      vertex 27.6 11.7 48.7
      vertex 27.6 16.2 48.25
    endloop
  endfacet
  facet normal -1 -0 0
    outer loop
      vertex 27.6 10.1137 50.0912
      vertex 27.6 7.2 48.25
      vertex 27.6 10.1 50.3
    endloop
  endfacet
  facet normal -1 -0 0
    outer loop
      vertex 27.6 10.1545 49.8859
      vertex 27.6 7.2 48.25
      vertex 27.6 10.1137 50.0912
    endloop
  endfacet
  facet normal -1 -0 0
    outer loop
      vertex 27.6 10.2218 49.6877
      vertex 27.6 7.2 48.25
      vertex 27.6 10.1545 49.8859
    endloop
  endfacet
  facet normal -1 -0 0
    outer loop
      vertex 27.6 10.3144 49.5
      vertex 27.6 7.2 48.25
      vertex 27.6 10.2218 49.6877
    endloop
  endfacet
  facet normal -1 -0 0
    outer loop
      vertex 27.6 10.4306 49.326
      vertex 27.6 7.2 48.25
      vertex 27.6 10.3144 49.5
    endloop
  endfacet
  facet normal -1 -0 0
    outer loop
      vertex 27.6 10.5686 49.1686
      vertex 27.6 7.2 48.25
      vertex 27.6 10.4306 49.326
    endloop
  endfacet
  facet normal -1 -0 0
    outer loop
      vertex 27.6 10.726 49.0306
      vertex 27.6 7.2 48.25
      vertex 27.6 10.5686 49.1686
    endloop
  endfacet
  facet normal -1 -0 0
    outer loop
      vertex 27.6 10.9 48.9144
      vertex 27.6 7.2 48.25
      vertex 27.6 10.726 49.0306
    endloop
  endfacet
  facet normal -1 -0 0
    outer loop
      vertex 27.6 11.0877 48.8218
      vertex 27.6 7.2 48.25
      vertex 27.6 10.9 48.9144
    endloop
  endfacet
  facet normal -1 -0 0
    outer loop
      vertex 27.6 11.2859 48.7545
      vertex 27.6 7.2 48.25
      vertex 27.6 11.0877 48.8218
    endloop
  endfacet
  facet normal -1 -0 0
    outer loop
      vertex 27.6 11.4912 48.7137
      vertex 27.6 7.2 48.25
      vertex 27.6 11.2859 48.7545
    endloop
  endfacet
  facet normal -1 -0 0
    outer loop
      vertex 27.6 11.7 48.7
      vertex 27.6 7.2 48.25
      vertex 27.6 11.4912 48.7137
    endloop
  endfacet
  facet normal -1 0 0
    outer loop
      vertex 27.6 23 48.75
      vertex 27.6 30 50.5
      vertex 27.6 30 48.75
    endloop
  endfacet
  facet normal -1 -0 0
    outer loop
      vertex 27.6 30 50.5
      vertex 27.6 23 48.75
      vertex 27.6 23 50.5
    endloop
  endfacet
  facet normal -1 0 0
    outer loop
      vertex 27.6 23 45.75
      vertex 27.6 30 47.5
      vertex 27.6 30 45.75
    endloop
  endfacet
  facet normal -1 -0 0
    outer loop
      vertex 27.6 30 47.5
      vertex 27.6 23 45.75
      vertex 27.6 23 47.5
    endloop
  endfacet
  facet normal -1 0 0
    outer loop
      vertex 27.6 23 42.75
      vertex 27.6 30 44.5
      vertex 27.6 30 42.75
    endloop
  endfacet
  facet normal -1 -0 0
    outer loop
      vertex 27.6 30 44.5
      vertex 27.6 23 42.75
      vertex 27.6 23 44.5
    endloop
  endfacet
  facet normal -1 0 0
    outer loop
      vertex 27.6 23 39.75
      vertex 27.6 30 41.5
      vertex 27.6 30 39.75
    endloop
  endfacet
  facet normal -1 -0 0
    outer loop
      vertex 27.6 30 41.5
      vertex 27.6 23 39.75
      vertex 27.6 23 41.5
    endloop
  endfacet
  facet normal -1 0 0
    outer loop
      vertex 27.6 23 36.75
      vertex 27.6 30 38.5
      vertex 27.6 30 36.75
    endloop
  endfacet
  facet normal -1 -0 0
    outer loop
      vertex 27.6 30 38.5
      vertex 27.6 23 36.75
      vertex 27.6 23 38.5
    endloop
  endfacet
  facet normal -1 0 0
    outer loop
      vertex 27.6 31.6 2.4
      vertex 27.6 30 35.5
      vertex 27.6 31.6 57.6
    endloop
  endfacet
  facet normal -1 0 0
    outer loop
      vertex 27.6 31.6 2.4
      vertex 27.6 23 35.5
      vertex 27.6 30 35.5
    endloop
  endfacet
  facet normal -1 0 0
    outer loop
      vertex 27.6 16.2 36.75
      vertex 27.6 23 36.75
      vertex 27.6 23 35.5
    endloop
  endfacet
  facet normal -1 0 0
    outer loop
      vertex 27.6 23 36.75
      vertex 27.6 16.2 36.75
      vertex 27.6 23 38.5
    endloop
  endfacet
  facet normal -1 -0 0
    outer loop
      vertex 27.6 23 38.5
      vertex 27.6 16.2 36.75
      vertex 27.6 23 39.75
    endloop
  endfacet
  facet normal -1 -0 0
    outer loop
      vertex 27.6 23 39.75
      vertex 27.6 16.2 36.75
      vertex 27.6 23 41.5
    endloop
  endfacet
  facet normal -1 -0 0
    outer loop
      vertex 27.6 23 41.5
      vertex 27.6 16.2 36.75
      vertex 27.6 23 42.75
    endloop
  endfacet
  facet normal -1 0 0
    outer loop
      vertex 27.6 16.2 48.25
      vertex 27.6 23 42.75
      vertex 27.6 16.2 36.75
    endloop
  endfacet
  facet normal -1 0 0
    outer loop
      vertex 27.6 23 42.75
      vertex 27.6 16.2 48.25
      vertex 27.6 23 44.5
    endloop
  endfacet
  facet normal -1 0 0
    outer loop
      vertex 27.6 23 44.5
      vertex 27.6 16.2 48.25
      vertex 27.6 23 45.75
    endloop
  endfacet
  facet normal -1 0 0
    outer loop
      vertex 27.6 23 45.75
      vertex 27.6 16.2 48.25
      vertex 27.6 23 47.5
    endloop
  endfacet
  facet normal -1 -0 0
    outer loop
      vertex 27.6 23 48.75
      vertex 27.6 16.2 48.25
      vertex 27.6 23 50.5
    endloop
  endfacet
  facet normal -1 0 0
    outer loop
      vertex 27.6 23 47.5
      vertex 27.6 16.2 48.25
      vertex 27.6 23 48.75
    endloop
  endfacet
  facet normal -1 0 0
    outer loop
      vertex 27.6 31.6 2.4
      vertex 27.6 16.2 36.75
      vertex 27.6 23 35.5
    endloop
  endfacet
  facet normal -1 0 0
    outer loop
      vertex 27.6 0.0736582 2.80379
      vertex 27.6 16.2 36.75
      vertex 27.6 31.6 2.4
    endloop
  endfacet
  facet normal -1 0 0
    outer loop
      vertex 27.6 0.0736582 2.80379
      vertex 27.6 31.6 2.4
      vertex 27.6 0.103068 2.58422
    endloop
  endfacet
  facet normal -1 0 0
    outer loop
      vertex 27.6 0.103068 2.58422
      vertex 27.6 31.6 2.4
      vertex 27.6 0.129786 2.4
    endloop
  endfacet
  facet normal -1 0 0
    outer loop
      vertex 27.6 30 36.75
      vertex 27.6 31.6 57.6
      vertex 27.6 30 35.5
    endloop
  endfacet
  facet normal -1 0 0
    outer loop
      vertex 27.6 30 38.5
      vertex 27.6 31.6 57.6
      vertex 27.6 30 36.75
    endloop
  endfacet
  facet normal -1 0 0
    outer loop
      vertex 27.6 30 39.75
      vertex 27.6 31.6 57.6
      vertex 27.6 30 38.5
    endloop
  endfacet
  facet normal -1 0 0
    outer loop
      vertex 27.6 30 41.5
      vertex 27.6 31.6 57.6
      vertex 27.6 30 39.75
    endloop
  endfacet
  facet normal -1 0 0
    outer loop
      vertex 27.6 30 42.75
      vertex 27.6 31.6 57.6
      vertex 27.6 30 41.5
    endloop
  endfacet
  facet normal -1 0 0
    outer loop
      vertex 27.6 30 44.5
      vertex 27.6 31.6 57.6
      vertex 27.6 30 42.75
    endloop
  endfacet
  facet normal -1 0 0
    outer loop
      vertex 27.6 30 45.75
      vertex 27.6 31.6 57.6
      vertex 27.6 30 44.5
    endloop
  endfacet
  facet normal -1 0 0
    outer loop
      vertex 27.6 30 47.5
      vertex 27.6 31.6 57.6
      vertex 27.6 30 45.75
    endloop
  endfacet
  facet normal -1 0 0
    outer loop
      vertex 27.6 30 48.75
      vertex 27.6 31.6 57.6
      vertex 27.6 30 47.5
    endloop
  endfacet
  facet normal -1 0 0
    outer loop
      vertex 27.6 30 50.5
      vertex 27.6 31.6 57.6
      vertex 27.6 30 48.75
    endloop
  endfacet
  facet normal -1 0 0
    outer loop
      vertex 27.6 30 51.75
      vertex 27.6 31.6 57.6
      vertex 27.6 30 50.5
    endloop
  endfacet
  facet normal -1 0 0
    outer loop
      vertex 27.6 23 51.75
      vertex 27.6 31.6 57.6
      vertex 27.6 30 51.75
    endloop
  endfacet
  facet normal -1 -0 0
    outer loop
      vertex 27.6 23 50.5
      vertex 27.6 16.2 48.25
      vertex 27.6 23 51.75
    endloop
  endfacet
  facet normal -1 0 0
    outer loop
      vertex 27.6 13.1782 50.9123
      vertex 27.6 23 51.75
      vertex 27.6 16.2 48.25
    endloop
  endfacet
  facet normal -1 0 0
    outer loop
      vertex 27.6 13.2863 50.5088
      vertex 27.6 16.2 48.25
      vertex 27.6 13.3 50.3
    endloop
  endfacet
  facet normal -1 0 0
    outer loop
      vertex 27.6 13.2455 50.7141
      vertex 27.6 16.2 48.25
      vertex 27.6 13.2863 50.5088
    endloop
  endfacet
  facet normal -1 0 0
    outer loop
      vertex 27.6 13.1782 50.9123
      vertex 27.6 16.2 48.25
      vertex 27.6 13.2455 50.7141
    endloop
  endfacet
  facet normal -1 0 0
    outer loop
      vertex 27.6 23 51.75
      vertex 27.6 13.1782 50.9123
      vertex 27.6 13.0856 51.1
    endloop
  endfacet
  facet normal -1 0 0
    outer loop
      vertex 27.6 23 51.75
      vertex 27.6 13.0856 51.1
      vertex 27.6 12.9694 51.274
    endloop
  endfacet
  facet normal -1 0 0
    outer loop
      vertex 27.6 12.8314 51.4314
      vertex 27.6 23 51.75
      vertex 27.6 12.9694 51.274
    endloop
  endfacet
  facet normal -1 0 0
    outer loop
      vertex 27.6 12.674 51.5694
      vertex 27.6 23 51.75
      vertex 27.6 12.8314 51.4314
    endloop
  endfacet
  facet normal -1 0 0
    outer loop
      vertex 27.6 12.5 51.6856
      vertex 27.6 23 51.75
      vertex 27.6 12.674 51.5694
    endloop
  endfacet
  facet normal -1 0 0
    outer loop
      vertex 27.6 12.3123 51.7782
      vertex 27.6 23 51.75
      vertex 27.6 12.5 51.6856
    endloop
  endfacet
  facet normal -1 0 0
    outer loop
      vertex 27.6 12.1141 51.8455
      vertex 27.6 23 51.75
      vertex 27.6 12.3123 51.7782
    endloop
  endfacet
  facet normal -1 0 0
    outer loop
      vertex 27.6 23 51.75
      vertex 27.6 12.1141 51.8455
      vertex 27.6 31.6 57.6
    endloop
  endfacet
  facet normal -1 0 0
    outer loop
      vertex 27.6 11.9088 51.8863
      vertex 27.6 31.6 57.6
      vertex 27.6 12.1141 51.8455
    endloop
  endfacet
  facet normal -1 0 0
    outer loop
      vertex 27.6 0.129786 57.6
      vertex 27.6 11.9088 51.8863
      vertex 27.6 11.7 51.9
    endloop
  endfacet
  facet normal -1 0 0
    outer loop
      vertex 27.6 0.129786 57.6
      vertex 27.6 11.7 51.9
      vertex 27.6 11.4912 51.8863
    endloop
  endfacet
  facet normal -1 0 0
    outer loop
      vertex 27.6 0.129786 57.6
      vertex 27.6 11.4912 51.8863
      vertex 27.6 11.2859 51.8455
    endloop
  endfacet
  facet normal -1 0 0
    outer loop
      vertex 27.6 7.2 48.25
      vertex 27.6 10.1137 50.5088
      vertex 27.6 10.1 50.3
    endloop
  endfacet
  facet normal -1 0 0
    outer loop
      vertex 27.6 7.2 48.25
      vertex 27.6 10.1545 50.7141
      vertex 27.6 10.1137 50.5088
    endloop
  endfacet
  facet normal -1 0 0
    outer loop
      vertex 27.6 7.2 48.25
      vertex 27.6 10.2218 50.9123
      vertex 27.6 10.1545 50.7141
    endloop
  endfacet
  facet normal -1 0 0
    outer loop
      vertex 27.6 7.2 48.25
      vertex 27.6 10.3144 51.1
      vertex 27.6 10.2218 50.9123
    endloop
  endfacet
  facet normal -1 0 0
    outer loop
      vertex 27.6 0.0736582 57.1962
      vertex 27.6 10.3144 51.1
      vertex 27.6 7.2 48.25
    endloop
  endfacet
  facet normal -1 0 0
    outer loop
      vertex 27.6 10.3144 51.1
      vertex 27.6 0.0736582 57.1962
      vertex 27.6 10.4306 51.274
    endloop
  endfacet
  facet normal -1 0 0
    outer loop
      vertex 27.6 11.9088 51.8863
      vertex 27.6 0.129786 57.6
      vertex 27.6 31.6 57.6
    endloop
  endfacet
  facet normal -1 0 0
    outer loop
      vertex 27.6 11.0877 51.7782
      vertex 27.6 0.129786 57.6
      vertex 27.6 11.2859 51.8455
    endloop
  endfacet
  facet normal -1 0 0
    outer loop
      vertex 27.6 10.9 51.6856
      vertex 27.6 0.129786 57.6
      vertex 27.6 11.0877 51.7782
    endloop
  endfacet
  facet normal -1 0 0
    outer loop
      vertex 27.6 10.726 51.5694
      vertex 27.6 0.129786 57.6
      vertex 27.6 10.9 51.6856
    endloop
  endfacet
  facet normal -1 0 0
    outer loop
      vertex 27.6 0.0736582 57.1962
      vertex 27.6 10.726 51.5694
      vertex 27.6 10.5686 51.4314
    endloop
  endfacet
  facet normal -1 0 0
    outer loop
      vertex 27.6 10.4306 51.274
      vertex 27.6 0.0736582 57.1962
      vertex 27.6 10.5686 51.4314
    endloop
  endfacet
  facet normal -1 -0 0
    outer loop
      vertex 27.6 16.2 36.75
      vertex 27.6 0.0736582 2.80379
      vertex 27.6 7.2 36.75
    endloop
  endfacet
  facet normal -1 0 0
    outer loop
      vertex 27.6 0.103068 2.58422
      vertex 27.6 0.129786 2.4
      vertex 27.6 0.125771 2.41473
    endloop
  endfacet
  facet normal -1 0 0
    outer loop
      vertex 27.6 0.0736582 57.1962
      vertex 27.6 7.2 36.75
      vertex 27.6 0.0736582 2.80379
    endloop
  endfacet
  facet normal -1 0 0
    outer loop
      vertex 27.6 10.726 51.5694
      vertex 27.6 0.103068 57.4158
      vertex 27.6 0.129786 57.6
    endloop
  endfacet
  facet normal -1 0 0
    outer loop
      vertex 27.6 0.129786 57.6
      vertex 27.6 0.103068 57.4158
      vertex 27.6 0.125771 57.5853
    endloop
  endfacet
  facet normal -1 0 0
    outer loop
      vertex 27.6 7.2 36.75
      vertex 27.6 0.0736582 57.1962
      vertex 27.6 7.2 48.25
    endloop
  endfacet
  facet normal -1 0 0
    outer loop
      vertex 27.6 10.726 51.5694
      vertex 27.6 0.0736582 57.1962
      vertex 27.6 0.103068 57.4158
    endloop
  endfacet
  facet normal 0 0 -1
    outer loop
      vertex 27.3691 0.0857855 57.6
      vertex 27.6 0.129786 57.6
      vertex 27.3835 0.0867298 57.6
    endloop
  endfacet
  facet normal 0 0 -1
    outer loop
      vertex 27 0.0615913 57.6
      vertex 27.6 0.129786 57.6
      vertex 27.3691 0.0857855 57.6
    endloop
  endfacet
  facet normal -0 0 -1
    outer loop
      vertex 27.6 0.129786 57.6
      vertex 27 0.0615913 57.6
      vertex 27.6 31.6 57.6
    endloop
  endfacet
  facet normal 0 0 -1
    outer loop
      vertex -27 0.0615913 57.6
      vertex 27.6 31.6 57.6
      vertex 27 0.0615913 57.6
    endloop
  endfacet
  facet normal 0 0 -1
    outer loop
      vertex -27.6 0.129786 57.6
      vertex -27 0.0615913 57.6
      vertex -27.3691 0.0857855 57.6
    endloop
  endfacet
  facet normal 0 0 -1
    outer loop
      vertex -27.6 0.129786 57.6
      vertex -27.3691 0.0857855 57.6
      vertex -27.3835 0.0867298 57.6
    endloop
  endfacet
  facet normal 0 0 -1
    outer loop
      vertex -27 0.0615913 57.6
      vertex -27.6 0.129786 57.6
      vertex -27.6 31.6 57.6
    endloop
  endfacet
  facet normal 0 0 -1
    outer loop
      vertex -27 0.0615913 57.6
      vertex -27.6 31.6 57.6
      vertex 27.6 31.6 57.6
    endloop
  endfacet
  facet normal 0 0 1
    outer loop
      vertex 27 0.0615916 2.4
      vertex 27.6 0.129786 2.4
      vertex 27.6 31.6 2.4
    endloop
  endfacet
  facet normal 0 0 1
    outer loop
      vertex 27.6 0.129786 2.4
      vertex 27.3691 0.0857857 2.4
      vertex 27.3835 0.0867301 2.4
    endloop
  endfacet
  facet normal 0 0 1
    outer loop
      vertex 27.6 0.129786 2.4
      vertex 27 0.0615916 2.4
      vertex 27.3691 0.0857857 2.4
    endloop
  endfacet
  facet normal -0 0 1
    outer loop
      vertex -2 31.6 2.4
      vertex 27 0.0615916 2.4
      vertex 27.6 31.6 2.4
    endloop
  endfacet
  facet normal 0 0 1
    outer loop
      vertex 27 0.0615916 2.4
      vertex -2 31.6 2.4
      vertex -2 0.0615916 2.4
    endloop
  endfacet
  facet normal 0 0 1
    outer loop
      vertex -14 31.6 2.4
      vertex -27 0.0615916 2.4
      vertex -14 0.0615916 2.4
    endloop
  endfacet
  facet normal -0 0 1
    outer loop
      vertex -27.6 31.6 2.4
      vertex -27 0.0615916 2.4
      vertex -14 31.6 2.4
    endloop
  endfacet
  facet normal -0 0 1
    outer loop
      vertex -27.6 0.129786 2.4
      vertex -27 0.0615916 2.4
      vertex -27.6 31.6 2.4
    endloop
  endfacet
  facet normal 0 0 1
    outer loop
      vertex -27 0.0615916 2.4
      vertex -27.6 0.129786 2.4
      vertex -27.3691 0.0857857 2.4
    endloop
  endfacet
  facet normal 0 0 1
    outer loop
      vertex -27.3691 0.0857857 2.4
      vertex -27.6 0.129786 2.4
      vertex -27.3835 0.0867301 2.4
    endloop
  endfacet
  facet normal 1 -0 0
    outer loop
      vertex -27.6 0.0736582 2.80379
      vertex -27.6 31.6 2.4
      vertex -27.6 31.6 57.6
    endloop
  endfacet
  facet normal 1 0 0
    outer loop
      vertex -27.6 0.103068 57.4158
      vertex -27.6 31.6 57.6
      vertex -27.6 0.129786 57.6
    endloop
  endfacet
  facet normal 1 0 0
    outer loop
      vertex -27.6 0.103068 57.4158
      vertex -27.6 0.129786 57.6
      vertex -27.6 0.125771 57.5853
    endloop
  endfacet
  facet normal 1 0 0
    outer loop
      vertex -27.6 0.0736582 57.1962
      vertex -27.6 31.6 57.6
      vertex -27.6 0.103068 57.4158
    endloop
  endfacet
  facet normal 1 0 0
    outer loop
      vertex -27.6 31.6 2.4
      vertex -27.6 0.103068 2.58422
      vertex -27.6 0.129786 2.4
    endloop
  endfacet
  facet normal 1 0 0
    outer loop
      vertex -27.6 0.129786 2.4
      vertex -27.6 0.103068 2.58422
      vertex -27.6 0.125771 2.41473
    endloop
  endfacet
  facet normal 1 0 0
    outer loop
      vertex -27.6 0.0736582 2.80379
      vertex -27.6 31.6 57.6
      vertex -27.6 0.0736582 57.1962
    endloop
  endfacet
  facet normal 1 0 0
    outer loop
      vertex -27.6 31.6 2.4
      vertex -27.6 0.0736582 2.80379
      vertex -27.6 0.103068 2.58422
    endloop
  endfacet
  facet normal 0 -1 0
    outer loop
      vertex -14.6641 31.6 5.51797
      vertex -14 31.6 2.4
      vertex -14.39 31.6 5.5
    endloop
  endfacet
  facet normal 0 -1 0
    outer loop
      vertex -14.39 31.6 5.5
      vertex -14 31.6 2.4
      vertex -14.1159 31.6 5.51797
    endloop
  endfacet
  facet normal 0 -1 0
    outer loop
      vertex -14.1159 31.6 5.51797
      vertex -14 31.6 2.4
      vertex -14 31.6 5.54102
    endloop
  endfacet
  facet normal 0 -1 0
    outer loop
      vertex -27.6 31.6 57.6
      vertex 2.79 31.6 53.81
      vertex 27.6 31.6 57.6
    endloop
  endfacet
  facet normal 0 -1 0
    outer loop
      vertex -27.6 31.6 57.6
      vertex 2.51589 31.6 53.792
      vertex 2.79 31.6 53.81
    endloop
  endfacet
  facet normal 0 -1 0
    outer loop
      vertex -27.6 31.6 57.6
      vertex 2.24648 31.6 53.7384
      vertex 2.51589 31.6 53.792
    endloop
  endfacet
  facet normal 0 -1 0
    outer loop
      vertex -16.3359 31.6 53.592
      vertex 2.24648 31.6 53.7384
      vertex -27.6 31.6 57.6
    endloop
  endfacet
  facet normal 0 -1 0
    outer loop
      vertex -16.3359 31.6 53.592
      vertex -27.6 31.6 57.6
      vertex -16.61 31.6 53.61
    endloop
  endfacet
  facet normal 0 -1 0
    outer loop
      vertex -27.6 31.6 57.6
      vertex -16.8841 31.6 53.592
      vertex -16.61 31.6 53.61
    endloop
  endfacet
  facet normal 0 -1 0
    outer loop
      vertex -27.6 31.6 57.6
      vertex -17.1535 31.6 53.5384
      vertex -16.8841 31.6 53.592
    endloop
  endfacet
  facet normal 0 -1 0
    outer loop
      vertex -27.6 31.6 57.6
      vertex -17.4136 31.6 53.4501
      vertex -17.1535 31.6 53.5384
    endloop
  endfacet
  facet normal 0 -1 0
    outer loop
      vertex -27.6 31.6 57.6
      vertex -17.66 31.6 53.3287
      vertex -17.4136 31.6 53.4501
    endloop
  endfacet
  facet normal 0 -1 0
    outer loop
      vertex -27.6 31.6 57.6
      vertex -17.8884 31.6 53.176
      vertex -17.66 31.6 53.3287
    endloop
  endfacet
  facet normal 0 -1 0
    outer loop
      vertex -27.6 31.6 57.6
      vertex -18.0949 31.6 52.9949
      vertex -17.8884 31.6 53.176
    endloop
  endfacet
  facet normal 0 -1 0
    outer loop
      vertex -27.6 31.6 57.6
      vertex -18.276 31.6 52.7884
      vertex -18.0949 31.6 52.9949
    endloop
  endfacet
  facet normal 0 -1 0
    outer loop
      vertex -27.6 31.6 57.6
      vertex -18.4287 31.6 52.56
      vertex -18.276 31.6 52.7884
    endloop
  endfacet
  facet normal 0 -1 0
    outer loop
      vertex -27.6 31.6 57.6
      vertex -18.5501 31.6 52.3136
      vertex -18.4287 31.6 52.56
    endloop
  endfacet
  facet normal 0 -1 0
    outer loop
      vertex -27.6 31.6 57.6
      vertex -18.6384 31.6 52.0535
      vertex -18.5501 31.6 52.3136
    endloop
  endfacet
  facet normal 0 -1 0
    outer loop
      vertex -27.6 31.6 57.6
      vertex -18.692 31.6 51.7841
      vertex -18.6384 31.6 52.0535
    endloop
  endfacet
  facet normal 0 -1 0
    outer loop
      vertex -27.6 31.6 57.6
      vertex -18.71 31.6 51.51
      vertex -18.692 31.6 51.7841
    endloop
  endfacet
  facet normal 0 -1 0
    outer loop
      vertex -27.6 31.6 57.6
      vertex -18.692 31.6 51.2359
      vertex -18.71 31.6 51.51
    endloop
  endfacet
  facet normal 0 -1 0
    outer loop
      vertex -27.6 31.6 57.6
      vertex -18.6384 31.6 50.9665
      vertex -18.692 31.6 51.2359
    endloop
  endfacet
  facet normal 0 -1 0
    outer loop
      vertex -27.6 31.6 57.6
      vertex -18.5501 31.6 50.7064
      vertex -18.6384 31.6 50.9665
    endloop
  endfacet
  facet normal 0 -1 0
    outer loop
      vertex -27.6 31.6 57.6
      vertex -18.4287 31.6 50.46
      vertex -18.5501 31.6 50.7064
    endloop
  endfacet
  facet normal 0 -1 0
    outer loop
      vertex -27.6 31.6 57.6
      vertex -18.276 31.6 50.2316
      vertex -18.4287 31.6 50.46
    endloop
  endfacet
  facet normal 0 -1 0
    outer loop
      vertex -27.6 31.6 2.4
      vertex -18.276 31.6 50.2316
      vertex -27.6 31.6 57.6
    endloop
  endfacet
  facet normal 0 -1 -0
    outer loop
      vertex -18.276 31.6 50.2316
      vertex -27.6 31.6 2.4
      vertex -18.0949 31.6 50.0251
    endloop
  endfacet
  facet normal 0 -1 0
    outer loop
      vertex -14.6641 31.6 9.68203
      vertex -16.61 31.6 49.41
      vertex -16.8841 31.6 49.428
    endloop
  endfacet
  facet normal 0 -1 0
    outer loop
      vertex -14.9335 31.6 9.62844
      vertex -16.8841 31.6 49.428
      vertex -17.1535 31.6 49.4816
    endloop
  endfacet
  facet normal 0 -1 0
    outer loop
      vertex -15.1936 31.6 9.54015
      vertex -17.1535 31.6 49.4816
      vertex -17.4136 31.6 49.5699
    endloop
  endfacet
  facet normal 0 -1 0
    outer loop
      vertex -15.44 31.6 9.41865
      vertex -17.4136 31.6 49.5699
      vertex -17.66 31.6 49.6913
    endloop
  endfacet
  facet normal 0 -1 0
    outer loop
      vertex -15.6684 31.6 9.26604
      vertex -17.66 31.6 49.6913
      vertex -17.8884 31.6 49.844
    endloop
  endfacet
  facet normal 0 -1 -0
    outer loop
      vertex -18.0949 31.6 50.0251
      vertex -27.6 31.6 2.4
      vertex -17.8884 31.6 49.844
    endloop
  endfacet
  facet normal 0 -1 0
    outer loop
      vertex -16.61 31.6 49.41
      vertex 9.43589 31.6 12.782
      vertex 9.71 31.6 12.8
    endloop
  endfacet
  facet normal 0 -1 0
    outer loop
      vertex -16.61 31.6 49.41
      vertex 9.16648 31.6 12.7284
      vertex 9.43589 31.6 12.782
    endloop
  endfacet
  facet normal 0 -1 0
    outer loop
      vertex -16.61 31.6 49.41
      vertex 8.90636 31.6 12.6401
      vertex 9.16648 31.6 12.7284
    endloop
  endfacet
  facet normal 0 -1 0
    outer loop
      vertex -16.61 31.6 49.41
      vertex 8.66 31.6 12.5187
      vertex 8.90636 31.6 12.6401
    endloop
  endfacet
  facet normal 0 -1 0
    outer loop
      vertex -16.61 31.6 49.41
      vertex -13.8465 31.6 9.62844
      vertex -13.5864 31.6 9.54015
    endloop
  endfacet
  facet normal 0 -1 0
    outer loop
      vertex -16.61 31.6 49.41
      vertex 8.4316 31.6 12.366
      vertex 8.66 31.6 12.5187
    endloop
  endfacet
  facet normal 0 -1 0
    outer loop
      vertex -16.61 31.6 49.41
      vertex -13.5864 31.6 9.54015
      vertex 8.4316 31.6 12.366
    endloop
  endfacet
  facet normal 0 -1 0
    outer loop
      vertex -2 31.6 8
      vertex 8.4316 31.6 12.366
      vertex -13.5864 31.6 9.54015
    endloop
  endfacet
  facet normal 0 -1 0
    outer loop
      vertex 8.4316 31.6 12.366
      vertex -2 31.6 8
      vertex 8.22508 31.6 12.1849
    endloop
  endfacet
  facet normal 0 -1 0
    outer loop
      vertex 8.22508 31.6 12.1849
      vertex -2 31.6 8
      vertex 8.04396 31.6 11.9784
    endloop
  endfacet
  facet normal 0 -1 0
    outer loop
      vertex 8.04396 31.6 11.9784
      vertex -2 31.6 8
      vertex 7.89135 31.6 11.75
    endloop
  endfacet
  facet normal 0 -1 0
    outer loop
      vertex 7.89135 31.6 11.75
      vertex -2 31.6 8
      vertex 7.76985 31.6 11.5036
    endloop
  endfacet
  facet normal 0 -1 0
    outer loop
      vertex 7.76985 31.6 11.5036
      vertex -2 31.6 8
      vertex 7.68156 31.6 11.2435
    endloop
  endfacet
  facet normal 0 -1 0
    outer loop
      vertex 7.68156 31.6 11.2435
      vertex -2 31.6 8
      vertex 7.62796 31.6 10.9741
    endloop
  endfacet
  facet normal 0 -1 -0
    outer loop
      vertex 7.62796 31.6 10.4259
      vertex -2 31.6 8
      vertex 7.68156 31.6 10.1565
    endloop
  endfacet
  facet normal 0 -1 0
    outer loop
      vertex -16.61 31.6 49.41
      vertex -14.39 31.6 9.7
      vertex -14.1159 31.6 9.68203
    endloop
  endfacet
  facet normal 0 -1 0
    outer loop
      vertex -16.61 31.6 49.41
      vertex -14.6641 31.6 9.68203
      vertex -14.39 31.6 9.7
    endloop
  endfacet
  facet normal 0 -1 0
    outer loop
      vertex -16.8841 31.6 49.428
      vertex -14.9335 31.6 9.62844
      vertex -14.6641 31.6 9.68203
    endloop
  endfacet
  facet normal 0 -1 0
    outer loop
      vertex -17.1535 31.6 49.4816
      vertex -15.1936 31.6 9.54015
      vertex -14.9335 31.6 9.62844
    endloop
  endfacet
  facet normal 0 -1 0
    outer loop
      vertex -17.4136 31.6 49.5699
      vertex -15.44 31.6 9.41865
      vertex -15.1936 31.6 9.54015
    endloop
  endfacet
  facet normal 0 -1 0
    outer loop
      vertex -17.66 31.6 49.6913
      vertex -15.6684 31.6 9.26604
      vertex -15.44 31.6 9.41865
    endloop
  endfacet
  facet normal 0 -1 0
    outer loop
      vertex -17.8884 31.6 49.844
      vertex -15.8749 31.6 9.08492
      vertex -15.6684 31.6 9.26604
    endloop
  endfacet
  facet normal 0 -1 -0
    outer loop
      vertex -17.8884 31.6 49.844
      vertex -27.6 31.6 2.4
      vertex -15.8749 31.6 9.08492
    endloop
  endfacet
  facet normal 0 -1 0
    outer loop
      vertex -15.8749 31.6 9.08492
      vertex -27.6 31.6 2.4
      vertex -16.056 31.6 8.8784
    endloop
  endfacet
  facet normal 0 -1 0
    outer loop
      vertex -16.056 31.6 8.8784
      vertex -27.6 31.6 2.4
      vertex -16.2087 31.6 8.65
    endloop
  endfacet
  facet normal 0 -1 0
    outer loop
      vertex -16.2087 31.6 8.65
      vertex -27.6 31.6 2.4
      vertex -16.3301 31.6 8.40364
    endloop
  endfacet
  facet normal 0 -1 0
    outer loop
      vertex -16.3301 31.6 8.40364
      vertex -27.6 31.6 2.4
      vertex -16.4184 31.6 8.14352
    endloop
  endfacet
  facet normal 0 -1 0
    outer loop
      vertex -16.4184 31.6 8.14352
      vertex -27.6 31.6 2.4
      vertex -16.472 31.6 7.8741
    endloop
  endfacet
  facet normal 0 -1 0
    outer loop
      vertex -16.472 31.6 7.8741
      vertex -27.6 31.6 2.4
      vertex -16.49 31.6 7.6
    endloop
  endfacet
  facet normal 0 -1 -0
    outer loop
      vertex -16.49 31.6 7.6
      vertex -27.6 31.6 2.4
      vertex -16.472 31.6 7.32589
    endloop
  endfacet
  facet normal 0 -1 0
    outer loop
      vertex -14.9335 31.6 5.57156
      vertex -14 31.6 2.4
      vertex -14.6641 31.6 5.51797
    endloop
  endfacet
  facet normal 0 -1 0
    outer loop
      vertex -15.1936 31.6 5.65985
      vertex -14 31.6 2.4
      vertex -14.9335 31.6 5.57156
    endloop
  endfacet
  facet normal 0 -1 0
    outer loop
      vertex -15.44 31.6 5.78135
      vertex -14 31.6 2.4
      vertex -15.1936 31.6 5.65985
    endloop
  endfacet
  facet normal 0 -1 0
    outer loop
      vertex -15.6684 31.6 5.93396
      vertex -14 31.6 2.4
      vertex -15.44 31.6 5.78135
    endloop
  endfacet
  facet normal 0 -1 0
    outer loop
      vertex -15.8749 31.6 6.11508
      vertex -14 31.6 2.4
      vertex -15.6684 31.6 5.93396
    endloop
  endfacet
  facet normal 0 -1 0
    outer loop
      vertex -14 31.6 2.4
      vertex -15.8749 31.6 6.11508
      vertex -27.6 31.6 2.4
    endloop
  endfacet
  facet normal 0 -1 -0
    outer loop
      vertex -16.056 31.6 6.3216
      vertex -27.6 31.6 2.4
      vertex -15.8749 31.6 6.11508
    endloop
  endfacet
  facet normal 0 -1 -0
    outer loop
      vertex -16.2087 31.6 6.55
      vertex -27.6 31.6 2.4
      vertex -16.056 31.6 6.3216
    endloop
  endfacet
  facet normal 0 -1 -0
    outer loop
      vertex -16.3301 31.6 6.79636
      vertex -27.6 31.6 2.4
      vertex -16.2087 31.6 6.55
    endloop
  endfacet
  facet normal 0 -1 -0
    outer loop
      vertex -16.4184 31.6 7.05648
      vertex -27.6 31.6 2.4
      vertex -16.3301 31.6 6.79636
    endloop
  endfacet
  facet normal 0 -1 -0
    outer loop
      vertex -16.472 31.6 7.32589
      vertex -27.6 31.6 2.4
      vertex -16.4184 31.6 7.05648
    endloop
  endfacet
  facet normal 0 -1 0
    outer loop
      vertex 3.0641 31.6 53.792
      vertex 27.6 31.6 57.6
      vertex 2.79 31.6 53.81
    endloop
  endfacet
  facet normal 0 -1 0
    outer loop
      vertex 3.33352 31.6 53.7384
      vertex 27.6 31.6 57.6
      vertex 3.0641 31.6 53.792
    endloop
  endfacet
  facet normal 0 -1 0
    outer loop
      vertex 3.59363 31.6 53.6501
      vertex 27.6 31.6 57.6
      vertex 3.33352 31.6 53.7384
    endloop
  endfacet
  facet normal 0 -1 0
    outer loop
      vertex 3.84 31.6 53.5287
      vertex 27.6 31.6 57.6
      vertex 3.59363 31.6 53.6501
    endloop
  endfacet
  facet normal 0 -1 0
    outer loop
      vertex 4.0684 31.6 53.376
      vertex 27.6 31.6 57.6
      vertex 3.84 31.6 53.5287
    endloop
  endfacet
  facet normal 0 -1 0
    outer loop
      vertex 4.27492 31.6 53.1949
      vertex 27.6 31.6 57.6
      vertex 4.0684 31.6 53.376
    endloop
  endfacet
  facet normal 0 -1 0
    outer loop
      vertex 4.45604 31.6 52.9884
      vertex 27.6 31.6 57.6
      vertex 4.27492 31.6 53.1949
    endloop
  endfacet
  facet normal 0 -1 0
    outer loop
      vertex 4.60865 31.6 52.76
      vertex 27.6 31.6 57.6
      vertex 4.45604 31.6 52.9884
    endloop
  endfacet
  facet normal 0 -1 0
    outer loop
      vertex 4.73015 31.6 52.5136
      vertex 27.6 31.6 57.6
      vertex 4.60865 31.6 52.76
    endloop
  endfacet
  facet normal 0 -1 0
    outer loop
      vertex 4.81844 31.6 52.2535
      vertex 27.6 31.6 57.6
      vertex 4.73015 31.6 52.5136
    endloop
  endfacet
  facet normal 0 -1 0
    outer loop
      vertex 4.87203 31.6 51.9841
      vertex 27.6 31.6 57.6
      vertex 4.81844 31.6 52.2535
    endloop
  endfacet
  facet normal 0 -1 0
    outer loop
      vertex 4.89 31.6 51.71
      vertex 27.6 31.6 57.6
      vertex 4.87203 31.6 51.9841
    endloop
  endfacet
  facet normal 0 -1 0
    outer loop
      vertex 4.87203 31.6 51.4359
      vertex 27.6 31.6 57.6
      vertex 4.89 31.6 51.71
    endloop
  endfacet
  facet normal 0 -1 0
    outer loop
      vertex 4.81844 31.6 51.1665
      vertex 27.6 31.6 57.6
      vertex 4.87203 31.6 51.4359
    endloop
  endfacet
  facet normal 0 -1 0
    outer loop
      vertex 4.73015 31.6 50.9064
      vertex 27.6 31.6 57.6
      vertex 4.81844 31.6 51.1665
    endloop
  endfacet
  facet normal 0 -1 0
    outer loop
      vertex 4.60865 31.6 50.66
      vertex 27.6 31.6 57.6
      vertex 4.73015 31.6 50.9064
    endloop
  endfacet
  facet normal 0 -1 0
    outer loop
      vertex 4.45604 31.6 50.4316
      vertex 27.6 31.6 57.6
      vertex 4.60865 31.6 50.66
    endloop
  endfacet
  facet normal 0 -1 0
    outer loop
      vertex 4.27492 31.6 50.2251
      vertex 27.6 31.6 57.6
      vertex 4.45604 31.6 50.4316
    endloop
  endfacet
  facet normal 0 -1 0
    outer loop
      vertex 10.5136 31.6 12.6401
      vertex 4.27492 31.6 50.2251
      vertex 4.0684 31.6 50.044
    endloop
  endfacet
  facet normal 0 -1 0
    outer loop
      vertex 10.2535 31.6 12.7284
      vertex 4.0684 31.6 50.044
      vertex 3.84 31.6 49.8913
    endloop
  endfacet
  facet normal 0 -1 0
    outer loop
      vertex 9.9841 31.6 12.782
      vertex 3.84 31.6 49.8913
      vertex 3.59363 31.6 49.7699
    endloop
  endfacet
  facet normal 0 -1 0
    outer loop
      vertex 9.71 31.6 12.8
      vertex 3.59363 31.6 49.7699
      vertex 3.33352 31.6 49.6816
    endloop
  endfacet
  facet normal 0 -1 0
    outer loop
      vertex 2.24648 31.6 49.6816
      vertex 9.71 31.6 12.8
      vertex 2.51589 31.6 49.628
    endloop
  endfacet
  facet normal 0 -1 0
    outer loop
      vertex 9.71 31.6 12.8
      vertex -16.0665 31.6 49.4816
      vertex -16.3359 31.6 49.428
    endloop
  endfacet
  facet normal 0 -1 0
    outer loop
      vertex 9.71 31.6 12.8
      vertex -16.3359 31.6 49.428
      vertex -16.61 31.6 49.41
    endloop
  endfacet
  facet normal 0 -1 0
    outer loop
      vertex 2.51589 31.6 49.628
      vertex 9.71 31.6 12.8
      vertex 2.79 31.6 49.61
    endloop
  endfacet
  facet normal 0 -1 0
    outer loop
      vertex 9.71 31.6 12.8
      vertex 3.0641 31.6 49.628
      vertex 2.79 31.6 49.61
    endloop
  endfacet
  facet normal 0 -1 0
    outer loop
      vertex 9.71 31.6 12.8
      vertex 3.33352 31.6 49.6816
      vertex 3.0641 31.6 49.628
    endloop
  endfacet
  facet normal 0 -1 0
    outer loop
      vertex 3.59363 31.6 49.7699
      vertex 9.71 31.6 12.8
      vertex 9.9841 31.6 12.782
    endloop
  endfacet
  facet normal 0 -1 0
    outer loop
      vertex 3.84 31.6 49.8913
      vertex 9.9841 31.6 12.782
      vertex 10.2535 31.6 12.7284
    endloop
  endfacet
  facet normal 0 -1 0
    outer loop
      vertex 4.0684 31.6 50.044
      vertex 10.2535 31.6 12.7284
      vertex 10.5136 31.6 12.6401
    endloop
  endfacet
  facet normal 0 -1 0
    outer loop
      vertex 4.27492 31.6 50.2251
      vertex 10.5136 31.6 12.6401
      vertex 10.76 31.6 12.5187
    endloop
  endfacet
  facet normal 0 -1 0
    outer loop
      vertex 4.27492 31.6 50.2251
      vertex 10.76 31.6 12.5187
      vertex 27.6 31.6 57.6
    endloop
  endfacet
  facet normal 0 -1 0
    outer loop
      vertex 10.9884 31.6 12.366
      vertex 27.6 31.6 57.6
      vertex 10.76 31.6 12.5187
    endloop
  endfacet
  facet normal 0 -1 0
    outer loop
      vertex 11.1949 31.6 12.1849
      vertex 27.6 31.6 57.6
      vertex 10.9884 31.6 12.366
    endloop
  endfacet
  facet normal 0 -1 0
    outer loop
      vertex 11.376 31.6 11.9784
      vertex 27.6 31.6 57.6
      vertex 11.1949 31.6 12.1849
    endloop
  endfacet
  facet normal 0 -1 0
    outer loop
      vertex 27.6 31.6 2.4
      vertex 11.376 31.6 11.9784
      vertex 11.5287 31.6 11.75
    endloop
  endfacet
  facet normal 0 -1 0
    outer loop
      vertex 27.6 31.6 2.4
      vertex 11.5287 31.6 11.75
      vertex 11.6501 31.6 11.5036
    endloop
  endfacet
  facet normal 0 -1 0
    outer loop
      vertex 27.6 31.6 2.4
      vertex 11.6501 31.6 11.5036
      vertex 11.7384 31.6 11.2435
    endloop
  endfacet
  facet normal 0 -1 0
    outer loop
      vertex 27.6 31.6 2.4
      vertex 11.7384 31.6 11.2435
      vertex 11.792 31.6 10.9741
    endloop
  endfacet
  facet normal 0 -1 0
    outer loop
      vertex 27.6 31.6 2.4
      vertex 11.792 31.6 10.9741
      vertex 11.81 31.6 10.7
    endloop
  endfacet
  facet normal 0 -1 0
    outer loop
      vertex 27.6 31.6 2.4
      vertex 11.81 31.6 10.7
      vertex 11.792 31.6 10.4259
    endloop
  endfacet
  facet normal 0 -1 0
    outer loop
      vertex 27.6 31.6 2.4
      vertex 11.792 31.6 10.4259
      vertex 11.7384 31.6 10.1565
    endloop
  endfacet
  facet normal 0 -1 -0
    outer loop
      vertex 8.90636 31.6 8.75985
      vertex -2 31.6 2.4
      vertex 9.16648 31.6 8.67156
    endloop
  endfacet
  facet normal 0 -1 0
    outer loop
      vertex -2 31.6 8
      vertex -12.3616 31.6 8.14352
      vertex -12.333 31.6 8
    endloop
  endfacet
  facet normal 0 -1 -0
    outer loop
      vertex 9.16648 31.6 8.67156
      vertex -2 31.6 2.4
      vertex 9.43589 31.6 8.61797
    endloop
  endfacet
  facet normal 0 -1 -0
    outer loop
      vertex 9.43589 31.6 8.61797
      vertex -2 31.6 2.4
      vertex 9.71 31.6 8.6
    endloop
  endfacet
  facet normal 0 -1 0
    outer loop
      vertex -2 31.6 2.4
      vertex 9.9841 31.6 8.61797
      vertex 9.71 31.6 8.6
    endloop
  endfacet
  facet normal 0 -1 0
    outer loop
      vertex 27.6 31.6 2.4
      vertex 9.9841 31.6 8.61797
      vertex -2 31.6 2.4
    endloop
  endfacet
  facet normal 0 -1 0
    outer loop
      vertex 9.9841 31.6 8.61797
      vertex 27.6 31.6 2.4
      vertex 10.2535 31.6 8.67156
    endloop
  endfacet
  facet normal 0 -1 0
    outer loop
      vertex 10.2535 31.6 8.67156
      vertex 27.6 31.6 2.4
      vertex 10.5136 31.6 8.75985
    endloop
  endfacet
  facet normal 0 -1 0
    outer loop
      vertex 11.376 31.6 11.9784
      vertex 27.6 31.6 2.4
      vertex 27.6 31.6 57.6
    endloop
  endfacet
  facet normal 0 -1 0
    outer loop
      vertex 11.6501 31.6 9.89636
      vertex 27.6 31.6 2.4
      vertex 11.7384 31.6 10.1565
    endloop
  endfacet
  facet normal 0 -1 0
    outer loop
      vertex 11.5287 31.6 9.65
      vertex 27.6 31.6 2.4
      vertex 11.6501 31.6 9.89636
    endloop
  endfacet
  facet normal 0 -1 0
    outer loop
      vertex 11.376 31.6 9.4216
      vertex 27.6 31.6 2.4
      vertex 11.5287 31.6 9.65
    endloop
  endfacet
  facet normal 0 -1 0
    outer loop
      vertex 11.1949 31.6 9.21508
      vertex 27.6 31.6 2.4
      vertex 11.376 31.6 9.4216
    endloop
  endfacet
  facet normal 0 -1 0
    outer loop
      vertex 10.9884 31.6 9.03396
      vertex 27.6 31.6 2.4
      vertex 11.1949 31.6 9.21508
    endloop
  endfacet
  facet normal 0 -1 0
    outer loop
      vertex 10.76 31.6 8.88135
      vertex 27.6 31.6 2.4
      vertex 10.9884 31.6 9.03396
    endloop
  endfacet
  facet normal 0 -1 0
    outer loop
      vertex 10.5136 31.6 8.75985
      vertex 27.6 31.6 2.4
      vertex 10.76 31.6 8.88135
    endloop
  endfacet
  facet normal 0 -1 0
    outer loop
      vertex -16.0665 31.6 53.5384
      vertex 2.24648 31.6 53.7384
      vertex -16.3359 31.6 53.592
    endloop
  endfacet
  facet normal 0 -1 0
    outer loop
      vertex 2.24648 31.6 53.7384
      vertex -16.0665 31.6 53.5384
      vertex 1.98636 31.6 53.6501
    endloop
  endfacet
  facet normal 0 -1 0
    outer loop
      vertex -15.8064 31.6 53.4501
      vertex 1.98636 31.6 53.6501
      vertex -16.0665 31.6 53.5384
    endloop
  endfacet
  facet normal 0 -1 0
    outer loop
      vertex 1.98636 31.6 53.6501
      vertex -15.8064 31.6 53.4501
      vertex 1.74 31.6 53.5287
    endloop
  endfacet
  facet normal 0 -1 0
    outer loop
      vertex -15.56 31.6 53.3287
      vertex 1.74 31.6 53.5287
      vertex -15.8064 31.6 53.4501
    endloop
  endfacet
  facet normal 0 -1 0
    outer loop
      vertex 1.74 31.6 53.5287
      vertex -15.56 31.6 53.3287
      vertex 1.5116 31.6 53.376
    endloop
  endfacet
  facet normal 0 -1 0
    outer loop
      vertex -15.3316 31.6 53.176
      vertex 1.5116 31.6 53.376
      vertex -15.56 31.6 53.3287
    endloop
  endfacet
  facet normal 0 -1 0
    outer loop
      vertex 1.5116 31.6 53.376
      vertex -15.3316 31.6 53.176
      vertex 1.30508 31.6 53.1949
    endloop
  endfacet
  facet normal 0 -1 0
    outer loop
      vertex -15.1251 31.6 52.9949
      vertex 1.30508 31.6 53.1949
      vertex -15.3316 31.6 53.176
    endloop
  endfacet
  facet normal 0 -1 0
    outer loop
      vertex -15.1251 31.6 52.9949
      vertex 1.12396 31.6 52.9884
      vertex 1.30508 31.6 53.1949
    endloop
  endfacet
  facet normal 0 -1 0
    outer loop
      vertex -14.944 31.6 52.7884
      vertex 1.12396 31.6 52.9884
      vertex -15.1251 31.6 52.9949
    endloop
  endfacet
  facet normal 0 -1 0
    outer loop
      vertex -14.944 31.6 52.7884
      vertex 0.971346 31.6 52.76
      vertex 1.12396 31.6 52.9884
    endloop
  endfacet
  facet normal 0 -1 0
    outer loop
      vertex -14.7913 31.6 52.56
      vertex 0.971346 31.6 52.76
      vertex -14.944 31.6 52.7884
    endloop
  endfacet
  facet normal 0 -1 0
    outer loop
      vertex -14.7913 31.6 52.56
      vertex 0.849853 31.6 52.5136
      vertex 0.971346 31.6 52.76
    endloop
  endfacet
  facet normal 0 -1 0
    outer loop
      vertex -14.6699 31.6 52.3136
      vertex 0.849853 31.6 52.5136
      vertex -14.7913 31.6 52.56
    endloop
  endfacet
  facet normal 0 -1 0
    outer loop
      vertex -14.6699 31.6 52.3136
      vertex 0.761556 31.6 52.2535
      vertex 0.849853 31.6 52.5136
    endloop
  endfacet
  facet normal 0 -1 0
    outer loop
      vertex -14.5816 31.6 52.0535
      vertex 0.761556 31.6 52.2535
      vertex -14.6699 31.6 52.3136
    endloop
  endfacet
  facet normal 0 -1 0
    outer loop
      vertex -14.5816 31.6 52.0535
      vertex 0.707965 31.6 51.9841
      vertex 0.761556 31.6 52.2535
    endloop
  endfacet
  facet normal 0 -1 0
    outer loop
      vertex -14.528 31.6 51.7841
      vertex 0.707965 31.6 51.9841
      vertex -14.5816 31.6 52.0535
    endloop
  endfacet
  facet normal 0 -1 0
    outer loop
      vertex -14.528 31.6 51.7841
      vertex 0.69 31.6 51.71
      vertex 0.707965 31.6 51.9841
    endloop
  endfacet
  facet normal 0 -1 0
    outer loop
      vertex -14.51 31.6 51.51
      vertex 0.69 31.6 51.71
      vertex -14.528 31.6 51.7841
    endloop
  endfacet
  facet normal 0 -1 0
    outer loop
      vertex -14.51 31.6 51.51
      vertex 0.707965 31.6 51.4359
      vertex 0.69 31.6 51.71
    endloop
  endfacet
  facet normal 0 -1 0
    outer loop
      vertex -14.528 31.6 51.2359
      vertex 0.707965 31.6 51.4359
      vertex -14.51 31.6 51.51
    endloop
  endfacet
  facet normal 0 -1 0
    outer loop
      vertex -14.528 31.6 51.2359
      vertex 0.761556 31.6 51.1665
      vertex 0.707965 31.6 51.4359
    endloop
  endfacet
  facet normal 0 -1 0
    outer loop
      vertex -14.5816 31.6 50.9665
      vertex 0.761556 31.6 51.1665
      vertex -14.528 31.6 51.2359
    endloop
  endfacet
  facet normal 0 -1 0
    outer loop
      vertex -14.5816 31.6 50.9665
      vertex 0.849853 31.6 50.9064
      vertex 0.761556 31.6 51.1665
    endloop
  endfacet
  facet normal 0 -1 0
    outer loop
      vertex -14.6699 31.6 50.7064
      vertex 0.849853 31.6 50.9064
      vertex -14.5816 31.6 50.9665
    endloop
  endfacet
  facet normal 0 -1 0
    outer loop
      vertex -14.6699 31.6 50.7064
      vertex 0.971346 31.6 50.66
      vertex 0.849853 31.6 50.9064
    endloop
  endfacet
  facet normal 0 -1 0
    outer loop
      vertex -14.7913 31.6 50.46
      vertex 0.971346 31.6 50.66
      vertex -14.6699 31.6 50.7064
    endloop
  endfacet
  facet normal 0 -1 0
    outer loop
      vertex -14.7913 31.6 50.46
      vertex 1.12396 31.6 50.4316
      vertex 0.971346 31.6 50.66
    endloop
  endfacet
  facet normal 0 -1 0
    outer loop
      vertex -14.944 31.6 50.2316
      vertex 1.12396 31.6 50.4316
      vertex -14.7913 31.6 50.46
    endloop
  endfacet
  facet normal 0 -1 0
    outer loop
      vertex -14.944 31.6 50.2316
      vertex 1.30508 31.6 50.2251
      vertex 1.12396 31.6 50.4316
    endloop
  endfacet
  facet normal 0 -1 0
    outer loop
      vertex -15.1251 31.6 50.0251
      vertex 1.30508 31.6 50.2251
      vertex -14.944 31.6 50.2316
    endloop
  endfacet
  facet normal 0 -1 -0
    outer loop
      vertex 1.30508 31.6 50.2251
      vertex -15.1251 31.6 50.0251
      vertex 1.5116 31.6 50.044
    endloop
  endfacet
  facet normal 0 -1 0
    outer loop
      vertex -15.3316 31.6 49.844
      vertex 1.5116 31.6 50.044
      vertex -15.1251 31.6 50.0251
    endloop
  endfacet
  facet normal 0 -1 -0
    outer loop
      vertex 1.5116 31.6 50.044
      vertex -15.3316 31.6 49.844
      vertex 1.74 31.6 49.8913
    endloop
  endfacet
  facet normal 0 -1 0
    outer loop
      vertex -15.56 31.6 49.6913
      vertex 1.74 31.6 49.8913
      vertex -15.3316 31.6 49.844
    endloop
  endfacet
  facet normal 0 -1 -0
    outer loop
      vertex 1.74 31.6 49.8913
      vertex -15.56 31.6 49.6913
      vertex 1.98636 31.6 49.7699
    endloop
  endfacet
  facet normal 0 -1 0
    outer loop
      vertex -15.8064 31.6 49.5699
      vertex 1.98636 31.6 49.7699
      vertex -15.56 31.6 49.6913
    endloop
  endfacet
  facet normal 0 -1 0
    outer loop
      vertex 9.71 31.6 12.8
      vertex 1.98636 31.6 49.7699
      vertex -15.8064 31.6 49.5699
    endloop
  endfacet
  facet normal 0 -1 0
    outer loop
      vertex 9.71 31.6 12.8
      vertex -15.8064 31.6 49.5699
      vertex -16.0665 31.6 49.4816
    endloop
  endfacet
  facet normal 0 -1 0
    outer loop
      vertex 1.98636 31.6 49.7699
      vertex 9.71 31.6 12.8
      vertex 2.24648 31.6 49.6816
    endloop
  endfacet
  facet normal 0 -1 0
    outer loop
      vertex -16.61 31.6 49.41
      vertex -14.1159 31.6 9.68203
      vertex -13.8465 31.6 9.62844
    endloop
  endfacet
  facet normal 0 -1 0
    outer loop
      vertex 7.62796 31.6 10.9741
      vertex -2 31.6 8
      vertex 7.61 31.6 10.7
    endloop
  endfacet
  facet normal 0 -1 -0
    outer loop
      vertex 7.61 31.6 10.7
      vertex -2 31.6 8
      vertex 7.62796 31.6 10.4259
    endloop
  endfacet
  facet normal 0 -1 0
    outer loop
      vertex -2 31.6 8
      vertex -13.5864 31.6 9.54015
      vertex -13.34 31.6 9.41865
    endloop
  endfacet
  facet normal 0 -1 0
    outer loop
      vertex -2 31.6 8
      vertex -13.34 31.6 9.41865
      vertex -13.1116 31.6 9.26604
    endloop
  endfacet
  facet normal 0 -1 0
    outer loop
      vertex -2 31.6 8
      vertex -13.1116 31.6 9.26604
      vertex -12.9051 31.6 9.08492
    endloop
  endfacet
  facet normal 0 -1 0
    outer loop
      vertex -2 31.6 8
      vertex -12.9051 31.6 9.08492
      vertex -12.724 31.6 8.8784
    endloop
  endfacet
  facet normal 0 -1 0
    outer loop
      vertex -2 31.6 8
      vertex -12.724 31.6 8.8784
      vertex -12.5713 31.6 8.65
    endloop
  endfacet
  facet normal 0 -1 0
    outer loop
      vertex -2 31.6 8
      vertex -12.5713 31.6 8.65
      vertex -12.4499 31.6 8.40364
    endloop
  endfacet
  facet normal 0 -1 0
    outer loop
      vertex -2 31.6 8
      vertex -12.4499 31.6 8.40364
      vertex -12.3616 31.6 8.14352
    endloop
  endfacet
  facet normal 0 -1 -0
    outer loop
      vertex 7.68156 31.6 10.1565
      vertex -2 31.6 8
      vertex 7.76985 31.6 9.89636
    endloop
  endfacet
  facet normal 0 -1 -0
    outer loop
      vertex 7.76985 31.6 9.89636
      vertex -2 31.6 8
      vertex 7.89135 31.6 9.65
    endloop
  endfacet
  facet normal 0 -1 -0
    outer loop
      vertex 7.89135 31.6 9.65
      vertex -2 31.6 8
      vertex 8.04396 31.6 9.4216
    endloop
  endfacet
  facet normal 0 -1 -0
    outer loop
      vertex 8.04396 31.6 9.4216
      vertex -2 31.6 8
      vertex 8.22508 31.6 9.21508
    endloop
  endfacet
  facet normal 0 -1 0
    outer loop
      vertex -2 31.6 2.4
      vertex 8.22508 31.6 9.21508
      vertex -2 31.6 8
    endloop
  endfacet
  facet normal 0 -1 -0
    outer loop
      vertex 8.22508 31.6 9.21508
      vertex -2 31.6 2.4
      vertex 8.4316 31.6 9.03396
    endloop
  endfacet
  facet normal 0 -1 -0
    outer loop
      vertex 8.4316 31.6 9.03396
      vertex -2 31.6 2.4
      vertex 8.66 31.6 8.88135
    endloop
  endfacet
  facet normal 0 -1 -0
    outer loop
      vertex 8.66 31.6 8.88135
      vertex -2 31.6 2.4
      vertex 8.90636 31.6 8.75985
    endloop
  endfacet
  facet normal -1 0 0
    outer loop
      vertex -2 31.5853 0.0576448
      vertex -2 31.6 2.4
      vertex -2 31.9643 0.15921
    endloop
  endfacet
  facet normal -1 0 0
    outer loop
      vertex -2 31.1962 0.00642395
      vertex -2 31.6 2.4
      vertex -2 31.5853 0.0576448
    endloop
  endfacet
  facet normal -1 0 0
    outer loop
      vertex -2 2.80379 0.00642395
      vertex -2 31.6 2.4
      vertex -2 31.1962 0.00642395
    endloop
  endfacet
  facet normal -1 0 0
    outer loop
      vertex -2 0.0615916 2.4
      vertex -2 2.80379 0.00642395
      vertex -2 2.41473 0.0576448
    endloop
  endfacet
  facet normal -1 0 0
    outer loop
      vertex -2 0.0615916 2.4
      vertex -2 2.41473 0.0576448
      vertex -2 2.03568 0.15921
    endloop
  endfacet
  facet normal -1 0 0
    outer loop
      vertex -2 0.0615916 2.4
      vertex -2 2.03568 0.15921
      vertex -2 1.67313 0.309382
    endloop
  endfacet
  facet normal -1 0 0
    outer loop
      vertex -2 0.0615916 2.4
      vertex -2 1.67313 0.309382
      vertex -2 1.33329 0.505591
    endloop
  endfacet
  facet normal -1 0 0
    outer loop
      vertex -2 0.0615916 2.4
      vertex -2 1.33329 0.505591
      vertex -2 1.02196 0.744481
    endloop
  endfacet
  facet normal -1 0 0
    outer loop
      vertex -2 0.0615916 2.4
      vertex -2 1.02196 0.744481
      vertex -2 0.744481 1.02196
    endloop
  endfacet
  facet normal -1 0 0
    outer loop
      vertex -2 0.0615916 2.4
      vertex -2 0.744481 1.02196
      vertex -2 0.505591 1.33329
    endloop
  endfacet
  facet normal -1 0 0
    outer loop
      vertex -2 0.0615916 2.4
      vertex -2 0.505591 1.33329
      vertex -2 0.309382 1.67313
    endloop
  endfacet
  facet normal -1 0 0
    outer loop
      vertex -2 0.0615916 2.4
      vertex -2 0.309382 1.67313
      vertex -2 0.15921 2.03568
    endloop
  endfacet
  facet normal -1 0 0
    outer loop
      vertex -2 2.80379 0.00642395
      vertex -2 0.0615916 2.4
      vertex -2 31.6 2.4
    endloop
  endfacet
  facet normal -1 0 0
    outer loop
      vertex -2 31.6 2.4
      vertex -2 33.9936 2.80379
      vertex -2 33.9424 2.41473
    endloop
  endfacet
  facet normal -1 0 0
    outer loop
      vertex -2 31.6 2.4
      vertex -2 33.9424 2.41473
      vertex -2 33.8408 2.03568
    endloop
  endfacet
  facet normal -1 0 0
    outer loop
      vertex -2 31.6 2.4
      vertex -2 33.8408 2.03568
      vertex -2 33.6906 1.67313
    endloop
  endfacet
  facet normal -1 0 0
    outer loop
      vertex -2 31.6 2.4
      vertex -2 33.6906 1.67313
      vertex -2 33.4944 1.33329
    endloop
  endfacet
  facet normal -1 0 0
    outer loop
      vertex -2 31.6 2.4
      vertex -2 33.4944 1.33329
      vertex -2 33.2555 1.02196
    endloop
  endfacet
  facet normal -1 0 0
    outer loop
      vertex -2 31.6 2.4
      vertex -2 33.2555 1.02196
      vertex -2 32.978 0.744481
    endloop
  endfacet
  facet normal -1 0 0
    outer loop
      vertex -2 31.6 2.4
      vertex -2 32.978 0.744481
      vertex -2 32.6667 0.505591
    endloop
  endfacet
  facet normal -1 0 0
    outer loop
      vertex -2 31.6 2.4
      vertex -2 32.6667 0.505591
      vertex -2 32.3269 0.309382
    endloop
  endfacet
  facet normal -1 0 0
    outer loop
      vertex -2 31.6 2.4
      vertex -2 32.3269 0.309382
      vertex -2 31.9643 0.15921
    endloop
  endfacet
  facet normal -1 -0 0
    outer loop
      vertex -2 33.9936 2.80379
      vertex -2 31.6 2.4
      vertex -2 31.6 8
    endloop
  endfacet
  facet normal -1 0 0
    outer loop
      vertex -2 33.9936 2.80379
      vertex -2 31.6 8
      vertex -2 33.9936 8
    endloop
  endfacet
  facet normal 0 0 -1
    outer loop
      vertex -12.333 31.7 8
      vertex -2 31.6 8
      vertex -12.333 31.6 8
    endloop
  endfacet
  facet normal 0 0 -1
    outer loop
      vertex -2 31.6 8
      vertex -12.333 31.7 8
      vertex -2 33.9936 8
    endloop
  endfacet
  facet normal 0 0 -1
    outer loop
      vertex -14 33.9936 8
      vertex -12.333 31.7 8
      vertex -14 31.7 8
    endloop
  endfacet
  facet normal 0 0 -1
    outer loop
      vertex -12.333 31.7 8
      vertex -14 33.9936 8
      vertex -2 33.9936 8
    endloop
  endfacet
  facet normal 1 -0 0
    outer loop
      vertex -14 31.7 5.54102
      vertex -14 33.9936 2.80379
      vertex -14 33.9936 8
    endloop
  endfacet
  facet normal 1 0 0
    outer loop
      vertex -14 31.6 2.4
      vertex -14 33.9936 2.80379
      vertex -14 31.7 5.54102
    endloop
  endfacet
  facet normal 1 0 0
    outer loop
      vertex -14 33.9936 2.80379
      vertex -14 31.6 2.4
      vertex -14 33.9424 2.41473
    endloop
  endfacet
  facet normal 1 0 0
    outer loop
      vertex -14 33.9424 2.41473
      vertex -14 31.6 2.4
      vertex -14 33.8408 2.03568
    endloop
  endfacet
  facet normal 1 0 0
    outer loop
      vertex -14 33.8408 2.03568
      vertex -14 31.6 2.4
      vertex -14 33.6906 1.67313
    endloop
  endfacet
  facet normal 1 0 0
    outer loop
      vertex -14 33.6906 1.67313
      vertex -14 31.6 2.4
      vertex -14 33.4944 1.33329
    endloop
  endfacet
  facet normal 1 0 0
    outer loop
      vertex -14 33.4944 1.33329
      vertex -14 31.6 2.4
      vertex -14 33.2555 1.02196
    endloop
  endfacet
  facet normal 1 0 0
    outer loop
      vertex -14 32.978 0.744481
      vertex -14 31.6 2.4
      vertex -14 32.6667 0.505591
    endloop
  endfacet
  facet normal 1 0 0
    outer loop
      vertex -14 32.6667 0.505591
      vertex -14 31.6 2.4
      vertex -14 32.3269 0.309382
    endloop
  endfacet
  facet normal 1 0 0
    outer loop
      vertex -14 31.7 5.54102
      vertex -14 33.9936 8
      vertex -14 31.7 8
    endloop
  endfacet
  facet normal 1 0 0
    outer loop
      vertex -14 33.2555 1.02196
      vertex -14 31.6 2.4
      vertex -14 32.978 0.744481
    endloop
  endfacet
  facet normal 1 0 0
    outer loop
      vertex -14 31.6 2.4
      vertex -14 31.7 5.54102
      vertex -14 31.6 5.54102
    endloop
  endfacet
  facet normal 1 0 0
    outer loop
      vertex -14 32.3269 0.309382
      vertex -14 31.6 2.4
      vertex -14 31.9643 0.15921
    endloop
  endfacet
  facet normal 1 0 0
    outer loop
      vertex -14 31.6 2.4
      vertex -14 31.5853 0.0576448
      vertex -14 31.9643 0.15921
    endloop
  endfacet
  facet normal 1 0 0
    outer loop
      vertex -14 31.6 2.4
      vertex -14 31.1962 0.00642395
      vertex -14 31.5853 0.0576448
    endloop
  endfacet
  facet normal 1 0 0
    outer loop
      vertex -14 31.6 2.4
      vertex -14 2.80379 0.00642395
      vertex -14 31.1962 0.00642395
    endloop
  endfacet
  facet normal 1 -0 0
    outer loop
      vertex -14 0.0615916 2.4
      vertex -14 2.80379 0.00642395
      vertex -14 31.6 2.4
    endloop
  endfacet
  facet normal 1 0 0
    outer loop
      vertex -14 2.80379 0.00642395
      vertex -14 0.0615916 2.4
      vertex -14 2.41473 0.0576448
    endloop
  endfacet
  facet normal 1 0 0
    outer loop
      vertex -14 2.41473 0.0576448
      vertex -14 0.0615916 2.4
      vertex -14 2.03568 0.15921
    endloop
  endfacet
  facet normal 1 0 0
    outer loop
      vertex -14 2.03568 0.15921
      vertex -14 0.0615916 2.4
      vertex -14 1.67313 0.309382
    endloop
  endfacet
  facet normal 1 0 0
    outer loop
      vertex -14 1.67313 0.309382
      vertex -14 0.0615916 2.4
      vertex -14 1.33329 0.505591
    endloop
  endfacet
  facet normal 1 0 0
    outer loop
      vertex -14 1.33329 0.505591
      vertex -14 0.0615916 2.4
      vertex -14 1.02196 0.744481
    endloop
  endfacet
  facet normal 1 0 0
    outer loop
      vertex -14 1.02196 0.744481
      vertex -14 0.0615916 2.4
      vertex -14 0.744481 1.02196
    endloop
  endfacet
  facet normal 1 0 0
    outer loop
      vertex -14 0.744481 1.02196
      vertex -14 0.0615916 2.4
      vertex -14 0.505591 1.33329
    endloop
  endfacet
  facet normal 1 0 0
    outer loop
      vertex -14 0.505591 1.33329
      vertex -14 0.0615916 2.4
      vertex -14 0.309382 1.67313
    endloop
  endfacet
  facet normal 1 0 0
    outer loop
      vertex -14 0.309382 1.67313
      vertex -14 0.0615916 2.4
      vertex -14 0.15921 2.03568
    endloop
  endfacet
  facet normal 0.980776 -0 0.195136
    outer loop
      vertex -14.5816 14.8 52.0535
      vertex -14.528 31.6 51.7841
      vertex -14.5816 31.6 52.0535
    endloop
  endfacet
  facet normal 0.980776 0 0.195136
    outer loop
      vertex -14.528 31.6 51.7841
      vertex -14.5816 14.8 52.0535
      vertex -14.528 14.8 51.7841
    endloop
  endfacet
  facet normal 0.997851 -0 0.0655283
    outer loop
      vertex -14.528 14.8 51.7841
      vertex -14.51 31.6 51.51
      vertex -14.528 31.6 51.7841
    endloop
  endfacet
  facet normal 0.997851 0 0.0655283
    outer loop
      vertex -14.51 31.6 51.51
      vertex -14.528 14.8 51.7841
      vertex -14.51 14.8 51.51
    endloop
  endfacet
  facet normal -0.946921 0 0.321465
    outer loop
      vertex -18.6384 14.8 52.0535
      vertex -18.5501 31.6 52.3136
      vertex -18.6384 31.6 52.0535
    endloop
  endfacet
  facet normal -0.946921 0 0.321465
    outer loop
      vertex -18.5501 31.6 52.3136
      vertex -18.6384 14.8 52.0535
      vertex -18.5501 14.8 52.3136
    endloop
  endfacet
  facet normal -0.997851 0 0.0655283
    outer loop
      vertex -18.71 14.8 51.51
      vertex -18.692 31.6 51.7841
      vertex -18.71 31.6 51.51
    endloop
  endfacet
  facet normal -0.997851 0 0.0655283
    outer loop
      vertex -18.692 31.6 51.7841
      vertex -18.71 14.8 51.51
      vertex -18.692 14.8 51.7841
    endloop
  endfacet
  facet normal -0.0655283 0 -0.997851
    outer loop
      vertex -16.8841 14.8 49.428
      vertex -16.61 31.6 49.41
      vertex -16.61 14.8 49.41
    endloop
  endfacet
  facet normal -0.0655283 0 -0.997851
    outer loop
      vertex -16.61 31.6 49.41
      vertex -16.8841 14.8 49.428
      vertex -16.8841 31.6 49.428
    endloop
  endfacet
  facet normal 0.195136 0 -0.980776
    outer loop
      vertex -16.3359 14.8 49.428
      vertex -16.0665 31.6 49.4816
      vertex -16.0665 14.8 49.4816
    endloop
  endfacet
  facet normal 0.195136 0 -0.980776
    outer loop
      vertex -16.0665 31.6 49.4816
      vertex -16.3359 14.8 49.428
      vertex -16.3359 31.6 49.428
    endloop
  endfacet
  facet normal -0.321465 0 0.946921
    outer loop
      vertex -17.4136 31.6 53.4501
      vertex -17.1535 14.8 53.5384
      vertex -17.1535 31.6 53.5384
    endloop
  endfacet
  facet normal -0.321465 0 0.946921
    outer loop
      vertex -17.1535 14.8 53.5384
      vertex -17.4136 31.6 53.4501
      vertex -17.4136 14.8 53.4501
    endloop
  endfacet
  facet normal 0.555792 0 -0.831322
    outer loop
      vertex -15.56 14.8 49.6913
      vertex -15.3316 31.6 49.844
      vertex -15.3316 14.8 49.844
    endloop
  endfacet
  facet normal 0.555792 0 -0.831322
    outer loop
      vertex -15.3316 31.6 49.844
      vertex -15.56 14.8 49.6913
      vertex -15.56 31.6 49.6913
    endloop
  endfacet
  facet normal 0.0655283 0 0.997851
    outer loop
      vertex -16.61 31.6 53.61
      vertex -16.3359 14.8 53.592
      vertex -16.3359 31.6 53.592
    endloop
  endfacet
  facet normal 0.0655283 0 0.997851
    outer loop
      vertex -16.3359 14.8 53.592
      vertex -16.61 31.6 53.61
      vertex -16.61 14.8 53.61
    endloop
  endfacet
  facet normal 0.751832 -0 0.659355
    outer loop
      vertex -15.1251 14.8 52.9949
      vertex -14.944 31.6 52.7884
      vertex -15.1251 31.6 52.9949
    endloop
  endfacet
  facet normal 0.751832 0 0.659355
    outer loop
      vertex -14.944 31.6 52.7884
      vertex -15.1251 14.8 52.9949
      vertex -14.944 14.8 52.7884
    endloop
  endfacet
  facet normal 0.659355 0 -0.751832
    outer loop
      vertex -15.3316 14.8 49.844
      vertex -15.1251 31.6 50.0251
      vertex -15.1251 14.8 50.0251
    endloop
  endfacet
  facet normal 0.659355 0 -0.751832
    outer loop
      vertex -15.1251 31.6 50.0251
      vertex -15.3316 14.8 49.844
      vertex -15.3316 31.6 49.844
    endloop
  endfacet
  facet normal 0.946921 -0 0.321465
    outer loop
      vertex -14.6699 14.8 52.3136
      vertex -14.5816 31.6 52.0535
      vertex -14.6699 31.6 52.3136
    endloop
  endfacet
  facet normal 0.946921 0 0.321465
    outer loop
      vertex -14.5816 31.6 52.0535
      vertex -14.6699 14.8 52.3136
      vertex -14.5816 14.8 52.0535
    endloop
  endfacet
  facet normal 0.946921 0 -0.321465
    outer loop
      vertex -14.5816 14.8 50.9665
      vertex -14.6699 31.6 50.7064
      vertex -14.5816 31.6 50.9665
    endloop
  endfacet
  facet normal 0.946921 0 -0.321465
    outer loop
      vertex -14.6699 31.6 50.7064
      vertex -14.5816 14.8 50.9665
      vertex -14.6699 14.8 50.7064
    endloop
  endfacet
  facet normal -0.980776 0 -0.195136
    outer loop
      vertex -18.6384 14.8 50.9665
      vertex -18.692 31.6 51.2359
      vertex -18.6384 31.6 50.9665
    endloop
  endfacet
  facet normal -0.980776 -0 -0.195136
    outer loop
      vertex -18.692 31.6 51.2359
      vertex -18.6384 14.8 50.9665
      vertex -18.692 14.8 51.2359
    endloop
  endfacet
  facet normal -0.751832 0 0.659355
    outer loop
      vertex -18.276 14.8 52.7884
      vertex -18.0949 31.6 52.9949
      vertex -18.276 31.6 52.7884
    endloop
  endfacet
  facet normal -0.751832 0 0.659355
    outer loop
      vertex -18.0949 31.6 52.9949
      vertex -18.276 14.8 52.7884
      vertex -18.0949 14.8 52.9949
    endloop
  endfacet
  facet normal -0.441964 0 0.897033
    outer loop
      vertex -17.66 31.6 53.3287
      vertex -17.4136 14.8 53.4501
      vertex -17.4136 31.6 53.4501
    endloop
  endfacet
  facet normal -0.441964 0 0.897033
    outer loop
      vertex -17.4136 14.8 53.4501
      vertex -17.66 31.6 53.3287
      vertex -17.66 14.8 53.3287
    endloop
  endfacet
  facet normal -0.195136 0 0.980776
    outer loop
      vertex -17.1535 31.6 53.5384
      vertex -16.8841 14.8 53.592
      vertex -16.8841 31.6 53.592
    endloop
  endfacet
  facet normal -0.195136 0 0.980776
    outer loop
      vertex -16.8841 14.8 53.592
      vertex -17.1535 31.6 53.5384
      vertex -17.1535 14.8 53.5384
    endloop
  endfacet
  facet normal 0.897033 -0 0.441964
    outer loop
      vertex -14.7913 14.8 52.56
      vertex -14.6699 31.6 52.3136
      vertex -14.7913 31.6 52.56
    endloop
  endfacet
  facet normal 0.897033 0 0.441964
    outer loop
      vertex -14.6699 31.6 52.3136
      vertex -14.7913 14.8 52.56
      vertex -14.6699 14.8 52.3136
    endloop
  endfacet
  facet normal 0.0655283 0 -0.997851
    outer loop
      vertex -16.61 14.8 49.41
      vertex -16.3359 31.6 49.428
      vertex -16.3359 14.8 49.428
    endloop
  endfacet
  facet normal 0.0655283 0 -0.997851
    outer loop
      vertex -16.3359 31.6 49.428
      vertex -16.61 14.8 49.41
      vertex -16.61 31.6 49.41
    endloop
  endfacet
  facet normal 0.831322 0 -0.555792
    outer loop
      vertex -14.7913 14.8 50.46
      vertex -14.944 31.6 50.2316
      vertex -14.7913 31.6 50.46
    endloop
  endfacet
  facet normal 0.831322 0 -0.555792
    outer loop
      vertex -14.944 31.6 50.2316
      vertex -14.7913 14.8 50.46
      vertex -14.944 14.8 50.2316
    endloop
  endfacet
  facet normal -0.659355 0 0.751832
    outer loop
      vertex -18.0949 31.6 52.9949
      vertex -17.8884 14.8 53.176
      vertex -17.8884 31.6 53.176
    endloop
  endfacet
  facet normal -0.659355 0 0.751832
    outer loop
      vertex -17.8884 14.8 53.176
      vertex -18.0949 31.6 52.9949
      vertex -18.0949 14.8 52.9949
    endloop
  endfacet
  facet normal -0.897033 0 0.441964
    outer loop
      vertex -18.5501 14.8 52.3136
      vertex -18.4287 31.6 52.56
      vertex -18.5501 31.6 52.3136
    endloop
  endfacet
  facet normal -0.897033 0 0.441964
    outer loop
      vertex -18.4287 31.6 52.56
      vertex -18.5501 14.8 52.3136
      vertex -18.4287 14.8 52.56
    endloop
  endfacet
  facet normal 0.831322 -0 0.555792
    outer loop
      vertex -14.944 14.8 52.7884
      vertex -14.7913 31.6 52.56
      vertex -14.944 31.6 52.7884
    endloop
  endfacet
  facet normal 0.831322 0 0.555792
    outer loop
      vertex -14.7913 31.6 52.56
      vertex -14.944 14.8 52.7884
      vertex -14.7913 14.8 52.56
    endloop
  endfacet
  facet normal 0.321465 0 0.946921
    outer loop
      vertex -16.0665 31.6 53.5384
      vertex -15.8064 14.8 53.4501
      vertex -15.8064 31.6 53.4501
    endloop
  endfacet
  facet normal 0.321465 0 0.946921
    outer loop
      vertex -15.8064 14.8 53.4501
      vertex -16.0665 31.6 53.5384
      vertex -16.0665 14.8 53.5384
    endloop
  endfacet
  facet normal -0.997851 0 -0.0655283
    outer loop
      vertex -18.692 14.8 51.2359
      vertex -18.71 31.6 51.51
      vertex -18.692 31.6 51.2359
    endloop
  endfacet
  facet normal -0.997851 -0 -0.0655283
    outer loop
      vertex -18.71 31.6 51.51
      vertex -18.692 14.8 51.2359
      vertex -18.71 14.8 51.51
    endloop
  endfacet
  facet normal 0.980776 0 -0.195136
    outer loop
      vertex -14.528 14.8 51.2359
      vertex -14.5816 31.6 50.9665
      vertex -14.528 31.6 51.2359
    endloop
  endfacet
  facet normal 0.980776 0 -0.195136
    outer loop
      vertex -14.5816 31.6 50.9665
      vertex -14.528 14.8 51.2359
      vertex -14.5816 14.8 50.9665
    endloop
  endfacet
  facet normal 0.555792 0 0.831322
    outer loop
      vertex -15.56 31.6 53.3287
      vertex -15.3316 14.8 53.176
      vertex -15.3316 31.6 53.176
    endloop
  endfacet
  facet normal 0.555792 0 0.831322
    outer loop
      vertex -15.3316 14.8 53.176
      vertex -15.56 31.6 53.3287
      vertex -15.56 14.8 53.3287
    endloop
  endfacet
  facet normal 0.441964 0 -0.897033
    outer loop
      vertex -15.8064 14.8 49.5699
      vertex -15.56 31.6 49.6913
      vertex -15.56 14.8 49.6913
    endloop
  endfacet
  facet normal 0.441964 0 -0.897033
    outer loop
      vertex -15.56 31.6 49.6913
      vertex -15.8064 14.8 49.5699
      vertex -15.8064 31.6 49.5699
    endloop
  endfacet
  facet normal -0.555792 0 -0.831322
    outer loop
      vertex -17.8884 14.8 49.844
      vertex -17.66 31.6 49.6913
      vertex -17.66 14.8 49.6913
    endloop
  endfacet
  facet normal -0.555792 0 -0.831322
    outer loop
      vertex -17.66 31.6 49.6913
      vertex -17.8884 14.8 49.844
      vertex -17.8884 31.6 49.844
    endloop
  endfacet
  facet normal -0.831322 0 0.555792
    outer loop
      vertex -18.4287 14.8 52.56
      vertex -18.276 31.6 52.7884
      vertex -18.4287 31.6 52.56
    endloop
  endfacet
  facet normal -0.831322 0 0.555792
    outer loop
      vertex -18.276 31.6 52.7884
      vertex -18.4287 14.8 52.56
      vertex -18.276 14.8 52.7884
    endloop
  endfacet
  facet normal -0.946921 0 -0.321465
    outer loop
      vertex -18.5501 14.8 50.7064
      vertex -18.6384 31.6 50.9665
      vertex -18.5501 31.6 50.7064
    endloop
  endfacet
  facet normal -0.946921 -0 -0.321465
    outer loop
      vertex -18.6384 31.6 50.9665
      vertex -18.5501 14.8 50.7064
      vertex -18.6384 14.8 50.9665
    endloop
  endfacet
  facet normal 0.751832 0 -0.659355
    outer loop
      vertex -14.944 14.8 50.2316
      vertex -15.1251 31.6 50.0251
      vertex -14.944 31.6 50.2316
    endloop
  endfacet
  facet normal 0.751832 0 -0.659355
    outer loop
      vertex -15.1251 31.6 50.0251
      vertex -14.944 14.8 50.2316
      vertex -15.1251 14.8 50.0251
    endloop
  endfacet
  facet normal 0.897033 0 -0.441964
    outer loop
      vertex -14.6699 14.8 50.7064
      vertex -14.7913 31.6 50.46
      vertex -14.6699 31.6 50.7064
    endloop
  endfacet
  facet normal 0.897033 0 -0.441964
    outer loop
      vertex -14.7913 31.6 50.46
      vertex -14.6699 14.8 50.7064
      vertex -14.7913 14.8 50.46
    endloop
  endfacet
  facet normal 0.659355 0 0.751832
    outer loop
      vertex -15.3316 31.6 53.176
      vertex -15.1251 14.8 52.9949
      vertex -15.1251 31.6 52.9949
    endloop
  endfacet
  facet normal 0.659355 0 0.751832
    outer loop
      vertex -15.1251 14.8 52.9949
      vertex -15.3316 31.6 53.176
      vertex -15.3316 14.8 53.176
    endloop
  endfacet
  facet normal -0.659355 0 -0.751832
    outer loop
      vertex -18.0949 14.8 50.0251
      vertex -17.8884 31.6 49.844
      vertex -17.8884 14.8 49.844
    endloop
  endfacet
  facet normal -0.659355 0 -0.751832
    outer loop
      vertex -17.8884 31.6 49.844
      vertex -18.0949 14.8 50.0251
      vertex -18.0949 31.6 50.0251
    endloop
  endfacet
  facet normal 0.321465 0 -0.946921
    outer loop
      vertex -16.0665 14.8 49.4816
      vertex -15.8064 31.6 49.5699
      vertex -15.8064 14.8 49.5699
    endloop
  endfacet
  facet normal 0.321465 0 -0.946921
    outer loop
      vertex -15.8064 31.6 49.5699
      vertex -16.0665 14.8 49.4816
      vertex -16.0665 31.6 49.4816
    endloop
  endfacet
  facet normal 0.441964 0 0.897033
    outer loop
      vertex -15.8064 31.6 53.4501
      vertex -15.56 14.8 53.3287
      vertex -15.56 31.6 53.3287
    endloop
  endfacet
  facet normal 0.441964 0 0.897033
    outer loop
      vertex -15.56 14.8 53.3287
      vertex -15.8064 31.6 53.4501
      vertex -15.8064 14.8 53.4501
    endloop
  endfacet
  facet normal -0.555792 0 0.831322
    outer loop
      vertex -17.8884 31.6 53.176
      vertex -17.66 14.8 53.3287
      vertex -17.66 31.6 53.3287
    endloop
  endfacet
  facet normal -0.555792 0 0.831322
    outer loop
      vertex -17.66 14.8 53.3287
      vertex -17.8884 31.6 53.176
      vertex -17.8884 14.8 53.176
    endloop
  endfacet
  facet normal -0.980776 0 0.195136
    outer loop
      vertex -18.692 14.8 51.7841
      vertex -18.6384 31.6 52.0535
      vertex -18.692 31.6 51.7841
    endloop
  endfacet
  facet normal -0.980776 0 0.195136
    outer loop
      vertex -18.6384 31.6 52.0535
      vertex -18.692 14.8 51.7841
      vertex -18.6384 14.8 52.0535
    endloop
  endfacet
  facet normal -0.897033 0 -0.441964
    outer loop
      vertex -18.4287 14.8 50.46
      vertex -18.5501 31.6 50.7064
      vertex -18.4287 31.6 50.46
    endloop
  endfacet
  facet normal -0.897033 -0 -0.441964
    outer loop
      vertex -18.5501 31.6 50.7064
      vertex -18.4287 14.8 50.46
      vertex -18.5501 14.8 50.7064
    endloop
  endfacet
  facet normal 0.195136 0 0.980776
    outer loop
      vertex -16.3359 31.6 53.592
      vertex -16.0665 14.8 53.5384
      vertex -16.0665 31.6 53.5384
    endloop
  endfacet
  facet normal 0.195136 0 0.980776
    outer loop
      vertex -16.0665 14.8 53.5384
      vertex -16.3359 31.6 53.592
      vertex -16.3359 14.8 53.592
    endloop
  endfacet
  facet normal -0.0655283 0 0.997851
    outer loop
      vertex -16.8841 31.6 53.592
      vertex -16.61 14.8 53.61
      vertex -16.61 31.6 53.61
    endloop
  endfacet
  facet normal -0.0655283 0 0.997851
    outer loop
      vertex -16.61 14.8 53.61
      vertex -16.8841 31.6 53.592
      vertex -16.8841 14.8 53.592
    endloop
  endfacet
  facet normal -0.831322 0 -0.555792
    outer loop
      vertex -18.276 14.8 50.2316
      vertex -18.4287 31.6 50.46
      vertex -18.276 31.6 50.2316
    endloop
  endfacet
  facet normal -0.831322 -0 -0.555792
    outer loop
      vertex -18.4287 31.6 50.46
      vertex -18.276 14.8 50.2316
      vertex -18.4287 14.8 50.46
    endloop
  endfacet
  facet normal -0.195136 0 -0.980776
    outer loop
      vertex -17.1535 14.8 49.4816
      vertex -16.8841 31.6 49.428
      vertex -16.8841 14.8 49.428
    endloop
  endfacet
  facet normal -0.195136 0 -0.980776
    outer loop
      vertex -16.8841 31.6 49.428
      vertex -17.1535 14.8 49.4816
      vertex -17.1535 31.6 49.4816
    endloop
  endfacet
  facet normal 0 -1 0
    outer loop
      vertex -16.61 14.8 51.96
      vertex -16.61 14.8 53.61
      vertex -16.8841 14.8 53.592
    endloop
  endfacet
  facet normal 0 -1 0
    outer loop
      vertex -16.6687 14.8 51.9562
      vertex -16.8841 14.8 53.592
      vertex -17.1535 14.8 53.5384
    endloop
  endfacet
  facet normal 0 -1 0
    outer loop
      vertex -16.61 14.8 53.61
      vertex -16.61 14.8 51.96
      vertex -16.3359 14.8 53.592
    endloop
  endfacet
  facet normal 0 -1 0
    outer loop
      vertex -16.7265 14.8 51.9447
      vertex -17.1535 14.8 53.5384
      vertex -17.4136 14.8 53.4501
    endloop
  endfacet
  facet normal 0 -1 0
    outer loop
      vertex -16.5513 14.8 51.9562
      vertex -16.3359 14.8 53.592
      vertex -16.61 14.8 51.96
    endloop
  endfacet
  facet normal 0 -1 0
    outer loop
      vertex -16.7822 14.8 51.9257
      vertex -17.4136 14.8 53.4501
      vertex -17.66 14.8 53.3287
    endloop
  endfacet
  facet normal 0 -1 -0
    outer loop
      vertex -16.3359 14.8 53.592
      vertex -16.5513 14.8 51.9562
      vertex -16.0665 14.8 53.5384
    endloop
  endfacet
  facet normal 0 -1 0
    outer loop
      vertex -16.835 14.8 51.8997
      vertex -17.66 14.8 53.3287
      vertex -17.8884 14.8 53.176
    endloop
  endfacet
  facet normal 0 -1 0
    outer loop
      vertex -16.4935 14.8 51.9447
      vertex -16.0665 14.8 53.5384
      vertex -16.5513 14.8 51.9562
    endloop
  endfacet
  facet normal 0 -1 0
    outer loop
      vertex -16.8839 14.8 51.867
      vertex -17.8884 14.8 53.176
      vertex -18.0949 14.8 52.9949
    endloop
  endfacet
  facet normal 0 -1 -0
    outer loop
      vertex -16.0665 14.8 53.5384
      vertex -16.4935 14.8 51.9447
      vertex -15.8064 14.8 53.4501
    endloop
  endfacet
  facet normal 0 -1 0
    outer loop
      vertex -16.9282 14.8 51.8282
      vertex -18.0949 14.8 52.9949
      vertex -18.276 14.8 52.7884
    endloop
  endfacet
  facet normal 0 -1 0
    outer loop
      vertex -16.4378 14.8 51.9257
      vertex -15.8064 14.8 53.4501
      vertex -16.4935 14.8 51.9447
    endloop
  endfacet
  facet normal 0 -1 0
    outer loop
      vertex -16.967 14.8 51.7839
      vertex -18.276 14.8 52.7884
      vertex -18.4287 14.8 52.56
    endloop
  endfacet
  facet normal 0 -1 -0
    outer loop
      vertex -15.8064 14.8 53.4501
      vertex -16.4378 14.8 51.9257
      vertex -15.56 14.8 53.3287
    endloop
  endfacet
  facet normal 0 -1 0
    outer loop
      vertex -16.9997 14.8 51.735
      vertex -18.4287 14.8 52.56
      vertex -18.5501 14.8 52.3136
    endloop
  endfacet
  facet normal 0 -1 0
    outer loop
      vertex -16.385 14.8 51.8997
      vertex -15.56 14.8 53.3287
      vertex -16.4378 14.8 51.9257
    endloop
  endfacet
  facet normal 0 -1 0
    outer loop
      vertex -17.0257 14.8 51.6822
      vertex -18.5501 14.8 52.3136
      vertex -18.6384 14.8 52.0535
    endloop
  endfacet
  facet normal 0 -1 -0
    outer loop
      vertex -15.56 14.8 53.3287
      vertex -16.385 14.8 51.8997
      vertex -15.3316 14.8 53.176
    endloop
  endfacet
  facet normal 0 -1 0
    outer loop
      vertex -16.3361 14.8 51.867
      vertex -15.3316 14.8 53.176
      vertex -16.385 14.8 51.8997
    endloop
  endfacet
  facet normal 0 -1 0
    outer loop
      vertex -16.8841 14.8 53.592
      vertex -16.6687 14.8 51.9562
      vertex -16.61 14.8 51.96
    endloop
  endfacet
  facet normal 0 -1 0
    outer loop
      vertex -17.1535 14.8 53.5384
      vertex -16.7265 14.8 51.9447
      vertex -16.6687 14.8 51.9562
    endloop
  endfacet
  facet normal 0 -1 0
    outer loop
      vertex -17.4136 14.8 53.4501
      vertex -16.7822 14.8 51.9257
      vertex -16.7265 14.8 51.9447
    endloop
  endfacet
  facet normal 0 -1 0
    outer loop
      vertex -17.66 14.8 53.3287
      vertex -16.835 14.8 51.8997
      vertex -16.7822 14.8 51.9257
    endloop
  endfacet
  facet normal 0 -1 0
    outer loop
      vertex -17.8884 14.8 53.176
      vertex -16.8839 14.8 51.867
      vertex -16.835 14.8 51.8997
    endloop
  endfacet
  facet normal 0 -1 0
    outer loop
      vertex -18.0949 14.8 52.9949
      vertex -16.9282 14.8 51.8282
      vertex -16.8839 14.8 51.867
    endloop
  endfacet
  facet normal 0 -1 0
    outer loop
      vertex -17.0447 14.8 51.6265
      vertex -18.6384 14.8 52.0535
      vertex -18.692 14.8 51.7841
    endloop
  endfacet
  facet normal 0 -1 0
    outer loop
      vertex -18.276 14.8 52.7884
      vertex -16.967 14.8 51.7839
      vertex -16.9282 14.8 51.8282
    endloop
  endfacet
  facet normal 0 -1 0
    outer loop
      vertex -18.4287 14.8 52.56
      vertex -16.9997 14.8 51.735
      vertex -16.967 14.8 51.7839
    endloop
  endfacet
  facet normal 0 -1 0
    outer loop
      vertex -18.5501 14.8 52.3136
      vertex -17.0257 14.8 51.6822
      vertex -16.9997 14.8 51.735
    endloop
  endfacet
  facet normal 0 -1 0
    outer loop
      vertex -18.6384 14.8 52.0535
      vertex -17.0447 14.8 51.6265
      vertex -17.0257 14.8 51.6822
    endloop
  endfacet
  facet normal 0 -1 0
    outer loop
      vertex -18.692 14.8 51.7841
      vertex -17.0561 14.8 51.5687
      vertex -17.0447 14.8 51.6265
    endloop
  endfacet
  facet normal 0 -1 0
    outer loop
      vertex -18.71 14.8 51.51
      vertex -17.0561 14.8 51.5687
      vertex -18.692 14.8 51.7841
    endloop
  endfacet
  facet normal 0 -1 0
    outer loop
      vertex -18.71 14.8 51.51
      vertex -17.06 14.8 51.51
      vertex -17.0561 14.8 51.5687
    endloop
  endfacet
  facet normal 0 -1 0
    outer loop
      vertex -18.71 14.8 51.51
      vertex -17.0561 14.8 51.4513
      vertex -17.06 14.8 51.51
    endloop
  endfacet
  facet normal 0 -1 0
    outer loop
      vertex -18.692 14.8 51.2359
      vertex -17.0561 14.8 51.4513
      vertex -18.71 14.8 51.51
    endloop
  endfacet
  facet normal 0 -1 -0
    outer loop
      vertex -17.0561 14.8 51.4513
      vertex -18.692 14.8 51.2359
      vertex -17.0447 14.8 51.3935
    endloop
  endfacet
  facet normal 0 -1 0
    outer loop
      vertex -18.6384 14.8 50.9665
      vertex -17.0447 14.8 51.3935
      vertex -18.692 14.8 51.2359
    endloop
  endfacet
  facet normal 0 -1 -0
    outer loop
      vertex -17.0447 14.8 51.3935
      vertex -18.6384 14.8 50.9665
      vertex -17.0257 14.8 51.3378
    endloop
  endfacet
  facet normal 0 -1 0
    outer loop
      vertex -18.5501 14.8 50.7064
      vertex -17.0257 14.8 51.3378
      vertex -18.6384 14.8 50.9665
    endloop
  endfacet
  facet normal 0 -1 -0
    outer loop
      vertex -17.0257 14.8 51.3378
      vertex -18.5501 14.8 50.7064
      vertex -16.9997 14.8 51.285
    endloop
  endfacet
  facet normal 0 -1 0
    outer loop
      vertex -18.4287 14.8 50.46
      vertex -16.9997 14.8 51.285
      vertex -18.5501 14.8 50.7064
    endloop
  endfacet
  facet normal 0 -1 -0
    outer loop
      vertex -16.9997 14.8 51.285
      vertex -18.4287 14.8 50.46
      vertex -16.967 14.8 51.2361
    endloop
  endfacet
  facet normal 0 -1 0
    outer loop
      vertex -18.276 14.8 50.2316
      vertex -16.967 14.8 51.2361
      vertex -18.4287 14.8 50.46
    endloop
  endfacet
  facet normal 0 -1 -0
    outer loop
      vertex -16.967 14.8 51.2361
      vertex -18.276 14.8 50.2316
      vertex -16.9282 14.8 51.1918
    endloop
  endfacet
  facet normal 0 -1 0
    outer loop
      vertex -18.0949 14.8 50.0251
      vertex -16.9282 14.8 51.1918
      vertex -18.276 14.8 50.2316
    endloop
  endfacet
  facet normal 0 -1 0
    outer loop
      vertex -17.8884 14.8 49.844
      vertex -16.8839 14.8 51.153
      vertex -18.0949 14.8 50.0251
    endloop
  endfacet
  facet normal 0 -1 -0
    outer loop
      vertex -16.9282 14.8 51.1918
      vertex -18.0949 14.8 50.0251
      vertex -16.8839 14.8 51.153
    endloop
  endfacet
  facet normal 0 -1 -0
    outer loop
      vertex -15.3316 14.8 53.176
      vertex -16.3361 14.8 51.867
      vertex -15.1251 14.8 52.9949
    endloop
  endfacet
  facet normal 0 -1 0
    outer loop
      vertex -16.2918 14.8 51.8282
      vertex -15.1251 14.8 52.9949
      vertex -16.3361 14.8 51.867
    endloop
  endfacet
  facet normal 0 -1 -0
    outer loop
      vertex -15.1251 14.8 52.9949
      vertex -16.2918 14.8 51.8282
      vertex -14.944 14.8 52.7884
    endloop
  endfacet
  facet normal 0 -1 0
    outer loop
      vertex -16.253 14.8 51.7839
      vertex -14.944 14.8 52.7884
      vertex -16.2918 14.8 51.8282
    endloop
  endfacet
  facet normal 0 -1 -0
    outer loop
      vertex -14.944 14.8 52.7884
      vertex -16.253 14.8 51.7839
      vertex -14.7913 14.8 52.56
    endloop
  endfacet
  facet normal 0 -1 0
    outer loop
      vertex -16.2203 14.8 51.735
      vertex -14.7913 14.8 52.56
      vertex -16.253 14.8 51.7839
    endloop
  endfacet
  facet normal 0 -1 -0
    outer loop
      vertex -14.7913 14.8 52.56
      vertex -16.2203 14.8 51.735
      vertex -14.6699 14.8 52.3136
    endloop
  endfacet
  facet normal 0 -1 0
    outer loop
      vertex -16.1943 14.8 51.6822
      vertex -14.6699 14.8 52.3136
      vertex -16.2203 14.8 51.735
    endloop
  endfacet
  facet normal 0 -1 -0
    outer loop
      vertex -14.6699 14.8 52.3136
      vertex -16.1943 14.8 51.6822
      vertex -14.5816 14.8 52.0535
    endloop
  endfacet
  facet normal 0 -1 0
    outer loop
      vertex -16.1753 14.8 51.6265
      vertex -14.5816 14.8 52.0535
      vertex -16.1943 14.8 51.6822
    endloop
  endfacet
  facet normal 0 -1 -0
    outer loop
      vertex -14.5816 14.8 52.0535
      vertex -16.1753 14.8 51.6265
      vertex -14.528 14.8 51.7841
    endloop
  endfacet
  facet normal 0 -1 0
    outer loop
      vertex -16.1638 14.8 51.5687
      vertex -14.528 14.8 51.7841
      vertex -16.1753 14.8 51.6265
    endloop
  endfacet
  facet normal 0 -1 0
    outer loop
      vertex -16.16 14.8 51.51
      vertex -14.528 14.8 51.7841
      vertex -16.1638 14.8 51.5687
    endloop
  endfacet
  facet normal 0 -1 0
    outer loop
      vertex -16.16 14.8 51.51
      vertex -14.51 14.8 51.51
      vertex -14.528 14.8 51.7841
    endloop
  endfacet
  facet normal 0 -1 0
    outer loop
      vertex -16.1638 14.8 51.4513
      vertex -14.51 14.8 51.51
      vertex -16.16 14.8 51.51
    endloop
  endfacet
  facet normal 0 -1 0
    outer loop
      vertex -14.528 14.8 51.2359
      vertex -16.1638 14.8 51.4513
      vertex -16.1753 14.8 51.3935
    endloop
  endfacet
  facet normal 0 -1 0
    outer loop
      vertex -14.5816 14.8 50.9665
      vertex -16.1753 14.8 51.3935
      vertex -16.1943 14.8 51.3378
    endloop
  endfacet
  facet normal 0 -1 0
    outer loop
      vertex -14.6699 14.8 50.7064
      vertex -16.1943 14.8 51.3378
      vertex -16.2203 14.8 51.285
    endloop
  endfacet
  facet normal 0 -1 0
    outer loop
      vertex -14.7913 14.8 50.46
      vertex -16.2203 14.8 51.285
      vertex -16.253 14.8 51.2361
    endloop
  endfacet
  facet normal 0 -1 0
    outer loop
      vertex -16.1638 14.8 51.4513
      vertex -14.528 14.8 51.2359
      vertex -14.51 14.8 51.51
    endloop
  endfacet
  facet normal 0 -1 0
    outer loop
      vertex -14.944 14.8 50.2316
      vertex -16.253 14.8 51.2361
      vertex -16.2918 14.8 51.1918
    endloop
  endfacet
  facet normal 0 -1 0
    outer loop
      vertex -15.1251 14.8 50.0251
      vertex -16.2918 14.8 51.1918
      vertex -16.3361 14.8 51.153
    endloop
  endfacet
  facet normal 0 -1 0
    outer loop
      vertex -15.3316 14.8 49.844
      vertex -16.3361 14.8 51.153
      vertex -16.385 14.8 51.1203
    endloop
  endfacet
  facet normal 0 -1 0
    outer loop
      vertex -15.56 14.8 49.6913
      vertex -16.385 14.8 51.1203
      vertex -16.4378 14.8 51.0943
    endloop
  endfacet
  facet normal 0 -1 0
    outer loop
      vertex -15.8064 14.8 49.5699
      vertex -16.4378 14.8 51.0943
      vertex -16.4935 14.8 51.0753
    endloop
  endfacet
  facet normal 0 -1 0
    outer loop
      vertex -16.0665 14.8 49.4816
      vertex -16.4935 14.8 51.0753
      vertex -16.5513 14.8 51.0639
    endloop
  endfacet
  facet normal 0 -1 0
    outer loop
      vertex -16.1753 14.8 51.3935
      vertex -14.5816 14.8 50.9665
      vertex -14.528 14.8 51.2359
    endloop
  endfacet
  facet normal 0 -1 0
    outer loop
      vertex -16.3359 14.8 49.428
      vertex -16.5513 14.8 51.0639
      vertex -16.61 14.8 51.06
    endloop
  endfacet
  facet normal 0 -1 -0
    outer loop
      vertex -16.8839 14.8 51.153
      vertex -17.8884 14.8 49.844
      vertex -16.835 14.8 51.1203
    endloop
  endfacet
  facet normal 0 -1 0
    outer loop
      vertex -17.66 14.8 49.6913
      vertex -16.835 14.8 51.1203
      vertex -17.8884 14.8 49.844
    endloop
  endfacet
  facet normal 0 -1 0
    outer loop
      vertex -16.1943 14.8 51.3378
      vertex -14.6699 14.8 50.7064
      vertex -14.5816 14.8 50.9665
    endloop
  endfacet
  facet normal 0 -1 -0
    outer loop
      vertex -16.835 14.8 51.1203
      vertex -17.66 14.8 49.6913
      vertex -16.7822 14.8 51.0943
    endloop
  endfacet
  facet normal 0 -1 0
    outer loop
      vertex -16.2203 14.8 51.285
      vertex -14.7913 14.8 50.46
      vertex -14.6699 14.8 50.7064
    endloop
  endfacet
  facet normal 0 -1 0
    outer loop
      vertex -17.4136 14.8 49.5699
      vertex -16.7822 14.8 51.0943
      vertex -17.66 14.8 49.6913
    endloop
  endfacet
  facet normal 0 -1 0
    outer loop
      vertex -16.253 14.8 51.2361
      vertex -14.944 14.8 50.2316
      vertex -14.7913 14.8 50.46
    endloop
  endfacet
  facet normal 0 -1 -0
    outer loop
      vertex -16.7822 14.8 51.0943
      vertex -17.4136 14.8 49.5699
      vertex -16.7265 14.8 51.0753
    endloop
  endfacet
  facet normal 0 -1 0
    outer loop
      vertex -16.2918 14.8 51.1918
      vertex -15.1251 14.8 50.0251
      vertex -14.944 14.8 50.2316
    endloop
  endfacet
  facet normal 0 -1 0
    outer loop
      vertex -17.1535 14.8 49.4816
      vertex -16.7265 14.8 51.0753
      vertex -17.4136 14.8 49.5699
    endloop
  endfacet
  facet normal 0 -1 0
    outer loop
      vertex -16.3361 14.8 51.153
      vertex -15.3316 14.8 49.844
      vertex -15.1251 14.8 50.0251
    endloop
  endfacet
  facet normal 0 -1 -0
    outer loop
      vertex -16.7265 14.8 51.0753
      vertex -17.1535 14.8 49.4816
      vertex -16.6687 14.8 51.0639
    endloop
  endfacet
  facet normal 0 -1 0
    outer loop
      vertex -16.385 14.8 51.1203
      vertex -15.56 14.8 49.6913
      vertex -15.3316 14.8 49.844
    endloop
  endfacet
  facet normal 0 -1 0
    outer loop
      vertex -16.8841 14.8 49.428
      vertex -16.6687 14.8 51.0639
      vertex -17.1535 14.8 49.4816
    endloop
  endfacet
  facet normal 0 -1 0
    outer loop
      vertex -16.4378 14.8 51.0943
      vertex -15.8064 14.8 49.5699
      vertex -15.56 14.8 49.6913
    endloop
  endfacet
  facet normal 0 -1 -0
    outer loop
      vertex -16.6687 14.8 51.0639
      vertex -16.8841 14.8 49.428
      vertex -16.61 14.8 51.06
    endloop
  endfacet
  facet normal 0 -1 0
    outer loop
      vertex -16.4935 14.8 51.0753
      vertex -16.0665 14.8 49.4816
      vertex -15.8064 14.8 49.5699
    endloop
  endfacet
  facet normal 0 -1 0
    outer loop
      vertex -16.61 14.8 49.41
      vertex -16.61 14.8 51.06
      vertex -16.8841 14.8 49.428
    endloop
  endfacet
  facet normal 0 -1 0
    outer loop
      vertex -16.5513 14.8 51.0639
      vertex -16.3359 14.8 49.428
      vertex -16.0665 14.8 49.4816
    endloop
  endfacet
  facet normal 0 -1 0
    outer loop
      vertex -16.61 14.8 51.06
      vertex -16.61 14.8 49.41
      vertex -16.3359 14.8 49.428
    endloop
  endfacet
  facet normal -0.321465 0 -0.946921
    outer loop
      vertex -17.4136 14.8 49.5699
      vertex -17.1535 31.6 49.4816
      vertex -17.1535 14.8 49.4816
    endloop
  endfacet
  facet normal -0.321465 0 -0.946921
    outer loop
      vertex -17.1535 31.6 49.4816
      vertex -17.4136 14.8 49.5699
      vertex -17.4136 31.6 49.5699
    endloop
  endfacet
  facet normal -0.441964 0 -0.897033
    outer loop
      vertex -17.66 14.8 49.6913
      vertex -17.4136 31.6 49.5699
      vertex -17.4136 14.8 49.5699
    endloop
  endfacet
  facet normal -0.441964 0 -0.897033
    outer loop
      vertex -17.4136 31.6 49.5699
      vertex -17.66 14.8 49.6913
      vertex -17.66 31.6 49.6913
    endloop
  endfacet
  facet normal 0.997851 0 -0.0655283
    outer loop
      vertex -14.51 14.8 51.51
      vertex -14.528 31.6 51.2359
      vertex -14.51 31.6 51.51
    endloop
  endfacet
  facet normal 0.997851 0 -0.0655283
    outer loop
      vertex -14.528 31.6 51.2359
      vertex -14.51 14.8 51.51
      vertex -14.528 14.8 51.2359
    endloop
  endfacet
  facet normal -0.751832 0 -0.659355
    outer loop
      vertex -18.0949 14.8 50.0251
      vertex -18.276 31.6 50.2316
      vertex -18.0949 31.6 50.0251
    endloop
  endfacet
  facet normal -0.751832 -0 -0.659355
    outer loop
      vertex -18.276 31.6 50.2316
      vertex -18.0949 14.8 50.0251
      vertex -18.276 14.8 50.2316
    endloop
  endfacet
  facet normal 0.980776 -0 0.195137
    outer loop
      vertex -16.1753 12.3 51.6265
      vertex -16.1638 14.8 51.5687
      vertex -16.1753 14.8 51.6265
    endloop
  endfacet
  facet normal 0.980776 0 0.195137
    outer loop
      vertex -16.1638 14.8 51.5687
      vertex -16.1753 12.3 51.6265
      vertex -16.1638 12.3 51.5687
    endloop
  endfacet
  facet normal 0.997911 -0 0.0646007
    outer loop
      vertex -16.1638 12.3 51.5687
      vertex -16.16 14.8 51.51
      vertex -16.1638 14.8 51.5687
    endloop
  endfacet
  facet normal 0.997911 0 0.0646007
    outer loop
      vertex -16.16 14.8 51.51
      vertex -16.1638 12.3 51.5687
      vertex -16.16 12.3 51.51
    endloop
  endfacet
  facet normal 0.193504 0 -0.981099
    outer loop
      vertex -16.5513 12.3 51.0639
      vertex -16.4935 14.8 51.0753
      vertex -16.4935 12.3 51.0753
    endloop
  endfacet
  facet normal 0.193504 0 -0.981099
    outer loop
      vertex -16.4935 14.8 51.0753
      vertex -16.5513 12.3 51.0639
      vertex -16.5513 14.8 51.0639
    endloop
  endfacet
  facet normal 0.980776 0 -0.195137
    outer loop
      vertex -16.1638 12.3 51.4513
      vertex -16.1753 14.8 51.3935
      vertex -16.1638 14.8 51.4513
    endloop
  endfacet
  facet normal 0.980776 0 -0.195137
    outer loop
      vertex -16.1753 14.8 51.3935
      vertex -16.1638 12.3 51.4513
      vertex -16.1753 12.3 51.3935
    endloop
  endfacet
  facet normal 0.946451 0 -0.322847
    outer loop
      vertex -16.1753 12.3 51.3935
      vertex -16.1943 14.8 51.3378
      vertex -16.1753 14.8 51.3935
    endloop
  endfacet
  facet normal 0.946451 0 -0.322847
    outer loop
      vertex -16.1943 14.8 51.3378
      vertex -16.1753 12.3 51.3935
      vertex -16.1943 12.3 51.3378
    endloop
  endfacet
  facet normal 0.322847 0 -0.946451
    outer loop
      vertex -16.4935 12.3 51.0753
      vertex -16.4378 14.8 51.0943
      vertex -16.4378 12.3 51.0943
    endloop
  endfacet
  facet normal 0.322847 0 -0.946451
    outer loop
      vertex -16.4378 14.8 51.0943
      vertex -16.4935 12.3 51.0753
      vertex -16.4935 14.8 51.0753
    endloop
  endfacet
  facet normal 0.658865 0 0.752261
    outer loop
      vertex -16.3361 14.8 51.867
      vertex -16.2918 12.3 51.8282
      vertex -16.2918 14.8 51.8282
    endloop
  endfacet
  facet normal 0.658865 0 0.752261
    outer loop
      vertex -16.2918 12.3 51.8282
      vertex -16.3361 14.8 51.867
      vertex -16.3361 12.3 51.867
    endloop
  endfacet
  facet normal -0.322847 0 -0.946451
    outer loop
      vertex -16.7822 12.3 51.0943
      vertex -16.7265 14.8 51.0753
      vertex -16.7265 12.3 51.0753
    endloop
  endfacet
  facet normal -0.322847 0 -0.946451
    outer loop
      vertex -16.7265 14.8 51.0753
      vertex -16.7822 12.3 51.0943
      vertex -16.7822 14.8 51.0943
    endloop
  endfacet
  facet normal 0.0662934 0 -0.9978
    outer loop
      vertex -16.61 12.3 51.06
      vertex -16.5513 14.8 51.0639
      vertex -16.5513 12.3 51.0639
    endloop
  endfacet
  facet normal 0.0662934 0 -0.9978
    outer loop
      vertex -16.5513 14.8 51.0639
      vertex -16.61 12.3 51.06
      vertex -16.61 14.8 51.06
    endloop
  endfacet
  facet normal -0.946451 0 -0.322847
    outer loop
      vertex -17.0257 12.3 51.3378
      vertex -17.0447 14.8 51.3935
      vertex -17.0257 14.8 51.3378
    endloop
  endfacet
  facet normal -0.946451 -0 -0.322847
    outer loop
      vertex -17.0447 14.8 51.3935
      vertex -17.0257 12.3 51.3378
      vertex -17.0447 12.3 51.3935
    endloop
  endfacet
  facet normal -0.555877 0 0.831265
    outer loop
      vertex -16.8839 14.8 51.867
      vertex -16.835 12.3 51.8997
      vertex -16.835 14.8 51.8997
    endloop
  endfacet
  facet normal -0.555877 0 0.831265
    outer loop
      vertex -16.835 12.3 51.8997
      vertex -16.8839 14.8 51.867
      vertex -16.8839 12.3 51.867
    endloop
  endfacet
  facet normal -0.946451 0 0.322847
    outer loop
      vertex -17.0447 12.3 51.6265
      vertex -17.0257 14.8 51.6822
      vertex -17.0447 14.8 51.6265
    endloop
  endfacet
  facet normal -0.946451 0 0.322847
    outer loop
      vertex -17.0257 14.8 51.6822
      vertex -17.0447 12.3 51.6265
      vertex -17.0257 12.3 51.6822
    endloop
  endfacet
  facet normal 0.897129 0 -0.441768
    outer loop
      vertex -16.1943 12.3 51.3378
      vertex -16.2203 14.8 51.285
      vertex -16.1943 14.8 51.3378
    endloop
  endfacet
  facet normal 0.897129 0 -0.441768
    outer loop
      vertex -16.2203 14.8 51.285
      vertex -16.1943 12.3 51.3378
      vertex -16.2203 12.3 51.285
    endloop
  endfacet
  facet normal -0.658865 0 0.752261
    outer loop
      vertex -16.9282 14.8 51.8282
      vertex -16.8839 12.3 51.867
      vertex -16.8839 14.8 51.867
    endloop
  endfacet
  facet normal -0.658865 0 0.752261
    outer loop
      vertex -16.8839 12.3 51.867
      vertex -16.9282 14.8 51.8282
      vertex -16.9282 12.3 51.8282
    endloop
  endfacet
  facet normal 0.752261 0 -0.658865
    outer loop
      vertex -16.253 12.3 51.2361
      vertex -16.2918 14.8 51.1918
      vertex -16.253 14.8 51.2361
    endloop
  endfacet
  facet normal 0.752261 0 -0.658865
    outer loop
      vertex -16.2918 14.8 51.1918
      vertex -16.253 12.3 51.2361
      vertex -16.2918 12.3 51.1918
    endloop
  endfacet
  facet normal 0.322847 0 0.946451
    outer loop
      vertex -16.4935 14.8 51.9447
      vertex -16.4378 12.3 51.9257
      vertex -16.4378 14.8 51.9257
    endloop
  endfacet
  facet normal 0.322847 0 0.946451
    outer loop
      vertex -16.4378 12.3 51.9257
      vertex -16.4935 14.8 51.9447
      vertex -16.4935 12.3 51.9447
    endloop
  endfacet
  facet normal 0.946451 -0 0.322847
    outer loop
      vertex -16.1943 12.3 51.6822
      vertex -16.1753 14.8 51.6265
      vertex -16.1943 14.8 51.6822
    endloop
  endfacet
  facet normal 0.946451 0 0.322847
    outer loop
      vertex -16.1753 14.8 51.6265
      vertex -16.1943 12.3 51.6822
      vertex -16.1753 12.3 51.6265
    endloop
  endfacet
  facet normal -0.322847 0 0.946451
    outer loop
      vertex -16.7822 14.8 51.9257
      vertex -16.7265 12.3 51.9447
      vertex -16.7265 14.8 51.9447
    endloop
  endfacet
  facet normal -0.322847 0 0.946451
    outer loop
      vertex -16.7265 12.3 51.9447
      vertex -16.7822 14.8 51.9257
      vertex -16.7822 12.3 51.9257
    endloop
  endfacet
  facet normal 0.897129 -0 0.441768
    outer loop
      vertex -16.2203 12.3 51.735
      vertex -16.1943 14.8 51.6822
      vertex -16.2203 14.8 51.735
    endloop
  endfacet
  facet normal 0.897129 0 0.441768
    outer loop
      vertex -16.1943 14.8 51.6822
      vertex -16.2203 12.3 51.735
      vertex -16.1943 12.3 51.6822
    endloop
  endfacet
  facet normal -0.981099 0 -0.193504
    outer loop
      vertex -17.0447 12.3 51.3935
      vertex -17.0561 14.8 51.4513
      vertex -17.0447 14.8 51.3935
    endloop
  endfacet
  facet normal -0.981099 -0 -0.193504
    outer loop
      vertex -17.0561 14.8 51.4513
      vertex -17.0447 12.3 51.3935
      vertex -17.0561 12.3 51.4513
    endloop
  endfacet
  facet normal 0.195137 0 0.980776
    outer loop
      vertex -16.5513 14.8 51.9562
      vertex -16.4935 12.3 51.9447
      vertex -16.4935 14.8 51.9447
    endloop
  endfacet
  facet normal 0.195137 0 0.980776
    outer loop
      vertex -16.4935 12.3 51.9447
      vertex -16.5513 14.8 51.9562
      vertex -16.5513 12.3 51.9562
    endloop
  endfacet
  facet normal -0.555877 0 -0.831265
    outer loop
      vertex -16.8839 12.3 51.153
      vertex -16.835 14.8 51.1203
      vertex -16.835 12.3 51.1203
    endloop
  endfacet
  facet normal -0.555877 0 -0.831265
    outer loop
      vertex -16.835 14.8 51.1203
      vertex -16.8839 12.3 51.153
      vertex -16.8839 14.8 51.153
    endloop
  endfacet
  facet normal 0.441768 0 0.897129
    outer loop
      vertex -16.4378 14.8 51.9257
      vertex -16.385 12.3 51.8997
      vertex -16.385 14.8 51.8997
    endloop
  endfacet
  facet normal 0.441768 0 0.897129
    outer loop
      vertex -16.385 12.3 51.8997
      vertex -16.4378 14.8 51.9257
      vertex -16.4378 12.3 51.9257
    endloop
  endfacet
  facet normal 0.997911 0 -0.0646007
    outer loop
      vertex -16.16 12.3 51.51
      vertex -16.1638 14.8 51.4513
      vertex -16.16 14.8 51.51
    endloop
  endfacet
  facet normal 0.997911 0 -0.0646007
    outer loop
      vertex -16.1638 14.8 51.4513
      vertex -16.16 12.3 51.51
      vertex -16.1638 12.3 51.4513
    endloop
  endfacet
  facet normal 0.555877 0 0.831265
    outer loop
      vertex -16.385 14.8 51.8997
      vertex -16.3361 12.3 51.867
      vertex -16.3361 14.8 51.867
    endloop
  endfacet
  facet normal 0.555877 0 0.831265
    outer loop
      vertex -16.3361 12.3 51.867
      vertex -16.385 14.8 51.8997
      vertex -16.385 12.3 51.8997
    endloop
  endfacet
  facet normal -0.0646007 0 0.997911
    outer loop
      vertex -16.6687 14.8 51.9562
      vertex -16.61 12.3 51.96
      vertex -16.61 14.8 51.96
    endloop
  endfacet
  facet normal -0.0646007 0 0.997911
    outer loop
      vertex -16.61 12.3 51.96
      vertex -16.6687 14.8 51.9562
      vertex -16.6687 12.3 51.9562
    endloop
  endfacet
  facet normal 0.441768 0 -0.897129
    outer loop
      vertex -16.4378 12.3 51.0943
      vertex -16.385 14.8 51.1203
      vertex -16.385 12.3 51.1203
    endloop
  endfacet
  facet normal 0.441768 0 -0.897129
    outer loop
      vertex -16.385 14.8 51.1203
      vertex -16.4378 12.3 51.0943
      vertex -16.4378 14.8 51.0943
    endloop
  endfacet
  facet normal 0.831265 -0 0.555877
    outer loop
      vertex -16.253 12.3 51.7839
      vertex -16.2203 14.8 51.735
      vertex -16.253 14.8 51.7839
    endloop
  endfacet
  facet normal 0.831265 0 0.555877
    outer loop
      vertex -16.2203 14.8 51.735
      vertex -16.253 12.3 51.7839
      vertex -16.2203 12.3 51.735
    endloop
  endfacet
  facet normal -0.195137 0 0.980776
    outer loop
      vertex -16.7265 14.8 51.9447
      vertex -16.6687 12.3 51.9562
      vertex -16.6687 14.8 51.9562
    endloop
  endfacet
  facet normal -0.195137 0 0.980776
    outer loop
      vertex -16.6687 12.3 51.9562
      vertex -16.7265 14.8 51.9447
      vertex -16.7265 12.3 51.9447
    endloop
  endfacet
  facet normal -0.897129 0 -0.441768
    outer loop
      vertex -16.9997 12.3 51.285
      vertex -17.0257 14.8 51.3378
      vertex -16.9997 14.8 51.285
    endloop
  endfacet
  facet normal -0.897129 -0 -0.441768
    outer loop
      vertex -17.0257 14.8 51.3378
      vertex -16.9997 12.3 51.285
      vertex -17.0257 12.3 51.3378
    endloop
  endfacet
  facet normal -0.441768 0 0.897129
    outer loop
      vertex -16.835 14.8 51.8997
      vertex -16.7822 12.3 51.9257
      vertex -16.7822 14.8 51.9257
    endloop
  endfacet
  facet normal -0.441768 0 0.897129
    outer loop
      vertex -16.7822 12.3 51.9257
      vertex -16.835 14.8 51.8997
      vertex -16.835 12.3 51.8997
    endloop
  endfacet
  facet normal 0.752261 -0 0.658865
    outer loop
      vertex -16.2918 12.3 51.8282
      vertex -16.253 14.8 51.7839
      vertex -16.2918 14.8 51.8282
    endloop
  endfacet
  facet normal 0.752261 0 0.658865
    outer loop
      vertex -16.253 14.8 51.7839
      vertex -16.2918 12.3 51.8282
      vertex -16.253 12.3 51.7839
    endloop
  endfacet
  facet normal -0.193504 0 -0.981099
    outer loop
      vertex -16.7265 12.3 51.0753
      vertex -16.6687 14.8 51.0639
      vertex -16.6687 12.3 51.0639
    endloop
  endfacet
  facet normal -0.193504 0 -0.981099
    outer loop
      vertex -16.6687 14.8 51.0639
      vertex -16.7265 12.3 51.0753
      vertex -16.7265 14.8 51.0753
    endloop
  endfacet
  facet normal 0.831265 0 -0.555877
    outer loop
      vertex -16.2203 12.3 51.285
      vertex -16.253 14.8 51.2361
      vertex -16.2203 14.8 51.285
    endloop
  endfacet
  facet normal 0.831265 0 -0.555877
    outer loop
      vertex -16.253 14.8 51.2361
      vertex -16.2203 12.3 51.285
      vertex -16.253 12.3 51.2361
    endloop
  endfacet
  facet normal -0.831265 0 -0.555877
    outer loop
      vertex -16.967 12.3 51.2361
      vertex -16.9997 14.8 51.285
      vertex -16.967 14.8 51.2361
    endloop
  endfacet
  facet normal -0.831265 -0 -0.555877
    outer loop
      vertex -16.9997 14.8 51.285
      vertex -16.967 12.3 51.2361
      vertex -16.9997 12.3 51.285
    endloop
  endfacet
  facet normal -0.897129 0 0.441768
    outer loop
      vertex -17.0257 12.3 51.6822
      vertex -16.9997 14.8 51.735
      vertex -17.0257 14.8 51.6822
    endloop
  endfacet
  facet normal -0.897129 0 0.441768
    outer loop
      vertex -16.9997 14.8 51.735
      vertex -17.0257 12.3 51.6822
      vertex -16.9997 12.3 51.735
    endloop
  endfacet
  facet normal 0.0646007 0 0.997911
    outer loop
      vertex -16.61 14.8 51.96
      vertex -16.5513 12.3 51.9562
      vertex -16.5513 14.8 51.9562
    endloop
  endfacet
  facet normal 0.0646007 0 0.997911
    outer loop
      vertex -16.5513 12.3 51.9562
      vertex -16.61 14.8 51.96
      vertex -16.61 12.3 51.96
    endloop
  endfacet
  facet normal -0.441768 0 -0.897129
    outer loop
      vertex -16.835 12.3 51.1203
      vertex -16.7822 14.8 51.0943
      vertex -16.7822 12.3 51.0943
    endloop
  endfacet
  facet normal -0.441768 0 -0.897129
    outer loop
      vertex -16.7822 14.8 51.0943
      vertex -16.835 12.3 51.1203
      vertex -16.835 14.8 51.1203
    endloop
  endfacet
  facet normal -0.9978 0 -0.0662934
    outer loop
      vertex -17.0561 12.3 51.4513
      vertex -17.06 14.8 51.51
      vertex -17.0561 14.8 51.4513
    endloop
  endfacet
  facet normal -0.9978 -0 -0.0662934
    outer loop
      vertex -17.06 14.8 51.51
      vertex -17.0561 12.3 51.4513
      vertex -17.06 12.3 51.51
    endloop
  endfacet
  facet normal 0 -1 0
    outer loop
      vertex -16.6687 12.3 51.9562
      vertex -16.5513 12.3 51.9562
      vertex -16.61 12.3 51.96
    endloop
  endfacet
  facet normal 0 -1 0
    outer loop
      vertex -16.7265 12.3 51.9447
      vertex -16.5513 12.3 51.9562
      vertex -16.6687 12.3 51.9562
    endloop
  endfacet
  facet normal 0 -1 0
    outer loop
      vertex -16.7265 12.3 51.9447
      vertex -16.4935 12.3 51.9447
      vertex -16.5513 12.3 51.9562
    endloop
  endfacet
  facet normal 0 -1 0
    outer loop
      vertex -16.7822 12.3 51.9257
      vertex -16.4935 12.3 51.9447
      vertex -16.7265 12.3 51.9447
    endloop
  endfacet
  facet normal 0 -1 0
    outer loop
      vertex -16.7822 12.3 51.9257
      vertex -16.4378 12.3 51.9257
      vertex -16.4935 12.3 51.9447
    endloop
  endfacet
  facet normal 0 -1 0
    outer loop
      vertex -16.835 12.3 51.8997
      vertex -16.4378 12.3 51.9257
      vertex -16.7822 12.3 51.9257
    endloop
  endfacet
  facet normal 0 -1 0
    outer loop
      vertex -16.835 12.3 51.8997
      vertex -16.385 12.3 51.8997
      vertex -16.4378 12.3 51.9257
    endloop
  endfacet
  facet normal 0 -1 0
    outer loop
      vertex -16.8839 12.3 51.867
      vertex -16.385 12.3 51.8997
      vertex -16.835 12.3 51.8997
    endloop
  endfacet
  facet normal 0 -1 0
    outer loop
      vertex -16.8839 12.3 51.867
      vertex -16.3361 12.3 51.867
      vertex -16.385 12.3 51.8997
    endloop
  endfacet
  facet normal 0 -1 0
    outer loop
      vertex -16.9282 12.3 51.8282
      vertex -16.3361 12.3 51.867
      vertex -16.8839 12.3 51.867
    endloop
  endfacet
  facet normal 0 -1 0
    outer loop
      vertex -16.9282 12.3 51.8282
      vertex -16.2918 12.3 51.8282
      vertex -16.3361 12.3 51.867
    endloop
  endfacet
  facet normal 0 -1 0
    outer loop
      vertex -16.967 12.3 51.7839
      vertex -16.2918 12.3 51.8282
      vertex -16.9282 12.3 51.8282
    endloop
  endfacet
  facet normal 0 -1 0
    outer loop
      vertex -16.967 12.3 51.7839
      vertex -16.253 12.3 51.7839
      vertex -16.2918 12.3 51.8282
    endloop
  endfacet
  facet normal 0 -1 0
    outer loop
      vertex -16.9997 12.3 51.735
      vertex -16.253 12.3 51.7839
      vertex -16.967 12.3 51.7839
    endloop
  endfacet
  facet normal 0 -1 0
    outer loop
      vertex -16.9997 12.3 51.735
      vertex -16.2203 12.3 51.735
      vertex -16.253 12.3 51.7839
    endloop
  endfacet
  facet normal 0 -1 0
    outer loop
      vertex -17.0257 12.3 51.6822
      vertex -16.2203 12.3 51.735
      vertex -16.9997 12.3 51.735
    endloop
  endfacet
  facet normal 0 -1 0
    outer loop
      vertex -17.0257 12.3 51.6822
      vertex -16.1943 12.3 51.6822
      vertex -16.2203 12.3 51.735
    endloop
  endfacet
  facet normal 0 -1 0
    outer loop
      vertex -17.0447 12.3 51.6265
      vertex -16.1943 12.3 51.6822
      vertex -17.0257 12.3 51.6822
    endloop
  endfacet
  facet normal 0 -1 0
    outer loop
      vertex -17.0447 12.3 51.6265
      vertex -16.1753 12.3 51.6265
      vertex -16.1943 12.3 51.6822
    endloop
  endfacet
  facet normal 0 -1 0
    outer loop
      vertex -17.0561 12.3 51.5687
      vertex -16.1753 12.3 51.6265
      vertex -17.0447 12.3 51.6265
    endloop
  endfacet
  facet normal 0 -1 0
    outer loop
      vertex -17.0561 12.3 51.5687
      vertex -16.1638 12.3 51.5687
      vertex -16.1753 12.3 51.6265
    endloop
  endfacet
  facet normal 0 -1 0
    outer loop
      vertex -17.06 12.3 51.51
      vertex -16.1638 12.3 51.5687
      vertex -17.0561 12.3 51.5687
    endloop
  endfacet
  facet normal 0 -1 0
    outer loop
      vertex -17.06 12.3 51.51
      vertex -16.16 12.3 51.51
      vertex -16.1638 12.3 51.5687
    endloop
  endfacet
  facet normal 0 -1 0
    outer loop
      vertex -17.0561 12.3 51.4513
      vertex -16.16 12.3 51.51
      vertex -17.06 12.3 51.51
    endloop
  endfacet
  facet normal 0 -1 0
    outer loop
      vertex -17.0561 12.3 51.4513
      vertex -16.1638 12.3 51.4513
      vertex -16.16 12.3 51.51
    endloop
  endfacet
  facet normal 0 -1 0
    outer loop
      vertex -17.0447 12.3 51.3935
      vertex -16.1638 12.3 51.4513
      vertex -17.0561 12.3 51.4513
    endloop
  endfacet
  facet normal 0 -1 0
    outer loop
      vertex -17.0447 12.3 51.3935
      vertex -16.1753 12.3 51.3935
      vertex -16.1638 12.3 51.4513
    endloop
  endfacet
  facet normal 0 -1 0
    outer loop
      vertex -17.0257 12.3 51.3378
      vertex -16.1753 12.3 51.3935
      vertex -17.0447 12.3 51.3935
    endloop
  endfacet
  facet normal 0 -1 0
    outer loop
      vertex -17.0257 12.3 51.3378
      vertex -16.1943 12.3 51.3378
      vertex -16.1753 12.3 51.3935
    endloop
  endfacet
  facet normal 0 -1 0
    outer loop
      vertex -16.9997 12.3 51.285
      vertex -16.1943 12.3 51.3378
      vertex -17.0257 12.3 51.3378
    endloop
  endfacet
  facet normal 0 -1 0
    outer loop
      vertex -16.9997 12.3 51.285
      vertex -16.2203 12.3 51.285
      vertex -16.1943 12.3 51.3378
    endloop
  endfacet
  facet normal 0 -1 0
    outer loop
      vertex -16.967 12.3 51.2361
      vertex -16.2203 12.3 51.285
      vertex -16.9997 12.3 51.285
    endloop
  endfacet
  facet normal 0 -1 0
    outer loop
      vertex -16.967 12.3 51.2361
      vertex -16.253 12.3 51.2361
      vertex -16.2203 12.3 51.285
    endloop
  endfacet
  facet normal 0 -1 0
    outer loop
      vertex -16.9282 12.3 51.1918
      vertex -16.253 12.3 51.2361
      vertex -16.967 12.3 51.2361
    endloop
  endfacet
  facet normal 0 -1 0
    outer loop
      vertex -16.9282 12.3 51.1918
      vertex -16.2918 12.3 51.1918
      vertex -16.253 12.3 51.2361
    endloop
  endfacet
  facet normal 0 -1 0
    outer loop
      vertex -16.8839 12.3 51.153
      vertex -16.2918 12.3 51.1918
      vertex -16.9282 12.3 51.1918
    endloop
  endfacet
  facet normal 0 -1 0
    outer loop
      vertex -16.8839 12.3 51.153
      vertex -16.3361 12.3 51.153
      vertex -16.2918 12.3 51.1918
    endloop
  endfacet
  facet normal 0 -1 0
    outer loop
      vertex -16.835 12.3 51.1203
      vertex -16.3361 12.3 51.153
      vertex -16.8839 12.3 51.153
    endloop
  endfacet
  facet normal 0 -1 0
    outer loop
      vertex -16.835 12.3 51.1203
      vertex -16.385 12.3 51.1203
      vertex -16.3361 12.3 51.153
    endloop
  endfacet
  facet normal 0 -1 0
    outer loop
      vertex -16.7822 12.3 51.0943
      vertex -16.385 12.3 51.1203
      vertex -16.835 12.3 51.1203
    endloop
  endfacet
  facet normal 0 -1 0
    outer loop
      vertex -16.7822 12.3 51.0943
      vertex -16.4378 12.3 51.0943
      vertex -16.385 12.3 51.1203
    endloop
  endfacet
  facet normal 0 -1 0
    outer loop
      vertex -16.7265 12.3 51.0753
      vertex -16.4378 12.3 51.0943
      vertex -16.7822 12.3 51.0943
    endloop
  endfacet
  facet normal 0 -1 0
    outer loop
      vertex -16.7265 12.3 51.0753
      vertex -16.4935 12.3 51.0753
      vertex -16.4378 12.3 51.0943
    endloop
  endfacet
  facet normal 0 -1 0
    outer loop
      vertex -16.6687 12.3 51.0639
      vertex -16.4935 12.3 51.0753
      vertex -16.7265 12.3 51.0753
    endloop
  endfacet
  facet normal 0 -1 0
    outer loop
      vertex -16.6687 12.3 51.0639
      vertex -16.5513 12.3 51.0639
      vertex -16.4935 12.3 51.0753
    endloop
  endfacet
  facet normal -0 -1 0
    outer loop
      vertex -16.5513 12.3 51.0639
      vertex -16.6687 12.3 51.0639
      vertex -16.61 12.3 51.06
    endloop
  endfacet
  facet normal -0.752261 0 -0.658865
    outer loop
      vertex -16.9282 12.3 51.1918
      vertex -16.967 14.8 51.2361
      vertex -16.9282 14.8 51.1918
    endloop
  endfacet
  facet normal -0.752261 -0 -0.658865
    outer loop
      vertex -16.967 14.8 51.2361
      vertex -16.9282 12.3 51.1918
      vertex -16.967 12.3 51.2361
    endloop
  endfacet
  facet normal -0.9978 0 0.0662934
    outer loop
      vertex -17.06 12.3 51.51
      vertex -17.0561 14.8 51.5687
      vertex -17.06 14.8 51.51
    endloop
  endfacet
  facet normal -0.9978 0 0.0662934
    outer loop
      vertex -17.0561 14.8 51.5687
      vertex -17.06 12.3 51.51
      vertex -17.0561 12.3 51.5687
    endloop
  endfacet
  facet normal -0.981099 0 0.193504
    outer loop
      vertex -17.0561 12.3 51.5687
      vertex -17.0447 14.8 51.6265
      vertex -17.0561 14.8 51.5687
    endloop
  endfacet
  facet normal -0.981099 0 0.193504
    outer loop
      vertex -17.0447 14.8 51.6265
      vertex -17.0561 12.3 51.5687
      vertex -17.0447 12.3 51.6265
    endloop
  endfacet
  facet normal -0.658865 0 -0.752261
    outer loop
      vertex -16.9282 12.3 51.1918
      vertex -16.8839 14.8 51.153
      vertex -16.8839 12.3 51.153
    endloop
  endfacet
  facet normal -0.658865 0 -0.752261
    outer loop
      vertex -16.8839 14.8 51.153
      vertex -16.9282 12.3 51.1918
      vertex -16.9282 14.8 51.1918
    endloop
  endfacet
  facet normal -0.0662934 0 -0.9978
    outer loop
      vertex -16.6687 12.3 51.0639
      vertex -16.61 14.8 51.06
      vertex -16.61 12.3 51.06
    endloop
  endfacet
  facet normal -0.0662934 0 -0.9978
    outer loop
      vertex -16.61 14.8 51.06
      vertex -16.6687 12.3 51.0639
      vertex -16.6687 14.8 51.0639
    endloop
  endfacet
  facet normal 0.555877 0 -0.831265
    outer loop
      vertex -16.385 12.3 51.1203
      vertex -16.3361 14.8 51.153
      vertex -16.3361 12.3 51.153
    endloop
  endfacet
  facet normal 0.555877 0 -0.831265
    outer loop
      vertex -16.3361 14.8 51.153
      vertex -16.385 12.3 51.1203
      vertex -16.385 14.8 51.1203
    endloop
  endfacet
  facet normal 0.658865 0 -0.752261
    outer loop
      vertex -16.3361 12.3 51.153
      vertex -16.2918 14.8 51.1918
      vertex -16.2918 12.3 51.1918
    endloop
  endfacet
  facet normal 0.658865 0 -0.752261
    outer loop
      vertex -16.2918 14.8 51.1918
      vertex -16.3361 12.3 51.153
      vertex -16.3361 14.8 51.153
    endloop
  endfacet
  facet normal -0.831265 0 0.555877
    outer loop
      vertex -16.9997 12.3 51.735
      vertex -16.967 14.8 51.7839
      vertex -16.9997 14.8 51.735
    endloop
  endfacet
  facet normal -0.831265 0 0.555877
    outer loop
      vertex -16.967 14.8 51.7839
      vertex -16.9997 12.3 51.735
      vertex -16.967 12.3 51.7839
    endloop
  endfacet
  facet normal -0.752261 0 0.658865
    outer loop
      vertex -16.967 12.3 51.7839
      vertex -16.9282 14.8 51.8282
      vertex -16.967 14.8 51.7839
    endloop
  endfacet
  facet normal -0.752261 0 0.658865
    outer loop
      vertex -16.9282 14.8 51.8282
      vertex -16.967 12.3 51.7839
      vertex -16.9282 12.3 51.8282
    endloop
  endfacet
  facet normal -0.0655259 0 0.997851
    outer loop
      vertex 2.51589 31.6 53.792
      vertex 2.79 14.8 53.81
      vertex 2.79 31.6 53.81
    endloop
  endfacet
  facet normal -0.0655259 0 0.997851
    outer loop
      vertex 2.79 14.8 53.81
      vertex 2.51589 31.6 53.792
      vertex 2.51589 14.8 53.792
    endloop
  endfacet
  facet normal 0.751796 0 -0.659396
    outer loop
      vertex 4.45604 14.8 50.4316
      vertex 4.27492 31.6 50.2251
      vertex 4.45604 31.6 50.4316
    endloop
  endfacet
  facet normal 0.751796 0 -0.659396
    outer loop
      vertex 4.27492 31.6 50.2251
      vertex 4.45604 14.8 50.4316
      vertex 4.27492 14.8 50.2251
    endloop
  endfacet
  facet normal 0.980783 -0 0.195101
    outer loop
      vertex 4.81844 14.8 52.2535
      vertex 4.87203 31.6 51.9841
      vertex 4.81844 31.6 52.2535
    endloop
  endfacet
  facet normal 0.980783 0 0.195101
    outer loop
      vertex 4.87203 31.6 51.9841
      vertex 4.81844 14.8 52.2535
      vertex 4.87203 14.8 51.9841
    endloop
  endfacet
  facet normal 0.997858 -0 0.0654196
    outer loop
      vertex 4.87203 14.8 51.9841
      vertex 4.89 31.6 51.71
      vertex 4.87203 31.6 51.9841
    endloop
  endfacet
  facet normal 0.997858 0 0.0654196
    outer loop
      vertex 4.89 31.6 51.71
      vertex 4.87203 14.8 51.9841
      vertex 4.89 14.8 51.71
    endloop
  endfacet
  facet normal 0.946932 -0 0.321433
    outer loop
      vertex 4.73015 14.8 52.5136
      vertex 4.81844 31.6 52.2535
      vertex 4.73015 31.6 52.5136
    endloop
  endfacet
  facet normal 0.946932 0 0.321433
    outer loop
      vertex 4.81844 31.6 52.2535
      vertex 4.73015 14.8 52.5136
      vertex 4.81844 14.8 52.2535
    endloop
  endfacet
  facet normal 0.321454 0 0.946925
    outer loop
      vertex 3.33352 31.6 53.7384
      vertex 3.59363 14.8 53.6501
      vertex 3.59363 31.6 53.6501
    endloop
  endfacet
  facet normal 0.321454 0 0.946925
    outer loop
      vertex 3.59363 14.8 53.6501
      vertex 3.33352 31.6 53.7384
      vertex 3.33352 14.8 53.7384
    endloop
  endfacet
  facet normal -0.0655259 0 -0.997851
    outer loop
      vertex 2.51589 14.8 49.628
      vertex 2.79 31.6 49.61
      vertex 2.79 14.8 49.61
    endloop
  endfacet
  facet normal -0.0655259 0 -0.997851
    outer loop
      vertex 2.79 31.6 49.61
      vertex 2.51589 14.8 49.628
      vertex 2.51589 31.6 49.628
    endloop
  endfacet
  facet normal 0.195122 0 0.980779
    outer loop
      vertex 3.0641 31.6 53.792
      vertex 3.33352 14.8 53.7384
      vertex 3.33352 31.6 53.7384
    endloop
  endfacet
  facet normal 0.195122 0 0.980779
    outer loop
      vertex 3.33352 14.8 53.7384
      vertex 3.0641 31.6 53.792
      vertex 3.0641 14.8 53.792
    endloop
  endfacet
  facet normal -0.980782 0 0.195104
    outer loop
      vertex 0.707965 14.8 51.9841
      vertex 0.761556 31.6 52.2535
      vertex 0.707965 31.6 51.9841
    endloop
  endfacet
  facet normal -0.980782 0 0.195104
    outer loop
      vertex 0.761556 31.6 52.2535
      vertex 0.707965 14.8 51.9841
      vertex 0.761556 14.8 52.2535
    endloop
  endfacet
  facet normal -0.946925 0 -0.321456
    outer loop
      vertex 0.849853 14.8 50.9064
      vertex 0.761556 31.6 51.1665
      vertex 0.849853 31.6 50.9064
    endloop
  endfacet
  facet normal -0.946925 -0 -0.321456
    outer loop
      vertex 0.761556 31.6 51.1665
      vertex 0.849853 14.8 50.9064
      vertex 0.761556 14.8 51.1665
    endloop
  endfacet
  facet normal -0.659319 0 -0.751864
    outer loop
      vertex 1.30508 14.8 50.2251
      vertex 1.5116 31.6 50.044
      vertex 1.5116 14.8 50.044
    endloop
  endfacet
  facet normal -0.659319 0 -0.751864
    outer loop
      vertex 1.5116 31.6 50.044
      vertex 1.30508 14.8 50.2251
      vertex 1.30508 31.6 50.2251
    endloop
  endfacet
  facet normal 0.555792 0 -0.831322
    outer loop
      vertex 3.84 14.8 49.8913
      vertex 4.0684 31.6 50.044
      vertex 4.0684 14.8 50.044
    endloop
  endfacet
  facet normal 0.555792 0 -0.831322
    outer loop
      vertex 4.0684 31.6 50.044
      vertex 3.84 14.8 49.8913
      vertex 3.84 31.6 49.8913
    endloop
  endfacet
  facet normal 0.980783 0 -0.195101
    outer loop
      vertex 4.87203 14.8 51.4359
      vertex 4.81844 31.6 51.1665
      vertex 4.87203 31.6 51.4359
    endloop
  endfacet
  facet normal 0.980783 0 -0.195101
    outer loop
      vertex 4.81844 31.6 51.1665
      vertex 4.87203 14.8 51.4359
      vertex 4.81844 14.8 51.1665
    endloop
  endfacet
  facet normal 0.896889 0 -0.442256
    outer loop
      vertex 4.73015 14.8 50.9064
      vertex 4.60865 31.6 50.66
      vertex 4.73015 31.6 50.9064
    endloop
  endfacet
  facet normal 0.896889 0 -0.442256
    outer loop
      vertex 4.60865 31.6 50.66
      vertex 4.73015 14.8 50.9064
      vertex 4.60865 14.8 50.66
    endloop
  endfacet
  facet normal 0.442007 0 0.897012
    outer loop
      vertex 3.59363 31.6 53.6501
      vertex 3.84 14.8 53.5287
      vertex 3.84 31.6 53.5287
    endloop
  endfacet
  facet normal 0.442007 0 0.897012
    outer loop
      vertex 3.84 14.8 53.5287
      vertex 3.59363 31.6 53.6501
      vertex 3.59363 14.8 53.6501
    endloop
  endfacet
  facet normal 0.896889 -0 0.442256
    outer loop
      vertex 4.60865 14.8 52.76
      vertex 4.73015 31.6 52.5136
      vertex 4.60865 31.6 52.76
    endloop
  endfacet
  facet normal 0.896889 0 0.442256
    outer loop
      vertex 4.73015 31.6 52.5136
      vertex 4.60865 14.8 52.76
      vertex 4.73015 14.8 52.5136
    endloop
  endfacet
  facet normal 0.831473 0 -0.555565
    outer loop
      vertex 4.60865 14.8 50.66
      vertex 4.45604 31.6 50.4316
      vertex 4.60865 31.6 50.66
    endloop
  endfacet
  facet normal 0.831473 0 -0.555565
    outer loop
      vertex 4.45604 31.6 50.4316
      vertex 4.60865 14.8 50.66
      vertex 4.45604 14.8 50.4316
    endloop
  endfacet
  facet normal 0.442007 0 -0.897012
    outer loop
      vertex 3.59363 14.8 49.7699
      vertex 3.84 31.6 49.8913
      vertex 3.84 14.8 49.8913
    endloop
  endfacet
  facet normal 0.442007 0 -0.897012
    outer loop
      vertex 3.84 31.6 49.8913
      vertex 3.59363 14.8 49.7699
      vertex 3.59363 31.6 49.7699
    endloop
  endfacet
  facet normal -0.831466 0 0.555575
    outer loop
      vertex 0.971346 14.8 52.76
      vertex 1.12396 31.6 52.9884
      vertex 0.971346 31.6 52.76
    endloop
  endfacet
  facet normal -0.831466 0 0.555575
    outer loop
      vertex 1.12396 31.6 52.9884
      vertex 0.971346 14.8 52.76
      vertex 1.12396 14.8 52.9884
    endloop
  endfacet
  facet normal -0.555792 0 0.831322
    outer loop
      vertex 1.5116 31.6 53.376
      vertex 1.74 14.8 53.5287
      vertex 1.74 31.6 53.5287
    endloop
  endfacet
  facet normal -0.555792 0 0.831322
    outer loop
      vertex 1.74 14.8 53.5287
      vertex 1.5116 31.6 53.376
      vertex 1.5116 14.8 53.376
    endloop
  endfacet
  facet normal 0 -1 0
    outer loop
      vertex 2.79 14.8 52.16
      vertex 2.79 14.8 53.81
      vertex 2.51589 14.8 53.792
    endloop
  endfacet
  facet normal 0 -1 0
    outer loop
      vertex 2.73126 14.8 52.1562
      vertex 2.51589 14.8 53.792
      vertex 2.24648 14.8 53.7384
    endloop
  endfacet
  facet normal 0 -1 0
    outer loop
      vertex 2.79 14.8 53.81
      vertex 2.79 14.8 52.16
      vertex 3.0641 14.8 53.792
    endloop
  endfacet
  facet normal 0 -1 0
    outer loop
      vertex 2.67353 14.8 52.1447
      vertex 2.24648 14.8 53.7384
      vertex 1.98636 14.8 53.6501
    endloop
  endfacet
  facet normal 0 -1 0
    outer loop
      vertex 2.84874 14.8 52.1562
      vertex 3.0641 14.8 53.792
      vertex 2.79 14.8 52.16
    endloop
  endfacet
  facet normal 0 -1 0
    outer loop
      vertex 2.61779 14.8 52.1257
      vertex 1.98636 14.8 53.6501
      vertex 1.74 14.8 53.5287
    endloop
  endfacet
  facet normal 0 -1 -0
    outer loop
      vertex 3.0641 14.8 53.792
      vertex 2.84874 14.8 52.1562
      vertex 3.33352 14.8 53.7384
    endloop
  endfacet
  facet normal 0 -1 0
    outer loop
      vertex 2.565 14.8 52.0997
      vertex 1.74 14.8 53.5287
      vertex 1.5116 14.8 53.376
    endloop
  endfacet
  facet normal 0 -1 0
    outer loop
      vertex 2.90647 14.8 52.1447
      vertex 3.33352 14.8 53.7384
      vertex 2.84874 14.8 52.1562
    endloop
  endfacet
  facet normal 0 -1 0
    outer loop
      vertex 2.51606 14.8 52.067
      vertex 1.5116 14.8 53.376
      vertex 1.30508 14.8 53.1949
    endloop
  endfacet
  facet normal 0 -1 -0
    outer loop
      vertex 3.33352 14.8 53.7384
      vertex 2.90647 14.8 52.1447
      vertex 3.59363 14.8 53.6501
    endloop
  endfacet
  facet normal 0 -1 0
    outer loop
      vertex 2.4718 14.8 52.0282
      vertex 1.30508 14.8 53.1949
      vertex 1.12396 14.8 52.9884
    endloop
  endfacet
  facet normal 0 -1 0
    outer loop
      vertex 2.96221 14.8 52.1257
      vertex 3.59363 14.8 53.6501
      vertex 2.90647 14.8 52.1447
    endloop
  endfacet
  facet normal 0 -1 0
    outer loop
      vertex 2.43299 14.8 51.9839
      vertex 1.12396 14.8 52.9884
      vertex 0.971346 14.8 52.76
    endloop
  endfacet
  facet normal 0 -1 -0
    outer loop
      vertex 3.59363 14.8 53.6501
      vertex 2.96221 14.8 52.1257
      vertex 3.84 14.8 53.5287
    endloop
  endfacet
  facet normal 0 -1 0
    outer loop
      vertex 2.40029 14.8 51.935
      vertex 0.971346 14.8 52.76
      vertex 0.849853 14.8 52.5136
    endloop
  endfacet
  facet normal 0 -1 0
    outer loop
      vertex 3.015 14.8 52.0997
      vertex 3.84 14.8 53.5287
      vertex 2.96221 14.8 52.1257
    endloop
  endfacet
  facet normal 0 -1 0
    outer loop
      vertex 2.37425 14.8 51.8822
      vertex 0.849853 14.8 52.5136
      vertex 0.761556 14.8 52.2535
    endloop
  endfacet
  facet normal 0 -1 -0
    outer loop
      vertex 3.84 14.8 53.5287
      vertex 3.015 14.8 52.0997
      vertex 4.0684 14.8 53.376
    endloop
  endfacet
  facet normal 0 -1 0
    outer loop
      vertex 3.06394 14.8 52.067
      vertex 4.0684 14.8 53.376
      vertex 3.015 14.8 52.0997
    endloop
  endfacet
  facet normal 0 -1 0
    outer loop
      vertex 2.51589 14.8 53.792
      vertex 2.73126 14.8 52.1562
      vertex 2.79 14.8 52.16
    endloop
  endfacet
  facet normal 0 -1 0
    outer loop
      vertex 2.24648 14.8 53.7384
      vertex 2.67353 14.8 52.1447
      vertex 2.73126 14.8 52.1562
    endloop
  endfacet
  facet normal 0 -1 0
    outer loop
      vertex 1.98636 14.8 53.6501
      vertex 2.61779 14.8 52.1257
      vertex 2.67353 14.8 52.1447
    endloop
  endfacet
  facet normal 0 -1 0
    outer loop
      vertex 1.74 14.8 53.5287
      vertex 2.565 14.8 52.0997
      vertex 2.61779 14.8 52.1257
    endloop
  endfacet
  facet normal 0 -1 0
    outer loop
      vertex 1.5116 14.8 53.376
      vertex 2.51606 14.8 52.067
      vertex 2.565 14.8 52.0997
    endloop
  endfacet
  facet normal 0 -1 0
    outer loop
      vertex 1.30508 14.8 53.1949
      vertex 2.4718 14.8 52.0282
      vertex 2.51606 14.8 52.067
    endloop
  endfacet
  facet normal 0 -1 0
    outer loop
      vertex 2.35533 14.8 51.8265
      vertex 0.761556 14.8 52.2535
      vertex 0.707965 14.8 51.9841
    endloop
  endfacet
  facet normal 0 -1 0
    outer loop
      vertex 1.12396 14.8 52.9884
      vertex 2.43299 14.8 51.9839
      vertex 2.4718 14.8 52.0282
    endloop
  endfacet
  facet normal 0 -1 0
    outer loop
      vertex 0.971346 14.8 52.76
      vertex 2.40029 14.8 51.935
      vertex 2.43299 14.8 51.9839
    endloop
  endfacet
  facet normal 0 -1 0
    outer loop
      vertex 0.849853 14.8 52.5136
      vertex 2.37425 14.8 51.8822
      vertex 2.40029 14.8 51.935
    endloop
  endfacet
  facet normal 0 -1 0
    outer loop
      vertex 0.761556 14.8 52.2535
      vertex 2.35533 14.8 51.8265
      vertex 2.37425 14.8 51.8822
    endloop
  endfacet
  facet normal 0 -1 0
    outer loop
      vertex 0.707965 14.8 51.9841
      vertex 2.34385 14.8 51.7687
      vertex 2.35533 14.8 51.8265
    endloop
  endfacet
  facet normal 0 -1 0
    outer loop
      vertex 0.69 14.8 51.71
      vertex 2.34385 14.8 51.7687
      vertex 0.707965 14.8 51.9841
    endloop
  endfacet
  facet normal 0 -1 0
    outer loop
      vertex 0.69 14.8 51.71
      vertex 2.34 14.8 51.71
      vertex 2.34385 14.8 51.7687
    endloop
  endfacet
  facet normal 0 -1 0
    outer loop
      vertex 0.69 14.8 51.71
      vertex 2.34385 14.8 51.6513
      vertex 2.34 14.8 51.71
    endloop
  endfacet
  facet normal 0 -1 0
    outer loop
      vertex 0.707965 14.8 51.4359
      vertex 2.34385 14.8 51.6513
      vertex 0.69 14.8 51.71
    endloop
  endfacet
  facet normal 0 -1 -0
    outer loop
      vertex 2.34385 14.8 51.6513
      vertex 0.707965 14.8 51.4359
      vertex 2.35533 14.8 51.5935
    endloop
  endfacet
  facet normal 0 -1 0
    outer loop
      vertex 0.761556 14.8 51.1665
      vertex 2.35533 14.8 51.5935
      vertex 0.707965 14.8 51.4359
    endloop
  endfacet
  facet normal 0 -1 -0
    outer loop
      vertex 2.35533 14.8 51.5935
      vertex 0.761556 14.8 51.1665
      vertex 2.37425 14.8 51.5378
    endloop
  endfacet
  facet normal 0 -1 0
    outer loop
      vertex 0.849853 14.8 50.9064
      vertex 2.37425 14.8 51.5378
      vertex 0.761556 14.8 51.1665
    endloop
  endfacet
  facet normal 0 -1 -0
    outer loop
      vertex 2.37425 14.8 51.5378
      vertex 0.849853 14.8 50.9064
      vertex 2.40029 14.8 51.485
    endloop
  endfacet
  facet normal 0 -1 0
    outer loop
      vertex 0.971346 14.8 50.66
      vertex 2.40029 14.8 51.485
      vertex 0.849853 14.8 50.9064
    endloop
  endfacet
  facet normal 0 -1 -0
    outer loop
      vertex 2.40029 14.8 51.485
      vertex 0.971346 14.8 50.66
      vertex 2.43299 14.8 51.4361
    endloop
  endfacet
  facet normal 0 -1 0
    outer loop
      vertex 1.12396 14.8 50.4316
      vertex 2.43299 14.8 51.4361
      vertex 0.971346 14.8 50.66
    endloop
  endfacet
  facet normal 0 -1 -0
    outer loop
      vertex 2.43299 14.8 51.4361
      vertex 1.12396 14.8 50.4316
      vertex 2.4718 14.8 51.3918
    endloop
  endfacet
  facet normal 0 -1 0
    outer loop
      vertex 1.30508 14.8 50.2251
      vertex 2.4718 14.8 51.3918
      vertex 1.12396 14.8 50.4316
    endloop
  endfacet
  facet normal 0 -1 0
    outer loop
      vertex 1.5116 14.8 50.044
      vertex 2.51606 14.8 51.353
      vertex 1.30508 14.8 50.2251
    endloop
  endfacet
  facet normal 0 -1 -0
    outer loop
      vertex 2.4718 14.8 51.3918
      vertex 1.30508 14.8 50.2251
      vertex 2.51606 14.8 51.353
    endloop
  endfacet
  facet normal 0 -1 -0
    outer loop
      vertex 4.0684 14.8 53.376
      vertex 3.06394 14.8 52.067
      vertex 4.27492 14.8 53.1949
    endloop
  endfacet
  facet normal 0 -1 0
    outer loop
      vertex 3.1082 14.8 52.0282
      vertex 4.27492 14.8 53.1949
      vertex 3.06394 14.8 52.067
    endloop
  endfacet
  facet normal 0 -1 -0
    outer loop
      vertex 4.27492 14.8 53.1949
      vertex 3.1082 14.8 52.0282
      vertex 4.45604 14.8 52.9884
    endloop
  endfacet
  facet normal 0 -1 0
    outer loop
      vertex 3.14701 14.8 51.9839
      vertex 4.45604 14.8 52.9884
      vertex 3.1082 14.8 52.0282
    endloop
  endfacet
  facet normal 0 -1 -0
    outer loop
      vertex 4.45604 14.8 52.9884
      vertex 3.14701 14.8 51.9839
      vertex 4.60865 14.8 52.76
    endloop
  endfacet
  facet normal 0 -1 0
    outer loop
      vertex 3.17971 14.8 51.935
      vertex 4.60865 14.8 52.76
      vertex 3.14701 14.8 51.9839
    endloop
  endfacet
  facet normal 0 -1 -0
    outer loop
      vertex 4.60865 14.8 52.76
      vertex 3.17971 14.8 51.935
      vertex 4.73015 14.8 52.5136
    endloop
  endfacet
  facet normal 0 -1 0
    outer loop
      vertex 3.20575 14.8 51.8822
      vertex 4.73015 14.8 52.5136
      vertex 3.17971 14.8 51.935
    endloop
  endfacet
  facet normal 0 -1 -0
    outer loop
      vertex 4.73015 14.8 52.5136
      vertex 3.20575 14.8 51.8822
      vertex 4.81844 14.8 52.2535
    endloop
  endfacet
  facet normal 0 -1 0
    outer loop
      vertex 3.22467 14.8 51.8265
      vertex 4.81844 14.8 52.2535
      vertex 3.20575 14.8 51.8822
    endloop
  endfacet
  facet normal 0 -1 -0
    outer loop
      vertex 4.81844 14.8 52.2535
      vertex 3.22467 14.8 51.8265
      vertex 4.87203 14.8 51.9841
    endloop
  endfacet
  facet normal 0 -1 0
    outer loop
      vertex 3.23615 14.8 51.7687
      vertex 4.87203 14.8 51.9841
      vertex 3.22467 14.8 51.8265
    endloop
  endfacet
  facet normal 0 -1 0
    outer loop
      vertex 3.24 14.8 51.71
      vertex 4.87203 14.8 51.9841
      vertex 3.23615 14.8 51.7687
    endloop
  endfacet
  facet normal 0 -1 0
    outer loop
      vertex 3.24 14.8 51.71
      vertex 4.89 14.8 51.71
      vertex 4.87203 14.8 51.9841
    endloop
  endfacet
  facet normal 0 -1 0
    outer loop
      vertex 3.23615 14.8 51.6513
      vertex 4.89 14.8 51.71
      vertex 3.24 14.8 51.71
    endloop
  endfacet
  facet normal 0 -1 0
    outer loop
      vertex 4.87203 14.8 51.4359
      vertex 3.23615 14.8 51.6513
      vertex 3.22467 14.8 51.5935
    endloop
  endfacet
  facet normal 0 -1 0
    outer loop
      vertex 4.81844 14.8 51.1665
      vertex 3.22467 14.8 51.5935
      vertex 3.20575 14.8 51.5378
    endloop
  endfacet
  facet normal 0 -1 0
    outer loop
      vertex 4.73015 14.8 50.9064
      vertex 3.20575 14.8 51.5378
      vertex 3.17971 14.8 51.485
    endloop
  endfacet
  facet normal 0 -1 0
    outer loop
      vertex 4.60865 14.8 50.66
      vertex 3.17971 14.8 51.485
      vertex 3.14701 14.8 51.4361
    endloop
  endfacet
  facet normal 0 -1 0
    outer loop
      vertex 3.23615 14.8 51.6513
      vertex 4.87203 14.8 51.4359
      vertex 4.89 14.8 51.71
    endloop
  endfacet
  facet normal 0 -1 0
    outer loop
      vertex 4.45604 14.8 50.4316
      vertex 3.14701 14.8 51.4361
      vertex 3.1082 14.8 51.3918
    endloop
  endfacet
  facet normal 0 -1 0
    outer loop
      vertex 4.27492 14.8 50.2251
      vertex 3.1082 14.8 51.3918
      vertex 3.06394 14.8 51.353
    endloop
  endfacet
  facet normal 0 -1 0
    outer loop
      vertex 4.0684 14.8 50.044
      vertex 3.06394 14.8 51.353
      vertex 3.015 14.8 51.3203
    endloop
  endfacet
  facet normal 0 -1 0
    outer loop
      vertex 3.84 14.8 49.8913
      vertex 3.015 14.8 51.3203
      vertex 2.96221 14.8 51.2943
    endloop
  endfacet
  facet normal 0 -1 0
    outer loop
      vertex 3.59363 14.8 49.7699
      vertex 2.96221 14.8 51.2943
      vertex 2.90647 14.8 51.2753
    endloop
  endfacet
  facet normal 0 -1 0
    outer loop
      vertex 3.33352 14.8 49.6816
      vertex 2.90647 14.8 51.2753
      vertex 2.84874 14.8 51.2638
    endloop
  endfacet
  facet normal 0 -1 0
    outer loop
      vertex 3.22467 14.8 51.5935
      vertex 4.81844 14.8 51.1665
      vertex 4.87203 14.8 51.4359
    endloop
  endfacet
  facet normal 0 -1 0
    outer loop
      vertex 3.0641 14.8 49.628
      vertex 2.84874 14.8 51.2638
      vertex 2.79 14.8 51.26
    endloop
  endfacet
  facet normal 0 -1 -0
    outer loop
      vertex 2.51606 14.8 51.353
      vertex 1.5116 14.8 50.044
      vertex 2.565 14.8 51.3203
    endloop
  endfacet
  facet normal 0 -1 0
    outer loop
      vertex 1.74 14.8 49.8913
      vertex 2.565 14.8 51.3203
      vertex 1.5116 14.8 50.044
    endloop
  endfacet
  facet normal 0 -1 0
    outer loop
      vertex 3.20575 14.8 51.5378
      vertex 4.73015 14.8 50.9064
      vertex 4.81844 14.8 51.1665
    endloop
  endfacet
  facet normal 0 -1 -0
    outer loop
      vertex 2.565 14.8 51.3203
      vertex 1.74 14.8 49.8913
      vertex 2.61779 14.8 51.2943
    endloop
  endfacet
  facet normal 0 -1 0
    outer loop
      vertex 3.17971 14.8 51.485
      vertex 4.60865 14.8 50.66
      vertex 4.73015 14.8 50.9064
    endloop
  endfacet
  facet normal 0 -1 0
    outer loop
      vertex 1.98636 14.8 49.7699
      vertex 2.61779 14.8 51.2943
      vertex 1.74 14.8 49.8913
    endloop
  endfacet
  facet normal 0 -1 0
    outer loop
      vertex 3.14701 14.8 51.4361
      vertex 4.45604 14.8 50.4316
      vertex 4.60865 14.8 50.66
    endloop
  endfacet
  facet normal 0 -1 -0
    outer loop
      vertex 2.61779 14.8 51.2943
      vertex 1.98636 14.8 49.7699
      vertex 2.67353 14.8 51.2753
    endloop
  endfacet
  facet normal 0 -1 0
    outer loop
      vertex 3.1082 14.8 51.3918
      vertex 4.27492 14.8 50.2251
      vertex 4.45604 14.8 50.4316
    endloop
  endfacet
  facet normal 0 -1 0
    outer loop
      vertex 2.24648 14.8 49.6816
      vertex 2.67353 14.8 51.2753
      vertex 1.98636 14.8 49.7699
    endloop
  endfacet
  facet normal 0 -1 0
    outer loop
      vertex 3.06394 14.8 51.353
      vertex 4.0684 14.8 50.044
      vertex 4.27492 14.8 50.2251
    endloop
  endfacet
  facet normal 0 -1 -0
    outer loop
      vertex 2.67353 14.8 51.2753
      vertex 2.24648 14.8 49.6816
      vertex 2.73126 14.8 51.2638
    endloop
  endfacet
  facet normal 0 -1 0
    outer loop
      vertex 3.015 14.8 51.3203
      vertex 3.84 14.8 49.8913
      vertex 4.0684 14.8 50.044
    endloop
  endfacet
  facet normal 0 -1 0
    outer loop
      vertex 2.51589 14.8 49.628
      vertex 2.73126 14.8 51.2638
      vertex 2.24648 14.8 49.6816
    endloop
  endfacet
  facet normal 0 -1 0
    outer loop
      vertex 2.96221 14.8 51.2943
      vertex 3.59363 14.8 49.7699
      vertex 3.84 14.8 49.8913
    endloop
  endfacet
  facet normal 0 -1 -0
    outer loop
      vertex 2.73126 14.8 51.2638
      vertex 2.51589 14.8 49.628
      vertex 2.79 14.8 51.26
    endloop
  endfacet
  facet normal 0 -1 0
    outer loop
      vertex 2.90647 14.8 51.2753
      vertex 3.33352 14.8 49.6816
      vertex 3.59363 14.8 49.7699
    endloop
  endfacet
  facet normal 0 -1 0
    outer loop
      vertex 2.79 14.8 49.61
      vertex 2.79 14.8 51.26
      vertex 2.51589 14.8 49.628
    endloop
  endfacet
  facet normal 0 -1 0
    outer loop
      vertex 2.84874 14.8 51.2638
      vertex 3.0641 14.8 49.628
      vertex 3.33352 14.8 49.6816
    endloop
  endfacet
  facet normal 0 -1 0
    outer loop
      vertex 2.79 14.8 51.26
      vertex 2.79 14.8 49.61
      vertex 3.0641 14.8 49.628
    endloop
  endfacet
  facet normal -0.321443 0 0.946929
    outer loop
      vertex 1.98636 31.6 53.6501
      vertex 2.24648 14.8 53.7384
      vertex 2.24648 31.6 53.7384
    endloop
  endfacet
  facet normal -0.321443 0 0.946929
    outer loop
      vertex 2.24648 14.8 53.7384
      vertex 1.98636 31.6 53.6501
      vertex 1.98636 14.8 53.6501
    endloop
  endfacet
  facet normal 0.997858 0 -0.0654196
    outer loop
      vertex 4.89 14.8 51.71
      vertex 4.87203 31.6 51.4359
      vertex 4.89 31.6 51.71
    endloop
  endfacet
  facet normal 0.997858 0 -0.0654196
    outer loop
      vertex 4.87203 31.6 51.4359
      vertex 4.89 14.8 51.71
      vertex 4.87203 14.8 51.4359
    endloop
  endfacet
  facet normal -0.442021 0 0.897005
    outer loop
      vertex 1.74 31.6 53.5287
      vertex 1.98636 14.8 53.6501
      vertex 1.98636 31.6 53.6501
    endloop
  endfacet
  facet normal -0.442021 0 0.897005
    outer loop
      vertex 1.98636 14.8 53.6501
      vertex 1.74 31.6 53.5287
      vertex 1.74 14.8 53.5287
    endloop
  endfacet
  facet normal 0.831473 -0 0.555565
    outer loop
      vertex 4.45604 14.8 52.9884
      vertex 4.60865 31.6 52.76
      vertex 4.45604 31.6 52.9884
    endloop
  endfacet
  facet normal 0.831473 0 0.555565
    outer loop
      vertex 4.60865 31.6 52.76
      vertex 4.45604 14.8 52.9884
      vertex 4.60865 14.8 52.76
    endloop
  endfacet
  facet normal 0.195122 0 -0.980779
    outer loop
      vertex 3.0641 14.8 49.628
      vertex 3.33352 31.6 49.6816
      vertex 3.33352 14.8 49.6816
    endloop
  endfacet
  facet normal 0.195122 0 -0.980779
    outer loop
      vertex 3.33352 31.6 49.6816
      vertex 3.0641 14.8 49.628
      vertex 3.0641 31.6 49.628
    endloop
  endfacet
  facet normal -0.195129 0 0.980778
    outer loop
      vertex 2.24648 31.6 53.7384
      vertex 2.51589 14.8 53.792
      vertex 2.51589 31.6 53.792
    endloop
  endfacet
  facet normal -0.195129 0 0.980778
    outer loop
      vertex 2.51589 14.8 53.792
      vertex 2.24648 31.6 53.7384
      vertex 2.24648 14.8 53.7384
    endloop
  endfacet
  facet normal -0.751796 0 0.659396
    outer loop
      vertex 1.12396 14.8 52.9884
      vertex 1.30508 31.6 53.1949
      vertex 1.12396 31.6 52.9884
    endloop
  endfacet
  facet normal -0.751796 0 0.659396
    outer loop
      vertex 1.30508 31.6 53.1949
      vertex 1.12396 14.8 52.9884
      vertex 1.30508 14.8 53.1949
    endloop
  endfacet
  facet normal 0.555792 0 0.831322
    outer loop
      vertex 3.84 31.6 53.5287
      vertex 4.0684 14.8 53.376
      vertex 4.0684 31.6 53.376
    endloop
  endfacet
  facet normal 0.555792 0 0.831322
    outer loop
      vertex 4.0684 14.8 53.376
      vertex 3.84 31.6 53.5287
      vertex 3.84 14.8 53.5287
    endloop
  endfacet
  facet normal 0.321454 0 -0.946925
    outer loop
      vertex 3.33352 14.8 49.6816
      vertex 3.59363 31.6 49.7699
      vertex 3.59363 14.8 49.7699
    endloop
  endfacet
  facet normal 0.321454 0 -0.946925
    outer loop
      vertex 3.59363 31.6 49.7699
      vertex 3.33352 14.8 49.6816
      vertex 3.33352 31.6 49.6816
    endloop
  endfacet
  facet normal -0.321443 0 -0.946929
    outer loop
      vertex 1.98636 14.8 49.7699
      vertex 2.24648 31.6 49.6816
      vertex 2.24648 14.8 49.6816
    endloop
  endfacet
  facet normal -0.321443 0 -0.946929
    outer loop
      vertex 2.24648 31.6 49.6816
      vertex 1.98636 14.8 49.7699
      vertex 1.98636 31.6 49.7699
    endloop
  endfacet
  facet normal 0.751796 -0 0.659396
    outer loop
      vertex 4.27492 14.8 53.1949
      vertex 4.45604 31.6 52.9884
      vertex 4.27492 31.6 53.1949
    endloop
  endfacet
  facet normal 0.751796 0 0.659396
    outer loop
      vertex 4.45604 31.6 52.9884
      vertex 4.27492 14.8 53.1949
      vertex 4.45604 14.8 52.9884
    endloop
  endfacet
  facet normal -0.946925 0 0.321456
    outer loop
      vertex 0.761556 14.8 52.2535
      vertex 0.849853 31.6 52.5136
      vertex 0.761556 31.6 52.2535
    endloop
  endfacet
  facet normal -0.946925 0 0.321456
    outer loop
      vertex 0.849853 31.6 52.5136
      vertex 0.761556 14.8 52.2535
      vertex 0.849853 14.8 52.5136
    endloop
  endfacet
  facet normal -0.751796 0 -0.659396
    outer loop
      vertex 1.30508 14.8 50.2251
      vertex 1.12396 31.6 50.4316
      vertex 1.30508 31.6 50.2251
    endloop
  endfacet
  facet normal -0.751796 -0 -0.659396
    outer loop
      vertex 1.12396 31.6 50.4316
      vertex 1.30508 14.8 50.2251
      vertex 1.12396 14.8 50.4316
    endloop
  endfacet
  facet normal 0.946932 0 -0.321433
    outer loop
      vertex 4.81844 14.8 51.1665
      vertex 4.73015 31.6 50.9064
      vertex 4.81844 31.6 51.1665
    endloop
  endfacet
  facet normal 0.946932 0 -0.321433
    outer loop
      vertex 4.73015 31.6 50.9064
      vertex 4.81844 14.8 51.1665
      vertex 4.73015 14.8 50.9064
    endloop
  endfacet
  facet normal -0.980782 0 -0.195104
    outer loop
      vertex 0.761556 14.8 51.1665
      vertex 0.707965 31.6 51.4359
      vertex 0.761556 31.6 51.1665
    endloop
  endfacet
  facet normal -0.980782 -0 -0.195104
    outer loop
      vertex 0.707965 31.6 51.4359
      vertex 0.761556 14.8 51.1665
      vertex 0.707965 14.8 51.4359
    endloop
  endfacet
  facet normal -0.659319 0 0.751864
    outer loop
      vertex 1.30508 31.6 53.1949
      vertex 1.5116 14.8 53.376
      vertex 1.5116 31.6 53.376
    endloop
  endfacet
  facet normal -0.659319 0 0.751864
    outer loop
      vertex 1.5116 14.8 53.376
      vertex 1.30508 31.6 53.1949
      vertex 1.30508 14.8 53.1949
    endloop
  endfacet
  facet normal -0.442021 0 -0.897005
    outer loop
      vertex 1.74 14.8 49.8913
      vertex 1.98636 31.6 49.7699
      vertex 1.98636 14.8 49.7699
    endloop
  endfacet
  facet normal -0.442021 0 -0.897005
    outer loop
      vertex 1.98636 31.6 49.7699
      vertex 1.74 14.8 49.8913
      vertex 1.74 31.6 49.8913
    endloop
  endfacet
  facet normal -0.896899 0 -0.442236
    outer loop
      vertex 0.971346 14.8 50.66
      vertex 0.849853 31.6 50.9064
      vertex 0.971346 31.6 50.66
    endloop
  endfacet
  facet normal -0.896899 -0 -0.442236
    outer loop
      vertex 0.849853 31.6 50.9064
      vertex 0.971346 14.8 50.66
      vertex 0.849853 14.8 50.9064
    endloop
  endfacet
  facet normal 0.0655283 0 -0.997851
    outer loop
      vertex 2.79 14.8 49.61
      vertex 3.0641 31.6 49.628
      vertex 3.0641 14.8 49.628
    endloop
  endfacet
  facet normal 0.0655283 0 -0.997851
    outer loop
      vertex 3.0641 31.6 49.628
      vertex 2.79 14.8 49.61
      vertex 2.79 31.6 49.61
    endloop
  endfacet
  facet normal -0.896899 0 0.442236
    outer loop
      vertex 0.849853 14.8 52.5136
      vertex 0.971346 31.6 52.76
      vertex 0.849853 31.6 52.5136
    endloop
  endfacet
  facet normal -0.896899 0 0.442236
    outer loop
      vertex 0.971346 31.6 52.76
      vertex 0.849853 14.8 52.5136
      vertex 0.971346 14.8 52.76
    endloop
  endfacet
  facet normal -0.997859 0 0.0654015
    outer loop
      vertex 0.69 14.8 51.71
      vertex 0.707965 31.6 51.9841
      vertex 0.69 31.6 51.71
    endloop
  endfacet
  facet normal -0.997859 0 0.0654015
    outer loop
      vertex 0.707965 31.6 51.9841
      vertex 0.69 14.8 51.71
      vertex 0.707965 14.8 51.9841
    endloop
  endfacet
  facet normal 0.659319 0 0.751864
    outer loop
      vertex 4.0684 31.6 53.376
      vertex 4.27492 14.8 53.1949
      vertex 4.27492 31.6 53.1949
    endloop
  endfacet
  facet normal 0.659319 0 0.751864
    outer loop
      vertex 4.27492 14.8 53.1949
      vertex 4.0684 31.6 53.376
      vertex 4.0684 14.8 53.376
    endloop
  endfacet
  facet normal -0.831466 0 -0.555575
    outer loop
      vertex 1.12396 14.8 50.4316
      vertex 0.971346 31.6 50.66
      vertex 1.12396 31.6 50.4316
    endloop
  endfacet
  facet normal -0.831466 -0 -0.555575
    outer loop
      vertex 0.971346 31.6 50.66
      vertex 1.12396 14.8 50.4316
      vertex 0.971346 14.8 50.66
    endloop
  endfacet
  facet normal -0.997859 0 -0.0654015
    outer loop
      vertex 0.707965 14.8 51.4359
      vertex 0.69 31.6 51.71
      vertex 0.707965 31.6 51.4359
    endloop
  endfacet
  facet normal -0.997859 -0 -0.0654015
    outer loop
      vertex 0.69 31.6 51.71
      vertex 0.707965 14.8 51.4359
      vertex 0.69 14.8 51.71
    endloop
  endfacet
  facet normal -0.555792 0 -0.831322
    outer loop
      vertex 1.5116 14.8 50.044
      vertex 1.74 31.6 49.8913
      vertex 1.74 14.8 49.8913
    endloop
  endfacet
  facet normal -0.555792 0 -0.831322
    outer loop
      vertex 1.74 31.6 49.8913
      vertex 1.5116 14.8 50.044
      vertex 1.5116 31.6 50.044
    endloop
  endfacet
  facet normal 0.0655283 0 0.997851
    outer loop
      vertex 2.79 31.6 53.81
      vertex 3.0641 14.8 53.792
      vertex 3.0641 31.6 53.792
    endloop
  endfacet
  facet normal 0.0655283 0 0.997851
    outer loop
      vertex 3.0641 14.8 53.792
      vertex 2.79 31.6 53.81
      vertex 2.79 14.8 53.81
    endloop
  endfacet
  facet normal -0.195129 0 -0.980778
    outer loop
      vertex 2.24648 14.8 49.6816
      vertex 2.51589 31.6 49.628
      vertex 2.51589 14.8 49.628
    endloop
  endfacet
  facet normal -0.195129 0 -0.980778
    outer loop
      vertex 2.51589 31.6 49.628
      vertex 2.24648 14.8 49.6816
      vertex 2.24648 31.6 49.6816
    endloop
  endfacet
  facet normal 0.659319 0 -0.751864
    outer loop
      vertex 4.0684 14.8 50.044
      vertex 4.27492 31.6 50.2251
      vertex 4.27492 14.8 50.2251
    endloop
  endfacet
  facet normal 0.659319 0 -0.751864
    outer loop
      vertex 4.27492 31.6 50.2251
      vertex 4.0684 14.8 50.044
      vertex 4.0684 31.6 50.044
    endloop
  endfacet
  facet normal -0.946866 0 0.321628
    outer loop
      vertex 2.35533 12.3 51.8265
      vertex 2.37425 14.8 51.8822
      vertex 2.35533 14.8 51.8265
    endloop
  endfacet
  facet normal -0.946866 0 0.321628
    outer loop
      vertex 2.37425 14.8 51.8822
      vertex 2.35533 12.3 51.8265
      vertex 2.37425 12.3 51.8822
    endloop
  endfacet
  facet normal 0.980841 -0 0.194811
    outer loop
      vertex 3.22467 12.3 51.8265
      vertex 3.23615 14.8 51.7687
      vertex 3.22467 14.8 51.8265
    endloop
  endfacet
  facet normal 0.980841 0 0.194811
    outer loop
      vertex 3.23615 14.8 51.7687
      vertex 3.22467 12.3 51.8265
      vertex 3.23615 12.3 51.7687
    endloop
  endfacet
  facet normal 0.997856 -0 0.0654471
    outer loop
      vertex 3.23615 12.3 51.7687
      vertex 3.24 14.8 51.71
      vertex 3.23615 14.8 51.7687
    endloop
  endfacet
  facet normal 0.997856 0 0.0654471
    outer loop
      vertex 3.24 14.8 51.71
      vertex 3.23615 12.3 51.7687
      vertex 3.24 12.3 51.71
    endloop
  endfacet
  facet normal 0.831265 -0 0.555877
    outer loop
      vertex 3.14701 12.3 51.9839
      vertex 3.17971 14.8 51.935
      vertex 3.14701 14.8 51.9839
    endloop
  endfacet
  facet normal 0.831265 0 0.555877
    outer loop
      vertex 3.17971 14.8 51.935
      vertex 3.14701 12.3 51.9839
      vertex 3.17971 12.3 51.935
    endloop
  endfacet
  facet normal 0.831265 0 -0.555877
    outer loop
      vertex 3.17971 12.3 51.485
      vertex 3.14701 14.8 51.4361
      vertex 3.17971 14.8 51.485
    endloop
  endfacet
  facet normal 0.831265 0 -0.555877
    outer loop
      vertex 3.14701 14.8 51.4361
      vertex 3.17971 12.3 51.485
      vertex 3.14701 12.3 51.4361
    endloop
  endfacet
  facet normal -0.195365 0 -0.980731
    outer loop
      vertex 2.67353 12.3 51.2753
      vertex 2.73126 14.8 51.2638
      vertex 2.73126 12.3 51.2638
    endloop
  endfacet
  facet normal -0.195365 0 -0.980731
    outer loop
      vertex 2.73126 14.8 51.2638
      vertex 2.67353 12.3 51.2753
      vertex 2.67353 14.8 51.2753
    endloop
  endfacet
  facet normal -0.555562 0 -0.831475
    outer loop
      vertex 2.51606 12.3 51.353
      vertex 2.565 14.8 51.3203
      vertex 2.565 12.3 51.3203
    endloop
  endfacet
  facet normal -0.555562 0 -0.831475
    outer loop
      vertex 2.565 14.8 51.3203
      vertex 2.51606 12.3 51.353
      vertex 2.51606 14.8 51.353
    endloop
  endfacet
  facet normal -0.997856 0 0.0654471
    outer loop
      vertex 2.34 12.3 51.71
      vertex 2.34385 14.8 51.7687
      vertex 2.34 14.8 51.71
    endloop
  endfacet
  facet normal -0.997856 0 0.0654471
    outer loop
      vertex 2.34385 14.8 51.7687
      vertex 2.34 12.3 51.71
      vertex 2.34385 12.3 51.7687
    endloop
  endfacet
  facet normal -0.0645569 0 -0.997914
    outer loop
      vertex 2.73126 12.3 51.2638
      vertex 2.79 14.8 51.26
      vertex 2.79 12.3 51.26
    endloop
  endfacet
  facet normal -0.0645569 0 -0.997914
    outer loop
      vertex 2.79 14.8 51.26
      vertex 2.73126 12.3 51.2638
      vertex 2.73126 14.8 51.2638
    endloop
  endfacet
  facet normal 0.89686 0 -0.442315
    outer loop
      vertex 3.20575 12.3 51.5378
      vertex 3.17971 14.8 51.485
      vertex 3.20575 14.8 51.5378
    endloop
  endfacet
  facet normal 0.89686 0 -0.442315
    outer loop
      vertex 3.17971 14.8 51.485
      vertex 3.20575 12.3 51.5378
      vertex 3.17971 12.3 51.485
    endloop
  endfacet
  facet normal 0.555562 0 -0.831475
    outer loop
      vertex 3.015 12.3 51.3203
      vertex 3.06394 14.8 51.353
      vertex 3.06394 12.3 51.353
    endloop
  endfacet
  facet normal 0.555562 0 -0.831475
    outer loop
      vertex 3.06394 14.8 51.353
      vertex 3.015 12.3 51.3203
      vertex 3.015 14.8 51.3203
    endloop
  endfacet
  facet normal 0.322639 0 0.946522
    outer loop
      vertex 2.90647 14.8 52.1447
      vertex 2.96221 12.3 52.1257
      vertex 2.96221 14.8 52.1257
    endloop
  endfacet
  facet normal 0.322639 0 0.946522
    outer loop
      vertex 2.96221 12.3 52.1257
      vertex 2.90647 14.8 52.1447
      vertex 2.90647 12.3 52.1447
    endloop
  endfacet
  facet normal 0.659202 0 0.751966
    outer loop
      vertex 3.06394 14.8 52.067
      vertex 3.1082 12.3 52.0282
      vertex 3.1082 14.8 52.0282
    endloop
  endfacet
  facet normal 0.659202 0 0.751966
    outer loop
      vertex 3.1082 12.3 52.0282
      vertex 3.06394 14.8 52.067
      vertex 3.06394 12.3 52.067
    endloop
  endfacet
  facet normal 0.195365 0 0.980731
    outer loop
      vertex 2.84874 14.8 52.1562
      vertex 2.90647 12.3 52.1447
      vertex 2.90647 14.8 52.1447
    endloop
  endfacet
  facet normal 0.195365 0 0.980731
    outer loop
      vertex 2.90647 12.3 52.1447
      vertex 2.84874 14.8 52.1562
      vertex 2.84874 12.3 52.1562
    endloop
  endfacet
  facet normal -0.997856 0 -0.0654471
    outer loop
      vertex 2.34385 12.3 51.6513
      vertex 2.34 14.8 51.71
      vertex 2.34385 14.8 51.6513
    endloop
  endfacet
  facet normal -0.997856 -0 -0.0654471
    outer loop
      vertex 2.34 14.8 51.71
      vertex 2.34385 12.3 51.6513
      vertex 2.34 12.3 51.71
    endloop
  endfacet
  facet normal -0.980841 0 0.194811
    outer loop
      vertex 2.34385 12.3 51.7687
      vertex 2.35533 14.8 51.8265
      vertex 2.34385 14.8 51.7687
    endloop
  endfacet
  facet normal -0.980841 0 0.194811
    outer loop
      vertex 2.35533 14.8 51.8265
      vertex 2.34385 12.3 51.7687
      vertex 2.35533 12.3 51.8265
    endloop
  endfacet
  facet normal 0.980841 0 -0.194811
    outer loop
      vertex 3.23615 12.3 51.6513
      vertex 3.22467 14.8 51.5935
      vertex 3.23615 14.8 51.6513
    endloop
  endfacet
  facet normal 0.980841 0 -0.194811
    outer loop
      vertex 3.22467 14.8 51.5935
      vertex 3.23615 12.3 51.6513
      vertex 3.22467 12.3 51.5935
    endloop
  endfacet
  facet normal -0.89686 0 -0.442315
    outer loop
      vertex 2.40029 12.3 51.485
      vertex 2.37425 14.8 51.5378
      vertex 2.40029 14.8 51.485
    endloop
  endfacet
  facet normal -0.89686 -0 -0.442315
    outer loop
      vertex 2.37425 14.8 51.5378
      vertex 2.40029 12.3 51.485
      vertex 2.37425 12.3 51.5378
    endloop
  endfacet
  facet normal -0.752177 0 -0.658961
    outer loop
      vertex 2.4718 12.3 51.3918
      vertex 2.43299 14.8 51.4361
      vertex 2.4718 14.8 51.3918
    endloop
  endfacet
  facet normal -0.752177 -0 -0.658961
    outer loop
      vertex 2.43299 14.8 51.4361
      vertex 2.4718 12.3 51.3918
      vertex 2.43299 12.3 51.4361
    endloop
  endfacet
  facet normal -0.659202 0 0.751966
    outer loop
      vertex 2.4718 14.8 52.0282
      vertex 2.51606 12.3 52.067
      vertex 2.51606 14.8 52.067
    endloop
  endfacet
  facet normal -0.659202 0 0.751966
    outer loop
      vertex 2.51606 12.3 52.067
      vertex 2.4718 14.8 52.0282
      vertex 2.4718 12.3 52.0282
    endloop
  endfacet
  facet normal -0.441836 0 -0.897096
    outer loop
      vertex 2.565 12.3 51.3203
      vertex 2.61779 14.8 51.2943
      vertex 2.61779 12.3 51.2943
    endloop
  endfacet
  facet normal -0.441836 0 -0.897096
    outer loop
      vertex 2.61779 14.8 51.2943
      vertex 2.565 12.3 51.3203
      vertex 2.565 14.8 51.3203
    endloop
  endfacet
  facet normal -0.980841 0 -0.194811
    outer loop
      vertex 2.35533 12.3 51.5935
      vertex 2.34385 14.8 51.6513
      vertex 2.35533 14.8 51.5935
    endloop
  endfacet
  facet normal -0.980841 -0 -0.194811
    outer loop
      vertex 2.34385 14.8 51.6513
      vertex 2.35533 12.3 51.5935
      vertex 2.34385 12.3 51.6513
    endloop
  endfacet
  facet normal 0.752177 -0 0.658961
    outer loop
      vertex 3.1082 12.3 52.0282
      vertex 3.14701 14.8 51.9839
      vertex 3.1082 14.8 52.0282
    endloop
  endfacet
  facet normal 0.752177 0 0.658961
    outer loop
      vertex 3.14701 14.8 51.9839
      vertex 3.1082 12.3 52.0282
      vertex 3.14701 12.3 51.9839
    endloop
  endfacet
  facet normal 0.946866 -0 0.321628
    outer loop
      vertex 3.20575 12.3 51.8822
      vertex 3.22467 14.8 51.8265
      vertex 3.20575 14.8 51.8822
    endloop
  endfacet
  facet normal 0.946866 0 0.321628
    outer loop
      vertex 3.22467 14.8 51.8265
      vertex 3.20575 12.3 51.8822
      vertex 3.22467 12.3 51.8265
    endloop
  endfacet
  facet normal 0.441836 0 0.897096
    outer loop
      vertex 2.96221 14.8 52.1257
      vertex 3.015 12.3 52.0997
      vertex 3.015 14.8 52.0997
    endloop
  endfacet
  facet normal 0.441836 0 0.897096
    outer loop
      vertex 3.015 12.3 52.0997
      vertex 2.96221 14.8 52.1257
      vertex 2.96221 12.3 52.1257
    endloop
  endfacet
  facet normal 0.555562 0 0.831475
    outer loop
      vertex 3.015 14.8 52.0997
      vertex 3.06394 12.3 52.067
      vertex 3.06394 14.8 52.067
    endloop
  endfacet
  facet normal 0.555562 0 0.831475
    outer loop
      vertex 3.06394 12.3 52.067
      vertex 3.015 14.8 52.0997
      vertex 3.015 12.3 52.0997
    endloop
  endfacet
  facet normal -0.322639 0 0.946522
    outer loop
      vertex 2.61779 14.8 52.1257
      vertex 2.67353 12.3 52.1447
      vertex 2.67353 14.8 52.1447
    endloop
  endfacet
  facet normal -0.322639 0 0.946522
    outer loop
      vertex 2.67353 12.3 52.1447
      vertex 2.61779 14.8 52.1257
      vertex 2.61779 12.3 52.1257
    endloop
  endfacet
  facet normal 0.659202 0 -0.751966
    outer loop
      vertex 3.06394 12.3 51.353
      vertex 3.1082 14.8 51.3918
      vertex 3.1082 12.3 51.3918
    endloop
  endfacet
  facet normal 0.659202 0 -0.751966
    outer loop
      vertex 3.1082 14.8 51.3918
      vertex 3.06394 12.3 51.353
      vertex 3.06394 14.8 51.353
    endloop
  endfacet
  facet normal 0.322639 0 -0.946522
    outer loop
      vertex 2.90647 12.3 51.2753
      vertex 2.96221 14.8 51.2943
      vertex 2.96221 12.3 51.2943
    endloop
  endfacet
  facet normal 0.322639 0 -0.946522
    outer loop
      vertex 2.96221 14.8 51.2943
      vertex 2.90647 12.3 51.2753
      vertex 2.90647 14.8 51.2753
    endloop
  endfacet
  facet normal 0.0645569 0 -0.997914
    outer loop
      vertex 2.79 12.3 51.26
      vertex 2.84874 14.8 51.2638
      vertex 2.84874 12.3 51.2638
    endloop
  endfacet
  facet normal 0.0645569 0 -0.997914
    outer loop
      vertex 2.84874 14.8 51.2638
      vertex 2.79 12.3 51.26
      vertex 2.79 14.8 51.26
    endloop
  endfacet
  facet normal 0.195365 0 -0.980731
    outer loop
      vertex 2.84874 12.3 51.2638
      vertex 2.90647 14.8 51.2753
      vertex 2.90647 12.3 51.2753
    endloop
  endfacet
  facet normal 0.195365 0 -0.980731
    outer loop
      vertex 2.90647 14.8 51.2753
      vertex 2.84874 12.3 51.2638
      vertex 2.84874 14.8 51.2638
    endloop
  endfacet
  facet normal -0.946866 0 -0.321628
    outer loop
      vertex 2.37425 12.3 51.5378
      vertex 2.35533 14.8 51.5935
      vertex 2.37425 14.8 51.5378
    endloop
  endfacet
  facet normal -0.946866 -0 -0.321628
    outer loop
      vertex 2.35533 14.8 51.5935
      vertex 2.37425 12.3 51.5378
      vertex 2.35533 12.3 51.5935
    endloop
  endfacet
  facet normal -0.0645569 0 0.997914
    outer loop
      vertex 2.73126 14.8 52.1562
      vertex 2.79 12.3 52.16
      vertex 2.79 14.8 52.16
    endloop
  endfacet
  facet normal -0.0645569 0 0.997914
    outer loop
      vertex 2.79 12.3 52.16
      vertex 2.73126 14.8 52.1562
      vertex 2.73126 12.3 52.1562
    endloop
  endfacet
  facet normal 0.89686 -0 0.442315
    outer loop
      vertex 3.17971 12.3 51.935
      vertex 3.20575 14.8 51.8822
      vertex 3.17971 14.8 51.935
    endloop
  endfacet
  facet normal 0.89686 0 0.442315
    outer loop
      vertex 3.20575 14.8 51.8822
      vertex 3.17971 12.3 51.935
      vertex 3.20575 12.3 51.8822
    endloop
  endfacet
  facet normal -0.322639 0 -0.946522
    outer loop
      vertex 2.61779 12.3 51.2943
      vertex 2.67353 14.8 51.2753
      vertex 2.67353 12.3 51.2753
    endloop
  endfacet
  facet normal -0.322639 0 -0.946522
    outer loop
      vertex 2.67353 14.8 51.2753
      vertex 2.61779 12.3 51.2943
      vertex 2.61779 14.8 51.2943
    endloop
  endfacet
  facet normal -0.659202 0 -0.751966
    outer loop
      vertex 2.4718 12.3 51.3918
      vertex 2.51606 14.8 51.353
      vertex 2.51606 12.3 51.353
    endloop
  endfacet
  facet normal -0.659202 0 -0.751966
    outer loop
      vertex 2.51606 14.8 51.353
      vertex 2.4718 12.3 51.3918
      vertex 2.4718 14.8 51.3918
    endloop
  endfacet
  facet normal 0.0645569 0 0.997914
    outer loop
      vertex 2.79 14.8 52.16
      vertex 2.84874 12.3 52.1562
      vertex 2.84874 14.8 52.1562
    endloop
  endfacet
  facet normal 0.0645569 0 0.997914
    outer loop
      vertex 2.84874 12.3 52.1562
      vertex 2.79 14.8 52.16
      vertex 2.79 12.3 52.16
    endloop
  endfacet
  facet normal -0.555562 0 0.831475
    outer loop
      vertex 2.51606 14.8 52.067
      vertex 2.565 12.3 52.0997
      vertex 2.565 14.8 52.0997
    endloop
  endfacet
  facet normal -0.555562 0 0.831475
    outer loop
      vertex 2.565 12.3 52.0997
      vertex 2.51606 14.8 52.067
      vertex 2.51606 12.3 52.067
    endloop
  endfacet
  facet normal 0.997856 0 -0.0654471
    outer loop
      vertex 3.24 12.3 51.71
      vertex 3.23615 14.8 51.6513
      vertex 3.24 14.8 51.71
    endloop
  endfacet
  facet normal 0.997856 0 -0.0654471
    outer loop
      vertex 3.23615 14.8 51.6513
      vertex 3.24 12.3 51.71
      vertex 3.23615 12.3 51.6513
    endloop
  endfacet
  facet normal 0.441836 0 -0.897096
    outer loop
      vertex 2.96221 12.3 51.2943
      vertex 3.015 14.8 51.3203
      vertex 3.015 12.3 51.3203
    endloop
  endfacet
  facet normal 0.441836 0 -0.897096
    outer loop
      vertex 3.015 14.8 51.3203
      vertex 2.96221 12.3 51.2943
      vertex 2.96221 14.8 51.2943
    endloop
  endfacet
  facet normal -0.195365 0 0.980731
    outer loop
      vertex 2.67353 14.8 52.1447
      vertex 2.73126 12.3 52.1562
      vertex 2.73126 14.8 52.1562
    endloop
  endfacet
  facet normal -0.195365 0 0.980731
    outer loop
      vertex 2.73126 12.3 52.1562
      vertex 2.67353 14.8 52.1447
      vertex 2.67353 12.3 52.1447
    endloop
  endfacet
  facet normal 0.946866 0 -0.321628
    outer loop
      vertex 3.22467 12.3 51.5935
      vertex 3.20575 14.8 51.5378
      vertex 3.22467 14.8 51.5935
    endloop
  endfacet
  facet normal 0.946866 0 -0.321628
    outer loop
      vertex 3.20575 14.8 51.5378
      vertex 3.22467 12.3 51.5935
      vertex 3.20575 12.3 51.5378
    endloop
  endfacet
  facet normal -0.89686 0 0.442315
    outer loop
      vertex 2.37425 12.3 51.8822
      vertex 2.40029 14.8 51.935
      vertex 2.37425 14.8 51.8822
    endloop
  endfacet
  facet normal -0.89686 0 0.442315
    outer loop
      vertex 2.40029 14.8 51.935
      vertex 2.37425 12.3 51.8822
      vertex 2.40029 12.3 51.935
    endloop
  endfacet
  facet normal -0.441836 0 0.897096
    outer loop
      vertex 2.565 14.8 52.0997
      vertex 2.61779 12.3 52.1257
      vertex 2.61779 14.8 52.1257
    endloop
  endfacet
  facet normal -0.441836 0 0.897096
    outer loop
      vertex 2.61779 12.3 52.1257
      vertex 2.565 14.8 52.0997
      vertex 2.565 12.3 52.0997
    endloop
  endfacet
  facet normal -0.752177 0 0.658961
    outer loop
      vertex 2.43299 12.3 51.9839
      vertex 2.4718 14.8 52.0282
      vertex 2.43299 14.8 51.9839
    endloop
  endfacet
  facet normal -0.752177 0 0.658961
    outer loop
      vertex 2.4718 14.8 52.0282
      vertex 2.43299 12.3 51.9839
      vertex 2.4718 12.3 52.0282
    endloop
  endfacet
  facet normal 0.752177 0 -0.658961
    outer loop
      vertex 3.14701 12.3 51.4361
      vertex 3.1082 14.8 51.3918
      vertex 3.14701 14.8 51.4361
    endloop
  endfacet
  facet normal 0.752177 0 -0.658961
    outer loop
      vertex 3.1082 14.8 51.3918
      vertex 3.14701 12.3 51.4361
      vertex 3.1082 12.3 51.3918
    endloop
  endfacet
  facet normal -0.831265 0 -0.555877
    outer loop
      vertex 2.43299 12.3 51.4361
      vertex 2.40029 14.8 51.485
      vertex 2.43299 14.8 51.4361
    endloop
  endfacet
  facet normal -0.831265 -0 -0.555877
    outer loop
      vertex 2.40029 14.8 51.485
      vertex 2.43299 12.3 51.4361
      vertex 2.40029 12.3 51.485
    endloop
  endfacet
  facet normal -0.831265 0 0.555877
    outer loop
      vertex 2.40029 12.3 51.935
      vertex 2.43299 14.8 51.9839
      vertex 2.40029 14.8 51.935
    endloop
  endfacet
  facet normal -0.831265 0 0.555877
    outer loop
      vertex 2.43299 14.8 51.9839
      vertex 2.40029 12.3 51.935
      vertex 2.43299 12.3 51.9839
    endloop
  endfacet
  facet normal 0 -1 0
    outer loop
      vertex 2.73126 12.3 52.1562
      vertex 2.84874 12.3 52.1562
      vertex 2.79 12.3 52.16
    endloop
  endfacet
  facet normal 0 -1 0
    outer loop
      vertex 2.67353 12.3 52.1447
      vertex 2.84874 12.3 52.1562
      vertex 2.73126 12.3 52.1562
    endloop
  endfacet
  facet normal 0 -1 0
    outer loop
      vertex 2.67353 12.3 52.1447
      vertex 2.90647 12.3 52.1447
      vertex 2.84874 12.3 52.1562
    endloop
  endfacet
  facet normal 0 -1 0
    outer loop
      vertex 2.61779 12.3 52.1257
      vertex 2.90647 12.3 52.1447
      vertex 2.67353 12.3 52.1447
    endloop
  endfacet
  facet normal 0 -1 0
    outer loop
      vertex 2.61779 12.3 52.1257
      vertex 2.96221 12.3 52.1257
      vertex 2.90647 12.3 52.1447
    endloop
  endfacet
  facet normal 0 -1 0
    outer loop
      vertex 2.565 12.3 52.0997
      vertex 2.96221 12.3 52.1257
      vertex 2.61779 12.3 52.1257
    endloop
  endfacet
  facet normal 0 -1 0
    outer loop
      vertex 2.565 12.3 52.0997
      vertex 3.015 12.3 52.0997
      vertex 2.96221 12.3 52.1257
    endloop
  endfacet
  facet normal 0 -1 0
    outer loop
      vertex 2.51606 12.3 52.067
      vertex 3.015 12.3 52.0997
      vertex 2.565 12.3 52.0997
    endloop
  endfacet
  facet normal 0 -1 0
    outer loop
      vertex 2.51606 12.3 52.067
      vertex 3.06394 12.3 52.067
      vertex 3.015 12.3 52.0997
    endloop
  endfacet
  facet normal 0 -1 0
    outer loop
      vertex 2.4718 12.3 52.0282
      vertex 3.06394 12.3 52.067
      vertex 2.51606 12.3 52.067
    endloop
  endfacet
  facet normal 0 -1 0
    outer loop
      vertex 2.4718 12.3 52.0282
      vertex 3.1082 12.3 52.0282
      vertex 3.06394 12.3 52.067
    endloop
  endfacet
  facet normal 0 -1 0
    outer loop
      vertex 2.43299 12.3 51.9839
      vertex 3.1082 12.3 52.0282
      vertex 2.4718 12.3 52.0282
    endloop
  endfacet
  facet normal 0 -1 0
    outer loop
      vertex 2.43299 12.3 51.9839
      vertex 3.14701 12.3 51.9839
      vertex 3.1082 12.3 52.0282
    endloop
  endfacet
  facet normal 0 -1 0
    outer loop
      vertex 2.40029 12.3 51.935
      vertex 3.14701 12.3 51.9839
      vertex 2.43299 12.3 51.9839
    endloop
  endfacet
  facet normal 0 -1 0
    outer loop
      vertex 2.40029 12.3 51.935
      vertex 3.17971 12.3 51.935
      vertex 3.14701 12.3 51.9839
    endloop
  endfacet
  facet normal 0 -1 0
    outer loop
      vertex 2.37425 12.3 51.8822
      vertex 3.17971 12.3 51.935
      vertex 2.40029 12.3 51.935
    endloop
  endfacet
  facet normal 0 -1 0
    outer loop
      vertex 2.37425 12.3 51.8822
      vertex 3.20575 12.3 51.8822
      vertex 3.17971 12.3 51.935
    endloop
  endfacet
  facet normal 0 -1 0
    outer loop
      vertex 2.35533 12.3 51.8265
      vertex 3.20575 12.3 51.8822
      vertex 2.37425 12.3 51.8822
    endloop
  endfacet
  facet normal 0 -1 0
    outer loop
      vertex 2.35533 12.3 51.8265
      vertex 3.22467 12.3 51.8265
      vertex 3.20575 12.3 51.8822
    endloop
  endfacet
  facet normal 0 -1 0
    outer loop
      vertex 2.34385 12.3 51.7687
      vertex 3.22467 12.3 51.8265
      vertex 2.35533 12.3 51.8265
    endloop
  endfacet
  facet normal 0 -1 0
    outer loop
      vertex 2.34385 12.3 51.7687
      vertex 3.23615 12.3 51.7687
      vertex 3.22467 12.3 51.8265
    endloop
  endfacet
  facet normal 0 -1 0
    outer loop
      vertex 2.34 12.3 51.71
      vertex 3.23615 12.3 51.7687
      vertex 2.34385 12.3 51.7687
    endloop
  endfacet
  facet normal 0 -1 0
    outer loop
      vertex 2.34 12.3 51.71
      vertex 3.24 12.3 51.71
      vertex 3.23615 12.3 51.7687
    endloop
  endfacet
  facet normal 0 -1 0
    outer loop
      vertex 2.34385 12.3 51.6513
      vertex 3.24 12.3 51.71
      vertex 2.34 12.3 51.71
    endloop
  endfacet
  facet normal 0 -1 0
    outer loop
      vertex 2.34385 12.3 51.6513
      vertex 3.23615 12.3 51.6513
      vertex 3.24 12.3 51.71
    endloop
  endfacet
  facet normal 0 -1 0
    outer loop
      vertex 2.35533 12.3 51.5935
      vertex 3.23615 12.3 51.6513
      vertex 2.34385 12.3 51.6513
    endloop
  endfacet
  facet normal 0 -1 0
    outer loop
      vertex 2.35533 12.3 51.5935
      vertex 3.22467 12.3 51.5935
      vertex 3.23615 12.3 51.6513
    endloop
  endfacet
  facet normal 0 -1 0
    outer loop
      vertex 2.37425 12.3 51.5378
      vertex 3.22467 12.3 51.5935
      vertex 2.35533 12.3 51.5935
    endloop
  endfacet
  facet normal 0 -1 0
    outer loop
      vertex 2.37425 12.3 51.5378
      vertex 3.20575 12.3 51.5378
      vertex 3.22467 12.3 51.5935
    endloop
  endfacet
  facet normal 0 -1 0
    outer loop
      vertex 2.40029 12.3 51.485
      vertex 3.20575 12.3 51.5378
      vertex 2.37425 12.3 51.5378
    endloop
  endfacet
  facet normal 0 -1 0
    outer loop
      vertex 2.40029 12.3 51.485
      vertex 3.17971 12.3 51.485
      vertex 3.20575 12.3 51.5378
    endloop
  endfacet
  facet normal 0 -1 0
    outer loop
      vertex 2.43299 12.3 51.4361
      vertex 3.17971 12.3 51.485
      vertex 2.40029 12.3 51.485
    endloop
  endfacet
  facet normal 0 -1 0
    outer loop
      vertex 2.43299 12.3 51.4361
      vertex 3.14701 12.3 51.4361
      vertex 3.17971 12.3 51.485
    endloop
  endfacet
  facet normal 0 -1 0
    outer loop
      vertex 2.4718 12.3 51.3918
      vertex 3.14701 12.3 51.4361
      vertex 2.43299 12.3 51.4361
    endloop
  endfacet
  facet normal 0 -1 0
    outer loop
      vertex 2.4718 12.3 51.3918
      vertex 3.1082 12.3 51.3918
      vertex 3.14701 12.3 51.4361
    endloop
  endfacet
  facet normal 0 -1 0
    outer loop
      vertex 2.51606 12.3 51.353
      vertex 3.1082 12.3 51.3918
      vertex 2.4718 12.3 51.3918
    endloop
  endfacet
  facet normal 0 -1 0
    outer loop
      vertex 2.51606 12.3 51.353
      vertex 3.06394 12.3 51.353
      vertex 3.1082 12.3 51.3918
    endloop
  endfacet
  facet normal 0 -1 0
    outer loop
      vertex 2.565 12.3 51.3203
      vertex 3.06394 12.3 51.353
      vertex 2.51606 12.3 51.353
    endloop
  endfacet
  facet normal 0 -1 0
    outer loop
      vertex 2.565 12.3 51.3203
      vertex 3.015 12.3 51.3203
      vertex 3.06394 12.3 51.353
    endloop
  endfacet
  facet normal 0 -1 0
    outer loop
      vertex 2.61779 12.3 51.2943
      vertex 3.015 12.3 51.3203
      vertex 2.565 12.3 51.3203
    endloop
  endfacet
  facet normal 0 -1 0
    outer loop
      vertex 2.61779 12.3 51.2943
      vertex 2.96221 12.3 51.2943
      vertex 3.015 12.3 51.3203
    endloop
  endfacet
  facet normal 0 -1 0
    outer loop
      vertex 2.67353 12.3 51.2753
      vertex 2.96221 12.3 51.2943
      vertex 2.61779 12.3 51.2943
    endloop
  endfacet
  facet normal 0 -1 0
    outer loop
      vertex 2.67353 12.3 51.2753
      vertex 2.90647 12.3 51.2753
      vertex 2.96221 12.3 51.2943
    endloop
  endfacet
  facet normal 0 -1 0
    outer loop
      vertex 2.73126 12.3 51.2638
      vertex 2.90647 12.3 51.2753
      vertex 2.67353 12.3 51.2753
    endloop
  endfacet
  facet normal 0 -1 0
    outer loop
      vertex 2.73126 12.3 51.2638
      vertex 2.84874 12.3 51.2638
      vertex 2.90647 12.3 51.2753
    endloop
  endfacet
  facet normal -0 -1 0
    outer loop
      vertex 2.84874 12.3 51.2638
      vertex 2.73126 12.3 51.2638
      vertex 2.79 12.3 51.26
    endloop
  endfacet
  facet normal 0.442256 0 0.896889
    outer loop
      vertex -13.5864 31.6 9.54015
      vertex -13.34 14.8 9.41865
      vertex -13.34 31.6 9.41865
    endloop
  endfacet
  facet normal 0.442256 0 0.896889
    outer loop
      vertex -13.34 14.8 9.41865
      vertex -13.5864 31.6 9.54015
      vertex -13.5864 14.8 9.54015
    endloop
  endfacet
  facet normal 0.980717 0 0.195433
    outer loop
      vertex -12.3616 31.6 8.14352
      vertex -12.3616 14.8 8.14352
      vertex -12.333 31.6 8
    endloop
  endfacet
  facet normal 0.980849 -0 0.194768
    outer loop
      vertex -12.333 31.6 8
      vertex -12.308 31.7 7.8741
      vertex -12.333 31.7 8
    endloop
  endfacet
  facet normal 0.980779 -2.76059e-06 0.195122
    outer loop
      vertex -12.308 14.8 7.8741
      vertex -12.333 31.6 8
      vertex -12.3616 14.8 8.14352
    endloop
  endfacet
  facet normal 0.980849 0 0.194768
    outer loop
      vertex -12.333 31.6 8
      vertex -12.308 14.8 7.8741
      vertex -12.308 31.7 7.8741
    endloop
  endfacet
  facet normal 0.997851 -0 0.0655283
    outer loop
      vertex -12.308 14.8 7.8741
      vertex -12.29 31.7 7.6
      vertex -12.308 31.7 7.8741
    endloop
  endfacet
  facet normal 0.997851 0 0.0655283
    outer loop
      vertex -12.29 31.7 7.6
      vertex -12.308 14.8 7.8741
      vertex -12.29 14.8 7.6
    endloop
  endfacet
  facet normal -0.897005 0 0.442021
    outer loop
      vertex -16.3301 14.8 8.40364
      vertex -16.2087 31.6 8.65
      vertex -16.3301 31.6 8.40364
    endloop
  endfacet
  facet normal -0.897005 0 0.442021
    outer loop
      vertex -16.2087 31.6 8.65
      vertex -16.3301 14.8 8.40364
      vertex -16.2087 14.8 8.65
    endloop
  endfacet
  facet normal 0.831322 -0 0.555792
    outer loop
      vertex -12.724 14.8 8.8784
      vertex -12.5713 31.6 8.65
      vertex -12.724 31.6 8.8784
    endloop
  endfacet
  facet normal 0.831322 0 0.555792
    outer loop
      vertex -12.5713 31.6 8.65
      vertex -12.724 14.8 8.8784
      vertex -12.5713 14.8 8.65
    endloop
  endfacet
  facet normal -0.195101 0 0.980783
    outer loop
      vertex -14.9335 31.6 9.62844
      vertex -14.6641 14.8 9.68203
      vertex -14.6641 31.6 9.68203
    endloop
  endfacet
  facet normal -0.195101 0 0.980783
    outer loop
      vertex -14.6641 14.8 9.68203
      vertex -14.9335 31.6 9.62844
      vertex -14.9335 14.8 9.62844
    endloop
  endfacet
  facet normal -0.980778 0 -0.195129
    outer loop
      vertex -16.4184 14.8 7.05648
      vertex -16.472 31.6 7.32589
      vertex -16.4184 31.6 7.05648
    endloop
  endfacet
  facet normal -0.980778 -0 -0.195129
    outer loop
      vertex -16.472 31.6 7.32589
      vertex -16.4184 14.8 7.05648
      vertex -16.472 14.8 7.32589
    endloop
  endfacet
  facet normal -0.555565 0 -0.831473
    outer loop
      vertex -15.6684 14.8 5.93396
      vertex -15.44 31.6 5.78135
      vertex -15.44 14.8 5.78135
    endloop
  endfacet
  facet normal -0.555565 0 -0.831473
    outer loop
      vertex -15.44 31.6 5.78135
      vertex -15.6684 14.8 5.93396
      vertex -15.6684 31.6 5.93396
    endloop
  endfacet
  facet normal 0.555565 0 0.831473
    outer loop
      vertex -13.34 31.6 9.41865
      vertex -13.1116 14.8 9.26604
      vertex -13.1116 31.6 9.26604
    endloop
  endfacet
  facet normal 0.555565 0 0.831473
    outer loop
      vertex -13.1116 14.8 9.26604
      vertex -13.34 31.6 9.41865
      vertex -13.34 14.8 9.41865
    endloop
  endfacet
  facet normal -0.751864 0 -0.659319
    outer loop
      vertex -15.8749 14.8 6.11508
      vertex -16.056 31.6 6.3216
      vertex -15.8749 31.6 6.11508
    endloop
  endfacet
  facet normal -0.751864 -0 -0.659319
    outer loop
      vertex -16.056 31.6 6.3216
      vertex -15.8749 14.8 6.11508
      vertex -16.056 14.8 6.3216
    endloop
  endfacet
  facet normal 0.0654196 0 -0.997858
    outer loop
      vertex -14.39 14.8 5.5
      vertex -14.1159 31.6 5.51797
      vertex -14.1159 14.8 5.51797
    endloop
  endfacet
  facet normal 0.0654196 0 -0.997858
    outer loop
      vertex -14.1159 31.6 5.51797
      vertex -14.39 14.8 5.5
      vertex -14.39 31.6 5.5
    endloop
  endfacet
  facet normal -0.997851 0 -0.0655259
    outer loop
      vertex -16.472 14.8 7.32589
      vertex -16.49 31.6 7.6
      vertex -16.472 31.6 7.32589
    endloop
  endfacet
  facet normal -0.997851 -0 -0.0655259
    outer loop
      vertex -16.49 31.6 7.6
      vertex -16.472 14.8 7.32589
      vertex -16.49 14.8 7.6
    endloop
  endfacet
  facet normal 0.751864 0 -0.659319
    outer loop
      vertex -12.724 14.8 6.3216
      vertex -12.9051 31.7 6.11508
      vertex -12.724 31.7 6.3216
    endloop
  endfacet
  facet normal 0.751864 0 -0.659319
    outer loop
      vertex -12.9051 31.7 6.11508
      vertex -12.724 14.8 6.3216
      vertex -12.9051 14.8 6.11508
    endloop
  endfacet
  facet normal -0.0654196 0 -0.997858
    outer loop
      vertex -14.6641 14.8 5.51797
      vertex -14.39 31.6 5.5
      vertex -14.39 14.8 5.5
    endloop
  endfacet
  facet normal -0.0654196 0 -0.997858
    outer loop
      vertex -14.39 31.6 5.5
      vertex -14.6641 14.8 5.51797
      vertex -14.6641 31.6 5.51797
    endloop
  endfacet
  facet normal -0.980779 0 0.195122
    outer loop
      vertex -16.472 14.8 7.8741
      vertex -16.4184 31.6 8.14352
      vertex -16.472 31.6 7.8741
    endloop
  endfacet
  facet normal -0.980779 0 0.195122
    outer loop
      vertex -16.4184 31.6 8.14352
      vertex -16.472 14.8 7.8741
      vertex -16.4184 14.8 8.14352
    endloop
  endfacet
  facet normal 0 1 0
    outer loop
      vertex -12.308 31.7 7.8741
      vertex -14 31.7 8
      vertex -12.333 31.7 8
    endloop
  endfacet
  facet normal 0 1 0
    outer loop
      vertex -12.29 31.7 7.6
      vertex -14 31.7 8
      vertex -12.308 31.7 7.8741
    endloop
  endfacet
  facet normal 0 1 -0
    outer loop
      vertex -12.308 31.7 7.32589
      vertex -14 31.7 8
      vertex -12.29 31.7 7.6
    endloop
  endfacet
  facet normal 0 1 -0
    outer loop
      vertex -12.3616 31.7 7.05648
      vertex -14 31.7 8
      vertex -12.308 31.7 7.32589
    endloop
  endfacet
  facet normal 0 1 -0
    outer loop
      vertex -12.4499 31.7 6.79636
      vertex -14 31.7 8
      vertex -12.3616 31.7 7.05648
    endloop
  endfacet
  facet normal 0 1 -0
    outer loop
      vertex -12.5713 31.7 6.55
      vertex -14 31.7 8
      vertex -12.4499 31.7 6.79636
    endloop
  endfacet
  facet normal 0 1 -0
    outer loop
      vertex -12.724 31.7 6.3216
      vertex -14 31.7 8
      vertex -12.5713 31.7 6.55
    endloop
  endfacet
  facet normal 0 1 -0
    outer loop
      vertex -12.9051 31.7 6.11508
      vertex -14 31.7 8
      vertex -12.724 31.7 6.3216
    endloop
  endfacet
  facet normal 0 1 -0
    outer loop
      vertex -13.1116 31.7 5.93396
      vertex -14 31.7 8
      vertex -12.9051 31.7 6.11508
    endloop
  endfacet
  facet normal 0 1 -0
    outer loop
      vertex -13.34 31.7 5.78135
      vertex -14 31.7 8
      vertex -13.1116 31.7 5.93396
    endloop
  endfacet
  facet normal 0 1 -0
    outer loop
      vertex -13.5864 31.7 5.65985
      vertex -14 31.7 8
      vertex -13.34 31.7 5.78135
    endloop
  endfacet
  facet normal 0 1 -0
    outer loop
      vertex -13.8465 31.7 5.57156
      vertex -14 31.7 8
      vertex -13.5864 31.7 5.65985
    endloop
  endfacet
  facet normal 0 1 0
    outer loop
      vertex -14 31.7 8
      vertex -13.8465 31.7 5.57156
      vertex -14 31.7 5.54102
    endloop
  endfacet
  facet normal -0.195101 0 -0.980783
    outer loop
      vertex -14.9335 14.8 5.57156
      vertex -14.6641 31.6 5.51797
      vertex -14.6641 14.8 5.51797
    endloop
  endfacet
  facet normal -0.195101 0 -0.980783
    outer loop
      vertex -14.6641 31.6 5.51797
      vertex -14.9335 14.8 5.57156
      vertex -14.9335 31.6 5.57156
    endloop
  endfacet
  facet normal 0.321433 0 0.946932
    outer loop
      vertex -13.8465 31.6 9.62844
      vertex -13.5864 14.8 9.54015
      vertex -13.5864 31.6 9.54015
    endloop
  endfacet
  facet normal 0.321433 0 0.946932
    outer loop
      vertex -13.5864 14.8 9.54015
      vertex -13.8465 31.6 9.62844
      vertex -13.8465 14.8 9.62844
    endloop
  endfacet
  facet normal -0.659396 0 0.751796
    outer loop
      vertex -15.8749 31.6 9.08492
      vertex -15.6684 14.8 9.26604
      vertex -15.6684 31.6 9.26604
    endloop
  endfacet
  facet normal -0.659396 0 0.751796
    outer loop
      vertex -15.6684 14.8 9.26604
      vertex -15.8749 31.6 9.08492
      vertex -15.8749 14.8 9.08492
    endloop
  endfacet
  facet normal 0.659396 0 0.751796
    outer loop
      vertex -13.1116 31.6 9.26604
      vertex -12.9051 14.8 9.08492
      vertex -12.9051 31.6 9.08492
    endloop
  endfacet
  facet normal 0.659396 0 0.751796
    outer loop
      vertex -12.9051 14.8 9.08492
      vertex -13.1116 31.6 9.26604
      vertex -13.1116 14.8 9.26604
    endloop
  endfacet
  facet normal 0.897005 -0 0.442021
    outer loop
      vertex -12.5713 14.8 8.65
      vertex -12.4499 31.6 8.40364
      vertex -12.5713 31.6 8.65
    endloop
  endfacet
  facet normal 0.897005 0 0.442021
    outer loop
      vertex -12.4499 31.6 8.40364
      vertex -12.5713 14.8 8.65
      vertex -12.4499 14.8 8.40364
    endloop
  endfacet
  facet normal 0.751864 -0 0.659319
    outer loop
      vertex -12.9051 14.8 9.08492
      vertex -12.724 31.6 8.8784
      vertex -12.9051 31.6 9.08492
    endloop
  endfacet
  facet normal 0.751864 0 0.659319
    outer loop
      vertex -12.724 31.6 8.8784
      vertex -12.9051 14.8 9.08492
      vertex -12.724 14.8 8.8784
    endloop
  endfacet
  facet normal 0.997851 0 -0.0655259
    outer loop
      vertex -12.29 14.8 7.6
      vertex -12.308 31.7 7.32589
      vertex -12.29 31.7 7.6
    endloop
  endfacet
  facet normal 0.997851 0 -0.0655259
    outer loop
      vertex -12.308 31.7 7.32589
      vertex -12.29 14.8 7.6
      vertex -12.308 14.8 7.32589
    endloop
  endfacet
  facet normal 0.321433 0 -0.946932
    outer loop
      vertex -13.8465 14.8 5.57156
      vertex -13.5864 31.7 5.65985
      vertex -13.5864 14.8 5.65985
    endloop
  endfacet
  facet normal 0.321433 0 -0.946932
    outer loop
      vertex -13.5864 31.7 5.65985
      vertex -13.8465 14.8 5.57156
      vertex -13.8465 31.7 5.57156
    endloop
  endfacet
  facet normal 0.831322 0 -0.555792
    outer loop
      vertex -12.5713 14.8 6.55
      vertex -12.724 31.7 6.3216
      vertex -12.5713 31.7 6.55
    endloop
  endfacet
  facet normal 0.831322 0 -0.555792
    outer loop
      vertex -12.724 31.7 6.3216
      vertex -12.5713 14.8 6.55
      vertex -12.724 14.8 6.3216
    endloop
  endfacet
  facet normal 0.195101 0 0.980783
    outer loop
      vertex -14.1159 31.6 9.68203
      vertex -13.8465 14.8 9.62844
      vertex -13.8465 31.6 9.62844
    endloop
  endfacet
  facet normal 0.195101 0 0.980783
    outer loop
      vertex -13.8465 14.8 9.62844
      vertex -14.1159 31.6 9.68203
      vertex -14.1159 14.8 9.68203
    endloop
  endfacet
  facet normal 0.980778 0 -0.195129
    outer loop
      vertex -12.308 14.8 7.32589
      vertex -12.3616 31.7 7.05648
      vertex -12.308 31.7 7.32589
    endloop
  endfacet
  facet normal 0.980778 0 -0.195129
    outer loop
      vertex -12.3616 31.7 7.05648
      vertex -12.308 14.8 7.32589
      vertex -12.3616 14.8 7.05648
    endloop
  endfacet
  facet normal -0.659396 0 -0.751796
    outer loop
      vertex -15.8749 14.8 6.11508
      vertex -15.6684 31.6 5.93396
      vertex -15.6684 14.8 5.93396
    endloop
  endfacet
  facet normal -0.659396 0 -0.751796
    outer loop
      vertex -15.6684 31.6 5.93396
      vertex -15.8749 14.8 6.11508
      vertex -15.8749 31.6 6.11508
    endloop
  endfacet
  facet normal -0.946929 0 0.321443
    outer loop
      vertex -16.4184 14.8 8.14352
      vertex -16.3301 31.6 8.40364
      vertex -16.4184 31.6 8.14352
    endloop
  endfacet
  facet normal -0.946929 0 0.321443
    outer loop
      vertex -16.3301 31.6 8.40364
      vertex -16.4184 14.8 8.14352
      vertex -16.3301 14.8 8.40364
    endloop
  endfacet
  facet normal -0.321433 0 0.946932
    outer loop
      vertex -15.1936 31.6 9.54015
      vertex -14.9335 14.8 9.62844
      vertex -14.9335 31.6 9.62844
    endloop
  endfacet
  facet normal -0.321433 0 0.946932
    outer loop
      vertex -14.9335 14.8 9.62844
      vertex -15.1936 31.6 9.54015
      vertex -15.1936 14.8 9.54015
    endloop
  endfacet
  facet normal -0.555565 0 0.831473
    outer loop
      vertex -15.6684 31.6 9.26604
      vertex -15.44 14.8 9.41865
      vertex -15.44 31.6 9.41865
    endloop
  endfacet
  facet normal -0.555565 0 0.831473
    outer loop
      vertex -15.44 14.8 9.41865
      vertex -15.6684 31.6 9.26604
      vertex -15.6684 14.8 9.26604
    endloop
  endfacet
  facet normal -0.321433 0 -0.946932
    outer loop
      vertex -15.1936 14.8 5.65985
      vertex -14.9335 31.6 5.57156
      vertex -14.9335 14.8 5.57156
    endloop
  endfacet
  facet normal -0.321433 0 -0.946932
    outer loop
      vertex -14.9335 31.6 5.57156
      vertex -15.1936 14.8 5.65985
      vertex -15.1936 31.6 5.65985
    endloop
  endfacet
  facet normal 0.897005 0 -0.442021
    outer loop
      vertex -12.4499 14.8 6.79636
      vertex -12.5713 31.7 6.55
      vertex -12.4499 31.7 6.79636
    endloop
  endfacet
  facet normal 0.897005 0 -0.442021
    outer loop
      vertex -12.5713 31.7 6.55
      vertex -12.4499 14.8 6.79636
      vertex -12.5713 14.8 6.55
    endloop
  endfacet
  facet normal 0.555565 0 -0.831473
    outer loop
      vertex -13.34 14.8 5.78135
      vertex -13.1116 31.7 5.93396
      vertex -13.1116 14.8 5.93396
    endloop
  endfacet
  facet normal 0.555565 0 -0.831473
    outer loop
      vertex -13.1116 31.7 5.93396
      vertex -13.34 14.8 5.78135
      vertex -13.34 31.7 5.78135
    endloop
  endfacet
  facet normal -0.751864 0 0.659319
    outer loop
      vertex -16.056 14.8 8.8784
      vertex -15.8749 31.6 9.08492
      vertex -16.056 31.6 8.8784
    endloop
  endfacet
  facet normal -0.751864 0 0.659319
    outer loop
      vertex -15.8749 31.6 9.08492
      vertex -16.056 14.8 8.8784
      vertex -15.8749 14.8 9.08492
    endloop
  endfacet
  facet normal 0.442256 0 -0.896889
    outer loop
      vertex -13.5864 14.8 5.65985
      vertex -13.34 31.7 5.78135
      vertex -13.34 14.8 5.78135
    endloop
  endfacet
  facet normal 0.442256 0 -0.896889
    outer loop
      vertex -13.34 31.7 5.78135
      vertex -13.5864 14.8 5.65985
      vertex -13.5864 31.7 5.65985
    endloop
  endfacet
  facet normal 0.195133 0 -0.980777
    outer loop
      vertex -13.8465 14.8 5.57156
      vertex -14 31.6 5.54102
      vertex -13.8465 31.7 5.57156
    endloop
  endfacet
  facet normal 0.195101 -3.05769e-07 -0.980783
    outer loop
      vertex -14.1159 14.8 5.51797
      vertex -14 31.6 5.54102
      vertex -13.8465 14.8 5.57156
    endloop
  endfacet
  facet normal 0.195058 0 -0.980792
    outer loop
      vertex -14 31.6 5.54102
      vertex -14.1159 14.8 5.51797
      vertex -14.1159 31.6 5.51797
    endloop
  endfacet
  facet normal 0.195133 0 -0.980777
    outer loop
      vertex -13.8465 31.7 5.57156
      vertex -14 31.6 5.54102
      vertex -14 31.7 5.54102
    endloop
  endfacet
  facet normal 0.946929 -0 0.321443
    outer loop
      vertex -12.4499 14.8 8.40364
      vertex -12.3616 31.6 8.14352
      vertex -12.4499 31.6 8.40364
    endloop
  endfacet
  facet normal 0.946929 0 0.321443
    outer loop
      vertex -12.3616 31.6 8.14352
      vertex -12.4499 14.8 8.40364
      vertex -12.3616 14.8 8.14352
    endloop
  endfacet
  facet normal -0.897005 0 -0.442021
    outer loop
      vertex -16.2087 14.8 6.55
      vertex -16.3301 31.6 6.79636
      vertex -16.2087 31.6 6.55
    endloop
  endfacet
  facet normal -0.897005 -0 -0.442021
    outer loop
      vertex -16.3301 31.6 6.79636
      vertex -16.2087 14.8 6.55
      vertex -16.3301 14.8 6.79636
    endloop
  endfacet
  facet normal 0.659396 0 -0.751796
    outer loop
      vertex -13.1116 14.8 5.93396
      vertex -12.9051 31.7 6.11508
      vertex -12.9051 14.8 6.11508
    endloop
  endfacet
  facet normal 0.659396 0 -0.751796
    outer loop
      vertex -12.9051 31.7 6.11508
      vertex -13.1116 14.8 5.93396
      vertex -13.1116 31.7 5.93396
    endloop
  endfacet
  facet normal -0.997851 0 0.0655283
    outer loop
      vertex -16.49 14.8 7.6
      vertex -16.472 31.6 7.8741
      vertex -16.49 31.6 7.6
    endloop
  endfacet
  facet normal -0.997851 0 0.0655283
    outer loop
      vertex -16.472 31.6 7.8741
      vertex -16.49 14.8 7.6
      vertex -16.472 14.8 7.8741
    endloop
  endfacet
  facet normal -0.442256 0 -0.896889
    outer loop
      vertex -15.44 14.8 5.78135
      vertex -15.1936 31.6 5.65985
      vertex -15.1936 14.8 5.65985
    endloop
  endfacet
  facet normal -0.442256 0 -0.896889
    outer loop
      vertex -15.1936 31.6 5.65985
      vertex -15.44 14.8 5.78135
      vertex -15.44 31.6 5.78135
    endloop
  endfacet
  facet normal -0.946929 0 -0.321443
    outer loop
      vertex -16.3301 14.8 6.79636
      vertex -16.4184 31.6 7.05648
      vertex -16.3301 31.6 6.79636
    endloop
  endfacet
  facet normal -0.946929 -0 -0.321443
    outer loop
      vertex -16.4184 31.6 7.05648
      vertex -16.3301 14.8 6.79636
      vertex -16.4184 14.8 7.05648
    endloop
  endfacet
  facet normal -0.831322 0 -0.555792
    outer loop
      vertex -16.056 14.8 6.3216
      vertex -16.2087 31.6 6.55
      vertex -16.056 31.6 6.3216
    endloop
  endfacet
  facet normal -0.831322 -0 -0.555792
    outer loop
      vertex -16.2087 31.6 6.55
      vertex -16.056 14.8 6.3216
      vertex -16.2087 14.8 6.55
    endloop
  endfacet
  facet normal -0.0654196 0 0.997858
    outer loop
      vertex -14.6641 31.6 9.68203
      vertex -14.39 14.8 9.7
      vertex -14.39 31.6 9.7
    endloop
  endfacet
  facet normal -0.0654196 0 0.997858
    outer loop
      vertex -14.39 14.8 9.7
      vertex -14.6641 31.6 9.68203
      vertex -14.6641 14.8 9.68203
    endloop
  endfacet
  facet normal 0.0654196 0 0.997858
    outer loop
      vertex -14.39 31.6 9.7
      vertex -14.1159 14.8 9.68203
      vertex -14.1159 31.6 9.68203
    endloop
  endfacet
  facet normal 0.0654196 0 0.997858
    outer loop
      vertex -14.1159 14.8 9.68203
      vertex -14.39 31.6 9.7
      vertex -14.39 14.8 9.7
    endloop
  endfacet
  facet normal 0 -1 0
    outer loop
      vertex -14.39 14.8 8.05
      vertex -14.39 14.8 9.7
      vertex -14.6641 14.8 9.68203
    endloop
  endfacet
  facet normal 0 -1 0
    outer loop
      vertex -14.4487 14.8 8.04615
      vertex -14.6641 14.8 9.68203
      vertex -14.9335 14.8 9.62844
    endloop
  endfacet
  facet normal 0 -1 0
    outer loop
      vertex -14.39 14.8 9.7
      vertex -14.39 14.8 8.05
      vertex -14.1159 14.8 9.68203
    endloop
  endfacet
  facet normal 0 -1 0
    outer loop
      vertex -14.5065 14.8 8.03467
      vertex -14.9335 14.8 9.62844
      vertex -15.1936 14.8 9.54015
    endloop
  endfacet
  facet normal 0 -1 0
    outer loop
      vertex -14.3313 14.8 8.04615
      vertex -14.1159 14.8 9.68203
      vertex -14.39 14.8 8.05
    endloop
  endfacet
  facet normal 0 -1 0
    outer loop
      vertex -14.5622 14.8 8.01575
      vertex -15.1936 14.8 9.54015
      vertex -15.44 14.8 9.41865
    endloop
  endfacet
  facet normal 0 -1 -0
    outer loop
      vertex -14.1159 14.8 9.68203
      vertex -14.3313 14.8 8.04615
      vertex -13.8465 14.8 9.62844
    endloop
  endfacet
  facet normal 0 -1 0
    outer loop
      vertex -14.615 14.8 7.98971
      vertex -15.44 14.8 9.41865
      vertex -15.6684 14.8 9.26604
    endloop
  endfacet
  facet normal 0 -1 0
    outer loop
      vertex -14.2735 14.8 8.03467
      vertex -13.8465 14.8 9.62844
      vertex -14.3313 14.8 8.04615
    endloop
  endfacet
  facet normal 0 -1 0
    outer loop
      vertex -14.6639 14.8 7.95701
      vertex -15.6684 14.8 9.26604
      vertex -15.8749 14.8 9.08492
    endloop
  endfacet
  facet normal 0 -1 -0
    outer loop
      vertex -13.8465 14.8 9.62844
      vertex -14.2735 14.8 8.03467
      vertex -13.5864 14.8 9.54015
    endloop
  endfacet
  facet normal 0 -1 0
    outer loop
      vertex -14.7082 14.8 7.9182
      vertex -15.8749 14.8 9.08492
      vertex -16.056 14.8 8.8784
    endloop
  endfacet
  facet normal 0 -1 0
    outer loop
      vertex -14.2178 14.8 8.01575
      vertex -13.5864 14.8 9.54015
      vertex -14.2735 14.8 8.03467
    endloop
  endfacet
  facet normal 0 -1 0
    outer loop
      vertex -14.747 14.8 7.87394
      vertex -16.056 14.8 8.8784
      vertex -16.2087 14.8 8.65
    endloop
  endfacet
  facet normal 0 -1 -0
    outer loop
      vertex -13.5864 14.8 9.54015
      vertex -14.2178 14.8 8.01575
      vertex -13.34 14.8 9.41865
    endloop
  endfacet
  facet normal 0 -1 0
    outer loop
      vertex -14.7797 14.8 7.825
      vertex -16.2087 14.8 8.65
      vertex -16.3301 14.8 8.40364
    endloop
  endfacet
  facet normal 0 -1 0
    outer loop
      vertex -14.165 14.8 7.98971
      vertex -13.34 14.8 9.41865
      vertex -14.2178 14.8 8.01575
    endloop
  endfacet
  facet normal 0 -1 0
    outer loop
      vertex -14.8057 14.8 7.77221
      vertex -16.3301 14.8 8.40364
      vertex -16.4184 14.8 8.14352
    endloop
  endfacet
  facet normal 0 -1 -0
    outer loop
      vertex -13.34 14.8 9.41865
      vertex -14.165 14.8 7.98971
      vertex -13.1116 14.8 9.26604
    endloop
  endfacet
  facet normal 0 -1 0
    outer loop
      vertex -14.1161 14.8 7.95701
      vertex -13.1116 14.8 9.26604
      vertex -14.165 14.8 7.98971
    endloop
  endfacet
  facet normal 0 -1 0
    outer loop
      vertex -14.6641 14.8 9.68203
      vertex -14.4487 14.8 8.04615
      vertex -14.39 14.8 8.05
    endloop
  endfacet
  facet normal 0 -1 0
    outer loop
      vertex -14.9335 14.8 9.62844
      vertex -14.5065 14.8 8.03467
      vertex -14.4487 14.8 8.04615
    endloop
  endfacet
  facet normal 0 -1 0
    outer loop
      vertex -15.1936 14.8 9.54015
      vertex -14.5622 14.8 8.01575
      vertex -14.5065 14.8 8.03467
    endloop
  endfacet
  facet normal 0 -1 0
    outer loop
      vertex -15.44 14.8 9.41865
      vertex -14.615 14.8 7.98971
      vertex -14.5622 14.8 8.01575
    endloop
  endfacet
  facet normal 0 -1 0
    outer loop
      vertex -15.6684 14.8 9.26604
      vertex -14.6639 14.8 7.95701
      vertex -14.615 14.8 7.98971
    endloop
  endfacet
  facet normal 0 -1 0
    outer loop
      vertex -15.8749 14.8 9.08492
      vertex -14.7082 14.8 7.9182
      vertex -14.6639 14.8 7.95701
    endloop
  endfacet
  facet normal 0 -1 0
    outer loop
      vertex -14.8247 14.8 7.71647
      vertex -16.4184 14.8 8.14352
      vertex -16.472 14.8 7.8741
    endloop
  endfacet
  facet normal 0 -1 0
    outer loop
      vertex -16.056 14.8 8.8784
      vertex -14.747 14.8 7.87394
      vertex -14.7082 14.8 7.9182
    endloop
  endfacet
  facet normal 0 -1 0
    outer loop
      vertex -16.2087 14.8 8.65
      vertex -14.7797 14.8 7.825
      vertex -14.747 14.8 7.87394
    endloop
  endfacet
  facet normal 0 -1 0
    outer loop
      vertex -16.3301 14.8 8.40364
      vertex -14.8057 14.8 7.77221
      vertex -14.7797 14.8 7.825
    endloop
  endfacet
  facet normal 0 -1 0
    outer loop
      vertex -16.4184 14.8 8.14352
      vertex -14.8247 14.8 7.71647
      vertex -14.8057 14.8 7.77221
    endloop
  endfacet
  facet normal 0 -1 0
    outer loop
      vertex -16.472 14.8 7.8741
      vertex -14.8362 14.8 7.65874
      vertex -14.8247 14.8 7.71647
    endloop
  endfacet
  facet normal 0 -1 0
    outer loop
      vertex -16.49 14.8 7.6
      vertex -14.8362 14.8 7.65874
      vertex -16.472 14.8 7.8741
    endloop
  endfacet
  facet normal 0 -1 0
    outer loop
      vertex -16.49 14.8 7.6
      vertex -14.84 14.8 7.6
      vertex -14.8362 14.8 7.65874
    endloop
  endfacet
  facet normal 0 -1 0
    outer loop
      vertex -16.49 14.8 7.6
      vertex -14.8362 14.8 7.54126
      vertex -14.84 14.8 7.6
    endloop
  endfacet
  facet normal 0 -1 0
    outer loop
      vertex -16.472 14.8 7.32589
      vertex -14.8362 14.8 7.54126
      vertex -16.49 14.8 7.6
    endloop
  endfacet
  facet normal 0 -1 -0
    outer loop
      vertex -14.8362 14.8 7.54126
      vertex -16.472 14.8 7.32589
      vertex -14.8247 14.8 7.48353
    endloop
  endfacet
  facet normal 0 -1 0
    outer loop
      vertex -16.4184 14.8 7.05648
      vertex -14.8247 14.8 7.48353
      vertex -16.472 14.8 7.32589
    endloop
  endfacet
  facet normal 0 -1 -0
    outer loop
      vertex -14.8247 14.8 7.48353
      vertex -16.4184 14.8 7.05648
      vertex -14.8057 14.8 7.42779
    endloop
  endfacet
  facet normal 0 -1 0
    outer loop
      vertex -16.3301 14.8 6.79636
      vertex -14.8057 14.8 7.42779
      vertex -16.4184 14.8 7.05648
    endloop
  endfacet
  facet normal 0 -1 -0
    outer loop
      vertex -14.8057 14.8 7.42779
      vertex -16.3301 14.8 6.79636
      vertex -14.7797 14.8 7.375
    endloop
  endfacet
  facet normal 0 -1 0
    outer loop
      vertex -16.2087 14.8 6.55
      vertex -14.7797 14.8 7.375
      vertex -16.3301 14.8 6.79636
    endloop
  endfacet
  facet normal 0 -1 -0
    outer loop
      vertex -14.7797 14.8 7.375
      vertex -16.2087 14.8 6.55
      vertex -14.747 14.8 7.32606
    endloop
  endfacet
  facet normal 0 -1 0
    outer loop
      vertex -16.056 14.8 6.3216
      vertex -14.747 14.8 7.32606
      vertex -16.2087 14.8 6.55
    endloop
  endfacet
  facet normal 0 -1 -0
    outer loop
      vertex -14.747 14.8 7.32606
      vertex -16.056 14.8 6.3216
      vertex -14.7082 14.8 7.2818
    endloop
  endfacet
  facet normal 0 -1 0
    outer loop
      vertex -15.8749 14.8 6.11508
      vertex -14.7082 14.8 7.2818
      vertex -16.056 14.8 6.3216
    endloop
  endfacet
  facet normal 0 -1 0
    outer loop
      vertex -15.6684 14.8 5.93396
      vertex -14.6639 14.8 7.24299
      vertex -15.8749 14.8 6.11508
    endloop
  endfacet
  facet normal 0 -1 -0
    outer loop
      vertex -14.7082 14.8 7.2818
      vertex -15.8749 14.8 6.11508
      vertex -14.6639 14.8 7.24299
    endloop
  endfacet
  facet normal 0 -1 -0
    outer loop
      vertex -13.1116 14.8 9.26604
      vertex -14.1161 14.8 7.95701
      vertex -12.9051 14.8 9.08492
    endloop
  endfacet
  facet normal 0 -1 0
    outer loop
      vertex -14.0718 14.8 7.9182
      vertex -12.9051 14.8 9.08492
      vertex -14.1161 14.8 7.95701
    endloop
  endfacet
  facet normal 0 -1 -0
    outer loop
      vertex -12.9051 14.8 9.08492
      vertex -14.0718 14.8 7.9182
      vertex -12.724 14.8 8.8784
    endloop
  endfacet
  facet normal 0 -1 0
    outer loop
      vertex -14.033 14.8 7.87394
      vertex -12.724 14.8 8.8784
      vertex -14.0718 14.8 7.9182
    endloop
  endfacet
  facet normal 0 -1 -0
    outer loop
      vertex -12.724 14.8 8.8784
      vertex -14.033 14.8 7.87394
      vertex -12.5713 14.8 8.65
    endloop
  endfacet
  facet normal 0 -1 0
    outer loop
      vertex -14.0003 14.8 7.825
      vertex -12.5713 14.8 8.65
      vertex -14.033 14.8 7.87394
    endloop
  endfacet
  facet normal 0 -1 -0
    outer loop
      vertex -12.5713 14.8 8.65
      vertex -14.0003 14.8 7.825
      vertex -12.4499 14.8 8.40364
    endloop
  endfacet
  facet normal 0 -1 0
    outer loop
      vertex -13.9743 14.8 7.77221
      vertex -12.4499 14.8 8.40364
      vertex -14.0003 14.8 7.825
    endloop
  endfacet
  facet normal 0 -1 -0
    outer loop
      vertex -12.4499 14.8 8.40364
      vertex -13.9743 14.8 7.77221
      vertex -12.3616 14.8 8.14352
    endloop
  endfacet
  facet normal 0 -1 0
    outer loop
      vertex -13.9553 14.8 7.71647
      vertex -12.3616 14.8 8.14352
      vertex -13.9743 14.8 7.77221
    endloop
  endfacet
  facet normal 0 -1 -0
    outer loop
      vertex -12.3616 14.8 8.14352
      vertex -13.9553 14.8 7.71647
      vertex -12.308 14.8 7.8741
    endloop
  endfacet
  facet normal 0 -1 0
    outer loop
      vertex -13.9438 14.8 7.65874
      vertex -12.308 14.8 7.8741
      vertex -13.9553 14.8 7.71647
    endloop
  endfacet
  facet normal 0 -1 0
    outer loop
      vertex -13.94 14.8 7.6
      vertex -12.308 14.8 7.8741
      vertex -13.9438 14.8 7.65874
    endloop
  endfacet
  facet normal 0 -1 0
    outer loop
      vertex -13.94 14.8 7.6
      vertex -12.29 14.8 7.6
      vertex -12.308 14.8 7.8741
    endloop
  endfacet
  facet normal 0 -1 0
    outer loop
      vertex -13.9438 14.8 7.54126
      vertex -12.29 14.8 7.6
      vertex -13.94 14.8 7.6
    endloop
  endfacet
  facet normal 0 -1 0
    outer loop
      vertex -12.308 14.8 7.32589
      vertex -13.9438 14.8 7.54126
      vertex -13.9553 14.8 7.48353
    endloop
  endfacet
  facet normal 0 -1 0
    outer loop
      vertex -12.3616 14.8 7.05648
      vertex -13.9553 14.8 7.48353
      vertex -13.9743 14.8 7.42779
    endloop
  endfacet
  facet normal 0 -1 0
    outer loop
      vertex -12.4499 14.8 6.79636
      vertex -13.9743 14.8 7.42779
      vertex -14.0003 14.8 7.375
    endloop
  endfacet
  facet normal 0 -1 0
    outer loop
      vertex -12.5713 14.8 6.55
      vertex -14.0003 14.8 7.375
      vertex -14.033 14.8 7.32606
    endloop
  endfacet
  facet normal 0 -1 0
    outer loop
      vertex -13.9438 14.8 7.54126
      vertex -12.308 14.8 7.32589
      vertex -12.29 14.8 7.6
    endloop
  endfacet
  facet normal 0 -1 0
    outer loop
      vertex -12.724 14.8 6.3216
      vertex -14.033 14.8 7.32606
      vertex -14.0718 14.8 7.2818
    endloop
  endfacet
  facet normal 0 -1 0
    outer loop
      vertex -12.9051 14.8 6.11508
      vertex -14.0718 14.8 7.2818
      vertex -14.1161 14.8 7.24299
    endloop
  endfacet
  facet normal 0 -1 0
    outer loop
      vertex -13.1116 14.8 5.93396
      vertex -14.1161 14.8 7.24299
      vertex -14.165 14.8 7.21029
    endloop
  endfacet
  facet normal 0 -1 0
    outer loop
      vertex -13.34 14.8 5.78135
      vertex -14.165 14.8 7.21029
      vertex -14.2178 14.8 7.18425
    endloop
  endfacet
  facet normal 0 -1 0
    outer loop
      vertex -13.5864 14.8 5.65985
      vertex -14.2178 14.8 7.18425
      vertex -14.2735 14.8 7.16533
    endloop
  endfacet
  facet normal 0 -1 0
    outer loop
      vertex -13.8465 14.8 5.57156
      vertex -14.2735 14.8 7.16533
      vertex -14.3313 14.8 7.15385
    endloop
  endfacet
  facet normal 0 -1 0
    outer loop
      vertex -13.9553 14.8 7.48353
      vertex -12.3616 14.8 7.05648
      vertex -12.308 14.8 7.32589
    endloop
  endfacet
  facet normal 0 -1 0
    outer loop
      vertex -14.1159 14.8 5.51797
      vertex -14.3313 14.8 7.15385
      vertex -14.39 14.8 7.15
    endloop
  endfacet
  facet normal 0 -1 -0
    outer loop
      vertex -14.6639 14.8 7.24299
      vertex -15.6684 14.8 5.93396
      vertex -14.615 14.8 7.21029
    endloop
  endfacet
  facet normal 0 -1 0
    outer loop
      vertex -15.44 14.8 5.78135
      vertex -14.615 14.8 7.21029
      vertex -15.6684 14.8 5.93396
    endloop
  endfacet
  facet normal 0 -1 0
    outer loop
      vertex -13.9743 14.8 7.42779
      vertex -12.4499 14.8 6.79636
      vertex -12.3616 14.8 7.05648
    endloop
  endfacet
  facet normal 0 -1 -0
    outer loop
      vertex -14.615 14.8 7.21029
      vertex -15.44 14.8 5.78135
      vertex -14.5622 14.8 7.18425
    endloop
  endfacet
  facet normal 0 -1 0
    outer loop
      vertex -14.0003 14.8 7.375
      vertex -12.5713 14.8 6.55
      vertex -12.4499 14.8 6.79636
    endloop
  endfacet
  facet normal 0 -1 0
    outer loop
      vertex -15.1936 14.8 5.65985
      vertex -14.5622 14.8 7.18425
      vertex -15.44 14.8 5.78135
    endloop
  endfacet
  facet normal 0 -1 0
    outer loop
      vertex -14.033 14.8 7.32606
      vertex -12.724 14.8 6.3216
      vertex -12.5713 14.8 6.55
    endloop
  endfacet
  facet normal 0 -1 -0
    outer loop
      vertex -14.5622 14.8 7.18425
      vertex -15.1936 14.8 5.65985
      vertex -14.5065 14.8 7.16533
    endloop
  endfacet
  facet normal 0 -1 0
    outer loop
      vertex -14.0718 14.8 7.2818
      vertex -12.9051 14.8 6.11508
      vertex -12.724 14.8 6.3216
    endloop
  endfacet
  facet normal 0 -1 0
    outer loop
      vertex -14.9335 14.8 5.57156
      vertex -14.5065 14.8 7.16533
      vertex -15.1936 14.8 5.65985
    endloop
  endfacet
  facet normal 0 -1 0
    outer loop
      vertex -14.1161 14.8 7.24299
      vertex -13.1116 14.8 5.93396
      vertex -12.9051 14.8 6.11508
    endloop
  endfacet
  facet normal 0 -1 -0
    outer loop
      vertex -14.5065 14.8 7.16533
      vertex -14.9335 14.8 5.57156
      vertex -14.4487 14.8 7.15385
    endloop
  endfacet
  facet normal 0 -1 0
    outer loop
      vertex -14.165 14.8 7.21029
      vertex -13.34 14.8 5.78135
      vertex -13.1116 14.8 5.93396
    endloop
  endfacet
  facet normal 0 -1 0
    outer loop
      vertex -14.6641 14.8 5.51797
      vertex -14.4487 14.8 7.15385
      vertex -14.9335 14.8 5.57156
    endloop
  endfacet
  facet normal 0 -1 0
    outer loop
      vertex -14.2178 14.8 7.18425
      vertex -13.5864 14.8 5.65985
      vertex -13.34 14.8 5.78135
    endloop
  endfacet
  facet normal 0 -1 -0
    outer loop
      vertex -14.4487 14.8 7.15385
      vertex -14.6641 14.8 5.51797
      vertex -14.39 14.8 7.15
    endloop
  endfacet
  facet normal 0 -1 0
    outer loop
      vertex -14.2735 14.8 7.16533
      vertex -13.8465 14.8 5.57156
      vertex -13.5864 14.8 5.65985
    endloop
  endfacet
  facet normal 0 -1 0
    outer loop
      vertex -14.39 14.8 5.5
      vertex -14.39 14.8 7.15
      vertex -14.6641 14.8 5.51797
    endloop
  endfacet
  facet normal 0 -1 0
    outer loop
      vertex -14.3313 14.8 7.15385
      vertex -14.1159 14.8 5.51797
      vertex -13.8465 14.8 5.57156
    endloop
  endfacet
  facet normal 0 -1 0
    outer loop
      vertex -14.39 14.8 7.15
      vertex -14.39 14.8 5.5
      vertex -14.1159 14.8 5.51797
    endloop
  endfacet
  facet normal 0.946929 0 -0.321443
    outer loop
      vertex -12.3616 14.8 7.05648
      vertex -12.4499 31.7 6.79636
      vertex -12.3616 31.7 7.05648
    endloop
  endfacet
  facet normal 0.946929 0 -0.321443
    outer loop
      vertex -12.4499 31.7 6.79636
      vertex -12.3616 14.8 7.05648
      vertex -12.4499 14.8 6.79636
    endloop
  endfacet
  facet normal -0.831322 0 0.555792
    outer loop
      vertex -16.2087 14.8 8.65
      vertex -16.056 31.6 8.8784
      vertex -16.2087 31.6 8.65
    endloop
  endfacet
  facet normal -0.831322 0 0.555792
    outer loop
      vertex -16.056 31.6 8.8784
      vertex -16.2087 14.8 8.65
      vertex -16.056 14.8 8.8784
    endloop
  endfacet
  facet normal -0.442256 0 0.896889
    outer loop
      vertex -15.44 31.6 9.41865
      vertex -15.1936 14.8 9.54015
      vertex -15.1936 31.6 9.54015
    endloop
  endfacet
  facet normal -0.442256 0 0.896889
    outer loop
      vertex -15.1936 14.8 9.54015
      vertex -15.44 31.6 9.41865
      vertex -15.44 14.8 9.41865
    endloop
  endfacet
  facet normal -0.194811 0 0.980841
    outer loop
      vertex -14.5065 14.8 8.03467
      vertex -14.4487 12.3 8.04615
      vertex -14.4487 14.8 8.04615
    endloop
  endfacet
  facet normal -0.194811 0 0.980841
    outer loop
      vertex -14.4487 12.3 8.04615
      vertex -14.5065 14.8 8.03467
      vertex -14.5065 12.3 8.03467
    endloop
  endfacet
  facet normal 0.980731 -0 0.195365
    outer loop
      vertex -13.9553 12.3 7.71647
      vertex -13.9438 14.8 7.65874
      vertex -13.9553 14.8 7.71647
    endloop
  endfacet
  facet normal 0.980731 0 0.195365
    outer loop
      vertex -13.9438 14.8 7.65874
      vertex -13.9553 12.3 7.71647
      vertex -13.9438 12.3 7.65874
    endloop
  endfacet
  facet normal 0.997914 -0 0.0645569
    outer loop
      vertex -13.9438 12.3 7.65874
      vertex -13.94 14.8 7.6
      vertex -13.9438 14.8 7.65874
    endloop
  endfacet
  facet normal 0.997914 0 0.0645569
    outer loop
      vertex -13.94 14.8 7.6
      vertex -13.9438 12.3 7.65874
      vertex -13.94 12.3 7.6
    endloop
  endfacet
  facet normal -0.997914 0 0.0645569
    outer loop
      vertex -14.84 12.3 7.6
      vertex -14.8362 14.8 7.65874
      vertex -14.84 14.8 7.6
    endloop
  endfacet
  facet normal -0.997914 0 0.0645569
    outer loop
      vertex -14.8362 14.8 7.65874
      vertex -14.84 12.3 7.6
      vertex -14.8362 12.3 7.65874
    endloop
  endfacet
  facet normal -0.946522 0 -0.322639
    outer loop
      vertex -14.8057 12.3 7.42779
      vertex -14.8247 14.8 7.48353
      vertex -14.8057 14.8 7.42779
    endloop
  endfacet
  facet normal -0.946522 -0 -0.322639
    outer loop
      vertex -14.8247 14.8 7.48353
      vertex -14.8057 12.3 7.42779
      vertex -14.8247 12.3 7.48353
    endloop
  endfacet
  facet normal 0.555877 0 0.831265
    outer loop
      vertex -14.165 14.8 7.98971
      vertex -14.1161 12.3 7.95701
      vertex -14.1161 14.8 7.95701
    endloop
  endfacet
  facet normal 0.555877 0 0.831265
    outer loop
      vertex -14.1161 12.3 7.95701
      vertex -14.165 14.8 7.98971
      vertex -14.165 12.3 7.98971
    endloop
  endfacet
  facet normal 0.194811 0 0.980841
    outer loop
      vertex -14.3313 14.8 8.04615
      vertex -14.2735 12.3 8.03467
      vertex -14.2735 14.8 8.03467
    endloop
  endfacet
  facet normal 0.194811 0 0.980841
    outer loop
      vertex -14.2735 12.3 8.03467
      vertex -14.3313 14.8 8.04615
      vertex -14.3313 12.3 8.04615
    endloop
  endfacet
  facet normal 0.658961 0 -0.752177
    outer loop
      vertex -14.1161 12.3 7.24299
      vertex -14.0718 14.8 7.2818
      vertex -14.0718 12.3 7.2818
    endloop
  endfacet
  facet normal 0.658961 0 -0.752177
    outer loop
      vertex -14.0718 14.8 7.2818
      vertex -14.1161 12.3 7.24299
      vertex -14.1161 14.8 7.24299
    endloop
  endfacet
  facet normal -0.555877 0 0.831265
    outer loop
      vertex -14.6639 14.8 7.95701
      vertex -14.615 12.3 7.98971
      vertex -14.615 14.8 7.98971
    endloop
  endfacet
  facet normal -0.555877 0 0.831265
    outer loop
      vertex -14.615 12.3 7.98971
      vertex -14.6639 14.8 7.95701
      vertex -14.6639 12.3 7.95701
    endloop
  endfacet
  facet normal -0.442315 0 0.89686
    outer loop
      vertex -14.615 14.8 7.98971
      vertex -14.5622 12.3 8.01575
      vertex -14.5622 14.8 8.01575
    endloop
  endfacet
  facet normal -0.442315 0 0.89686
    outer loop
      vertex -14.5622 12.3 8.01575
      vertex -14.615 14.8 7.98971
      vertex -14.615 12.3 7.98971
    endloop
  endfacet
  facet normal 0.658961 0 0.752177
    outer loop
      vertex -14.1161 14.8 7.95701
      vertex -14.0718 12.3 7.9182
      vertex -14.0718 14.8 7.9182
    endloop
  endfacet
  facet normal 0.658961 0 0.752177
    outer loop
      vertex -14.0718 12.3 7.9182
      vertex -14.1161 14.8 7.95701
      vertex -14.1161 12.3 7.95701
    endloop
  endfacet
  facet normal 0.321628 0 -0.946866
    outer loop
      vertex -14.2735 12.3 7.16533
      vertex -14.2178 14.8 7.18425
      vertex -14.2178 12.3 7.18425
    endloop
  endfacet
  facet normal 0.321628 0 -0.946866
    outer loop
      vertex -14.2178 14.8 7.18425
      vertex -14.2735 12.3 7.16533
      vertex -14.2735 14.8 7.16533
    endloop
  endfacet
  facet normal 0.751966 0 -0.659202
    outer loop
      vertex -14.033 12.3 7.32606
      vertex -14.0718 14.8 7.2818
      vertex -14.033 14.8 7.32606
    endloop
  endfacet
  facet normal 0.751966 0 -0.659202
    outer loop
      vertex -14.0718 14.8 7.2818
      vertex -14.033 12.3 7.32606
      vertex -14.0718 12.3 7.2818
    endloop
  endfacet
  facet normal 0.946522 0 -0.322639
    outer loop
      vertex -13.9553 12.3 7.48353
      vertex -13.9743 14.8 7.42779
      vertex -13.9553 14.8 7.48353
    endloop
  endfacet
  facet normal 0.946522 0 -0.322639
    outer loop
      vertex -13.9743 14.8 7.42779
      vertex -13.9553 12.3 7.48353
      vertex -13.9743 12.3 7.42779
    endloop
  endfacet
  facet normal 0.321628 0 0.946866
    outer loop
      vertex -14.2735 14.8 8.03467
      vertex -14.2178 12.3 8.01575
      vertex -14.2178 14.8 8.01575
    endloop
  endfacet
  facet normal 0.321628 0 0.946866
    outer loop
      vertex -14.2178 12.3 8.01575
      vertex -14.2735 14.8 8.03467
      vertex -14.2735 12.3 8.03467
    endloop
  endfacet
  facet normal -0.946522 0 0.322639
    outer loop
      vertex -14.8247 12.3 7.71647
      vertex -14.8057 14.8 7.77221
      vertex -14.8247 14.8 7.71647
    endloop
  endfacet
  facet normal -0.946522 0 0.322639
    outer loop
      vertex -14.8057 14.8 7.77221
      vertex -14.8247 12.3 7.71647
      vertex -14.8057 12.3 7.77221
    endloop
  endfacet
  facet normal -0.321628 0 -0.946866
    outer loop
      vertex -14.5622 12.3 7.18425
      vertex -14.5065 14.8 7.16533
      vertex -14.5065 12.3 7.16533
    endloop
  endfacet
  facet normal -0.321628 0 -0.946866
    outer loop
      vertex -14.5065 14.8 7.16533
      vertex -14.5622 12.3 7.18425
      vertex -14.5622 14.8 7.18425
    endloop
  endfacet
  facet normal -0.980731 0 0.195365
    outer loop
      vertex -14.8362 12.3 7.65874
      vertex -14.8247 14.8 7.71647
      vertex -14.8362 14.8 7.65874
    endloop
  endfacet
  facet normal -0.980731 0 0.195365
    outer loop
      vertex -14.8247 14.8 7.71647
      vertex -14.8362 12.3 7.65874
      vertex -14.8247 12.3 7.71647
    endloop
  endfacet
  facet normal -0.555877 0 -0.831265
    outer loop
      vertex -14.6639 12.3 7.24299
      vertex -14.615 14.8 7.21029
      vertex -14.615 12.3 7.21029
    endloop
  endfacet
  facet normal -0.555877 0 -0.831265
    outer loop
      vertex -14.615 14.8 7.21029
      vertex -14.6639 12.3 7.24299
      vertex -14.6639 14.8 7.24299
    endloop
  endfacet
  facet normal -0.751966 0 -0.659202
    outer loop
      vertex -14.7082 12.3 7.2818
      vertex -14.747 14.8 7.32606
      vertex -14.7082 14.8 7.2818
    endloop
  endfacet
  facet normal -0.751966 -0 -0.659202
    outer loop
      vertex -14.747 14.8 7.32606
      vertex -14.7082 12.3 7.2818
      vertex -14.747 12.3 7.32606
    endloop
  endfacet
  facet normal -0.321628 0 0.946866
    outer loop
      vertex -14.5622 14.8 8.01575
      vertex -14.5065 12.3 8.03467
      vertex -14.5065 14.8 8.03467
    endloop
  endfacet
  facet normal -0.321628 0 0.946866
    outer loop
      vertex -14.5065 12.3 8.03467
      vertex -14.5622 14.8 8.01575
      vertex -14.5622 12.3 8.01575
    endloop
  endfacet
  facet normal 0.897096 -0 0.441836
    outer loop
      vertex -14.0003 12.3 7.825
      vertex -13.9743 14.8 7.77221
      vertex -14.0003 14.8 7.825
    endloop
  endfacet
  facet normal 0.897096 0 0.441836
    outer loop
      vertex -13.9743 14.8 7.77221
      vertex -14.0003 12.3 7.825
      vertex -13.9743 12.3 7.77221
    endloop
  endfacet
  facet normal -0.980731 0 -0.195365
    outer loop
      vertex -14.8247 12.3 7.48353
      vertex -14.8362 14.8 7.54126
      vertex -14.8247 14.8 7.48353
    endloop
  endfacet
  facet normal -0.980731 -0 -0.195365
    outer loop
      vertex -14.8362 14.8 7.54126
      vertex -14.8247 12.3 7.48353
      vertex -14.8362 12.3 7.54126
    endloop
  endfacet
  facet normal 0.897096 0 -0.441836
    outer loop
      vertex -13.9743 12.3 7.42779
      vertex -14.0003 14.8 7.375
      vertex -13.9743 14.8 7.42779
    endloop
  endfacet
  facet normal 0.897096 0 -0.441836
    outer loop
      vertex -14.0003 14.8 7.375
      vertex -13.9743 12.3 7.42779
      vertex -14.0003 12.3 7.375
    endloop
  endfacet
  facet normal -0.751966 0 0.659202
    outer loop
      vertex -14.747 12.3 7.87394
      vertex -14.7082 14.8 7.9182
      vertex -14.747 14.8 7.87394
    endloop
  endfacet
  facet normal -0.751966 0 0.659202
    outer loop
      vertex -14.7082 14.8 7.9182
      vertex -14.747 12.3 7.87394
      vertex -14.7082 12.3 7.9182
    endloop
  endfacet
  facet normal 0.831475 -0 0.555562
    outer loop
      vertex -14.033 12.3 7.87394
      vertex -14.0003 14.8 7.825
      vertex -14.033 14.8 7.87394
    endloop
  endfacet
  facet normal 0.831475 0 0.555562
    outer loop
      vertex -14.0003 14.8 7.825
      vertex -14.033 12.3 7.87394
      vertex -14.0003 12.3 7.825
    endloop
  endfacet
  facet normal -0.831475 0 0.555562
    outer loop
      vertex -14.7797 12.3 7.825
      vertex -14.747 14.8 7.87394
      vertex -14.7797 14.8 7.825
    endloop
  endfacet
  facet normal -0.831475 0 0.555562
    outer loop
      vertex -14.747 14.8 7.87394
      vertex -14.7797 12.3 7.825
      vertex -14.747 12.3 7.87394
    endloop
  endfacet
  facet normal -0.997914 0 -0.0645569
    outer loop
      vertex -14.8362 12.3 7.54126
      vertex -14.84 14.8 7.6
      vertex -14.8362 14.8 7.54126
    endloop
  endfacet
  facet normal -0.997914 -0 -0.0645569
    outer loop
      vertex -14.84 14.8 7.6
      vertex -14.8362 12.3 7.54126
      vertex -14.84 12.3 7.6
    endloop
  endfacet
  facet normal 0.831475 0 -0.555562
    outer loop
      vertex -14.0003 12.3 7.375
      vertex -14.033 14.8 7.32606
      vertex -14.0003 14.8 7.375
    endloop
  endfacet
  facet normal 0.831475 0 -0.555562
    outer loop
      vertex -14.033 14.8 7.32606
      vertex -14.0003 12.3 7.375
      vertex -14.033 12.3 7.32606
    endloop
  endfacet
  facet normal 0.442315 0 -0.89686
    outer loop
      vertex -14.2178 12.3 7.18425
      vertex -14.165 14.8 7.21029
      vertex -14.165 12.3 7.21029
    endloop
  endfacet
  facet normal 0.442315 0 -0.89686
    outer loop
      vertex -14.165 14.8 7.21029
      vertex -14.2178 12.3 7.18425
      vertex -14.2178 14.8 7.18425
    endloop
  endfacet
  facet normal 0.980731 0 -0.195365
    outer loop
      vertex -13.9438 12.3 7.54126
      vertex -13.9553 14.8 7.48353
      vertex -13.9438 14.8 7.54126
    endloop
  endfacet
  facet normal 0.980731 0 -0.195365
    outer loop
      vertex -13.9553 14.8 7.48353
      vertex -13.9438 12.3 7.54126
      vertex -13.9553 12.3 7.48353
    endloop
  endfacet
  facet normal 0.555877 0 -0.831265
    outer loop
      vertex -14.165 12.3 7.21029
      vertex -14.1161 14.8 7.24299
      vertex -14.1161 12.3 7.24299
    endloop
  endfacet
  facet normal 0.555877 0 -0.831265
    outer loop
      vertex -14.1161 14.8 7.24299
      vertex -14.165 12.3 7.21029
      vertex -14.165 14.8 7.21029
    endloop
  endfacet
  facet normal -0.831475 0 -0.555562
    outer loop
      vertex -14.747 12.3 7.32606
      vertex -14.7797 14.8 7.375
      vertex -14.747 14.8 7.32606
    endloop
  endfacet
  facet normal -0.831475 -0 -0.555562
    outer loop
      vertex -14.7797 14.8 7.375
      vertex -14.747 12.3 7.32606
      vertex -14.7797 12.3 7.375
    endloop
  endfacet
  facet normal 0.0654471 0 -0.997856
    outer loop
      vertex -14.39 12.3 7.15
      vertex -14.3313 14.8 7.15385
      vertex -14.3313 12.3 7.15385
    endloop
  endfacet
  facet normal 0.0654471 0 -0.997856
    outer loop
      vertex -14.3313 14.8 7.15385
      vertex -14.39 12.3 7.15
      vertex -14.39 14.8 7.15
    endloop
  endfacet
  facet normal 0.997914 0 -0.0645569
    outer loop
      vertex -13.94 12.3 7.6
      vertex -13.9438 14.8 7.54126
      vertex -13.94 14.8 7.6
    endloop
  endfacet
  facet normal 0.997914 0 -0.0645569
    outer loop
      vertex -13.9438 14.8 7.54126
      vertex -13.94 12.3 7.6
      vertex -13.9438 12.3 7.54126
    endloop
  endfacet
  facet normal 0.194811 0 -0.980841
    outer loop
      vertex -14.3313 12.3 7.15385
      vertex -14.2735 14.8 7.16533
      vertex -14.2735 12.3 7.16533
    endloop
  endfacet
  facet normal 0.194811 0 -0.980841
    outer loop
      vertex -14.2735 14.8 7.16533
      vertex -14.3313 12.3 7.15385
      vertex -14.3313 14.8 7.15385
    endloop
  endfacet
  facet normal 0.946522 -0 0.322639
    outer loop
      vertex -13.9743 12.3 7.77221
      vertex -13.9553 14.8 7.71647
      vertex -13.9743 14.8 7.77221
    endloop
  endfacet
  facet normal 0.946522 0 0.322639
    outer loop
      vertex -13.9553 14.8 7.71647
      vertex -13.9743 12.3 7.77221
      vertex -13.9553 12.3 7.71647
    endloop
  endfacet
  facet normal 0.442315 0 0.89686
    outer loop
      vertex -14.2178 14.8 8.01575
      vertex -14.165 12.3 7.98971
      vertex -14.165 14.8 7.98971
    endloop
  endfacet
  facet normal 0.442315 0 0.89686
    outer loop
      vertex -14.165 12.3 7.98971
      vertex -14.2178 14.8 8.01575
      vertex -14.2178 12.3 8.01575
    endloop
  endfacet
  facet normal -0.0654471 0 0.997856
    outer loop
      vertex -14.4487 14.8 8.04615
      vertex -14.39 12.3 8.05
      vertex -14.39 14.8 8.05
    endloop
  endfacet
  facet normal -0.0654471 0 0.997856
    outer loop
      vertex -14.39 12.3 8.05
      vertex -14.4487 14.8 8.04615
      vertex -14.4487 12.3 8.04615
    endloop
  endfacet
  facet normal -0.897096 0 -0.441836
    outer loop
      vertex -14.7797 12.3 7.375
      vertex -14.8057 14.8 7.42779
      vertex -14.7797 14.8 7.375
    endloop
  endfacet
  facet normal -0.897096 -0 -0.441836
    outer loop
      vertex -14.8057 14.8 7.42779
      vertex -14.7797 12.3 7.375
      vertex -14.8057 12.3 7.42779
    endloop
  endfacet
  facet normal 0.751966 -0 0.659202
    outer loop
      vertex -14.0718 12.3 7.9182
      vertex -14.033 14.8 7.87394
      vertex -14.0718 14.8 7.9182
    endloop
  endfacet
  facet normal 0.751966 0 0.659202
    outer loop
      vertex -14.033 14.8 7.87394
      vertex -14.0718 12.3 7.9182
      vertex -14.033 12.3 7.87394
    endloop
  endfacet
  facet normal -0.897096 0 0.441836
    outer loop
      vertex -14.8057 12.3 7.77221
      vertex -14.7797 14.8 7.825
      vertex -14.8057 14.8 7.77221
    endloop
  endfacet
  facet normal -0.897096 0 0.441836
    outer loop
      vertex -14.7797 14.8 7.825
      vertex -14.8057 12.3 7.77221
      vertex -14.7797 12.3 7.825
    endloop
  endfacet
  facet normal 0 -1 0
    outer loop
      vertex -14.4487 12.3 8.04615
      vertex -14.3313 12.3 8.04615
      vertex -14.39 12.3 8.05
    endloop
  endfacet
  facet normal 0 -1 0
    outer loop
      vertex -14.5065 12.3 8.03467
      vertex -14.3313 12.3 8.04615
      vertex -14.4487 12.3 8.04615
    endloop
  endfacet
  facet normal 0 -1 0
    outer loop
      vertex -14.5065 12.3 8.03467
      vertex -14.2735 12.3 8.03467
      vertex -14.3313 12.3 8.04615
    endloop
  endfacet
  facet normal 0 -1 0
    outer loop
      vertex -14.5622 12.3 8.01575
      vertex -14.2735 12.3 8.03467
      vertex -14.5065 12.3 8.03467
    endloop
  endfacet
  facet normal 0 -1 0
    outer loop
      vertex -14.5622 12.3 8.01575
      vertex -14.2178 12.3 8.01575
      vertex -14.2735 12.3 8.03467
    endloop
  endfacet
  facet normal 0 -1 0
    outer loop
      vertex -14.615 12.3 7.98971
      vertex -14.2178 12.3 8.01575
      vertex -14.5622 12.3 8.01575
    endloop
  endfacet
  facet normal 0 -1 0
    outer loop
      vertex -14.615 12.3 7.98971
      vertex -14.165 12.3 7.98971
      vertex -14.2178 12.3 8.01575
    endloop
  endfacet
  facet normal 0 -1 0
    outer loop
      vertex -14.6639 12.3 7.95701
      vertex -14.165 12.3 7.98971
      vertex -14.615 12.3 7.98971
    endloop
  endfacet
  facet normal 0 -1 0
    outer loop
      vertex -14.6639 12.3 7.95701
      vertex -14.1161 12.3 7.95701
      vertex -14.165 12.3 7.98971
    endloop
  endfacet
  facet normal 0 -1 0
    outer loop
      vertex -14.7082 12.3 7.9182
      vertex -14.1161 12.3 7.95701
      vertex -14.6639 12.3 7.95701
    endloop
  endfacet
  facet normal 0 -1 0
    outer loop
      vertex -14.7082 12.3 7.9182
      vertex -14.0718 12.3 7.9182
      vertex -14.1161 12.3 7.95701
    endloop
  endfacet
  facet normal 0 -1 0
    outer loop
      vertex -14.747 12.3 7.87394
      vertex -14.0718 12.3 7.9182
      vertex -14.7082 12.3 7.9182
    endloop
  endfacet
  facet normal 0 -1 0
    outer loop
      vertex -14.747 12.3 7.87394
      vertex -14.033 12.3 7.87394
      vertex -14.0718 12.3 7.9182
    endloop
  endfacet
  facet normal 0 -1 0
    outer loop
      vertex -14.7797 12.3 7.825
      vertex -14.033 12.3 7.87394
      vertex -14.747 12.3 7.87394
    endloop
  endfacet
  facet normal 0 -1 0
    outer loop
      vertex -14.7797 12.3 7.825
      vertex -14.0003 12.3 7.825
      vertex -14.033 12.3 7.87394
    endloop
  endfacet
  facet normal 0 -1 0
    outer loop
      vertex -14.8057 12.3 7.77221
      vertex -14.0003 12.3 7.825
      vertex -14.7797 12.3 7.825
    endloop
  endfacet
  facet normal 0 -1 0
    outer loop
      vertex -14.8057 12.3 7.77221
      vertex -13.9743 12.3 7.77221
      vertex -14.0003 12.3 7.825
    endloop
  endfacet
  facet normal 0 -1 0
    outer loop
      vertex -14.8247 12.3 7.71647
      vertex -13.9743 12.3 7.77221
      vertex -14.8057 12.3 7.77221
    endloop
  endfacet
  facet normal 0 -1 0
    outer loop
      vertex -14.8247 12.3 7.71647
      vertex -13.9553 12.3 7.71647
      vertex -13.9743 12.3 7.77221
    endloop
  endfacet
  facet normal 0 -1 0
    outer loop
      vertex -14.8362 12.3 7.65874
      vertex -13.9553 12.3 7.71647
      vertex -14.8247 12.3 7.71647
    endloop
  endfacet
  facet normal 0 -1 0
    outer loop
      vertex -14.8362 12.3 7.65874
      vertex -13.9438 12.3 7.65874
      vertex -13.9553 12.3 7.71647
    endloop
  endfacet
  facet normal 0 -1 0
    outer loop
      vertex -14.84 12.3 7.6
      vertex -13.9438 12.3 7.65874
      vertex -14.8362 12.3 7.65874
    endloop
  endfacet
  facet normal 0 -1 0
    outer loop
      vertex -14.84 12.3 7.6
      vertex -13.94 12.3 7.6
      vertex -13.9438 12.3 7.65874
    endloop
  endfacet
  facet normal 0 -1 0
    outer loop
      vertex -14.8362 12.3 7.54126
      vertex -13.94 12.3 7.6
      vertex -14.84 12.3 7.6
    endloop
  endfacet
  facet normal 0 -1 0
    outer loop
      vertex -14.8362 12.3 7.54126
      vertex -13.9438 12.3 7.54126
      vertex -13.94 12.3 7.6
    endloop
  endfacet
  facet normal 0 -1 0
    outer loop
      vertex -14.8247 12.3 7.48353
      vertex -13.9438 12.3 7.54126
      vertex -14.8362 12.3 7.54126
    endloop
  endfacet
  facet normal 0 -1 0
    outer loop
      vertex -14.8247 12.3 7.48353
      vertex -13.9553 12.3 7.48353
      vertex -13.9438 12.3 7.54126
    endloop
  endfacet
  facet normal 0 -1 0
    outer loop
      vertex -14.8057 12.3 7.42779
      vertex -13.9553 12.3 7.48353
      vertex -14.8247 12.3 7.48353
    endloop
  endfacet
  facet normal 0 -1 0
    outer loop
      vertex -14.8057 12.3 7.42779
      vertex -13.9743 12.3 7.42779
      vertex -13.9553 12.3 7.48353
    endloop
  endfacet
  facet normal 0 -1 0
    outer loop
      vertex -14.7797 12.3 7.375
      vertex -13.9743 12.3 7.42779
      vertex -14.8057 12.3 7.42779
    endloop
  endfacet
  facet normal 0 -1 0
    outer loop
      vertex -14.7797 12.3 7.375
      vertex -14.0003 12.3 7.375
      vertex -13.9743 12.3 7.42779
    endloop
  endfacet
  facet normal 0 -1 0
    outer loop
      vertex -14.747 12.3 7.32606
      vertex -14.0003 12.3 7.375
      vertex -14.7797 12.3 7.375
    endloop
  endfacet
  facet normal 0 -1 0
    outer loop
      vertex -14.747 12.3 7.32606
      vertex -14.033 12.3 7.32606
      vertex -14.0003 12.3 7.375
    endloop
  endfacet
  facet normal 0 -1 0
    outer loop
      vertex -14.7082 12.3 7.2818
      vertex -14.033 12.3 7.32606
      vertex -14.747 12.3 7.32606
    endloop
  endfacet
  facet normal 0 -1 0
    outer loop
      vertex -14.7082 12.3 7.2818
      vertex -14.0718 12.3 7.2818
      vertex -14.033 12.3 7.32606
    endloop
  endfacet
  facet normal 0 -1 0
    outer loop
      vertex -14.6639 12.3 7.24299
      vertex -14.0718 12.3 7.2818
      vertex -14.7082 12.3 7.2818
    endloop
  endfacet
  facet normal 0 -1 0
    outer loop
      vertex -14.6639 12.3 7.24299
      vertex -14.1161 12.3 7.24299
      vertex -14.0718 12.3 7.2818
    endloop
  endfacet
  facet normal 0 -1 0
    outer loop
      vertex -14.615 12.3 7.21029
      vertex -14.1161 12.3 7.24299
      vertex -14.6639 12.3 7.24299
    endloop
  endfacet
  facet normal 0 -1 0
    outer loop
      vertex -14.615 12.3 7.21029
      vertex -14.165 12.3 7.21029
      vertex -14.1161 12.3 7.24299
    endloop
  endfacet
  facet normal 0 -1 0
    outer loop
      vertex -14.5622 12.3 7.18425
      vertex -14.165 12.3 7.21029
      vertex -14.615 12.3 7.21029
    endloop
  endfacet
  facet normal 0 -1 0
    outer loop
      vertex -14.5622 12.3 7.18425
      vertex -14.2178 12.3 7.18425
      vertex -14.165 12.3 7.21029
    endloop
  endfacet
  facet normal 0 -1 0
    outer loop
      vertex -14.5065 12.3 7.16533
      vertex -14.2178 12.3 7.18425
      vertex -14.5622 12.3 7.18425
    endloop
  endfacet
  facet normal 0 -1 0
    outer loop
      vertex -14.5065 12.3 7.16533
      vertex -14.2735 12.3 7.16533
      vertex -14.2178 12.3 7.18425
    endloop
  endfacet
  facet normal 0 -1 0
    outer loop
      vertex -14.4487 12.3 7.15385
      vertex -14.2735 12.3 7.16533
      vertex -14.5065 12.3 7.16533
    endloop
  endfacet
  facet normal 0 -1 0
    outer loop
      vertex -14.4487 12.3 7.15385
      vertex -14.3313 12.3 7.15385
      vertex -14.2735 12.3 7.16533
    endloop
  endfacet
  facet normal -0 -1 0
    outer loop
      vertex -14.3313 12.3 7.15385
      vertex -14.4487 12.3 7.15385
      vertex -14.39 12.3 7.15
    endloop
  endfacet
  facet normal -0.658961 0 0.752177
    outer loop
      vertex -14.7082 14.8 7.9182
      vertex -14.6639 12.3 7.95701
      vertex -14.6639 14.8 7.95701
    endloop
  endfacet
  facet normal -0.658961 0 0.752177
    outer loop
      vertex -14.6639 12.3 7.95701
      vertex -14.7082 14.8 7.9182
      vertex -14.7082 12.3 7.9182
    endloop
  endfacet
  facet normal -0.194811 0 -0.980841
    outer loop
      vertex -14.5065 12.3 7.16533
      vertex -14.4487 14.8 7.15385
      vertex -14.4487 12.3 7.15385
    endloop
  endfacet
  facet normal -0.194811 0 -0.980841
    outer loop
      vertex -14.4487 14.8 7.15385
      vertex -14.5065 12.3 7.16533
      vertex -14.5065 14.8 7.16533
    endloop
  endfacet
  facet normal -0.0654471 0 -0.997856
    outer loop
      vertex -14.4487 12.3 7.15385
      vertex -14.39 14.8 7.15
      vertex -14.39 12.3 7.15
    endloop
  endfacet
  facet normal -0.0654471 0 -0.997856
    outer loop
      vertex -14.39 14.8 7.15
      vertex -14.4487 12.3 7.15385
      vertex -14.4487 14.8 7.15385
    endloop
  endfacet
  facet normal -0.658961 0 -0.752177
    outer loop
      vertex -14.7082 12.3 7.2818
      vertex -14.6639 14.8 7.24299
      vertex -14.6639 12.3 7.24299
    endloop
  endfacet
  facet normal -0.658961 0 -0.752177
    outer loop
      vertex -14.6639 14.8 7.24299
      vertex -14.7082 12.3 7.2818
      vertex -14.7082 14.8 7.2818
    endloop
  endfacet
  facet normal -0.442315 0 -0.89686
    outer loop
      vertex -14.615 12.3 7.21029
      vertex -14.5622 14.8 7.18425
      vertex -14.5622 12.3 7.18425
    endloop
  endfacet
  facet normal -0.442315 0 -0.89686
    outer loop
      vertex -14.5622 14.8 7.18425
      vertex -14.615 12.3 7.21029
      vertex -14.615 14.8 7.21029
    endloop
  endfacet
  facet normal 0.0654471 0 0.997856
    outer loop
      vertex -14.39 14.8 8.05
      vertex -14.3313 12.3 8.04615
      vertex -14.3313 14.8 8.04615
    endloop
  endfacet
  facet normal 0.0654471 0 0.997856
    outer loop
      vertex -14.3313 12.3 8.04615
      vertex -14.39 14.8 8.05
      vertex -14.39 12.3 8.05
    endloop
  endfacet
  facet normal 0.0654196 0 -0.997858
    outer loop
      vertex 9.71 14.8 8.6
      vertex 9.9841 31.6 8.61797
      vertex 9.9841 14.8 8.61797
    endloop
  endfacet
  facet normal 0.0654196 0 -0.997858
    outer loop
      vertex 9.9841 31.6 8.61797
      vertex 9.71 14.8 8.6
      vertex 9.71 31.6 8.6
    endloop
  endfacet
  facet normal 0 -1 0
    outer loop
      vertex 9.71 14.8 11.15
      vertex 9.71 14.8 12.8
      vertex 9.43589 14.8 12.782
    endloop
  endfacet
  facet normal 0 -1 0
    outer loop
      vertex 9.65126 14.8 11.1461
      vertex 9.43589 14.8 12.782
      vertex 9.16648 14.8 12.7284
    endloop
  endfacet
  facet normal 0 -1 0
    outer loop
      vertex 9.71 14.8 12.8
      vertex 9.71 14.8 11.15
      vertex 9.9841 14.8 12.782
    endloop
  endfacet
  facet normal 0 -1 0
    outer loop
      vertex 9.59353 14.8 11.1347
      vertex 9.16648 14.8 12.7284
      vertex 8.90636 14.8 12.6401
    endloop
  endfacet
  facet normal 0 -1 0
    outer loop
      vertex 9.76874 14.8 11.1461
      vertex 9.9841 14.8 12.782
      vertex 9.71 14.8 11.15
    endloop
  endfacet
  facet normal 0 -1 0
    outer loop
      vertex 9.53779 14.8 11.1157
      vertex 8.90636 14.8 12.6401
      vertex 8.66 14.8 12.5187
    endloop
  endfacet
  facet normal 0 -1 -0
    outer loop
      vertex 9.9841 14.8 12.782
      vertex 9.76874 14.8 11.1461
      vertex 10.2535 14.8 12.7284
    endloop
  endfacet
  facet normal 0 -1 0
    outer loop
      vertex 9.485 14.8 11.0897
      vertex 8.66 14.8 12.5187
      vertex 8.4316 14.8 12.366
    endloop
  endfacet
  facet normal 0 -1 0
    outer loop
      vertex 9.82647 14.8 11.1347
      vertex 10.2535 14.8 12.7284
      vertex 9.76874 14.8 11.1461
    endloop
  endfacet
  facet normal 0 -1 0
    outer loop
      vertex 9.43606 14.8 11.057
      vertex 8.4316 14.8 12.366
      vertex 8.22508 14.8 12.1849
    endloop
  endfacet
  facet normal 0 -1 -0
    outer loop
      vertex 10.2535 14.8 12.7284
      vertex 9.82647 14.8 11.1347
      vertex 10.5136 14.8 12.6401
    endloop
  endfacet
  facet normal 0 -1 0
    outer loop
      vertex 9.3918 14.8 11.0182
      vertex 8.22508 14.8 12.1849
      vertex 8.04396 14.8 11.9784
    endloop
  endfacet
  facet normal 0 -1 0
    outer loop
      vertex 9.88221 14.8 11.1157
      vertex 10.5136 14.8 12.6401
      vertex 9.82647 14.8 11.1347
    endloop
  endfacet
  facet normal 0 -1 0
    outer loop
      vertex 9.35299 14.8 10.9739
      vertex 8.04396 14.8 11.9784
      vertex 7.89135 14.8 11.75
    endloop
  endfacet
  facet normal 0 -1 -0
    outer loop
      vertex 10.5136 14.8 12.6401
      vertex 9.88221 14.8 11.1157
      vertex 10.76 14.8 12.5187
    endloop
  endfacet
  facet normal 0 -1 0
    outer loop
      vertex 9.32029 14.8 10.925
      vertex 7.89135 14.8 11.75
      vertex 7.76985 14.8 11.5036
    endloop
  endfacet
  facet normal 0 -1 0
    outer loop
      vertex 9.935 14.8 11.0897
      vertex 10.76 14.8 12.5187
      vertex 9.88221 14.8 11.1157
    endloop
  endfacet
  facet normal 0 -1 0
    outer loop
      vertex 9.29425 14.8 10.8722
      vertex 7.76985 14.8 11.5036
      vertex 7.68156 14.8 11.2435
    endloop
  endfacet
  facet normal 0 -1 -0
    outer loop
      vertex 10.76 14.8 12.5187
      vertex 9.935 14.8 11.0897
      vertex 10.9884 14.8 12.366
    endloop
  endfacet
  facet normal 0 -1 0
    outer loop
      vertex 9.98394 14.8 11.057
      vertex 10.9884 14.8 12.366
      vertex 9.935 14.8 11.0897
    endloop
  endfacet
  facet normal 0 -1 0
    outer loop
      vertex 9.43589 14.8 12.782
      vertex 9.65126 14.8 11.1461
      vertex 9.71 14.8 11.15
    endloop
  endfacet
  facet normal 0 -1 0
    outer loop
      vertex 9.16648 14.8 12.7284
      vertex 9.59353 14.8 11.1347
      vertex 9.65126 14.8 11.1461
    endloop
  endfacet
  facet normal 0 -1 0
    outer loop
      vertex 8.90636 14.8 12.6401
      vertex 9.53779 14.8 11.1157
      vertex 9.59353 14.8 11.1347
    endloop
  endfacet
  facet normal 0 -1 0
    outer loop
      vertex 8.66 14.8 12.5187
      vertex 9.485 14.8 11.0897
      vertex 9.53779 14.8 11.1157
    endloop
  endfacet
  facet normal 0 -1 0
    outer loop
      vertex 8.4316 14.8 12.366
      vertex 9.43606 14.8 11.057
      vertex 9.485 14.8 11.0897
    endloop
  endfacet
  facet normal 0 -1 0
    outer loop
      vertex 8.22508 14.8 12.1849
      vertex 9.3918 14.8 11.0182
      vertex 9.43606 14.8 11.057
    endloop
  endfacet
  facet normal 0 -1 0
    outer loop
      vertex 9.27533 14.8 10.8165
      vertex 7.68156 14.8 11.2435
      vertex 7.62796 14.8 10.9741
    endloop
  endfacet
  facet normal 0 -1 0
    outer loop
      vertex 8.04396 14.8 11.9784
      vertex 9.35299 14.8 10.9739
      vertex 9.3918 14.8 11.0182
    endloop
  endfacet
  facet normal 0 -1 0
    outer loop
      vertex 7.89135 14.8 11.75
      vertex 9.32029 14.8 10.925
      vertex 9.35299 14.8 10.9739
    endloop
  endfacet
  facet normal 0 -1 0
    outer loop
      vertex 7.76985 14.8 11.5036
      vertex 9.29425 14.8 10.8722
      vertex 9.32029 14.8 10.925
    endloop
  endfacet
  facet normal 0 -1 0
    outer loop
      vertex 7.68156 14.8 11.2435
      vertex 9.27533 14.8 10.8165
      vertex 9.29425 14.8 10.8722
    endloop
  endfacet
  facet normal 0 -1 0
    outer loop
      vertex 7.62796 14.8 10.9741
      vertex 9.26385 14.8 10.7587
      vertex 9.27533 14.8 10.8165
    endloop
  endfacet
  facet normal 0 -1 0
    outer loop
      vertex 7.61 14.8 10.7
      vertex 9.26385 14.8 10.7587
      vertex 7.62796 14.8 10.9741
    endloop
  endfacet
  facet normal 0 -1 0
    outer loop
      vertex 7.61 14.8 10.7
      vertex 9.26 14.8 10.7
      vertex 9.26385 14.8 10.7587
    endloop
  endfacet
  facet normal 0 -1 0
    outer loop
      vertex 7.61 14.8 10.7
      vertex 9.26385 14.8 10.6413
      vertex 9.26 14.8 10.7
    endloop
  endfacet
  facet normal 0 -1 0
    outer loop
      vertex 7.62796 14.8 10.4259
      vertex 9.26385 14.8 10.6413
      vertex 7.61 14.8 10.7
    endloop
  endfacet
  facet normal 0 -1 -0
    outer loop
      vertex 9.26385 14.8 10.6413
      vertex 7.62796 14.8 10.4259
      vertex 9.27533 14.8 10.5835
    endloop
  endfacet
  facet normal 0 -1 0
    outer loop
      vertex 7.68156 14.8 10.1565
      vertex 9.27533 14.8 10.5835
      vertex 7.62796 14.8 10.4259
    endloop
  endfacet
  facet normal 0 -1 -0
    outer loop
      vertex 9.27533 14.8 10.5835
      vertex 7.68156 14.8 10.1565
      vertex 9.29425 14.8 10.5278
    endloop
  endfacet
  facet normal 0 -1 0
    outer loop
      vertex 7.76985 14.8 9.89636
      vertex 9.29425 14.8 10.5278
      vertex 7.68156 14.8 10.1565
    endloop
  endfacet
  facet normal 0 -1 -0
    outer loop
      vertex 9.29425 14.8 10.5278
      vertex 7.76985 14.8 9.89636
      vertex 9.32029 14.8 10.475
    endloop
  endfacet
  facet normal 0 -1 0
    outer loop
      vertex 7.89135 14.8 9.65
      vertex 9.32029 14.8 10.475
      vertex 7.76985 14.8 9.89636
    endloop
  endfacet
  facet normal 0 -1 -0
    outer loop
      vertex 9.32029 14.8 10.475
      vertex 7.89135 14.8 9.65
      vertex 9.35299 14.8 10.4261
    endloop
  endfacet
  facet normal 0 -1 0
    outer loop
      vertex 8.04396 14.8 9.4216
      vertex 9.35299 14.8 10.4261
      vertex 7.89135 14.8 9.65
    endloop
  endfacet
  facet normal 0 -1 -0
    outer loop
      vertex 9.35299 14.8 10.4261
      vertex 8.04396 14.8 9.4216
      vertex 9.3918 14.8 10.3818
    endloop
  endfacet
  facet normal 0 -1 0
    outer loop
      vertex 8.22508 14.8 9.21508
      vertex 9.3918 14.8 10.3818
      vertex 8.04396 14.8 9.4216
    endloop
  endfacet
  facet normal 0 -1 0
    outer loop
      vertex 8.4316 14.8 9.03396
      vertex 9.43606 14.8 10.343
      vertex 8.22508 14.8 9.21508
    endloop
  endfacet
  facet normal 0 -1 -0
    outer loop
      vertex 9.3918 14.8 10.3818
      vertex 8.22508 14.8 9.21508
      vertex 9.43606 14.8 10.343
    endloop
  endfacet
  facet normal 0 -1 -0
    outer loop
      vertex 10.9884 14.8 12.366
      vertex 9.98394 14.8 11.057
      vertex 11.1949 14.8 12.1849
    endloop
  endfacet
  facet normal 0 -1 0
    outer loop
      vertex 10.0282 14.8 11.0182
      vertex 11.1949 14.8 12.1849
      vertex 9.98394 14.8 11.057
    endloop
  endfacet
  facet normal 0 -1 -0
    outer loop
      vertex 11.1949 14.8 12.1849
      vertex 10.0282 14.8 11.0182
      vertex 11.376 14.8 11.9784
    endloop
  endfacet
  facet normal 0 -1 0
    outer loop
      vertex 10.067 14.8 10.9739
      vertex 11.376 14.8 11.9784
      vertex 10.0282 14.8 11.0182
    endloop
  endfacet
  facet normal 0 -1 -0
    outer loop
      vertex 11.376 14.8 11.9784
      vertex 10.067 14.8 10.9739
      vertex 11.5287 14.8 11.75
    endloop
  endfacet
  facet normal 0 -1 0
    outer loop
      vertex 10.0997 14.8 10.925
      vertex 11.5287 14.8 11.75
      vertex 10.067 14.8 10.9739
    endloop
  endfacet
  facet normal 0 -1 -0
    outer loop
      vertex 11.5287 14.8 11.75
      vertex 10.0997 14.8 10.925
      vertex 11.6501 14.8 11.5036
    endloop
  endfacet
  facet normal 0 -1 0
    outer loop
      vertex 10.1257 14.8 10.8722
      vertex 11.6501 14.8 11.5036
      vertex 10.0997 14.8 10.925
    endloop
  endfacet
  facet normal 0 -1 -0
    outer loop
      vertex 11.6501 14.8 11.5036
      vertex 10.1257 14.8 10.8722
      vertex 11.7384 14.8 11.2435
    endloop
  endfacet
  facet normal 0 -1 0
    outer loop
      vertex 10.1447 14.8 10.8165
      vertex 11.7384 14.8 11.2435
      vertex 10.1257 14.8 10.8722
    endloop
  endfacet
  facet normal 0 -1 -0
    outer loop
      vertex 11.7384 14.8 11.2435
      vertex 10.1447 14.8 10.8165
      vertex 11.792 14.8 10.9741
    endloop
  endfacet
  facet normal 0 -1 0
    outer loop
      vertex 10.1561 14.8 10.7587
      vertex 11.792 14.8 10.9741
      vertex 10.1447 14.8 10.8165
    endloop
  endfacet
  facet normal 0 -1 0
    outer loop
      vertex 10.16 14.8 10.7
      vertex 11.792 14.8 10.9741
      vertex 10.1561 14.8 10.7587
    endloop
  endfacet
  facet normal 0 -1 0
    outer loop
      vertex 10.16 14.8 10.7
      vertex 11.81 14.8 10.7
      vertex 11.792 14.8 10.9741
    endloop
  endfacet
  facet normal 0 -1 0
    outer loop
      vertex 10.1561 14.8 10.6413
      vertex 11.81 14.8 10.7
      vertex 10.16 14.8 10.7
    endloop
  endfacet
  facet normal 0 -1 0
    outer loop
      vertex 11.792 14.8 10.4259
      vertex 10.1561 14.8 10.6413
      vertex 10.1447 14.8 10.5835
    endloop
  endfacet
  facet normal 0 -1 0
    outer loop
      vertex 11.7384 14.8 10.1565
      vertex 10.1447 14.8 10.5835
      vertex 10.1257 14.8 10.5278
    endloop
  endfacet
  facet normal 0 -1 0
    outer loop
      vertex 11.6501 14.8 9.89636
      vertex 10.1257 14.8 10.5278
      vertex 10.0997 14.8 10.475
    endloop
  endfacet
  facet normal 0 -1 0
    outer loop
      vertex 11.5287 14.8 9.65
      vertex 10.0997 14.8 10.475
      vertex 10.067 14.8 10.4261
    endloop
  endfacet
  facet normal 0 -1 0
    outer loop
      vertex 10.1561 14.8 10.6413
      vertex 11.792 14.8 10.4259
      vertex 11.81 14.8 10.7
    endloop
  endfacet
  facet normal 0 -1 0
    outer loop
      vertex 11.376 14.8 9.4216
      vertex 10.067 14.8 10.4261
      vertex 10.0282 14.8 10.3818
    endloop
  endfacet
  facet normal 0 -1 0
    outer loop
      vertex 11.1949 14.8 9.21508
      vertex 10.0282 14.8 10.3818
      vertex 9.98394 14.8 10.343
    endloop
  endfacet
  facet normal 0 -1 0
    outer loop
      vertex 10.9884 14.8 9.03396
      vertex 9.98394 14.8 10.343
      vertex 9.935 14.8 10.3103
    endloop
  endfacet
  facet normal 0 -1 0
    outer loop
      vertex 10.76 14.8 8.88135
      vertex 9.935 14.8 10.3103
      vertex 9.88221 14.8 10.2843
    endloop
  endfacet
  facet normal 0 -1 0
    outer loop
      vertex 10.5136 14.8 8.75985
      vertex 9.88221 14.8 10.2843
      vertex 9.82647 14.8 10.2653
    endloop
  endfacet
  facet normal 0 -1 0
    outer loop
      vertex 10.2535 14.8 8.67156
      vertex 9.82647 14.8 10.2653
      vertex 9.76874 14.8 10.2538
    endloop
  endfacet
  facet normal 0 -1 0
    outer loop
      vertex 10.1447 14.8 10.5835
      vertex 11.7384 14.8 10.1565
      vertex 11.792 14.8 10.4259
    endloop
  endfacet
  facet normal 0 -1 0
    outer loop
      vertex 9.9841 14.8 8.61797
      vertex 9.76874 14.8 10.2538
      vertex 9.71 14.8 10.25
    endloop
  endfacet
  facet normal 0 -1 -0
    outer loop
      vertex 9.43606 14.8 10.343
      vertex 8.4316 14.8 9.03396
      vertex 9.485 14.8 10.3103
    endloop
  endfacet
  facet normal 0 -1 0
    outer loop
      vertex 8.66 14.8 8.88135
      vertex 9.485 14.8 10.3103
      vertex 8.4316 14.8 9.03396
    endloop
  endfacet
  facet normal 0 -1 0
    outer loop
      vertex 10.1257 14.8 10.5278
      vertex 11.6501 14.8 9.89636
      vertex 11.7384 14.8 10.1565
    endloop
  endfacet
  facet normal 0 -1 -0
    outer loop
      vertex 9.485 14.8 10.3103
      vertex 8.66 14.8 8.88135
      vertex 9.53779 14.8 10.2843
    endloop
  endfacet
  facet normal 0 -1 0
    outer loop
      vertex 10.0997 14.8 10.475
      vertex 11.5287 14.8 9.65
      vertex 11.6501 14.8 9.89636
    endloop
  endfacet
  facet normal 0 -1 0
    outer loop
      vertex 8.90636 14.8 8.75985
      vertex 9.53779 14.8 10.2843
      vertex 8.66 14.8 8.88135
    endloop
  endfacet
  facet normal 0 -1 0
    outer loop
      vertex 10.067 14.8 10.4261
      vertex 11.376 14.8 9.4216
      vertex 11.5287 14.8 9.65
    endloop
  endfacet
  facet normal 0 -1 -0
    outer loop
      vertex 9.53779 14.8 10.2843
      vertex 8.90636 14.8 8.75985
      vertex 9.59353 14.8 10.2653
    endloop
  endfacet
  facet normal 0 -1 0
    outer loop
      vertex 10.0282 14.8 10.3818
      vertex 11.1949 14.8 9.21508
      vertex 11.376 14.8 9.4216
    endloop
  endfacet
  facet normal 0 -1 0
    outer loop
      vertex 9.16648 14.8 8.67156
      vertex 9.59353 14.8 10.2653
      vertex 8.90636 14.8 8.75985
    endloop
  endfacet
  facet normal 0 -1 0
    outer loop
      vertex 9.98394 14.8 10.343
      vertex 10.9884 14.8 9.03396
      vertex 11.1949 14.8 9.21508
    endloop
  endfacet
  facet normal 0 -1 -0
    outer loop
      vertex 9.59353 14.8 10.2653
      vertex 9.16648 14.8 8.67156
      vertex 9.65126 14.8 10.2538
    endloop
  endfacet
  facet normal 0 -1 0
    outer loop
      vertex 9.935 14.8 10.3103
      vertex 10.76 14.8 8.88135
      vertex 10.9884 14.8 9.03396
    endloop
  endfacet
  facet normal 0 -1 0
    outer loop
      vertex 9.43589 14.8 8.61797
      vertex 9.65126 14.8 10.2538
      vertex 9.16648 14.8 8.67156
    endloop
  endfacet
  facet normal 0 -1 0
    outer loop
      vertex 9.88221 14.8 10.2843
      vertex 10.5136 14.8 8.75985
      vertex 10.76 14.8 8.88135
    endloop
  endfacet
  facet normal 0 -1 -0
    outer loop
      vertex 9.65126 14.8 10.2538
      vertex 9.43589 14.8 8.61797
      vertex 9.71 14.8 10.25
    endloop
  endfacet
  facet normal 0 -1 0
    outer loop
      vertex 9.82647 14.8 10.2653
      vertex 10.2535 14.8 8.67156
      vertex 10.5136 14.8 8.75985
    endloop
  endfacet
  facet normal 0 -1 0
    outer loop
      vertex 9.71 14.8 8.6
      vertex 9.71 14.8 10.25
      vertex 9.43589 14.8 8.61797
    endloop
  endfacet
  facet normal 0 -1 0
    outer loop
      vertex 9.76874 14.8 10.2538
      vertex 9.9841 14.8 8.61797
      vertex 10.2535 14.8 8.67156
    endloop
  endfacet
  facet normal 0 -1 0
    outer loop
      vertex 9.71 14.8 10.25
      vertex 9.71 14.8 8.6
      vertex 9.9841 14.8 8.61797
    endloop
  endfacet
  facet normal 0.980776 -0 0.195136
    outer loop
      vertex 11.7384 14.8 11.2435
      vertex 11.792 31.6 10.9741
      vertex 11.7384 31.6 11.2435
    endloop
  endfacet
  facet normal 0.980776 0 0.195136
    outer loop
      vertex 11.792 31.6 10.9741
      vertex 11.7384 14.8 11.2435
      vertex 11.792 14.8 10.9741
    endloop
  endfacet
  facet normal 0.997851 -0 0.0655283
    outer loop
      vertex 11.792 14.8 10.9741
      vertex 11.81 31.6 10.7
      vertex 11.792 31.6 10.9741
    endloop
  endfacet
  facet normal 0.997851 0 0.0655283
    outer loop
      vertex 11.81 31.6 10.7
      vertex 11.792 14.8 10.9741
      vertex 11.81 14.8 10.7
    endloop
  endfacet
  facet normal -0.946932 0 0.321433
    outer loop
      vertex 7.68156 14.8 11.2435
      vertex 7.76985 31.6 11.5036
      vertex 7.68156 31.6 11.2435
    endloop
  endfacet
  facet normal -0.946932 0 0.321433
    outer loop
      vertex 7.76985 31.6 11.5036
      vertex 7.68156 14.8 11.2435
      vertex 7.76985 14.8 11.5036
    endloop
  endfacet
  facet normal -0.555792 0 0.831322
    outer loop
      vertex 8.4316 31.6 12.366
      vertex 8.66 14.8 12.5187
      vertex 8.66 31.6 12.5187
    endloop
  endfacet
  facet normal -0.555792 0 0.831322
    outer loop
      vertex 8.66 14.8 12.5187
      vertex 8.4316 31.6 12.366
      vertex 8.4316 14.8 12.366
    endloop
  endfacet
  facet normal 0.980776 0 -0.195136
    outer loop
      vertex 11.792 14.8 10.4259
      vertex 11.7384 31.6 10.1565
      vertex 11.792 31.6 10.4259
    endloop
  endfacet
  facet normal 0.980776 0 -0.195136
    outer loop
      vertex 11.7384 31.6 10.1565
      vertex 11.792 14.8 10.4259
      vertex 11.7384 14.8 10.1565
    endloop
  endfacet
  facet normal 0.897005 0 -0.442021
    outer loop
      vertex 11.6501 14.8 9.89636
      vertex 11.5287 31.6 9.65
      vertex 11.6501 31.6 9.89636
    endloop
  endfacet
  facet normal 0.897005 0 -0.442021
    outer loop
      vertex 11.5287 31.6 9.65
      vertex 11.6501 14.8 9.89636
      vertex 11.5287 14.8 9.65
    endloop
  endfacet
  facet normal -0.195129 0 0.980778
    outer loop
      vertex 9.16648 31.6 12.7284
      vertex 9.43589 14.8 12.782
      vertex 9.43589 31.6 12.782
    endloop
  endfacet
  facet normal -0.195129 0 0.980778
    outer loop
      vertex 9.43589 14.8 12.782
      vertex 9.16648 31.6 12.7284
      vertex 9.16648 14.8 12.7284
    endloop
  endfacet
  facet normal -0.659319 0 0.751864
    outer loop
      vertex 8.22508 31.6 12.1849
      vertex 8.4316 14.8 12.366
      vertex 8.4316 31.6 12.366
    endloop
  endfacet
  facet normal -0.659319 0 0.751864
    outer loop
      vertex 8.4316 14.8 12.366
      vertex 8.22508 31.6 12.1849
      vertex 8.22508 14.8 12.1849
    endloop
  endfacet
  facet normal 0.555565 0 -0.831473
    outer loop
      vertex 10.76 14.8 8.88135
      vertex 10.9884 31.6 9.03396
      vertex 10.9884 14.8 9.03396
    endloop
  endfacet
  facet normal 0.555565 0 -0.831473
    outer loop
      vertex 10.9884 31.6 9.03396
      vertex 10.76 14.8 8.88135
      vertex 10.76 31.6 8.88135
    endloop
  endfacet
  facet normal -0.195094 0 -0.980785
    outer loop
      vertex 9.16648 14.8 8.67156
      vertex 9.43589 31.6 8.61797
      vertex 9.43589 14.8 8.61797
    endloop
  endfacet
  facet normal -0.195094 0 -0.980785
    outer loop
      vertex 9.43589 31.6 8.61797
      vertex 9.16648 14.8 8.67156
      vertex 9.16648 31.6 8.67156
    endloop
  endfacet
  facet normal 0.321433 0 -0.946932
    outer loop
      vertex 10.2535 14.8 8.67156
      vertex 10.5136 31.6 8.75985
      vertex 10.5136 14.8 8.75985
    endloop
  endfacet
  facet normal 0.321433 0 -0.946932
    outer loop
      vertex 10.5136 31.6 8.75985
      vertex 10.2535 14.8 8.67156
      vertex 10.2535 31.6 8.67156
    endloop
  endfacet
  facet normal 0.831322 0 -0.555792
    outer loop
      vertex 11.5287 14.8 9.65
      vertex 11.376 31.6 9.4216
      vertex 11.5287 31.6 9.65
    endloop
  endfacet
  facet normal 0.831322 0 -0.555792
    outer loop
      vertex 11.376 31.6 9.4216
      vertex 11.5287 14.8 9.65
      vertex 11.376 14.8 9.4216
    endloop
  endfacet
  facet normal -0.442021 0 0.897005
    outer loop
      vertex 8.66 31.6 12.5187
      vertex 8.90636 14.8 12.6401
      vertex 8.90636 31.6 12.6401
    endloop
  endfacet
  facet normal -0.442021 0 0.897005
    outer loop
      vertex 8.90636 14.8 12.6401
      vertex 8.66 31.6 12.5187
      vertex 8.66 14.8 12.5187
    endloop
  endfacet
  facet normal -0.65936 0 -0.751827
    outer loop
      vertex 8.22508 14.8 9.21508
      vertex 8.4316 31.6 9.03396
      vertex 8.4316 14.8 9.03396
    endloop
  endfacet
  facet normal -0.65936 0 -0.751827
    outer loop
      vertex 8.4316 31.6 9.03396
      vertex 8.22508 14.8 9.21508
      vertex 8.22508 31.6 9.21508
    endloop
  endfacet
  facet normal 0.321465 0 0.946921
    outer loop
      vertex 10.2535 31.6 12.7284
      vertex 10.5136 14.8 12.6401
      vertex 10.5136 31.6 12.6401
    endloop
  endfacet
  facet normal 0.321465 0 0.946921
    outer loop
      vertex 10.5136 14.8 12.6401
      vertex 10.2535 31.6 12.7284
      vertex 10.2535 14.8 12.7284
    endloop
  endfacet
  facet normal 0.946921 -0 0.321465
    outer loop
      vertex 11.6501 14.8 11.5036
      vertex 11.7384 31.6 11.2435
      vertex 11.6501 31.6 11.5036
    endloop
  endfacet
  facet normal 0.946921 0 0.321465
    outer loop
      vertex 11.7384 31.6 11.2435
      vertex 11.6501 14.8 11.5036
      vertex 11.7384 14.8 11.2435
    endloop
  endfacet
  facet normal 0.897033 -0 0.441964
    outer loop
      vertex 11.5287 14.8 11.75
      vertex 11.6501 31.6 11.5036
      vertex 11.5287 31.6 11.75
    endloop
  endfacet
  facet normal 0.897033 0 0.441964
    outer loop
      vertex 11.6501 31.6 11.5036
      vertex 11.5287 14.8 11.75
      vertex 11.6501 14.8 11.5036
    endloop
  endfacet
  facet normal 0.751864 0 -0.659319
    outer loop
      vertex 11.376 14.8 9.4216
      vertex 11.1949 31.6 9.21508
      vertex 11.376 31.6 9.4216
    endloop
  endfacet
  facet normal 0.751864 0 -0.659319
    outer loop
      vertex 11.1949 31.6 9.21508
      vertex 11.376 14.8 9.4216
      vertex 11.1949 14.8 9.21508
    endloop
  endfacet
  facet normal -0.321443 0 0.946929
    outer loop
      vertex 8.90636 31.6 12.6401
      vertex 9.16648 14.8 12.7284
      vertex 9.16648 31.6 12.7284
    endloop
  endfacet
  facet normal -0.321443 0 0.946929
    outer loop
      vertex 9.16648 14.8 12.7284
      vertex 8.90636 31.6 12.6401
      vertex 8.90636 14.8 12.6401
    endloop
  endfacet
  facet normal -0.99786 0 -0.0653833
    outer loop
      vertex 7.62796 14.8 10.4259
      vertex 7.61 31.6 10.7
      vertex 7.62796 31.6 10.4259
    endloop
  endfacet
  facet normal -0.99786 -0 -0.0653833
    outer loop
      vertex 7.61 31.6 10.7
      vertex 7.62796 14.8 10.4259
      vertex 7.61 14.8 10.7
    endloop
  endfacet
  facet normal 0.441964 0 0.897033
    outer loop
      vertex 10.5136 31.6 12.6401
      vertex 10.76 14.8 12.5187
      vertex 10.76 31.6 12.5187
    endloop
  endfacet
  facet normal 0.441964 0 0.897033
    outer loop
      vertex 10.76 14.8 12.5187
      vertex 10.5136 31.6 12.6401
      vertex 10.5136 14.8 12.6401
    endloop
  endfacet
  facet normal 0.751832 -0 0.659355
    outer loop
      vertex 11.1949 14.8 12.1849
      vertex 11.376 31.6 11.9784
      vertex 11.1949 31.6 12.1849
    endloop
  endfacet
  facet normal 0.751832 0 0.659355
    outer loop
      vertex 11.376 31.6 11.9784
      vertex 11.1949 14.8 12.1849
      vertex 11.376 14.8 11.9784
    endloop
  endfacet
  facet normal 0.997851 0 -0.0655283
    outer loop
      vertex 11.81 14.8 10.7
      vertex 11.792 31.6 10.4259
      vertex 11.81 31.6 10.7
    endloop
  endfacet
  facet normal 0.997851 0 -0.0655283
    outer loop
      vertex 11.792 31.6 10.4259
      vertex 11.81 14.8 10.7
      vertex 11.792 14.8 10.4259
    endloop
  endfacet
  facet normal -0.751827 0 -0.65936
    outer loop
      vertex 8.22508 14.8 9.21508
      vertex 8.04396 31.6 9.4216
      vertex 8.22508 31.6 9.21508
    endloop
  endfacet
  facet normal -0.751827 -0 -0.65936
    outer loop
      vertex 8.04396 31.6 9.4216
      vertex 8.22508 14.8 9.21508
      vertex 8.04396 14.8 9.4216
    endloop
  endfacet
  facet normal 0.659355 0 0.751832
    outer loop
      vertex 10.9884 31.6 12.366
      vertex 11.1949 14.8 12.1849
      vertex 11.1949 31.6 12.1849
    endloop
  endfacet
  facet normal 0.659355 0 0.751832
    outer loop
      vertex 11.1949 14.8 12.1849
      vertex 10.9884 31.6 12.366
      vertex 10.9884 14.8 12.366
    endloop
  endfacet
  facet normal 0.831322 -0 0.555792
    outer loop
      vertex 11.376 14.8 11.9784
      vertex 11.5287 31.6 11.75
      vertex 11.376 31.6 11.9784
    endloop
  endfacet
  facet normal 0.831322 0 0.555792
    outer loop
      vertex 11.5287 31.6 11.75
      vertex 11.376 14.8 11.9784
      vertex 11.5287 14.8 11.75
    endloop
  endfacet
  facet normal 0.555792 0 0.831322
    outer loop
      vertex 10.76 31.6 12.5187
      vertex 10.9884 14.8 12.366
      vertex 10.9884 31.6 12.366
    endloop
  endfacet
  facet normal 0.555792 0 0.831322
    outer loop
      vertex 10.9884 14.8 12.366
      vertex 10.76 31.6 12.5187
      vertex 10.76 14.8 12.5187
    endloop
  endfacet
  facet normal -0.99786 0 0.0653833
    outer loop
      vertex 7.61 14.8 10.7
      vertex 7.62796 31.6 10.9741
      vertex 7.61 31.6 10.7
    endloop
  endfacet
  facet normal -0.99786 0 0.0653833
    outer loop
      vertex 7.62796 31.6 10.9741
      vertex 7.61 14.8 10.7
      vertex 7.62796 14.8 10.9741
    endloop
  endfacet
  facet normal 0.195101 0 -0.980783
    outer loop
      vertex 9.9841 14.8 8.61797
      vertex 10.2535 31.6 8.67156
      vertex 10.2535 14.8 8.67156
    endloop
  endfacet
  facet normal 0.195101 0 -0.980783
    outer loop
      vertex 10.2535 31.6 8.67156
      vertex 9.9841 14.8 8.61797
      vertex 9.9841 31.6 8.61797
    endloop
  endfacet
  facet normal -0.89686 0 -0.442314
    outer loop
      vertex 7.89135 14.8 9.65
      vertex 7.76985 31.6 9.89636
      vertex 7.89135 31.6 9.65
    endloop
  endfacet
  facet normal -0.89686 -0 -0.442314
    outer loop
      vertex 7.76985 31.6 9.89636
      vertex 7.89135 14.8 9.65
      vertex 7.76985 14.8 9.89636
    endloop
  endfacet
  facet normal 0.195136 0 0.980776
    outer loop
      vertex 9.9841 31.6 12.782
      vertex 10.2535 14.8 12.7284
      vertex 10.2535 31.6 12.7284
    endloop
  endfacet
  facet normal 0.195136 0 0.980776
    outer loop
      vertex 10.2535 14.8 12.7284
      vertex 9.9841 31.6 12.782
      vertex 9.9841 14.8 12.782
    endloop
  endfacet
  facet normal 0.946936 0 -0.321421
    outer loop
      vertex 11.7384 14.8 10.1565
      vertex 11.6501 31.6 9.89636
      vertex 11.7384 31.6 10.1565
    endloop
  endfacet
  facet normal 0.946936 0 -0.321421
    outer loop
      vertex 11.6501 31.6 9.89636
      vertex 11.7384 14.8 10.1565
      vertex 11.6501 14.8 9.89636
    endloop
  endfacet
  facet normal 0.0655283 0 0.997851
    outer loop
      vertex 9.71 31.6 12.8
      vertex 9.9841 14.8 12.782
      vertex 9.9841 31.6 12.782
    endloop
  endfacet
  facet normal 0.0655283 0 0.997851
    outer loop
      vertex 9.9841 14.8 12.782
      vertex 9.71 31.6 12.8
      vertex 9.71 14.8 12.8
    endloop
  endfacet
  facet normal -0.0655259 0 0.997851
    outer loop
      vertex 9.43589 31.6 12.782
      vertex 9.71 14.8 12.8
      vertex 9.71 31.6 12.8
    endloop
  endfacet
  facet normal -0.0655259 0 0.997851
    outer loop
      vertex 9.71 14.8 12.8
      vertex 9.43589 31.6 12.782
      vertex 9.43589 14.8 12.782
    endloop
  endfacet
  facet normal 0.659396 0 -0.751796
    outer loop
      vertex 10.9884 14.8 9.03396
      vertex 11.1949 31.6 9.21508
      vertex 11.1949 14.8 9.21508
    endloop
  endfacet
  facet normal 0.659396 0 -0.751796
    outer loop
      vertex 11.1949 31.6 9.21508
      vertex 10.9884 14.8 9.03396
      vertex 10.9884 31.6 9.03396
    endloop
  endfacet
  facet normal 0.442256 0 -0.896889
    outer loop
      vertex 10.5136 14.8 8.75985
      vertex 10.76 31.6 8.88135
      vertex 10.76 14.8 8.88135
    endloop
  endfacet
  facet normal 0.442256 0 -0.896889
    outer loop
      vertex 10.76 31.6 8.88135
      vertex 10.5136 14.8 8.75985
      vertex 10.5136 31.6 8.75985
    endloop
  endfacet
  facet normal -0.896889 0 0.442256
    outer loop
      vertex 7.76985 14.8 11.5036
      vertex 7.89135 31.6 11.75
      vertex 7.76985 31.6 11.5036
    endloop
  endfacet
  facet normal -0.896889 0 0.442256
    outer loop
      vertex 7.89135 31.6 11.75
      vertex 7.76985 14.8 11.5036
      vertex 7.89135 14.8 11.75
    endloop
  endfacet
  facet normal -0.946947 0 -0.321388
    outer loop
      vertex 7.76985 14.8 9.89636
      vertex 7.68156 31.6 10.1565
      vertex 7.76985 31.6 9.89636
    endloop
  endfacet
  facet normal -0.946947 -0 -0.321388
    outer loop
      vertex 7.68156 31.6 10.1565
      vertex 7.76985 14.8 9.89636
      vertex 7.68156 14.8 10.1565
    endloop
  endfacet
  facet normal -0.980776 0 0.195136
    outer loop
      vertex 7.62796 14.8 10.9741
      vertex 7.68156 31.6 11.2435
      vertex 7.62796 31.6 10.9741
    endloop
  endfacet
  facet normal -0.980776 0 0.195136
    outer loop
      vertex 7.68156 31.6 11.2435
      vertex 7.62796 14.8 10.9741
      vertex 7.68156 14.8 11.2435
    endloop
  endfacet
  facet normal -0.980776 0 -0.195136
    outer loop
      vertex 7.68156 14.8 10.1565
      vertex 7.62796 31.6 10.4259
      vertex 7.68156 31.6 10.1565
    endloop
  endfacet
  facet normal -0.980776 -0 -0.195136
    outer loop
      vertex 7.62796 31.6 10.4259
      vertex 7.68156 14.8 10.1565
      vertex 7.62796 14.8 10.4259
    endloop
  endfacet
  facet normal -0.321411 0 -0.94694
    outer loop
      vertex 8.90636 14.8 8.75985
      vertex 9.16648 31.6 8.67156
      vertex 9.16648 14.8 8.67156
    endloop
  endfacet
  facet normal -0.321411 0 -0.94694
    outer loop
      vertex 9.16648 31.6 8.67156
      vertex 8.90636 14.8 8.75985
      vertex 8.90636 31.6 8.75985
    endloop
  endfacet
  facet normal -0.442314 0 -0.89686
    outer loop
      vertex 8.66 14.8 8.88135
      vertex 8.90636 31.6 8.75985
      vertex 8.90636 14.8 8.75985
    endloop
  endfacet
  facet normal -0.442314 0 -0.89686
    outer loop
      vertex 8.90636 31.6 8.75985
      vertex 8.66 14.8 8.88135
      vertex 8.66 31.6 8.88135
    endloop
  endfacet
  facet normal -0.831473 0 -0.555565
    outer loop
      vertex 8.04396 14.8 9.4216
      vertex 7.89135 31.6 9.65
      vertex 8.04396 31.6 9.4216
    endloop
  endfacet
  facet normal -0.831473 -0 -0.555565
    outer loop
      vertex 7.89135 31.6 9.65
      vertex 8.04396 14.8 9.4216
      vertex 7.89135 14.8 9.65
    endloop
  endfacet
  facet normal -0.555565 0 -0.831473
    outer loop
      vertex 8.4316 14.8 9.03396
      vertex 8.66 31.6 8.88135
      vertex 8.66 14.8 8.88135
    endloop
  endfacet
  facet normal -0.555565 0 -0.831473
    outer loop
      vertex 8.66 31.6 8.88135
      vertex 8.4316 14.8 9.03396
      vertex 8.4316 31.6 9.03396
    endloop
  endfacet
  facet normal -0.0654172 0 -0.997858
    outer loop
      vertex 9.43589 14.8 8.61797
      vertex 9.71 31.6 8.6
      vertex 9.71 14.8 8.6
    endloop
  endfacet
  facet normal -0.0654172 0 -0.997858
    outer loop
      vertex 9.71 31.6 8.6
      vertex 9.43589 14.8 8.61797
      vertex 9.43589 31.6 8.61797
    endloop
  endfacet
  facet normal -0.831473 0 0.555565
    outer loop
      vertex 7.89135 14.8 11.75
      vertex 8.04396 31.6 11.9784
      vertex 7.89135 31.6 11.75
    endloop
  endfacet
  facet normal -0.831473 0 0.555565
    outer loop
      vertex 8.04396 31.6 11.9784
      vertex 7.89135 14.8 11.75
      vertex 8.04396 14.8 11.9784
    endloop
  endfacet
  facet normal -0.751796 0 0.659396
    outer loop
      vertex 8.04396 14.8 11.9784
      vertex 8.22508 31.6 12.1849
      vertex 8.04396 31.6 11.9784
    endloop
  endfacet
  facet normal -0.751796 0 0.659396
    outer loop
      vertex 8.22508 31.6 12.1849
      vertex 8.04396 14.8 11.9784
      vertex 8.22508 14.8 12.1849
    endloop
  endfacet
  facet normal -0.322639 0 -0.946522
    outer loop
      vertex 9.53779 12.3 10.2843
      vertex 9.59353 14.8 10.2653
      vertex 9.59353 12.3 10.2653
    endloop
  endfacet
  facet normal -0.322639 0 -0.946522
    outer loop
      vertex 9.59353 14.8 10.2653
      vertex 9.53779 12.3 10.2843
      vertex 9.53779 14.8 10.2843
    endloop
  endfacet
  facet normal 0.981099 -0 0.193504
    outer loop
      vertex 10.1447 12.3 10.8165
      vertex 10.1561 14.8 10.7587
      vertex 10.1447 14.8 10.8165
    endloop
  endfacet
  facet normal 0.981099 0 0.193504
    outer loop
      vertex 10.1561 14.8 10.7587
      vertex 10.1447 12.3 10.8165
      vertex 10.1561 12.3 10.7587
    endloop
  endfacet
  facet normal 0.9978 -0 0.0662934
    outer loop
      vertex 10.1561 12.3 10.7587
      vertex 10.16 14.8 10.7
      vertex 10.1561 14.8 10.7587
    endloop
  endfacet
  facet normal 0.9978 0 0.0662934
    outer loop
      vertex 10.16 14.8 10.7
      vertex 10.1561 12.3 10.7587
      vertex 10.16 12.3 10.7
    endloop
  endfacet
  facet normal 0.441836 0 0.897096
    outer loop
      vertex 9.88221 14.8 11.1157
      vertex 9.935 12.3 11.0897
      vertex 9.935 14.8 11.0897
    endloop
  endfacet
  facet normal 0.441836 0 0.897096
    outer loop
      vertex 9.935 12.3 11.0897
      vertex 9.88221 14.8 11.1157
      vertex 9.88221 12.3 11.1157
    endloop
  endfacet
  facet normal 0.831265 0 -0.555877
    outer loop
      vertex 10.0997 12.3 10.475
      vertex 10.067 14.8 10.4261
      vertex 10.0997 14.8 10.475
    endloop
  endfacet
  facet normal 0.831265 0 -0.555877
    outer loop
      vertex 10.067 14.8 10.4261
      vertex 10.0997 12.3 10.475
      vertex 10.067 12.3 10.4261
    endloop
  endfacet
  facet normal -0.659202 0 -0.751966
    outer loop
      vertex 9.3918 12.3 10.3818
      vertex 9.43606 14.8 10.343
      vertex 9.43606 12.3 10.343
    endloop
  endfacet
  facet normal -0.659202 0 -0.751966
    outer loop
      vertex 9.43606 14.8 10.343
      vertex 9.3918 12.3 10.3818
      vertex 9.3918 14.8 10.3818
    endloop
  endfacet
  facet normal 0.322639 0 -0.946522
    outer loop
      vertex 9.82647 12.3 10.2653
      vertex 9.88221 14.8 10.2843
      vertex 9.88221 12.3 10.2843
    endloop
  endfacet
  facet normal 0.322639 0 -0.946522
    outer loop
      vertex 9.88221 14.8 10.2843
      vertex 9.82647 12.3 10.2653
      vertex 9.82647 14.8 10.2653
    endloop
  endfacet
  facet normal 0.322639 0 0.946522
    outer loop
      vertex 9.82647 14.8 11.1347
      vertex 9.88221 12.3 11.1157
      vertex 9.88221 14.8 11.1157
    endloop
  endfacet
  facet normal 0.322639 0 0.946522
    outer loop
      vertex 9.88221 12.3 11.1157
      vertex 9.82647 14.8 11.1347
      vertex 9.82647 12.3 11.1347
    endloop
  endfacet
  facet normal 0.752261 0 -0.658865
    outer loop
      vertex 10.067 12.3 10.4261
      vertex 10.0282 14.8 10.3818
      vertex 10.067 14.8 10.4261
    endloop
  endfacet
  facet normal 0.752261 0 -0.658865
    outer loop
      vertex 10.0282 14.8 10.3818
      vertex 10.067 12.3 10.4261
      vertex 10.0282 12.3 10.3818
    endloop
  endfacet
  facet normal 0.946451 0 -0.322847
    outer loop
      vertex 10.1447 12.3 10.5835
      vertex 10.1257 14.8 10.5278
      vertex 10.1447 14.8 10.5835
    endloop
  endfacet
  facet normal 0.946451 0 -0.322847
    outer loop
      vertex 10.1257 14.8 10.5278
      vertex 10.1447 12.3 10.5835
      vertex 10.1257 12.3 10.5278
    endloop
  endfacet
  facet normal 0.946451 -0 0.322847
    outer loop
      vertex 10.1257 12.3 10.8722
      vertex 10.1447 14.8 10.8165
      vertex 10.1257 14.8 10.8722
    endloop
  endfacet
  facet normal 0.946451 0 0.322847
    outer loop
      vertex 10.1447 14.8 10.8165
      vertex 10.1257 12.3 10.8722
      vertex 10.1447 12.3 10.8165
    endloop
  endfacet
  facet normal -0.659202 0 0.751966
    outer loop
      vertex 9.3918 14.8 11.0182
      vertex 9.43606 12.3 11.057
      vertex 9.43606 14.8 11.057
    endloop
  endfacet
  facet normal -0.659202 0 0.751966
    outer loop
      vertex 9.43606 12.3 11.057
      vertex 9.3918 14.8 11.0182
      vertex 9.3918 12.3 11.0182
    endloop
  endfacet
  facet normal 0 -1 0
    outer loop
      vertex 9.65126 12.3 11.1461
      vertex 9.76874 12.3 11.1461
      vertex 9.71 12.3 11.15
    endloop
  endfacet
  facet normal 0 -1 0
    outer loop
      vertex 9.59353 12.3 11.1347
      vertex 9.76874 12.3 11.1461
      vertex 9.65126 12.3 11.1461
    endloop
  endfacet
  facet normal 0 -1 0
    outer loop
      vertex 9.59353 12.3 11.1347
      vertex 9.82647 12.3 11.1347
      vertex 9.76874 12.3 11.1461
    endloop
  endfacet
  facet normal 0 -1 0
    outer loop
      vertex 9.53779 12.3 11.1157
      vertex 9.82647 12.3 11.1347
      vertex 9.59353 12.3 11.1347
    endloop
  endfacet
  facet normal 0 -1 0
    outer loop
      vertex 9.53779 12.3 11.1157
      vertex 9.88221 12.3 11.1157
      vertex 9.82647 12.3 11.1347
    endloop
  endfacet
  facet normal 0 -1 0
    outer loop
      vertex 9.485 12.3 11.0897
      vertex 9.88221 12.3 11.1157
      vertex 9.53779 12.3 11.1157
    endloop
  endfacet
  facet normal 0 -1 0
    outer loop
      vertex 9.485 12.3 11.0897
      vertex 9.935 12.3 11.0897
      vertex 9.88221 12.3 11.1157
    endloop
  endfacet
  facet normal 0 -1 0
    outer loop
      vertex 9.43606 12.3 11.057
      vertex 9.935 12.3 11.0897
      vertex 9.485 12.3 11.0897
    endloop
  endfacet
  facet normal 0 -1 0
    outer loop
      vertex 9.43606 12.3 11.057
      vertex 9.98394 12.3 11.057
      vertex 9.935 12.3 11.0897
    endloop
  endfacet
  facet normal 0 -1 0
    outer loop
      vertex 9.3918 12.3 11.0182
      vertex 9.98394 12.3 11.057
      vertex 9.43606 12.3 11.057
    endloop
  endfacet
  facet normal 0 -1 0
    outer loop
      vertex 9.3918 12.3 11.0182
      vertex 10.0282 12.3 11.0182
      vertex 9.98394 12.3 11.057
    endloop
  endfacet
  facet normal 0 -1 0
    outer loop
      vertex 9.35299 12.3 10.9739
      vertex 10.0282 12.3 11.0182
      vertex 9.3918 12.3 11.0182
    endloop
  endfacet
  facet normal 0 -1 0
    outer loop
      vertex 9.35299 12.3 10.9739
      vertex 10.067 12.3 10.9739
      vertex 10.0282 12.3 11.0182
    endloop
  endfacet
  facet normal 0 -1 0
    outer loop
      vertex 9.32029 12.3 10.925
      vertex 10.067 12.3 10.9739
      vertex 9.35299 12.3 10.9739
    endloop
  endfacet
  facet normal 0 -1 0
    outer loop
      vertex 9.32029 12.3 10.925
      vertex 10.0997 12.3 10.925
      vertex 10.067 12.3 10.9739
    endloop
  endfacet
  facet normal 0 -1 0
    outer loop
      vertex 9.29425 12.3 10.8722
      vertex 10.0997 12.3 10.925
      vertex 9.32029 12.3 10.925
    endloop
  endfacet
  facet normal 0 -1 0
    outer loop
      vertex 9.29425 12.3 10.8722
      vertex 10.1257 12.3 10.8722
      vertex 10.0997 12.3 10.925
    endloop
  endfacet
  facet normal 0 -1 0
    outer loop
      vertex 9.27533 12.3 10.8165
      vertex 10.1257 12.3 10.8722
      vertex 9.29425 12.3 10.8722
    endloop
  endfacet
  facet normal 0 -1 0
    outer loop
      vertex 9.27533 12.3 10.8165
      vertex 10.1447 12.3 10.8165
      vertex 10.1257 12.3 10.8722
    endloop
  endfacet
  facet normal 0 -1 0
    outer loop
      vertex 9.26385 12.3 10.7587
      vertex 10.1447 12.3 10.8165
      vertex 9.27533 12.3 10.8165
    endloop
  endfacet
  facet normal 0 -1 0
    outer loop
      vertex 9.26385 12.3 10.7587
      vertex 10.1561 12.3 10.7587
      vertex 10.1447 12.3 10.8165
    endloop
  endfacet
  facet normal 0 -1 0
    outer loop
      vertex 9.26 12.3 10.7
      vertex 10.1561 12.3 10.7587
      vertex 9.26385 12.3 10.7587
    endloop
  endfacet
  facet normal 0 -1 0
    outer loop
      vertex 9.26 12.3 10.7
      vertex 10.16 12.3 10.7
      vertex 10.1561 12.3 10.7587
    endloop
  endfacet
  facet normal 0 -1 0
    outer loop
      vertex 9.26385 12.3 10.6413
      vertex 10.16 12.3 10.7
      vertex 9.26 12.3 10.7
    endloop
  endfacet
  facet normal 0 -1 0
    outer loop
      vertex 9.26385 12.3 10.6413
      vertex 10.1561 12.3 10.6413
      vertex 10.16 12.3 10.7
    endloop
  endfacet
  facet normal 0 -1 0
    outer loop
      vertex 9.27533 12.3 10.5835
      vertex 10.1561 12.3 10.6413
      vertex 9.26385 12.3 10.6413
    endloop
  endfacet
  facet normal 0 -1 0
    outer loop
      vertex 9.27533 12.3 10.5835
      vertex 10.1447 12.3 10.5835
      vertex 10.1561 12.3 10.6413
    endloop
  endfacet
  facet normal 0 -1 0
    outer loop
      vertex 9.29425 12.3 10.5278
      vertex 10.1447 12.3 10.5835
      vertex 9.27533 12.3 10.5835
    endloop
  endfacet
  facet normal 0 -1 0
    outer loop
      vertex 9.29425 12.3 10.5278
      vertex 10.1257 12.3 10.5278
      vertex 10.1447 12.3 10.5835
    endloop
  endfacet
  facet normal 0 -1 0
    outer loop
      vertex 9.32029 12.3 10.475
      vertex 10.1257 12.3 10.5278
      vertex 9.29425 12.3 10.5278
    endloop
  endfacet
  facet normal 0 -1 0
    outer loop
      vertex 9.32029 12.3 10.475
      vertex 10.0997 12.3 10.475
      vertex 10.1257 12.3 10.5278
    endloop
  endfacet
  facet normal 0 -1 0
    outer loop
      vertex 9.35299 12.3 10.4261
      vertex 10.0997 12.3 10.475
      vertex 9.32029 12.3 10.475
    endloop
  endfacet
  facet normal 0 -1 0
    outer loop
      vertex 9.35299 12.3 10.4261
      vertex 10.067 12.3 10.4261
      vertex 10.0997 12.3 10.475
    endloop
  endfacet
  facet normal 0 -1 0
    outer loop
      vertex 9.3918 12.3 10.3818
      vertex 10.067 12.3 10.4261
      vertex 9.35299 12.3 10.4261
    endloop
  endfacet
  facet normal 0 -1 0
    outer loop
      vertex 9.3918 12.3 10.3818
      vertex 10.0282 12.3 10.3818
      vertex 10.067 12.3 10.4261
    endloop
  endfacet
  facet normal 0 -1 0
    outer loop
      vertex 9.43606 12.3 10.343
      vertex 10.0282 12.3 10.3818
      vertex 9.3918 12.3 10.3818
    endloop
  endfacet
  facet normal 0 -1 0
    outer loop
      vertex 9.43606 12.3 10.343
      vertex 9.98394 12.3 10.343
      vertex 10.0282 12.3 10.3818
    endloop
  endfacet
  facet normal 0 -1 0
    outer loop
      vertex 9.485 12.3 10.3103
      vertex 9.98394 12.3 10.343
      vertex 9.43606 12.3 10.343
    endloop
  endfacet
  facet normal 0 -1 0
    outer loop
      vertex 9.485 12.3 10.3103
      vertex 9.935 12.3 10.3103
      vertex 9.98394 12.3 10.343
    endloop
  endfacet
  facet normal 0 -1 0
    outer loop
      vertex 9.53779 12.3 10.2843
      vertex 9.935 12.3 10.3103
      vertex 9.485 12.3 10.3103
    endloop
  endfacet
  facet normal 0 -1 0
    outer loop
      vertex 9.53779 12.3 10.2843
      vertex 9.88221 12.3 10.2843
      vertex 9.935 12.3 10.3103
    endloop
  endfacet
  facet normal 0 -1 0
    outer loop
      vertex 9.59353 12.3 10.2653
      vertex 9.88221 12.3 10.2843
      vertex 9.53779 12.3 10.2843
    endloop
  endfacet
  facet normal 0 -1 0
    outer loop
      vertex 9.59353 12.3 10.2653
      vertex 9.82647 12.3 10.2653
      vertex 9.88221 12.3 10.2843
    endloop
  endfacet
  facet normal 0 -1 0
    outer loop
      vertex 9.65126 12.3 10.2538
      vertex 9.82647 12.3 10.2653
      vertex 9.59353 12.3 10.2653
    endloop
  endfacet
  facet normal 0 -1 0
    outer loop
      vertex 9.65126 12.3 10.2538
      vertex 9.76874 12.3 10.2538
      vertex 9.82647 12.3 10.2653
    endloop
  endfacet
  facet normal -0 -1 0
    outer loop
      vertex 9.76874 12.3 10.2538
      vertex 9.65126 12.3 10.2538
      vertex 9.71 12.3 10.25
    endloop
  endfacet
  facet normal -0.555562 0 -0.831475
    outer loop
      vertex 9.43606 12.3 10.343
      vertex 9.485 14.8 10.3103
      vertex 9.485 12.3 10.3103
    endloop
  endfacet
  facet normal -0.555562 0 -0.831475
    outer loop
      vertex 9.485 14.8 10.3103
      vertex 9.43606 12.3 10.343
      vertex 9.43606 14.8 10.343
    endloop
  endfacet
  facet normal -0.322639 0 0.946522
    outer loop
      vertex 9.53779 14.8 11.1157
      vertex 9.59353 12.3 11.1347
      vertex 9.59353 14.8 11.1347
    endloop
  endfacet
  facet normal -0.322639 0 0.946522
    outer loop
      vertex 9.59353 12.3 11.1347
      vertex 9.53779 14.8 11.1157
      vertex 9.53779 12.3 11.1157
    endloop
  endfacet
  facet normal 0.897129 -0 0.441768
    outer loop
      vertex 10.0997 12.3 10.925
      vertex 10.1257 14.8 10.8722
      vertex 10.0997 14.8 10.925
    endloop
  endfacet
  facet normal 0.897129 0 0.441768
    outer loop
      vertex 10.1257 14.8 10.8722
      vertex 10.0997 12.3 10.925
      vertex 10.1257 12.3 10.8722
    endloop
  endfacet
  facet normal -0.0645569 0 -0.997914
    outer loop
      vertex 9.65126 12.3 10.2538
      vertex 9.71 14.8 10.25
      vertex 9.71 12.3 10.25
    endloop
  endfacet
  facet normal -0.0645569 0 -0.997914
    outer loop
      vertex 9.71 14.8 10.25
      vertex 9.65126 12.3 10.2538
      vertex 9.65126 14.8 10.2538
    endloop
  endfacet
  facet normal -0.441836 0 0.897096
    outer loop
      vertex 9.485 14.8 11.0897
      vertex 9.53779 12.3 11.1157
      vertex 9.53779 14.8 11.1157
    endloop
  endfacet
  facet normal -0.441836 0 0.897096
    outer loop
      vertex 9.53779 12.3 11.1157
      vertex 9.485 14.8 11.0897
      vertex 9.485 12.3 11.0897
    endloop
  endfacet
  facet normal 0.555562 0 -0.831475
    outer loop
      vertex 9.935 12.3 10.3103
      vertex 9.98394 14.8 10.343
      vertex 9.98394 12.3 10.343
    endloop
  endfacet
  facet normal 0.555562 0 -0.831475
    outer loop
      vertex 9.98394 14.8 10.343
      vertex 9.935 12.3 10.3103
      vertex 9.935 14.8 10.3103
    endloop
  endfacet
  facet normal -0.195365 0 -0.980731
    outer loop
      vertex 9.59353 12.3 10.2653
      vertex 9.65126 14.8 10.2538
      vertex 9.65126 12.3 10.2538
    endloop
  endfacet
  facet normal -0.195365 0 -0.980731
    outer loop
      vertex 9.65126 14.8 10.2538
      vertex 9.59353 12.3 10.2653
      vertex 9.59353 14.8 10.2653
    endloop
  endfacet
  facet normal -0.441836 0 -0.897096
    outer loop
      vertex 9.485 12.3 10.3103
      vertex 9.53779 14.8 10.2843
      vertex 9.53779 12.3 10.2843
    endloop
  endfacet
  facet normal -0.441836 0 -0.897096
    outer loop
      vertex 9.53779 14.8 10.2843
      vertex 9.485 12.3 10.3103
      vertex 9.485 14.8 10.3103
    endloop
  endfacet
  facet normal 0.752261 -0 0.658865
    outer loop
      vertex 10.0282 12.3 11.0182
      vertex 10.067 14.8 10.9739
      vertex 10.0282 14.8 11.0182
    endloop
  endfacet
  facet normal 0.752261 0 0.658865
    outer loop
      vertex 10.067 14.8 10.9739
      vertex 10.0282 12.3 11.0182
      vertex 10.067 12.3 10.9739
    endloop
  endfacet
  facet normal 0.831265 -0 0.555877
    outer loop
      vertex 10.067 12.3 10.9739
      vertex 10.0997 14.8 10.925
      vertex 10.067 14.8 10.9739
    endloop
  endfacet
  facet normal 0.831265 0 0.555877
    outer loop
      vertex 10.0997 14.8 10.925
      vertex 10.067 12.3 10.9739
      vertex 10.0997 12.3 10.925
    endloop
  endfacet
  facet normal -0.997856 0 0.0654471
    outer loop
      vertex 9.26 12.3 10.7
      vertex 9.26385 14.8 10.7587
      vertex 9.26 14.8 10.7
    endloop
  endfacet
  facet normal -0.997856 0 0.0654471
    outer loop
      vertex 9.26385 14.8 10.7587
      vertex 9.26 12.3 10.7
      vertex 9.26385 12.3 10.7587
    endloop
  endfacet
  facet normal -0.555562 0 0.831475
    outer loop
      vertex 9.43606 14.8 11.057
      vertex 9.485 12.3 11.0897
      vertex 9.485 14.8 11.0897
    endloop
  endfacet
  facet normal -0.555562 0 0.831475
    outer loop
      vertex 9.485 12.3 11.0897
      vertex 9.43606 14.8 11.057
      vertex 9.43606 12.3 11.057
    endloop
  endfacet
  facet normal -0.0662484 0 0.997803
    outer loop
      vertex 9.65126 14.8 11.1461
      vertex 9.71 12.3 11.15
      vertex 9.71 14.8 11.15
    endloop
  endfacet
  facet normal -0.0662484 0 0.997803
    outer loop
      vertex 9.71 12.3 11.15
      vertex 9.65126 14.8 11.1461
      vertex 9.65126 12.3 11.1461
    endloop
  endfacet
  facet normal -0.980841 0 0.194811
    outer loop
      vertex 9.26385 12.3 10.7587
      vertex 9.27533 14.8 10.8165
      vertex 9.26385 14.8 10.7587
    endloop
  endfacet
  facet normal -0.980841 0 0.194811
    outer loop
      vertex 9.27533 14.8 10.8165
      vertex 9.26385 12.3 10.7587
      vertex 9.27533 12.3 10.8165
    endloop
  endfacet
  facet normal -0.946866 0 -0.321628
    outer loop
      vertex 9.29425 12.3 10.5278
      vertex 9.27533 14.8 10.5835
      vertex 9.29425 14.8 10.5278
    endloop
  endfacet
  facet normal -0.946866 -0 -0.321628
    outer loop
      vertex 9.27533 14.8 10.5835
      vertex 9.29425 12.3 10.5278
      vertex 9.27533 12.3 10.5835
    endloop
  endfacet
  facet normal 0.195365 0 -0.980731
    outer loop
      vertex 9.76874 12.3 10.2538
      vertex 9.82647 14.8 10.2653
      vertex 9.82647 12.3 10.2653
    endloop
  endfacet
  facet normal 0.195365 0 -0.980731
    outer loop
      vertex 9.82647 14.8 10.2653
      vertex 9.76874 12.3 10.2538
      vertex 9.76874 14.8 10.2538
    endloop
  endfacet
  facet normal -0.752177 0 -0.658961
    outer loop
      vertex 9.3918 12.3 10.3818
      vertex 9.35299 14.8 10.4261
      vertex 9.3918 14.8 10.3818
    endloop
  endfacet
  facet normal -0.752177 -0 -0.658961
    outer loop
      vertex 9.35299 14.8 10.4261
      vertex 9.3918 12.3 10.3818
      vertex 9.35299 12.3 10.4261
    endloop
  endfacet
  facet normal 0.897129 0 -0.441768
    outer loop
      vertex 10.1257 12.3 10.5278
      vertex 10.0997 14.8 10.475
      vertex 10.1257 14.8 10.5278
    endloop
  endfacet
  facet normal 0.897129 0 -0.441768
    outer loop
      vertex 10.0997 14.8 10.475
      vertex 10.1257 12.3 10.5278
      vertex 10.0997 12.3 10.475
    endloop
  endfacet
  facet normal 0.981099 0 -0.193504
    outer loop
      vertex 10.1561 12.3 10.6413
      vertex 10.1447 14.8 10.5835
      vertex 10.1561 14.8 10.6413
    endloop
  endfacet
  facet normal 0.981099 0 -0.193504
    outer loop
      vertex 10.1447 14.8 10.5835
      vertex 10.1561 12.3 10.6413
      vertex 10.1447 12.3 10.5835
    endloop
  endfacet
  facet normal -0.19373 0 0.981055
    outer loop
      vertex 9.59353 14.8 11.1347
      vertex 9.65126 12.3 11.1461
      vertex 9.65126 14.8 11.1461
    endloop
  endfacet
  facet normal -0.19373 0 0.981055
    outer loop
      vertex 9.65126 12.3 11.1461
      vertex 9.59353 14.8 11.1347
      vertex 9.59353 12.3 11.1347
    endloop
  endfacet
  facet normal 0.9978 0 -0.0662934
    outer loop
      vertex 10.16 12.3 10.7
      vertex 10.1561 14.8 10.6413
      vertex 10.16 14.8 10.7
    endloop
  endfacet
  facet normal 0.9978 0 -0.0662934
    outer loop
      vertex 10.1561 14.8 10.6413
      vertex 10.16 12.3 10.7
      vertex 10.1561 12.3 10.6413
    endloop
  endfacet
  facet normal 0.441836 0 -0.897096
    outer loop
      vertex 9.88221 12.3 10.2843
      vertex 9.935 14.8 10.3103
      vertex 9.935 12.3 10.3103
    endloop
  endfacet
  facet normal 0.441836 0 -0.897096
    outer loop
      vertex 9.935 14.8 10.3103
      vertex 9.88221 12.3 10.2843
      vertex 9.88221 14.8 10.2843
    endloop
  endfacet
  facet normal -0.946866 0 0.321628
    outer loop
      vertex 9.27533 12.3 10.8165
      vertex 9.29425 14.8 10.8722
      vertex 9.27533 14.8 10.8165
    endloop
  endfacet
  facet normal -0.946866 0 0.321628
    outer loop
      vertex 9.29425 14.8 10.8722
      vertex 9.27533 12.3 10.8165
      vertex 9.29425 12.3 10.8722
    endloop
  endfacet
  facet normal -0.997856 0 -0.0654471
    outer loop
      vertex 9.26385 12.3 10.6413
      vertex 9.26 14.8 10.7
      vertex 9.26385 14.8 10.6413
    endloop
  endfacet
  facet normal -0.997856 -0 -0.0654471
    outer loop
      vertex 9.26 14.8 10.7
      vertex 9.26385 12.3 10.6413
      vertex 9.26 12.3 10.7
    endloop
  endfacet
  facet normal 0.555562 0 0.831475
    outer loop
      vertex 9.935 14.8 11.0897
      vertex 9.98394 12.3 11.057
      vertex 9.98394 14.8 11.057
    endloop
  endfacet
  facet normal 0.555562 0 0.831475
    outer loop
      vertex 9.98394 12.3 11.057
      vertex 9.935 14.8 11.0897
      vertex 9.935 12.3 11.0897
    endloop
  endfacet
  facet normal 0.659202 0 0.751966
    outer loop
      vertex 9.98394 14.8 11.057
      vertex 10.0282 12.3 11.0182
      vertex 10.0282 14.8 11.0182
    endloop
  endfacet
  facet normal 0.659202 0 0.751966
    outer loop
      vertex 10.0282 12.3 11.0182
      vertex 9.98394 14.8 11.057
      vertex 9.98394 12.3 11.057
    endloop
  endfacet
  facet normal -0.831265 0 -0.555877
    outer loop
      vertex 9.35299 12.3 10.4261
      vertex 9.32029 14.8 10.475
      vertex 9.35299 14.8 10.4261
    endloop
  endfacet
  facet normal -0.831265 -0 -0.555877
    outer loop
      vertex 9.32029 14.8 10.475
      vertex 9.35299 12.3 10.4261
      vertex 9.32029 12.3 10.475
    endloop
  endfacet
  facet normal -0.980841 0 -0.194811
    outer loop
      vertex 9.27533 12.3 10.5835
      vertex 9.26385 14.8 10.6413
      vertex 9.27533 14.8 10.5835
    endloop
  endfacet
  facet normal -0.980841 -0 -0.194811
    outer loop
      vertex 9.26385 14.8 10.6413
      vertex 9.27533 12.3 10.5835
      vertex 9.26385 12.3 10.6413
    endloop
  endfacet
  facet normal -0.89686 0 -0.442315
    outer loop
      vertex 9.32029 12.3 10.475
      vertex 9.29425 14.8 10.5278
      vertex 9.32029 14.8 10.475
    endloop
  endfacet
  facet normal -0.89686 -0 -0.442315
    outer loop
      vertex 9.29425 14.8 10.5278
      vertex 9.32029 12.3 10.475
      vertex 9.29425 12.3 10.5278
    endloop
  endfacet
  facet normal 0.0645569 0 -0.997914
    outer loop
      vertex 9.71 12.3 10.25
      vertex 9.76874 14.8 10.2538
      vertex 9.76874 12.3 10.2538
    endloop
  endfacet
  facet normal 0.0645569 0 -0.997914
    outer loop
      vertex 9.76874 14.8 10.2538
      vertex 9.71 12.3 10.25
      vertex 9.71 14.8 10.25
    endloop
  endfacet
  facet normal -0.89686 0 0.442315
    outer loop
      vertex 9.29425 12.3 10.8722
      vertex 9.32029 14.8 10.925
      vertex 9.29425 14.8 10.8722
    endloop
  endfacet
  facet normal -0.89686 0 0.442315
    outer loop
      vertex 9.32029 14.8 10.925
      vertex 9.29425 12.3 10.8722
      vertex 9.32029 12.3 10.925
    endloop
  endfacet
  facet normal 0.19373 0 0.981055
    outer loop
      vertex 9.76874 14.8 11.1461
      vertex 9.82647 12.3 11.1347
      vertex 9.82647 14.8 11.1347
    endloop
  endfacet
  facet normal 0.19373 0 0.981055
    outer loop
      vertex 9.82647 12.3 11.1347
      vertex 9.76874 14.8 11.1461
      vertex 9.76874 12.3 11.1461
    endloop
  endfacet
  facet normal 0.0662484 0 0.997803
    outer loop
      vertex 9.71 14.8 11.15
      vertex 9.76874 12.3 11.1461
      vertex 9.76874 14.8 11.1461
    endloop
  endfacet
  facet normal 0.0662484 0 0.997803
    outer loop
      vertex 9.76874 12.3 11.1461
      vertex 9.71 14.8 11.15
      vertex 9.71 12.3 11.15
    endloop
  endfacet
  facet normal -0.831265 0 0.555877
    outer loop
      vertex 9.32029 12.3 10.925
      vertex 9.35299 14.8 10.9739
      vertex 9.32029 14.8 10.925
    endloop
  endfacet
  facet normal -0.831265 0 0.555877
    outer loop
      vertex 9.35299 14.8 10.9739
      vertex 9.32029 12.3 10.925
      vertex 9.35299 12.3 10.9739
    endloop
  endfacet
  facet normal 0.659202 0 -0.751966
    outer loop
      vertex 9.98394 12.3 10.343
      vertex 10.0282 14.8 10.3818
      vertex 10.0282 12.3 10.3818
    endloop
  endfacet
  facet normal 0.659202 0 -0.751966
    outer loop
      vertex 10.0282 14.8 10.3818
      vertex 9.98394 12.3 10.343
      vertex 9.98394 14.8 10.343
    endloop
  endfacet
  facet normal -0.752177 0 0.658961
    outer loop
      vertex 9.35299 12.3 10.9739
      vertex 9.3918 14.8 11.0182
      vertex 9.35299 14.8 10.9739
    endloop
  endfacet
  facet normal -0.752177 0 0.658961
    outer loop
      vertex 9.3918 14.8 11.0182
      vertex 9.35299 12.3 10.9739
      vertex 9.3918 12.3 11.0182
    endloop
  endfacet
  facet normal 1 -0 0
    outer loop
      vertex -20 8 0.00642395
      vertex -20 20 -1.2
      vertex -20 20 0.00642395
    endloop
  endfacet
  facet normal 1 0 0
    outer loop
      vertex -20 20 -1.2
      vertex -20 8 0.00642395
      vertex -20 8 -1.2
    endloop
  endfacet
  facet normal 0 0 -1
    outer loop
      vertex -26 8 -1.2
      vertex -20 20 -1.2
      vertex -20 8 -1.2
    endloop
  endfacet
  facet normal -0 0 -1
    outer loop
      vertex -20 20 -1.2
      vertex -26 8 -1.2
      vertex -26 20 -1.2
    endloop
  endfacet
  facet normal -1 0 0
    outer loop
      vertex -26 8 -1.2
      vertex -26 20 0.00642395
      vertex -26 20 -1.2
    endloop
  endfacet
  facet normal -1 -0 0
    outer loop
      vertex -26 20 0.00642395
      vertex -26 8 -1.2
      vertex -26 8 0.00642395
    endloop
  endfacet
  facet normal 0 1 -0
    outer loop
      vertex -20 20 -1.2
      vertex -26 20 0.00642395
      vertex -20 20 0.00642395
    endloop
  endfacet
  facet normal 0 1 0
    outer loop
      vertex -26 20 0.00642395
      vertex -20 20 -1.2
      vertex -26 20 -1.2
    endloop
  endfacet
  facet normal 0 -1 0
    outer loop
      vertex -26 8 -1.2
      vertex -20 8 0.00642395
      vertex -26 8 0.00642395
    endloop
  endfacet
  facet normal 0 -1 -0
    outer loop
      vertex -20 8 0.00642395
      vertex -26 8 -1.2
      vertex -20 8 -1.2
    endloop
  endfacet
  facet normal 1 -0 0
    outer loop
      vertex 26 8 0.00642395
      vertex 26 20 -1.2
      vertex 26 20 0.00642395
    endloop
  endfacet
  facet normal 1 0 0
    outer loop
      vertex 26 20 -1.2
      vertex 26 8 0.00642395
      vertex 26 8 -1.2
    endloop
  endfacet
  facet normal 0 0 -1
    outer loop
      vertex 20 8 -1.2
      vertex 26 20 -1.2
      vertex 26 8 -1.2
    endloop
  endfacet
  facet normal -0 0 -1
    outer loop
      vertex 26 20 -1.2
      vertex 20 8 -1.2
      vertex 20 20 -1.2
    endloop
  endfacet
  facet normal -1 0 0
    outer loop
      vertex 20 8 -1.2
      vertex 20 20 0.00642395
      vertex 20 20 -1.2
    endloop
  endfacet
  facet normal -1 -0 0
    outer loop
      vertex 20 20 0.00642395
      vertex 20 8 -1.2
      vertex 20 8 0.00642395
    endloop
  endfacet
  facet normal 0 1 -0
    outer loop
      vertex 26 20 -1.2
      vertex 20 20 0.00642395
      vertex 26 20 0.00642395
    endloop
  endfacet
  facet normal 0 1 0
    outer loop
      vertex 20 20 0.00642395
      vertex 26 20 -1.2
      vertex 20 20 -1.2
    endloop
  endfacet
  facet normal 0 -1 0
    outer loop
      vertex 20 8 -1.2
      vertex 26 8 0.00642395
      vertex 20 8 0.00642395
    endloop
  endfacet
  facet normal 0 -1 -0
    outer loop
      vertex 26 8 0.00642395
      vertex 20 8 -1.2
      vertex 26 8 -1.2
    endloop
  endfacet
endsolid OpenSCAD_Model
