solid OpenSCAD_Model
  facet normal -0.997862 0 0.0653568
    outer loop
      vertex -24 -2.65 51.3
      vertex -23.9735 -2 51.7046
      vertex -24 -2 51.3
    endloop
  endfacet
  facet normal -0.997862 0 0.0653568
    outer loop
      vertex -23.9735 -2 51.7046
      vertex -24 -2.65 51.3
      vertex -23.9735 -2.65 51.7046
    endloop
  endfacet
  facet normal 0.0653568 0 -0.997862
    outer loop
      vertex 20.9 -2.65 24.2
      vertex 21.3046 -2 24.2265
      vertex 21.3046 -2.65 24.2265
    endloop
  endfacet
  facet normal 0.0653568 0 -0.997862
    outer loop
      vertex 21.3046 -2 24.2265
      vertex 20.9 -2.65 24.2
      vertex 20.9 -2 24.2
    endloop
  endfacet
  facet normal 0.831481 0 -0.555553
    outer loop
      vertex 23.5847 -2.65 25.75
      vertex 23.3594 -2 25.4128
      vertex 23.5847 -2 25.75
    endloop
  endfacet
  facet normal 0.831481 0 -0.555553
    outer loop
      vertex 23.3594 -2 25.4128
      vertex 23.5847 -2.65 25.75
      vertex 23.3594 -2.65 25.4128
    endloop
  endfacet
  facet normal 0.555553 0 -0.831481
    outer loop
      vertex 22.45 -2.65 24.6153
      vertex 22.7872 -2 24.8406
      vertex 22.7872 -2.65 24.8406
    endloop
  endfacet
  facet normal 0.555553 0 -0.831481
    outer loop
      vertex 22.7872 -2 24.8406
      vertex 22.45 -2.65 24.6153
      vertex 22.45 -2 24.6153
    endloop
  endfacet
  facet normal 0.751721 0 -0.659482
    outer loop
      vertex 23.3594 -2.65 25.4128
      vertex 23.092 -2 25.108
      vertex 23.3594 -2 25.4128
    endloop
  endfacet
  facet normal 0.751721 0 -0.659482
    outer loop
      vertex 23.092 -2 25.108
      vertex 23.3594 -2.65 25.4128
      vertex 23.092 -2.65 25.108
    endloop
  endfacet
  facet normal -0.555553 0 -0.831481
    outer loop
      vertex -22.7872 -2.65 24.8406
      vertex -22.45 -2 24.6153
      vertex -22.45 -2.65 24.6153
    endloop
  endfacet
  facet normal -0.555553 0 -0.831481
    outer loop
      vertex -22.45 -2 24.6153
      vertex -22.7872 -2.65 24.8406
      vertex -22.7872 -2 24.8406
    endloop
  endfacet
  facet normal -0 0 1
    outer loop
      vertex -20.9 -2.42 54.4
      vertex 20.9 -2.65 54.4
      vertex 20.9 -2.42 54.4
    endloop
  endfacet
  facet normal 0 0 1
    outer loop
      vertex 20.9 -2.65 54.4
      vertex -20.9 -2.42 54.4
      vertex -20.9 -2.65 54.4
    endloop
  endfacet
  facet normal 0.195073 0 -0.980789
    outer loop
      vertex 21.3046 -2.65 24.2265
      vertex 21.7023 -2 24.3056
      vertex 21.7023 -2.65 24.3056
    endloop
  endfacet
  facet normal 0.195073 0 -0.980789
    outer loop
      vertex 21.7023 -2 24.3056
      vertex 21.3046 -2.65 24.2265
      vertex 21.3046 -2 24.2265
    endloop
  endfacet
  facet normal 0 0 -1
    outer loop
      vertex -20.9 -2.65 24.2
      vertex 20.9 -2 24.2
      vertex 20.9 -2.65 24.2
    endloop
  endfacet
  facet normal -0 0 -1
    outer loop
      vertex 20.9 -2 24.2
      vertex -20.9 -2.65 24.2
      vertex -20.9 -2 24.2
    endloop
  endfacet
  facet normal -0.0653568 0 -0.997862
    outer loop
      vertex -21.3046 -2.65 24.2265
      vertex -20.9 -2 24.2
      vertex -20.9 -2.65 24.2
    endloop
  endfacet
  facet normal -0.0653568 0 -0.997862
    outer loop
      vertex -20.9 -2 24.2
      vertex -21.3046 -2.65 24.2265
      vertex -21.3046 -2 24.2265
    endloop
  endfacet
  facet normal 0.83164 0 0.555315
    outer loop
      vertex 23.3594 -2.42 53.1872
      vertex 23.3594 -2.65 53.1872
      vertex 23.4844 -2.42 53
    endloop
  endfacet
  facet normal 0.831282 -0 0.555851
    outer loop
      vertex 23.4844 -2.42 53
      vertex 23.5847 -2 52.85
      vertex 23.4844 -2 53
    endloop
  endfacet
  facet normal 0.831282 0 0.555851
    outer loop
      vertex 23.4844 -2.42 53
      vertex 23.5847 -2.65 52.85
      vertex 23.5847 -2 52.85
    endloop
  endfacet
  facet normal 0.831481 0.000280462 0.555553
    outer loop
      vertex 23.5847 -2.65 52.85
      vertex 23.4844 -2.42 53
      vertex 23.3594 -2.65 53.1872
    endloop
  endfacet
  facet normal 0.442284 -0 0.896875
    outer loop
      vertex 22.1148 -2.42 54.15
      vertex 22.45 -2 53.9847
      vertex 22.1148 -2 54.15
    endloop
  endfacet
  facet normal 0.442284 0 0.896875
    outer loop
      vertex 22.45 -2 53.9847
      vertex 22.1148 -2.42 54.15
      vertex 22.45 -2.65 53.9847
    endloop
  endfacet
  facet normal 0.440904 -0 0.897554
    outer loop
      vertex 22.0863 -2.65 54.164
      vertex 22.1148 -2.42 54.15
      vertex 22.0863 -2.42 54.164
    endloop
  endfacet
  facet normal 0.442176 -0.000195681 0.896928
    outer loop
      vertex 22.1148 -2.42 54.15
      vertex 22.0863 -2.65 54.164
      vertex 22.45 -2.65 53.9847
    endloop
  endfacet
  facet normal -0.0653568 0 0.997862
    outer loop
      vertex -21.3046 -2.42 54.3735
      vertex -20.9 -2.65 54.4
      vertex -20.9 -2.42 54.4
    endloop
  endfacet
  facet normal -0.0653568 0 0.997862
    outer loop
      vertex -20.9 -2.65 54.4
      vertex -21.3046 -2.42 54.3735
      vertex -21.3046 -2.65 54.3735
    endloop
  endfacet
  facet normal 0.997862 0 -0.0653568
    outer loop
      vertex 24 -2.65 27.3
      vertex 23.9735 -2 26.8954
      vertex 24 -2 27.3
    endloop
  endfacet
  facet normal 0.997862 0 -0.0653568
    outer loop
      vertex 23.9735 -2 26.8954
      vertex 24 -2.65 27.3
      vertex 23.9735 -2.65 26.8954
    endloop
  endfacet
  facet normal -0.195073 0 0.980789
    outer loop
      vertex -21.7023 -2.42 54.2944
      vertex -21.3046 -2.65 54.3735
      vertex -21.3046 -2.42 54.3735
    endloop
  endfacet
  facet normal -0.195073 0 0.980789
    outer loop
      vertex -21.3046 -2.65 54.3735
      vertex -21.7023 -2.42 54.2944
      vertex -21.7023 -2.65 54.2944
    endloop
  endfacet
  facet normal -0.831282 0 0.555851
    outer loop
      vertex -23.5847 -2 52.85
      vertex -23.4844 -2.42 53
      vertex -23.4844 -2 53
    endloop
  endfacet
  facet normal -0.831282 0 0.555851
    outer loop
      vertex -23.5847 -2.65 52.85
      vertex -23.4844 -2.42 53
      vertex -23.5847 -2 52.85
    endloop
  endfacet
  facet normal -0.831481 0.000280462 0.555553
    outer loop
      vertex -23.3594 -2.65 53.1872
      vertex -23.4844 -2.42 53
      vertex -23.5847 -2.65 52.85
    endloop
  endfacet
  facet normal -0.83164 0 0.555315
    outer loop
      vertex -23.4844 -2.42 53
      vertex -23.3594 -2.65 53.1872
      vertex -23.3594 -2.42 53.1872
    endloop
  endfacet
  facet normal 1 -0 0
    outer loop
      vertex 24 -2.65 51.3
      vertex 24 -2 27.3
      vertex 24 -2 51.3
    endloop
  endfacet
  facet normal 1 0 0
    outer loop
      vertex 24 -2 27.3
      vertex 24 -2.65 51.3
      vertex 24 -2.65 27.3
    endloop
  endfacet
  facet normal 0.896928 -0 0.442176
    outer loop
      vertex 23.5847 -2.65 52.85
      vertex 23.764 -2 52.4863
      vertex 23.5847 -2 52.85
    endloop
  endfacet
  facet normal 0.896928 0 0.442176
    outer loop
      vertex 23.764 -2 52.4863
      vertex 23.5847 -2.65 52.85
      vertex 23.764 -2.65 52.4863
    endloop
  endfacet
  facet normal -0.946893 0 0.321549
    outer loop
      vertex -23.8944 -2.65 52.1023
      vertex -23.764 -2 52.4863
      vertex -23.8944 -2 52.1023
    endloop
  endfacet
  facet normal -0.946893 0 0.321549
    outer loop
      vertex -23.764 -2 52.4863
      vertex -23.8944 -2.65 52.1023
      vertex -23.764 -2.65 52.4863
    endloop
  endfacet
  facet normal 0.0653568 0 0.997862
    outer loop
      vertex 20.9 -2.42 54.4
      vertex 21.3046 -2.65 54.3735
      vertex 21.3046 -2.42 54.3735
    endloop
  endfacet
  facet normal 0.0653568 0 0.997862
    outer loop
      vertex 21.3046 -2.65 54.3735
      vertex 20.9 -2.42 54.4
      vertex 20.9 -2.65 54.4
    endloop
  endfacet
  facet normal -0.659482 0 0.751721
    outer loop
      vertex -23.092 -2 53.492
      vertex -22.7872 -2.65 53.7594
      vertex -22.7872 -2 53.7594
    endloop
  endfacet
  facet normal -0.659482 0 0.751721
    outer loop
      vertex -22.7872 -2.65 53.7594
      vertex -23.092 -2 53.492
      vertex -23.092 -2.65 53.492
    endloop
  endfacet
  facet normal -1 0 0
    outer loop
      vertex -24 -2.65 27.3
      vertex -24 -2 51.3
      vertex -24 -2 27.3
    endloop
  endfacet
  facet normal -1 -0 0
    outer loop
      vertex -24 -2 51.3
      vertex -24 -2.65 27.3
      vertex -24 -2.65 51.3
    endloop
  endfacet
  facet normal 0.555553 0 0.831481
    outer loop
      vertex 22.45 -2 53.9847
      vertex 22.7872 -2.65 53.7594
      vertex 22.7872 -2 53.7594
    endloop
  endfacet
  facet normal 0.555553 0 0.831481
    outer loop
      vertex 22.7872 -2.65 53.7594
      vertex 22.45 -2 53.9847
      vertex 22.45 -2.65 53.9847
    endloop
  endfacet
  facet normal -0.751813 0 0.659377
    outer loop
      vertex -23.3594 -2.42 53.1872
      vertex -23.3594 -2.65 53.1872
      vertex -23.1026 -2.42 53.48
    endloop
  endfacet
  facet normal -0.749473 0 0.662035
    outer loop
      vertex -23.1026 -2.42 53.48
      vertex -23.092 -2 53.492
      vertex -23.1026 -2 53.48
    endloop
  endfacet
  facet normal -0.749473 0 0.662035
    outer loop
      vertex -23.1026 -2.42 53.48
      vertex -23.092 -2.65 53.492
      vertex -23.092 -2 53.492
    endloop
  endfacet
  facet normal -0.75172 -0.000236762 0.659482
    outer loop
      vertex -23.092 -2.65 53.492
      vertex -23.1026 -2.42 53.48
      vertex -23.3594 -2.65 53.1872
    endloop
  endfacet
  facet normal -0.442176 0 -0.896928
    outer loop
      vertex -22.45 -2.65 24.6153
      vertex -22.0863 -2 24.436
      vertex -22.0863 -2.65 24.436
    endloop
  endfacet
  facet normal -0.442176 0 -0.896928
    outer loop
      vertex -22.0863 -2 24.436
      vertex -22.45 -2.65 24.6153
      vertex -22.45 -2 24.6153
    endloop
  endfacet
  facet normal -0.946893 0 -0.321549
    outer loop
      vertex -23.764 -2.65 26.1137
      vertex -23.8944 -2 26.4977
      vertex -23.764 -2 26.1137
    endloop
  endfacet
  facet normal -0.946893 -0 -0.321549
    outer loop
      vertex -23.8944 -2 26.4977
      vertex -23.764 -2.65 26.1137
      vertex -23.8944 -2.65 26.4977
    endloop
  endfacet
  facet normal -0.195073 0 -0.980789
    outer loop
      vertex -21.7023 -2.65 24.3056
      vertex -21.3046 -2 24.2265
      vertex -21.3046 -2.65 24.2265
    endloop
  endfacet
  facet normal -0.195073 0 -0.980789
    outer loop
      vertex -21.3046 -2 24.2265
      vertex -21.7023 -2.65 24.3056
      vertex -21.7023 -2 24.3056
    endloop
  endfacet
  facet normal 0.997862 -0 0.0653568
    outer loop
      vertex 23.9735 -2.65 51.7046
      vertex 24 -2 51.3
      vertex 23.9735 -2 51.7046
    endloop
  endfacet
  facet normal 0.997862 0 0.0653568
    outer loop
      vertex 24 -2 51.3
      vertex 23.9735 -2.65 51.7046
      vertex 24 -2.65 51.3
    endloop
  endfacet
  facet normal -0.321549 0 -0.946893
    outer loop
      vertex -22.0863 -2.65 24.436
      vertex -21.7023 -2 24.3056
      vertex -21.7023 -2.65 24.3056
    endloop
  endfacet
  facet normal -0.321549 0 -0.946893
    outer loop
      vertex -21.7023 -2 24.3056
      vertex -22.0863 -2.65 24.436
      vertex -22.0863 -2 24.436
    endloop
  endfacet
  facet normal 0.659482 0 0.751721
    outer loop
      vertex 22.7872 -2 53.7594
      vertex 23.092 -2.65 53.492
      vertex 23.092 -2 53.492
    endloop
  endfacet
  facet normal 0.659482 0 0.751721
    outer loop
      vertex 23.092 -2.65 53.492
      vertex 22.7872 -2 53.7594
      vertex 22.7872 -2.65 53.7594
    endloop
  endfacet
  facet normal 0.896928 0 -0.442176
    outer loop
      vertex 23.764 -2.65 26.1137
      vertex 23.5847 -2 25.75
      vertex 23.764 -2 26.1137
    endloop
  endfacet
  facet normal 0.896928 0 -0.442176
    outer loop
      vertex 23.5847 -2 25.75
      vertex 23.764 -2.65 26.1137
      vertex 23.5847 -2.65 25.75
    endloop
  endfacet
  facet normal 0.659482 0 -0.751721
    outer loop
      vertex 22.7872 -2.65 24.8406
      vertex 23.092 -2 25.108
      vertex 23.092 -2.65 25.108
    endloop
  endfacet
  facet normal 0.659482 0 -0.751721
    outer loop
      vertex 23.092 -2 25.108
      vertex 22.7872 -2.65 24.8406
      vertex 22.7872 -2 24.8406
    endloop
  endfacet
  facet normal -0.980789 0 0.195073
    outer loop
      vertex -23.9735 -2.65 51.7046
      vertex -23.8944 -2 52.1023
      vertex -23.9735 -2 51.7046
    endloop
  endfacet
  facet normal -0.980789 0 0.195073
    outer loop
      vertex -23.8944 -2 52.1023
      vertex -23.9735 -2.65 51.7046
      vertex -23.8944 -2.65 52.1023
    endloop
  endfacet
  facet normal 0.946893 -0 0.321549
    outer loop
      vertex 23.764 -2.65 52.4863
      vertex 23.8944 -2 52.1023
      vertex 23.764 -2 52.4863
    endloop
  endfacet
  facet normal 0.946893 0 0.321549
    outer loop
      vertex 23.8944 -2 52.1023
      vertex 23.764 -2.65 52.4863
      vertex 23.8944 -2.65 52.1023
    endloop
  endfacet
  facet normal 0.442176 0 -0.896928
    outer loop
      vertex 22.0863 -2.65 24.436
      vertex 22.45 -2 24.6153
      vertex 22.45 -2.65 24.6153
    endloop
  endfacet
  facet normal 0.442176 0 -0.896928
    outer loop
      vertex 22.45 -2 24.6153
      vertex 22.0863 -2.65 24.436
      vertex 22.0863 -2 24.436
    endloop
  endfacet
  facet normal 0.195073 0 0.980789
    outer loop
      vertex 21.3046 -2.42 54.3735
      vertex 21.7023 -2.65 54.2944
      vertex 21.7023 -2.42 54.2944
    endloop
  endfacet
  facet normal 0.195073 0 0.980789
    outer loop
      vertex 21.7023 -2.65 54.2944
      vertex 21.3046 -2.42 54.3735
      vertex 21.3046 -2.65 54.3735
    endloop
  endfacet
  facet normal -0.321549 0 0.946893
    outer loop
      vertex -22.0863 -2.42 54.164
      vertex -21.7023 -2.65 54.2944
      vertex -21.7023 -2.42 54.2944
    endloop
  endfacet
  facet normal -0.321549 0 0.946893
    outer loop
      vertex -21.7023 -2.65 54.2944
      vertex -22.0863 -2.42 54.164
      vertex -22.0863 -2.65 54.164
    endloop
  endfacet
  facet normal -0.997862 0 -0.0653568
    outer loop
      vertex -23.9735 -2.65 26.8954
      vertex -24 -2 27.3
      vertex -23.9735 -2 26.8954
    endloop
  endfacet
  facet normal -0.997862 -0 -0.0653568
    outer loop
      vertex -24 -2 27.3
      vertex -23.9735 -2.65 26.8954
      vertex -24 -2.65 27.3
    endloop
  endfacet
  facet normal -0.751721 0 -0.659482
    outer loop
      vertex -23.092 -2.65 25.108
      vertex -23.3594 -2 25.4128
      vertex -23.092 -2 25.108
    endloop
  endfacet
  facet normal -0.751721 -0 -0.659482
    outer loop
      vertex -23.3594 -2 25.4128
      vertex -23.092 -2.65 25.108
      vertex -23.3594 -2.65 25.4128
    endloop
  endfacet
  facet normal 0.321549 0 -0.946893
    outer loop
      vertex 21.7023 -2.65 24.3056
      vertex 22.0863 -2 24.436
      vertex 22.0863 -2.65 24.436
    endloop
  endfacet
  facet normal 0.321549 0 -0.946893
    outer loop
      vertex 22.0863 -2 24.436
      vertex 21.7023 -2.65 24.3056
      vertex 21.7023 -2 24.3056
    endloop
  endfacet
  facet normal -0.442284 0 0.896875
    outer loop
      vertex -22.1148 -2 54.15
      vertex -22.45 -2 53.9847
      vertex -22.1148 -2.42 54.15
    endloop
  endfacet
  facet normal -0.440904 0 0.897554
    outer loop
      vertex -22.1148 -2.42 54.15
      vertex -22.0863 -2.65 54.164
      vertex -22.0863 -2.42 54.164
    endloop
  endfacet
  facet normal -0.442284 0 0.896875
    outer loop
      vertex -22.45 -2.65 53.9847
      vertex -22.1148 -2.42 54.15
      vertex -22.45 -2 53.9847
    endloop
  endfacet
  facet normal -0.442176 -0.000195681 0.896928
    outer loop
      vertex -22.1148 -2.42 54.15
      vertex -22.45 -2.65 53.9847
      vertex -22.0863 -2.65 54.164
    endloop
  endfacet
  facet normal 0.321549 0 0.946893
    outer loop
      vertex 21.7023 -2.42 54.2944
      vertex 22.0863 -2.65 54.164
      vertex 22.0863 -2.42 54.164
    endloop
  endfacet
  facet normal 0.321549 0 0.946893
    outer loop
      vertex 22.0863 -2.65 54.164
      vertex 21.7023 -2.42 54.2944
      vertex 21.7023 -2.65 54.2944
    endloop
  endfacet
  facet normal -0.896928 0 -0.442176
    outer loop
      vertex -23.5847 -2.65 25.75
      vertex -23.764 -2 26.1137
      vertex -23.5847 -2 25.75
    endloop
  endfacet
  facet normal -0.896928 -0 -0.442176
    outer loop
      vertex -23.764 -2 26.1137
      vertex -23.5847 -2.65 25.75
      vertex -23.764 -2.65 26.1137
    endloop
  endfacet
  facet normal -0.896928 0 0.442176
    outer loop
      vertex -23.764 -2.65 52.4863
      vertex -23.5847 -2 52.85
      vertex -23.764 -2 52.4863
    endloop
  endfacet
  facet normal -0.896928 0 0.442176
    outer loop
      vertex -23.5847 -2 52.85
      vertex -23.764 -2.65 52.4863
      vertex -23.5847 -2.65 52.85
    endloop
  endfacet
  facet normal -0.659482 0 -0.751721
    outer loop
      vertex -23.092 -2.65 25.108
      vertex -22.7872 -2 24.8406
      vertex -22.7872 -2.65 24.8406
    endloop
  endfacet
  facet normal -0.659482 0 -0.751721
    outer loop
      vertex -22.7872 -2 24.8406
      vertex -23.092 -2.65 25.108
      vertex -23.092 -2 25.108
    endloop
  endfacet
  facet normal -0.555553 0 0.831481
    outer loop
      vertex -22.7872 -2 53.7594
      vertex -22.45 -2.65 53.9847
      vertex -22.45 -2 53.9847
    endloop
  endfacet
  facet normal -0.555553 0 0.831481
    outer loop
      vertex -22.45 -2.65 53.9847
      vertex -22.7872 -2 53.7594
      vertex -22.7872 -2.65 53.7594
    endloop
  endfacet
  facet normal -0.980789 0 -0.195073
    outer loop
      vertex -23.8944 -2.65 26.4977
      vertex -23.9735 -2 26.8954
      vertex -23.8944 -2 26.4977
    endloop
  endfacet
  facet normal -0.980789 -0 -0.195073
    outer loop
      vertex -23.9735 -2 26.8954
      vertex -23.8944 -2.65 26.4977
      vertex -23.9735 -2.65 26.8954
    endloop
  endfacet
  facet normal -0.831481 0 -0.555553
    outer loop
      vertex -23.3594 -2.65 25.4128
      vertex -23.5847 -2 25.75
      vertex -23.3594 -2 25.4128
    endloop
  endfacet
  facet normal -0.831481 -0 -0.555553
    outer loop
      vertex -23.5847 -2 25.75
      vertex -23.3594 -2.65 25.4128
      vertex -23.5847 -2.65 25.75
    endloop
  endfacet
  facet normal 0.980789 -0 0.195073
    outer loop
      vertex 23.8944 -2.65 52.1023
      vertex 23.9735 -2 51.7046
      vertex 23.8944 -2 52.1023
    endloop
  endfacet
  facet normal 0.980789 0 0.195073
    outer loop
      vertex 23.9735 -2 51.7046
      vertex 23.8944 -2.65 52.1023
      vertex 23.9735 -2.65 51.7046
    endloop
  endfacet
  facet normal 0.749473 0 0.662035
    outer loop
      vertex 23.092 -2 53.492
      vertex 23.1026 -2.42 53.48
      vertex 23.1026 -2 53.48
    endloop
  endfacet
  facet normal 0.749473 -0 0.662035
    outer loop
      vertex 23.092 -2.65 53.492
      vertex 23.1026 -2.42 53.48
      vertex 23.092 -2 53.492
    endloop
  endfacet
  facet normal 0.75172 -0.000236762 0.659482
    outer loop
      vertex 23.3594 -2.65 53.1872
      vertex 23.1026 -2.42 53.48
      vertex 23.092 -2.65 53.492
    endloop
  endfacet
  facet normal 0.751813 0 0.659377
    outer loop
      vertex 23.1026 -2.42 53.48
      vertex 23.3594 -2.65 53.1872
      vertex 23.3594 -2.42 53.1872
    endloop
  endfacet
  facet normal 0.980789 0 -0.195073
    outer loop
      vertex 23.9735 -2.65 26.8954
      vertex 23.8944 -2 26.4977
      vertex 23.9735 -2 26.8954
    endloop
  endfacet
  facet normal 0.980789 0 -0.195073
    outer loop
      vertex 23.8944 -2 26.4977
      vertex 23.9735 -2.65 26.8954
      vertex 23.8944 -2.65 26.4977
    endloop
  endfacet
  facet normal 0.946893 0 -0.321549
    outer loop
      vertex 23.8944 -2.65 26.4977
      vertex 23.764 -2 26.1137
      vertex 23.8944 -2 26.4977
    endloop
  endfacet
  facet normal 0.946893 0 -0.321549
    outer loop
      vertex 23.764 -2 26.1137
      vertex 23.8944 -2.65 26.4977
      vertex 23.764 -2.65 26.1137
    endloop
  endfacet
  facet normal 0 -1 0
    outer loop
      vertex -20.4 -2.65 51.6651
      vertex -20.9 -2.65 54.4
      vertex -21.3046 -2.65 54.3735
    endloop
  endfacet
  facet normal 0 -1 0
    outer loop
      vertex -20.9 -2.65 54.4
      vertex -19.15 -2.65 52
      vertex 20.9 -2.65 54.4
    endloop
  endfacet
  facet normal 0 -1 0
    outer loop
      vertex -20.4 -2.65 51.6651
      vertex -21.3046 -2.65 54.3735
      vertex -21.7023 -2.65 54.2944
    endloop
  endfacet
  facet normal 0 -1 0
    outer loop
      vertex 19.15 -2.65 52
      vertex 20.9 -2.65 54.4
      vertex -19.15 -2.65 52
    endloop
  endfacet
  facet normal 0 -1 0
    outer loop
      vertex -20.6719 -2.65 51.4834
      vertex -21.7023 -2.65 54.2944
      vertex -22.0863 -2.65 54.164
    endloop
  endfacet
  facet normal 0 -1 0
    outer loop
      vertex 19.4763 -2.65 51.9786
      vertex 20.9 -2.65 54.4
      vertex 19.15 -2.65 52
    endloop
  endfacet
  facet normal 0 -1 0
    outer loop
      vertex -20.6719 -2.65 51.4834
      vertex -22.0863 -2.65 54.164
      vertex -22.45 -2.65 53.9847
    endloop
  endfacet
  facet normal 0 -1 0
    outer loop
      vertex 19.797 -2.65 51.9148
      vertex 20.9 -2.65 54.4
      vertex 19.4763 -2.65 51.9786
    endloop
  endfacet
  facet normal 0 -1 0
    outer loop
      vertex -20.6719 -2.65 51.4834
      vertex -22.45 -2.65 53.9847
      vertex -22.7872 -2.65 53.7594
    endloop
  endfacet
  facet normal 0 -1 0
    outer loop
      vertex 20.1067 -2.65 51.8097
      vertex 20.9 -2.65 54.4
      vertex 19.797 -2.65 51.9148
    endloop
  endfacet
  facet normal 0 -1 0
    outer loop
      vertex -20.9178 -2.65 51.2678
      vertex -22.7872 -2.65 53.7594
      vertex -23.092 -2.65 53.492
    endloop
  endfacet
  facet normal 0 -1 0
    outer loop
      vertex 20.4 -2.65 51.6651
      vertex 20.9 -2.65 54.4
      vertex 20.1067 -2.65 51.8097
    endloop
  endfacet
  facet normal 0 -1 0
    outer loop
      vertex -20.9178 -2.65 51.2678
      vertex -23.092 -2.65 53.492
      vertex -23.3594 -2.65 53.1872
    endloop
  endfacet
  facet normal 0 -1 -0
    outer loop
      vertex 20.9 -2.65 54.4
      vertex 20.4 -2.65 51.6651
      vertex 21.3046 -2.65 54.3735
    endloop
  endfacet
  facet normal 0 -1 0
    outer loop
      vertex -20.9178 -2.65 51.2678
      vertex -23.3594 -2.65 53.1872
      vertex -23.5847 -2.65 52.85
    endloop
  endfacet
  facet normal 0 -1 -0
    outer loop
      vertex 21.3046 -2.65 54.3735
      vertex 20.4 -2.65 51.6651
      vertex 21.7023 -2.65 54.2944
    endloop
  endfacet
  facet normal 0 -1 0
    outer loop
      vertex -21.1334 -2.65 51.0219
      vertex -23.5847 -2.65 52.85
      vertex -23.764 -2.65 52.4863
    endloop
  endfacet
  facet normal 0 -1 0
    outer loop
      vertex 20.6719 -2.65 51.4834
      vertex 21.7023 -2.65 54.2944
      vertex 20.4 -2.65 51.6651
    endloop
  endfacet
  facet normal 0 -1 0
    outer loop
      vertex -21.1334 -2.65 51.0219
      vertex -23.764 -2.65 52.4863
      vertex -23.8944 -2.65 52.1023
    endloop
  endfacet
  facet normal 0 -1 -0
    outer loop
      vertex 21.7023 -2.65 54.2944
      vertex 20.6719 -2.65 51.4834
      vertex 22.0863 -2.65 54.164
    endloop
  endfacet
  facet normal 0 -1 -0
    outer loop
      vertex 22.0863 -2.65 54.164
      vertex 20.6719 -2.65 51.4834
      vertex 22.45 -2.65 53.9847
    endloop
  endfacet
  facet normal 0 -1 0
    outer loop
      vertex -20.9 -2.65 54.4
      vertex -19.4763 -2.65 51.9786
      vertex -19.15 -2.65 52
    endloop
  endfacet
  facet normal 0 -1 0
    outer loop
      vertex -20.9 -2.65 54.4
      vertex -19.797 -2.65 51.9148
      vertex -19.4763 -2.65 51.9786
    endloop
  endfacet
  facet normal 0 -1 0
    outer loop
      vertex -20.9 -2.65 54.4
      vertex -20.1067 -2.65 51.8097
      vertex -19.797 -2.65 51.9148
    endloop
  endfacet
  facet normal 0 -1 0
    outer loop
      vertex -21.3151 -2.65 50.75
      vertex -23.8944 -2.65 52.1023
      vertex -23.9735 -2.65 51.7046
    endloop
  endfacet
  facet normal 0 -1 0
    outer loop
      vertex -20.9 -2.65 54.4
      vertex -20.4 -2.65 51.6651
      vertex -20.1067 -2.65 51.8097
    endloop
  endfacet
  facet normal 0 -1 0
    outer loop
      vertex -21.7023 -2.65 54.2944
      vertex -20.6719 -2.65 51.4834
      vertex -20.4 -2.65 51.6651
    endloop
  endfacet
  facet normal 0 -1 0
    outer loop
      vertex -21.3151 -2.65 50.75
      vertex -23.9735 -2.65 51.7046
      vertex -24 -2.65 51.3
    endloop
  endfacet
  facet normal 0 -1 0
    outer loop
      vertex -22.7872 -2.65 53.7594
      vertex -20.9178 -2.65 51.2678
      vertex -20.6719 -2.65 51.4834
    endloop
  endfacet
  facet normal 0 -1 0
    outer loop
      vertex -23.5847 -2.65 52.85
      vertex -21.1334 -2.65 51.0219
      vertex -20.9178 -2.65 51.2678
    endloop
  endfacet
  facet normal 0 -1 0
    outer loop
      vertex -23.8944 -2.65 52.1023
      vertex -21.3151 -2.65 50.75
      vertex -21.1334 -2.65 51.0219
    endloop
  endfacet
  facet normal 0 -1 0
    outer loop
      vertex -24 -2.65 51.3
      vertex -21.4597 -2.65 50.4567
      vertex -21.3151 -2.65 50.75
    endloop
  endfacet
  facet normal 0 -1 0
    outer loop
      vertex -24 -2.65 51.3
      vertex -21.5648 -2.65 50.147
      vertex -21.4597 -2.65 50.4567
    endloop
  endfacet
  facet normal 0 -1 0
    outer loop
      vertex -24 -2.65 51.3
      vertex -21.6286 -2.65 49.8263
      vertex -21.5648 -2.65 50.147
    endloop
  endfacet
  facet normal 0 -1 0
    outer loop
      vertex -24 -2.65 51.3
      vertex -21.65 -2.65 49.5
      vertex -21.6286 -2.65 49.8263
    endloop
  endfacet
  facet normal 0 -1 0
    outer loop
      vertex -24 -2.65 27.3
      vertex -21.65 -2.65 49.5
      vertex -24 -2.65 51.3
    endloop
  endfacet
  facet normal 0 -1 -0
    outer loop
      vertex -21.65 -2.65 49.5
      vertex -24 -2.65 27.3
      vertex -21.65 -2.65 28.6
    endloop
  endfacet
  facet normal 0 -1 -0
    outer loop
      vertex -21.65 -2.65 28.6
      vertex -24 -2.65 27.3
      vertex -21.6286 -2.65 28.2737
    endloop
  endfacet
  facet normal 0 -1 0
    outer loop
      vertex -24 -2.65 27.3
      vertex -21.5648 -2.65 27.953
      vertex -21.6286 -2.65 28.2737
    endloop
  endfacet
  facet normal 0 -1 0
    outer loop
      vertex -24 -2.65 27.3
      vertex -21.4597 -2.65 27.6433
      vertex -21.5648 -2.65 27.953
    endloop
  endfacet
  facet normal 0 -1 0
    outer loop
      vertex -23.9735 -2.65 26.8954
      vertex -21.4597 -2.65 27.6433
      vertex -24 -2.65 27.3
    endloop
  endfacet
  facet normal 0 -1 0
    outer loop
      vertex -23.8944 -2.65 26.4977
      vertex -21.4597 -2.65 27.6433
      vertex -23.9735 -2.65 26.8954
    endloop
  endfacet
  facet normal 0 -1 -0
    outer loop
      vertex -21.4597 -2.65 27.6433
      vertex -23.8944 -2.65 26.4977
      vertex -21.3151 -2.65 27.35
    endloop
  endfacet
  facet normal 0 -1 0
    outer loop
      vertex -23.764 -2.65 26.1137
      vertex -21.3151 -2.65 27.35
      vertex -23.8944 -2.65 26.4977
    endloop
  endfacet
  facet normal 0 -1 0
    outer loop
      vertex -23.5847 -2.65 25.75
      vertex -21.3151 -2.65 27.35
      vertex -23.764 -2.65 26.1137
    endloop
  endfacet
  facet normal 0 -1 -0
    outer loop
      vertex -21.3151 -2.65 27.35
      vertex -23.5847 -2.65 25.75
      vertex -21.1334 -2.65 27.0781
    endloop
  endfacet
  facet normal 0 -1 0
    outer loop
      vertex -23.3594 -2.65 25.4128
      vertex -21.1334 -2.65 27.0781
      vertex -23.5847 -2.65 25.75
    endloop
  endfacet
  facet normal 0 -1 0
    outer loop
      vertex -23.092 -2.65 25.108
      vertex -21.1334 -2.65 27.0781
      vertex -23.3594 -2.65 25.4128
    endloop
  endfacet
  facet normal 0 -1 -0
    outer loop
      vertex -21.1334 -2.65 27.0781
      vertex -23.092 -2.65 25.108
      vertex -20.9178 -2.65 26.8322
    endloop
  endfacet
  facet normal 0 -1 0
    outer loop
      vertex -22.7872 -2.65 24.8406
      vertex -20.9178 -2.65 26.8322
      vertex -23.092 -2.65 25.108
    endloop
  endfacet
  facet normal 0 -1 0
    outer loop
      vertex -22.45 -2.65 24.6153
      vertex -20.9178 -2.65 26.8322
      vertex -22.7872 -2.65 24.8406
    endloop
  endfacet
  facet normal 0 -1 -0
    outer loop
      vertex -20.9178 -2.65 26.8322
      vertex -22.45 -2.65 24.6153
      vertex -20.6719 -2.65 26.6166
    endloop
  endfacet
  facet normal 0 -1 0
    outer loop
      vertex -21.7023 -2.65 24.3056
      vertex -20.6719 -2.65 26.6166
      vertex -22.0863 -2.65 24.436
    endloop
  endfacet
  facet normal 0 -1 0
    outer loop
      vertex -22.0863 -2.65 24.436
      vertex -20.6719 -2.65 26.6166
      vertex -22.45 -2.65 24.6153
    endloop
  endfacet
  facet normal 0 -1 -0
    outer loop
      vertex 22.45 -2.65 53.9847
      vertex 20.6719 -2.65 51.4834
      vertex 22.7872 -2.65 53.7594
    endloop
  endfacet
  facet normal 0 -1 0
    outer loop
      vertex 20.9178 -2.65 51.2678
      vertex 22.7872 -2.65 53.7594
      vertex 20.6719 -2.65 51.4834
    endloop
  endfacet
  facet normal 0 -1 -0
    outer loop
      vertex 22.7872 -2.65 53.7594
      vertex 20.9178 -2.65 51.2678
      vertex 23.092 -2.65 53.492
    endloop
  endfacet
  facet normal 0 -1 -0
    outer loop
      vertex 23.092 -2.65 53.492
      vertex 20.9178 -2.65 51.2678
      vertex 23.3594 -2.65 53.1872
    endloop
  endfacet
  facet normal 0 -1 -0
    outer loop
      vertex 23.3594 -2.65 53.1872
      vertex 20.9178 -2.65 51.2678
      vertex 23.5847 -2.65 52.85
    endloop
  endfacet
  facet normal 0 -1 0
    outer loop
      vertex 21.1334 -2.65 51.0219
      vertex 23.5847 -2.65 52.85
      vertex 20.9178 -2.65 51.2678
    endloop
  endfacet
  facet normal 0 -1 -0
    outer loop
      vertex 23.5847 -2.65 52.85
      vertex 21.1334 -2.65 51.0219
      vertex 23.764 -2.65 52.4863
    endloop
  endfacet
  facet normal 0 -1 -0
    outer loop
      vertex 23.764 -2.65 52.4863
      vertex 21.1334 -2.65 51.0219
      vertex 23.8944 -2.65 52.1023
    endloop
  endfacet
  facet normal 0 -1 0
    outer loop
      vertex 21.3151 -2.65 50.75
      vertex 23.8944 -2.65 52.1023
      vertex 21.1334 -2.65 51.0219
    endloop
  endfacet
  facet normal 0 -1 -0
    outer loop
      vertex 23.8944 -2.65 52.1023
      vertex 21.3151 -2.65 50.75
      vertex 23.9735 -2.65 51.7046
    endloop
  endfacet
  facet normal 0 -1 -0
    outer loop
      vertex 23.9735 -2.65 51.7046
      vertex 21.3151 -2.65 50.75
      vertex 24 -2.65 51.3
    endloop
  endfacet
  facet normal 0 -1 0
    outer loop
      vertex 21.4597 -2.65 50.4567
      vertex 24 -2.65 51.3
      vertex 21.3151 -2.65 50.75
    endloop
  endfacet
  facet normal 0 -1 0
    outer loop
      vertex 21.5648 -2.65 50.147
      vertex 24 -2.65 51.3
      vertex 21.4597 -2.65 50.4567
    endloop
  endfacet
  facet normal 0 -1 0
    outer loop
      vertex 21.6286 -2.65 49.8263
      vertex 24 -2.65 51.3
      vertex 21.5648 -2.65 50.147
    endloop
  endfacet
  facet normal 0 -1 0
    outer loop
      vertex 21.65 -2.65 49.5
      vertex 24 -2.65 51.3
      vertex 21.6286 -2.65 49.8263
    endloop
  endfacet
  facet normal 0 -1 0
    outer loop
      vertex 24 -2.65 27.3
      vertex 21.65 -2.65 49.5
      vertex 21.65 -2.65 28.6
    endloop
  endfacet
  facet normal 0 -1 0
    outer loop
      vertex 24 -2.65 27.3
      vertex 21.65 -2.65 28.6
      vertex 21.6286 -2.65 28.2737
    endloop
  endfacet
  facet normal 0 -1 0
    outer loop
      vertex 21.65 -2.65 49.5
      vertex 24 -2.65 27.3
      vertex 24 -2.65 51.3
    endloop
  endfacet
  facet normal 0 -1 0
    outer loop
      vertex 21.5648 -2.65 27.953
      vertex 24 -2.65 27.3
      vertex 21.6286 -2.65 28.2737
    endloop
  endfacet
  facet normal 0 -1 0
    outer loop
      vertex 21.4597 -2.65 27.6433
      vertex 24 -2.65 27.3
      vertex 21.5648 -2.65 27.953
    endloop
  endfacet
  facet normal 0 -1 0
    outer loop
      vertex 23.8944 -2.65 26.4977
      vertex 21.4597 -2.65 27.6433
      vertex 21.3151 -2.65 27.35
    endloop
  endfacet
  facet normal 0 -1 0
    outer loop
      vertex 23.5847 -2.65 25.75
      vertex 21.3151 -2.65 27.35
      vertex 21.1334 -2.65 27.0781
    endloop
  endfacet
  facet normal 0 -1 0
    outer loop
      vertex 21.4597 -2.65 27.6433
      vertex 23.9735 -2.65 26.8954
      vertex 24 -2.65 27.3
    endloop
  endfacet
  facet normal 0 -1 0
    outer loop
      vertex 23.092 -2.65 25.108
      vertex 21.1334 -2.65 27.0781
      vertex 20.9178 -2.65 26.8322
    endloop
  endfacet
  facet normal 0 -1 0
    outer loop
      vertex 22.45 -2.65 24.6153
      vertex 20.9178 -2.65 26.8322
      vertex 20.6719 -2.65 26.6166
    endloop
  endfacet
  facet normal 0 -1 0
    outer loop
      vertex 21.4597 -2.65 27.6433
      vertex 23.8944 -2.65 26.4977
      vertex 23.9735 -2.65 26.8954
    endloop
  endfacet
  facet normal 0 -1 0
    outer loop
      vertex 21.3046 -2.65 24.2265
      vertex 20.6719 -2.65 26.6166
      vertex 20.4 -2.65 26.4349
    endloop
  endfacet
  facet normal 0 -1 0
    outer loop
      vertex 20.9 -2.65 24.2
      vertex 20.4 -2.65 26.4349
      vertex 20.1067 -2.65 26.2903
    endloop
  endfacet
  facet normal 0 -1 0
    outer loop
      vertex 20.9 -2.65 24.2
      vertex 20.1067 -2.65 26.2903
      vertex 19.797 -2.65 26.1852
    endloop
  endfacet
  facet normal 0 -1 0
    outer loop
      vertex 20.9 -2.65 24.2
      vertex 19.797 -2.65 26.1852
      vertex 19.4763 -2.65 26.1214
    endloop
  endfacet
  facet normal 0 -1 0
    outer loop
      vertex 21.3151 -2.65 27.35
      vertex 23.764 -2.65 26.1137
      vertex 23.8944 -2.65 26.4977
    endloop
  endfacet
  facet normal 0 -1 0
    outer loop
      vertex 20.9 -2.65 24.2
      vertex 19.4763 -2.65 26.1214
      vertex 19.15 -2.65 26.1
    endloop
  endfacet
  facet normal 0 -1 -0
    outer loop
      vertex -19.15 -2.65 26.1
      vertex -20.9 -2.65 24.2
      vertex 19.15 -2.65 26.1
    endloop
  endfacet
  facet normal 0 -1 0
    outer loop
      vertex 20.9 -2.65 24.2
      vertex 19.15 -2.65 26.1
      vertex -20.9 -2.65 24.2
    endloop
  endfacet
  facet normal 0 -1 0
    outer loop
      vertex -21.3046 -2.65 24.2265
      vertex -20.6719 -2.65 26.6166
      vertex -21.7023 -2.65 24.3056
    endloop
  endfacet
  facet normal 0 -1 0
    outer loop
      vertex 20.4 -2.65 26.4349
      vertex 20.9 -2.65 24.2
      vertex 21.3046 -2.65 24.2265
    endloop
  endfacet
  facet normal 0 -1 -0
    outer loop
      vertex -20.6719 -2.65 26.6166
      vertex -21.3046 -2.65 24.2265
      vertex -20.4 -2.65 26.4349
    endloop
  endfacet
  facet normal 0 -1 0
    outer loop
      vertex 21.3151 -2.65 27.35
      vertex 23.5847 -2.65 25.75
      vertex 23.764 -2.65 26.1137
    endloop
  endfacet
  facet normal 0 -1 0
    outer loop
      vertex -20.9 -2.65 24.2
      vertex -20.4 -2.65 26.4349
      vertex -21.3046 -2.65 24.2265
    endloop
  endfacet
  facet normal 0 -1 0
    outer loop
      vertex 21.1334 -2.65 27.0781
      vertex 23.3594 -2.65 25.4128
      vertex 23.5847 -2.65 25.75
    endloop
  endfacet
  facet normal 0 -1 -0
    outer loop
      vertex -20.4 -2.65 26.4349
      vertex -20.9 -2.65 24.2
      vertex -20.1067 -2.65 26.2903
    endloop
  endfacet
  facet normal 0 -1 0
    outer loop
      vertex 21.1334 -2.65 27.0781
      vertex 23.092 -2.65 25.108
      vertex 23.3594 -2.65 25.4128
    endloop
  endfacet
  facet normal 0 -1 -0
    outer loop
      vertex -20.1067 -2.65 26.2903
      vertex -20.9 -2.65 24.2
      vertex -19.797 -2.65 26.1852
    endloop
  endfacet
  facet normal 0 -1 0
    outer loop
      vertex 20.9178 -2.65 26.8322
      vertex 22.7872 -2.65 24.8406
      vertex 23.092 -2.65 25.108
    endloop
  endfacet
  facet normal 0 -1 -0
    outer loop
      vertex -19.797 -2.65 26.1852
      vertex -20.9 -2.65 24.2
      vertex -19.4763 -2.65 26.1214
    endloop
  endfacet
  facet normal 0 -1 0
    outer loop
      vertex 20.9178 -2.65 26.8322
      vertex 22.45 -2.65 24.6153
      vertex 22.7872 -2.65 24.8406
    endloop
  endfacet
  facet normal 0 -1 -0
    outer loop
      vertex -19.4763 -2.65 26.1214
      vertex -20.9 -2.65 24.2
      vertex -19.15 -2.65 26.1
    endloop
  endfacet
  facet normal 0 -1 0
    outer loop
      vertex 20.6719 -2.65 26.6166
      vertex 22.0863 -2.65 24.436
      vertex 22.45 -2.65 24.6153
    endloop
  endfacet
  facet normal 0 -1 0
    outer loop
      vertex 20.6719 -2.65 26.6166
      vertex 21.7023 -2.65 24.3056
      vertex 22.0863 -2.65 24.436
    endloop
  endfacet
  facet normal 0 -1 0
    outer loop
      vertex 20.6719 -2.65 26.6166
      vertex 21.3046 -2.65 24.2265
      vertex 21.7023 -2.65 24.3056
    endloop
  endfacet
  facet normal -0.0654432 0 0.997856
    outer loop
      vertex 19.15 -2 26.1
      vertex 19.4763 -2.65 26.1214
      vertex 19.4763 -2 26.1214
    endloop
  endfacet
  facet normal -0.0654432 0 0.997856
    outer loop
      vertex 19.4763 -2.65 26.1214
      vertex 19.15 -2 26.1
      vertex 19.15 -2.65 26.1
    endloop
  endfacet
  facet normal -0.195116 0 -0.98078
    outer loop
      vertex 19.4763 -2.65 51.9786
      vertex 19.797 -2 51.9148
      vertex 19.797 -2.65 51.9148
    endloop
  endfacet
  facet normal -0.195116 0 -0.98078
    outer loop
      vertex 19.797 -2 51.9148
      vertex 19.4763 -2.65 51.9786
      vertex 19.4763 -2 51.9786
    endloop
  endfacet
  facet normal -0.32136 0 0.946957
    outer loop
      vertex 19.797 -2 26.1852
      vertex 20.1067 -2.65 26.2903
      vertex 20.1067 -2 26.2903
    endloop
  endfacet
  facet normal -0.32136 0 0.946957
    outer loop
      vertex 20.1067 -2.65 26.2903
      vertex 19.797 -2 26.1852
      vertex 19.797 -2.65 26.1852
    endloop
  endfacet
  facet normal -0.195116 0 0.98078
    outer loop
      vertex 19.4763 -2 26.1214
      vertex 19.797 -2.65 26.1852
      vertex 19.797 -2 26.1852
    endloop
  endfacet
  facet normal -0.195116 0 0.98078
    outer loop
      vertex 19.797 -2.65 26.1852
      vertex 19.4763 -2 26.1214
      vertex 19.4763 -2.65 26.1214
    endloop
  endfacet
  facet normal 0.32136 0 0.946957
    outer loop
      vertex -20.1067 -2 26.2903
      vertex -19.797 -2.65 26.1852
      vertex -19.797 -2 26.1852
    endloop
  endfacet
  facet normal 0.32136 0 0.946957
    outer loop
      vertex -19.797 -2.65 26.1852
      vertex -20.1067 -2 26.2903
      vertex -20.1067 -2.65 26.2903
    endloop
  endfacet
  facet normal 0.946957 -0 0.32136
    outer loop
      vertex -21.5648 -2.65 27.953
      vertex -21.4597 -2 27.6433
      vertex -21.5648 -2 27.953
    endloop
  endfacet
  facet normal 0.946957 0 0.32136
    outer loop
      vertex -21.4597 -2 27.6433
      vertex -21.5648 -2.65 27.953
      vertex -21.4597 -2.65 27.6433
    endloop
  endfacet
  facet normal 0.555617 0 -0.831438
    outer loop
      vertex -20.6719 -2.65 51.4834
      vertex -20.4 -2 51.6651
      vertex -20.4 -2.65 51.6651
    endloop
  endfacet
  facet normal 0.555617 0 -0.831438
    outer loop
      vertex -20.4 -2 51.6651
      vertex -20.6719 -2.65 51.4834
      vertex -20.6719 -2 51.4834
    endloop
  endfacet
  facet normal -0.997856 0 0.0654432
    outer loop
      vertex 21.6286 -2.65 28.2737
      vertex 21.65 -2 28.6
      vertex 21.6286 -2 28.2737
    endloop
  endfacet
  facet normal -0.997856 0 0.0654432
    outer loop
      vertex 21.65 -2 28.6
      vertex 21.6286 -2.65 28.2737
      vertex 21.65 -2.65 28.6
    endloop
  endfacet
  facet normal -0 0 1
    outer loop
      vertex -19.15 -2 26.1
      vertex 19.15 -2.65 26.1
      vertex 19.15 -2 26.1
    endloop
  endfacet
  facet normal 0 0 1
    outer loop
      vertex 19.15 -2.65 26.1
      vertex -19.15 -2 26.1
      vertex -19.15 -2.65 26.1
    endloop
  endfacet
  facet normal 0.659262 0 0.751913
    outer loop
      vertex -20.9178 -2 26.8322
      vertex -20.6719 -2.65 26.6166
      vertex -20.6719 -2 26.6166
    endloop
  endfacet
  facet normal 0.659262 0 0.751913
    outer loop
      vertex -20.6719 -2.65 26.6166
      vertex -20.9178 -2 26.8322
      vertex -20.9178 -2.65 26.8322
    endloop
  endfacet
  facet normal 1 -0 0
    outer loop
      vertex -21.65 -2.65 49.5
      vertex -21.65 -2 28.6
      vertex -21.65 -2 49.5
    endloop
  endfacet
  facet normal 1 0 0
    outer loop
      vertex -21.65 -2 28.6
      vertex -21.65 -2.65 49.5
      vertex -21.65 -2.65 28.6
    endloop
  endfacet
  facet normal 0.442191 0 0.896921
    outer loop
      vertex -20.4 -2 26.4349
      vertex -20.1067 -2.65 26.2903
      vertex -20.1067 -2 26.2903
    endloop
  endfacet
  facet normal 0.442191 0 0.896921
    outer loop
      vertex -20.1067 -2.65 26.2903
      vertex -20.4 -2 26.4349
      vertex -20.4 -2.65 26.4349
    endloop
  endfacet
  facet normal -1 0 0
    outer loop
      vertex 21.65 -2.65 28.6
      vertex 21.65 -2 49.5
      vertex 21.65 -2 28.6
    endloop
  endfacet
  facet normal -1 -0 0
    outer loop
      vertex 21.65 -2 49.5
      vertex 21.65 -2.65 28.6
      vertex 21.65 -2.65 49.5
    endloop
  endfacet
  facet normal 0.831438 0 -0.555617
    outer loop
      vertex -21.1334 -2.65 51.0219
      vertex -21.3151 -2 50.75
      vertex -21.1334 -2 51.0219
    endloop
  endfacet
  facet normal 0.831438 0 -0.555617
    outer loop
      vertex -21.3151 -2 50.75
      vertex -21.1334 -2.65 51.0219
      vertex -21.3151 -2.65 50.75
    endloop
  endfacet
  facet normal -0.98078 0 0.195116
    outer loop
      vertex 21.5648 -2.65 27.953
      vertex 21.6286 -2 28.2737
      vertex 21.5648 -2 27.953
    endloop
  endfacet
  facet normal -0.98078 0 0.195116
    outer loop
      vertex 21.6286 -2 28.2737
      vertex 21.5648 -2.65 27.953
      vertex 21.6286 -2.65 28.2737
    endloop
  endfacet
  facet normal 0.946957 0 -0.32136
    outer loop
      vertex -21.4597 -2.65 50.4567
      vertex -21.5648 -2 50.147
      vertex -21.4597 -2 50.4567
    endloop
  endfacet
  facet normal 0.946957 0 -0.32136
    outer loop
      vertex -21.5648 -2 50.147
      vertex -21.4597 -2.65 50.4567
      vertex -21.5648 -2.65 50.147
    endloop
  endfacet
  facet normal -0.0654432 0 -0.997856
    outer loop
      vertex 19.15 -2.65 52
      vertex 19.4763 -2 51.9786
      vertex 19.4763 -2.65 51.9786
    endloop
  endfacet
  facet normal -0.0654432 0 -0.997856
    outer loop
      vertex 19.4763 -2 51.9786
      vertex 19.15 -2.65 52
      vertex 19.15 -2 52
    endloop
  endfacet
  facet normal 0.195116 0 -0.98078
    outer loop
      vertex -19.797 -2.65 51.9148
      vertex -19.4763 -2 51.9786
      vertex -19.4763 -2.65 51.9786
    endloop
  endfacet
  facet normal 0.195116 0 -0.98078
    outer loop
      vertex -19.4763 -2 51.9786
      vertex -19.797 -2.65 51.9148
      vertex -19.797 -2 51.9148
    endloop
  endfacet
  facet normal 0.659262 0 -0.751913
    outer loop
      vertex -20.9178 -2.65 51.2678
      vertex -20.6719 -2 51.4834
      vertex -20.6719 -2.65 51.4834
    endloop
  endfacet
  facet normal 0.659262 0 -0.751913
    outer loop
      vertex -20.6719 -2 51.4834
      vertex -20.9178 -2.65 51.2678
      vertex -20.9178 -2 51.2678
    endloop
  endfacet
  facet normal 0 0 -1
    outer loop
      vertex -19.15 -2.65 52
      vertex 19.15 -2 52
      vertex 19.15 -2.65 52
    endloop
  endfacet
  facet normal -0 0 -1
    outer loop
      vertex 19.15 -2 52
      vertex -19.15 -2.65 52
      vertex -19.15 -2 52
    endloop
  endfacet
  facet normal 0.195116 0 0.98078
    outer loop
      vertex -19.797 -2 26.1852
      vertex -19.4763 -2.65 26.1214
      vertex -19.4763 -2 26.1214
    endloop
  endfacet
  facet normal 0.195116 0 0.98078
    outer loop
      vertex -19.4763 -2.65 26.1214
      vertex -19.797 -2 26.1852
      vertex -19.797 -2.65 26.1852
    endloop
  endfacet
  facet normal -0.946957 0 -0.32136
    outer loop
      vertex 21.5648 -2.65 50.147
      vertex 21.4597 -2 50.4567
      vertex 21.5648 -2 50.147
    endloop
  endfacet
  facet normal -0.946957 -0 -0.32136
    outer loop
      vertex 21.4597 -2 50.4567
      vertex 21.5648 -2.65 50.147
      vertex 21.4597 -2.65 50.4567
    endloop
  endfacet
  facet normal -0.98078 0 -0.195116
    outer loop
      vertex 21.6286 -2.65 49.8263
      vertex 21.5648 -2 50.147
      vertex 21.6286 -2 49.8263
    endloop
  endfacet
  facet normal -0.98078 -0 -0.195116
    outer loop
      vertex 21.5648 -2 50.147
      vertex 21.6286 -2.65 49.8263
      vertex 21.5648 -2.65 50.147
    endloop
  endfacet
  facet normal 0.442191 0 -0.896921
    outer loop
      vertex -20.4 -2.65 51.6651
      vertex -20.1067 -2 51.8097
      vertex -20.1067 -2.65 51.8097
    endloop
  endfacet
  facet normal 0.442191 0 -0.896921
    outer loop
      vertex -20.1067 -2 51.8097
      vertex -20.4 -2.65 51.6651
      vertex -20.4 -2 51.6651
    endloop
  endfacet
  facet normal -0.831438 0 -0.555617
    outer loop
      vertex 21.3151 -2.65 50.75
      vertex 21.1334 -2 51.0219
      vertex 21.3151 -2 50.75
    endloop
  endfacet
  facet normal -0.831438 -0 -0.555617
    outer loop
      vertex 21.1334 -2 51.0219
      vertex 21.3151 -2.65 50.75
      vertex 21.1334 -2.65 51.0219
    endloop
  endfacet
  facet normal 0.0654432 0 -0.997856
    outer loop
      vertex -19.4763 -2.65 51.9786
      vertex -19.15 -2 52
      vertex -19.15 -2.65 52
    endloop
  endfacet
  facet normal 0.0654432 0 -0.997856
    outer loop
      vertex -19.15 -2 52
      vertex -19.4763 -2.65 51.9786
      vertex -19.4763 -2 51.9786
    endloop
  endfacet
  facet normal 0.0654432 0 0.997856
    outer loop
      vertex -19.4763 -2 26.1214
      vertex -19.15 -2.65 26.1
      vertex -19.15 -2 26.1
    endloop
  endfacet
  facet normal 0.0654432 0 0.997856
    outer loop
      vertex -19.15 -2.65 26.1
      vertex -19.4763 -2 26.1214
      vertex -19.4763 -2.65 26.1214
    endloop
  endfacet
  facet normal -0.32136 0 -0.946957
    outer loop
      vertex 19.797 -2.65 51.9148
      vertex 20.1067 -2 51.8097
      vertex 20.1067 -2.65 51.8097
    endloop
  endfacet
  facet normal -0.32136 0 -0.946957
    outer loop
      vertex 20.1067 -2 51.8097
      vertex 19.797 -2.65 51.9148
      vertex 19.797 -2 51.9148
    endloop
  endfacet
  facet normal -0.946957 0 0.32136
    outer loop
      vertex 21.4597 -2.65 27.6433
      vertex 21.5648 -2 27.953
      vertex 21.4597 -2 27.6433
    endloop
  endfacet
  facet normal -0.946957 0 0.32136
    outer loop
      vertex 21.5648 -2 27.953
      vertex 21.4597 -2.65 27.6433
      vertex 21.5648 -2.65 27.953
    endloop
  endfacet
  facet normal 0.98078 0 -0.195116
    outer loop
      vertex -21.5648 -2.65 50.147
      vertex -21.6286 -2 49.8263
      vertex -21.5648 -2 50.147
    endloop
  endfacet
  facet normal 0.98078 0 -0.195116
    outer loop
      vertex -21.6286 -2 49.8263
      vertex -21.5648 -2.65 50.147
      vertex -21.6286 -2.65 49.8263
    endloop
  endfacet
  facet normal -0.896921 0 0.442191
    outer loop
      vertex 21.3151 -2.65 27.35
      vertex 21.4597 -2 27.6433
      vertex 21.3151 -2 27.35
    endloop
  endfacet
  facet normal -0.896921 0 0.442191
    outer loop
      vertex 21.4597 -2 27.6433
      vertex 21.3151 -2.65 27.35
      vertex 21.4597 -2.65 27.6433
    endloop
  endfacet
  facet normal 0.896921 0 -0.442191
    outer loop
      vertex -21.3151 -2.65 50.75
      vertex -21.4597 -2 50.4567
      vertex -21.3151 -2 50.75
    endloop
  endfacet
  facet normal 0.896921 0 -0.442191
    outer loop
      vertex -21.4597 -2 50.4567
      vertex -21.3151 -2.65 50.75
      vertex -21.4597 -2.65 50.4567
    endloop
  endfacet
  facet normal 0.997856 0 -0.0654432
    outer loop
      vertex -21.6286 -2.65 49.8263
      vertex -21.65 -2 49.5
      vertex -21.6286 -2 49.8263
    endloop
  endfacet
  facet normal 0.997856 0 -0.0654432
    outer loop
      vertex -21.65 -2 49.5
      vertex -21.6286 -2.65 49.8263
      vertex -21.65 -2.65 49.5
    endloop
  endfacet
  facet normal -0.555617 0 0.831438
    outer loop
      vertex 20.4 -2 26.4349
      vertex 20.6719 -2.65 26.6166
      vertex 20.6719 -2 26.6166
    endloop
  endfacet
  facet normal -0.555617 0 0.831438
    outer loop
      vertex 20.6719 -2.65 26.6166
      vertex 20.4 -2 26.4349
      vertex 20.4 -2.65 26.4349
    endloop
  endfacet
  facet normal -0.831438 0 0.555617
    outer loop
      vertex 21.1334 -2.65 27.0781
      vertex 21.3151 -2 27.35
      vertex 21.1334 -2 27.0781
    endloop
  endfacet
  facet normal -0.831438 0 0.555617
    outer loop
      vertex 21.3151 -2 27.35
      vertex 21.1334 -2.65 27.0781
      vertex 21.3151 -2.65 27.35
    endloop
  endfacet
  facet normal -0.442191 0 -0.896921
    outer loop
      vertex 20.1067 -2.65 51.8097
      vertex 20.4 -2 51.6651
      vertex 20.4 -2.65 51.6651
    endloop
  endfacet
  facet normal -0.442191 0 -0.896921
    outer loop
      vertex 20.4 -2 51.6651
      vertex 20.1067 -2.65 51.8097
      vertex 20.1067 -2 51.8097
    endloop
  endfacet
  facet normal 0.98078 -0 0.195116
    outer loop
      vertex -21.6286 -2.65 28.2737
      vertex -21.5648 -2 27.953
      vertex -21.6286 -2 28.2737
    endloop
  endfacet
  facet normal 0.98078 0 0.195116
    outer loop
      vertex -21.5648 -2 27.953
      vertex -21.6286 -2.65 28.2737
      vertex -21.5648 -2.65 27.953
    endloop
  endfacet
  facet normal -0.555617 0 -0.831438
    outer loop
      vertex 20.4 -2.65 51.6651
      vertex 20.6719 -2 51.4834
      vertex 20.6719 -2.65 51.4834
    endloop
  endfacet
  facet normal -0.555617 0 -0.831438
    outer loop
      vertex 20.6719 -2 51.4834
      vertex 20.4 -2.65 51.6651
      vertex 20.4 -2 51.6651
    endloop
  endfacet
  facet normal -0.442191 0 0.896921
    outer loop
      vertex 20.1067 -2 26.2903
      vertex 20.4 -2.65 26.4349
      vertex 20.4 -2 26.4349
    endloop
  endfacet
  facet normal -0.442191 0 0.896921
    outer loop
      vertex 20.4 -2.65 26.4349
      vertex 20.1067 -2 26.2903
      vertex 20.1067 -2.65 26.2903
    endloop
  endfacet
  facet normal 0.32136 0 -0.946957
    outer loop
      vertex -20.1067 -2.65 51.8097
      vertex -19.797 -2 51.9148
      vertex -19.797 -2.65 51.9148
    endloop
  endfacet
  facet normal 0.32136 0 -0.946957
    outer loop
      vertex -19.797 -2 51.9148
      vertex -20.1067 -2.65 51.8097
      vertex -20.1067 -2 51.8097
    endloop
  endfacet
  facet normal -0.997856 0 -0.0654432
    outer loop
      vertex 21.65 -2.65 49.5
      vertex 21.6286 -2 49.8263
      vertex 21.65 -2 49.5
    endloop
  endfacet
  facet normal -0.997856 -0 -0.0654432
    outer loop
      vertex 21.6286 -2 49.8263
      vertex 21.65 -2.65 49.5
      vertex 21.6286 -2.65 49.8263
    endloop
  endfacet
  facet normal 0.751913 0 -0.659262
    outer loop
      vertex -20.9178 -2.65 51.2678
      vertex -21.1334 -2 51.0219
      vertex -20.9178 -2 51.2678
    endloop
  endfacet
  facet normal 0.751913 0 -0.659262
    outer loop
      vertex -21.1334 -2 51.0219
      vertex -20.9178 -2.65 51.2678
      vertex -21.1334 -2.65 51.0219
    endloop
  endfacet
  facet normal -0.659262 0 0.751913
    outer loop
      vertex 20.6719 -2 26.6166
      vertex 20.9178 -2.65 26.8322
      vertex 20.9178 -2 26.8322
    endloop
  endfacet
  facet normal -0.659262 0 0.751913
    outer loop
      vertex 20.9178 -2.65 26.8322
      vertex 20.6719 -2 26.6166
      vertex 20.6719 -2.65 26.6166
    endloop
  endfacet
  facet normal 0.555617 0 0.831438
    outer loop
      vertex -20.6719 -2 26.6166
      vertex -20.4 -2.65 26.4349
      vertex -20.4 -2 26.4349
    endloop
  endfacet
  facet normal 0.555617 0 0.831438
    outer loop
      vertex -20.4 -2.65 26.4349
      vertex -20.6719 -2 26.6166
      vertex -20.6719 -2.65 26.6166
    endloop
  endfacet
  facet normal -0.751913 0 -0.659262
    outer loop
      vertex 21.1334 -2.65 51.0219
      vertex 20.9178 -2 51.2678
      vertex 21.1334 -2 51.0219
    endloop
  endfacet
  facet normal -0.751913 -0 -0.659262
    outer loop
      vertex 20.9178 -2 51.2678
      vertex 21.1334 -2.65 51.0219
      vertex 20.9178 -2.65 51.2678
    endloop
  endfacet
  facet normal -0.896921 0 -0.442191
    outer loop
      vertex 21.4597 -2.65 50.4567
      vertex 21.3151 -2 50.75
      vertex 21.4597 -2 50.4567
    endloop
  endfacet
  facet normal -0.896921 -0 -0.442191
    outer loop
      vertex 21.3151 -2 50.75
      vertex 21.4597 -2.65 50.4567
      vertex 21.3151 -2.65 50.75
    endloop
  endfacet
  facet normal 0.896921 -0 0.442191
    outer loop
      vertex -21.4597 -2.65 27.6433
      vertex -21.3151 -2 27.35
      vertex -21.4597 -2 27.6433
    endloop
  endfacet
  facet normal 0.896921 0 0.442191
    outer loop
      vertex -21.3151 -2 27.35
      vertex -21.4597 -2.65 27.6433
      vertex -21.3151 -2.65 27.35
    endloop
  endfacet
  facet normal -0.751913 0 0.659262
    outer loop
      vertex 20.9178 -2.65 26.8322
      vertex 21.1334 -2 27.0781
      vertex 20.9178 -2 26.8322
    endloop
  endfacet
  facet normal -0.751913 0 0.659262
    outer loop
      vertex 21.1334 -2 27.0781
      vertex 20.9178 -2.65 26.8322
      vertex 21.1334 -2.65 27.0781
    endloop
  endfacet
  facet normal 0.751913 -0 0.659262
    outer loop
      vertex -21.1334 -2.65 27.0781
      vertex -20.9178 -2 26.8322
      vertex -21.1334 -2 27.0781
    endloop
  endfacet
  facet normal 0.751913 0 0.659262
    outer loop
      vertex -20.9178 -2 26.8322
      vertex -21.1334 -2.65 27.0781
      vertex -20.9178 -2.65 26.8322
    endloop
  endfacet
  facet normal 0.831438 -0 0.555617
    outer loop
      vertex -21.3151 -2.65 27.35
      vertex -21.1334 -2 27.0781
      vertex -21.3151 -2 27.35
    endloop
  endfacet
  facet normal 0.831438 0 0.555617
    outer loop
      vertex -21.1334 -2 27.0781
      vertex -21.3151 -2.65 27.35
      vertex -21.1334 -2.65 27.0781
    endloop
  endfacet
  facet normal -0.659262 0 -0.751913
    outer loop
      vertex 20.6719 -2.65 51.4834
      vertex 20.9178 -2 51.2678
      vertex 20.9178 -2.65 51.2678
    endloop
  endfacet
  facet normal -0.659262 0 -0.751913
    outer loop
      vertex 20.9178 -2 51.2678
      vertex 20.6719 -2.65 51.4834
      vertex 20.6719 -2 51.4834
    endloop
  endfacet
  facet normal 0.997856 -0 0.0654432
    outer loop
      vertex -21.65 -2.65 28.6
      vertex -21.6286 -2 28.2737
      vertex -21.65 -2 28.6
    endloop
  endfacet
  facet normal 0.997856 0 0.0654432
    outer loop
      vertex -21.6286 -2 28.2737
      vertex -21.65 -2.65 28.6
      vertex -21.6286 -2.65 28.2737
    endloop
  endfacet
  facet normal 1 -0 0
    outer loop
      vertex 23.5 -2.42 53.48
      vertex 23.5 -2 53
      vertex 23.5 -2 53.48
    endloop
  endfacet
  facet normal 1 0 0
    outer loop
      vertex 23.5 -2 53
      vertex 23.5 -2.42 53.48
      vertex 23.5 -2.42 53
    endloop
  endfacet
  facet normal -0 0 1
    outer loop
      vertex -23.5 -2 53.48
      vertex -23.1026 -2.42 53.48
      vertex -23.1026 -2 53.48
    endloop
  endfacet
  facet normal 0 0 1
    outer loop
      vertex -23.1026 -2.42 53.48
      vertex -23.5 -2 53.48
      vertex -23.5 -2.42 53.48
    endloop
  endfacet
  facet normal -0 0 1
    outer loop
      vertex 23.1026 -2 53.48
      vertex 23.5 -2.42 53.48
      vertex 23.5 -2 53.48
    endloop
  endfacet
  facet normal 0 0 1
    outer loop
      vertex 23.5 -2.42 53.48
      vertex 23.1026 -2 53.48
      vertex 23.1026 -2.42 53.48
    endloop
  endfacet
  facet normal 0 0 -1
    outer loop
      vertex 23.4844 -2.42 53
      vertex 23.5 -2 53
      vertex 23.5 -2.42 53
    endloop
  endfacet
  facet normal -0 0 -1
    outer loop
      vertex 23.5 -2 53
      vertex 23.4844 -2.42 53
      vertex 23.4844 -2 53
    endloop
  endfacet
  facet normal 0 0 -1
    outer loop
      vertex -23.5 -2.42 53
      vertex -23.4844 -2 53
      vertex -23.4844 -2.42 53
    endloop
  endfacet
  facet normal -0 0 -1
    outer loop
      vertex -23.4844 -2 53
      vertex -23.5 -2.42 53
      vertex -23.5 -2 53
    endloop
  endfacet
  facet normal -1 0 0
    outer loop
      vertex -23.5 -2.42 53
      vertex -23.5 -2 53.48
      vertex -23.5 -2 53
    endloop
  endfacet
  facet normal -1 -0 0
    outer loop
      vertex -23.5 -2 53.48
      vertex -23.5 -2.42 53
      vertex -23.5 -2.42 53.48
    endloop
  endfacet
  facet normal 0 -1 0
    outer loop
      vertex -23.5 -2.42 53.48
      vertex -23.3594 -2.42 53.1872
      vertex -23.1026 -2.42 53.48
    endloop
  endfacet
  facet normal 0 -1 0
    outer loop
      vertex -23.5 -2.42 53
      vertex -23.3594 -2.42 53.1872
      vertex -23.5 -2.42 53.48
    endloop
  endfacet
  facet normal 0 -1 0
    outer loop
      vertex -23.3594 -2.42 53.1872
      vertex -23.5 -2.42 53
      vertex -23.4844 -2.42 53
    endloop
  endfacet
  facet normal 0 -1 0
    outer loop
      vertex 23.3594 -2.42 53.1872
      vertex 23.5 -2.42 53.48
      vertex 23.1026 -2.42 53.48
    endloop
  endfacet
  facet normal 0 -1 0
    outer loop
      vertex 23.5 -2.42 53
      vertex 23.3594 -2.42 53.1872
      vertex 23.4844 -2.42 53
    endloop
  endfacet
  facet normal 0 -1 0
    outer loop
      vertex 23.3594 -2.42 53.1872
      vertex 23.5 -2.42 53
      vertex 23.5 -2.42 53.48
    endloop
  endfacet
  facet normal 1 -0 0
    outer loop
      vertex 23.5 -2.42 54.63
      vertex 23.5 -2 54.15
      vertex 23.5 -2 54.63
    endloop
  endfacet
  facet normal 1 0 0
    outer loop
      vertex 23.5 -2 54.15
      vertex 23.5 -2.42 54.63
      vertex 23.5 -2.42 54.15
    endloop
  endfacet
  facet normal -0 0 1
    outer loop
      vertex -23.5 -2 54.63
      vertex 23.5 -2.42 54.63
      vertex 23.5 -2 54.63
    endloop
  endfacet
  facet normal 0 0 1
    outer loop
      vertex 23.5 -2.42 54.63
      vertex -23.5 -2 54.63
      vertex -23.5 -2.42 54.63
    endloop
  endfacet
  facet normal 0 0 -1
    outer loop
      vertex 22.1148 -2.42 54.15
      vertex 23.5 -2 54.15
      vertex 23.5 -2.42 54.15
    endloop
  endfacet
  facet normal -0 0 -1
    outer loop
      vertex 23.5 -2 54.15
      vertex 22.1148 -2.42 54.15
      vertex 22.1148 -2 54.15
    endloop
  endfacet
  facet normal 0 0 -1
    outer loop
      vertex -23.5 -2.42 54.15
      vertex -22.1148 -2 54.15
      vertex -22.1148 -2.42 54.15
    endloop
  endfacet
  facet normal -0 0 -1
    outer loop
      vertex -22.1148 -2 54.15
      vertex -23.5 -2.42 54.15
      vertex -23.5 -2 54.15
    endloop
  endfacet
  facet normal -1 0 0
    outer loop
      vertex -23.5 -2.42 54.15
      vertex -23.5 -2 54.63
      vertex -23.5 -2 54.15
    endloop
  endfacet
  facet normal -1 -0 0
    outer loop
      vertex -23.5 -2 54.63
      vertex -23.5 -2.42 54.15
      vertex -23.5 -2.42 54.63
    endloop
  endfacet
  facet normal 0 -1 0
    outer loop
      vertex -23.5 -2.42 54.63
      vertex -20.9 -2.42 54.4
      vertex 23.5 -2.42 54.63
    endloop
  endfacet
  facet normal 0 -1 0
    outer loop
      vertex -23.5 -2.42 54.63
      vertex -21.3046 -2.42 54.3735
      vertex -20.9 -2.42 54.4
    endloop
  endfacet
  facet normal 0 -1 0
    outer loop
      vertex -23.5 -2.42 54.63
      vertex -21.7023 -2.42 54.2944
      vertex -21.3046 -2.42 54.3735
    endloop
  endfacet
  facet normal 0 -1 0
    outer loop
      vertex -23.5 -2.42 54.63
      vertex -22.0863 -2.42 54.164
      vertex -21.7023 -2.42 54.2944
    endloop
  endfacet
  facet normal 0 -1 0
    outer loop
      vertex -22.1148 -2.42 54.15
      vertex -23.5 -2.42 54.63
      vertex -23.5 -2.42 54.15
    endloop
  endfacet
  facet normal 0 -1 0
    outer loop
      vertex -23.5 -2.42 54.63
      vertex -22.1148 -2.42 54.15
      vertex -22.0863 -2.42 54.164
    endloop
  endfacet
  facet normal 0 -1 0
    outer loop
      vertex 20.9 -2.42 54.4
      vertex 23.5 -2.42 54.63
      vertex -20.9 -2.42 54.4
    endloop
  endfacet
  facet normal 0 -1 0
    outer loop
      vertex 21.3046 -2.42 54.3735
      vertex 23.5 -2.42 54.63
      vertex 20.9 -2.42 54.4
    endloop
  endfacet
  facet normal 0 -1 0
    outer loop
      vertex 21.7023 -2.42 54.2944
      vertex 23.5 -2.42 54.63
      vertex 21.3046 -2.42 54.3735
    endloop
  endfacet
  facet normal 0 -1 0
    outer loop
      vertex 22.0863 -2.42 54.164
      vertex 23.5 -2.42 54.63
      vertex 21.7023 -2.42 54.2944
    endloop
  endfacet
  facet normal 0 -1 0
    outer loop
      vertex 22.1148 -2.42 54.15
      vertex 23.5 -2.42 54.63
      vertex 22.0863 -2.42 54.164
    endloop
  endfacet
  facet normal 0 -1 -0
    outer loop
      vertex 23.5 -2.42 54.63
      vertex 22.1148 -2.42 54.15
      vertex 23.5 -2.42 54.15
    endloop
  endfacet
  facet normal 1 -0 0
    outer loop
      vertex 23.5 -2.42 55.78
      vertex 23.5 -2 55.3
      vertex 23.5 -2 55.78
    endloop
  endfacet
  facet normal 1 0 0
    outer loop
      vertex 23.5 -2 55.3
      vertex 23.5 -2.42 55.78
      vertex 23.5 -2.42 55.3
    endloop
  endfacet
  facet normal -0 0 1
    outer loop
      vertex -23.5 -2 55.78
      vertex 23.5 -2.42 55.78
      vertex 23.5 -2 55.78
    endloop
  endfacet
  facet normal 0 0 1
    outer loop
      vertex 23.5 -2.42 55.78
      vertex -23.5 -2 55.78
      vertex -23.5 -2.42 55.78
    endloop
  endfacet
  facet normal 0 0 -1
    outer loop
      vertex -23.5 -2.42 55.3
      vertex 23.5 -2 55.3
      vertex 23.5 -2.42 55.3
    endloop
  endfacet
  facet normal -0 0 -1
    outer loop
      vertex 23.5 -2 55.3
      vertex -23.5 -2.42 55.3
      vertex -23.5 -2 55.3
    endloop
  endfacet
  facet normal -1 0 0
    outer loop
      vertex -23.5 -2.42 55.3
      vertex -23.5 -2 55.78
      vertex -23.5 -2 55.3
    endloop
  endfacet
  facet normal -1 -0 0
    outer loop
      vertex -23.5 -2 55.78
      vertex -23.5 -2.42 55.3
      vertex -23.5 -2.42 55.78
    endloop
  endfacet
  facet normal 0 -1 0
    outer loop
      vertex -23.5 -2.42 55.3
      vertex 23.5 -2.42 55.78
      vertex -23.5 -2.42 55.78
    endloop
  endfacet
  facet normal 0 -1 -0
    outer loop
      vertex 23.5 -2.42 55.78
      vertex -23.5 -2.42 55.3
      vertex 23.5 -2.42 55.3
    endloop
  endfacet
  facet normal -1 0 0
    outer loop
      vertex -22.95 -13.1044 9.31233
      vertex -22.95 -11.8363 11.3457
      vertex -22.95 -11.2956 10.5646
    endloop
  endfacet
  facet normal -1 0 0
    outer loop
      vertex -22.95 -11.8363 11.3457
      vertex -22.95 -13.1044 9.31233
      vertex -22.95 -13.6452 10.0934
    endloop
  endfacet
  facet normal 1 0 0
    outer loop
      vertex -19.35 -11.8363 11.3457
      vertex -19.35 -13.1044 9.31233
      vertex -19.35 -11.2956 10.5646
    endloop
  endfacet
  facet normal 1 0 -0
    outer loop
      vertex -19.35 -13.1044 9.31233
      vertex -19.35 -11.8363 11.3457
      vertex -19.35 -13.6452 10.0934
    endloop
  endfacet
  facet normal 0 -0.569205 0.822195
    outer loop
      vertex -22.95 -11.8363 11.3457
      vertex -19.35 -13.6452 10.0934
      vertex -19.35 -11.8363 11.3457
    endloop
  endfacet
  facet normal 0 -0.569205 0.822195
    outer loop
      vertex -19.35 -13.6452 10.0934
      vertex -22.95 -11.8363 11.3457
      vertex -22.95 -13.6452 10.0934
    endloop
  endfacet
  facet normal 0 0.822223 0.569166
    outer loop
      vertex -19.35 -11.2956 10.5646
      vertex -22.95 -11.8363 11.3457
      vertex -19.35 -11.8363 11.3457
    endloop
  endfacet
  facet normal 0 0.822223 0.569166
    outer loop
      vertex -22.95 -11.8363 11.3457
      vertex -19.35 -11.2956 10.5646
      vertex -22.95 -11.2956 10.5646
    endloop
  endfacet
  facet normal 0 -0.822163 -0.569252
    outer loop
      vertex -22.95 -13.1044 9.31233
      vertex -19.35 -13.6452 10.0934
      vertex -22.95 -13.6452 10.0934
    endloop
  endfacet
  facet normal 0 -0.822163 -0.569252
    outer loop
      vertex -19.35 -13.6452 10.0934
      vertex -22.95 -13.1044 9.31233
      vertex -19.35 -13.1044 9.31233
    endloop
  endfacet
  facet normal -1 0 0
    outer loop
      vertex -18.25 -13.1044 9.31233
      vertex -18.25 -11.8363 11.3457
      vertex -18.25 -11.2956 10.5646
    endloop
  endfacet
  facet normal -1 0 0
    outer loop
      vertex -18.25 -11.8363 11.3457
      vertex -18.25 -13.1044 9.31233
      vertex -18.25 -13.6452 10.0934
    endloop
  endfacet
  facet normal 1 0 0
    outer loop
      vertex -14.65 -11.8363 11.3457
      vertex -14.65 -13.1044 9.31233
      vertex -14.65 -11.2956 10.5646
    endloop
  endfacet
  facet normal 1 0 -0
    outer loop
      vertex -14.65 -13.1044 9.31233
      vertex -14.65 -11.8363 11.3457
      vertex -14.65 -13.6452 10.0934
    endloop
  endfacet
  facet normal 0 -0.569205 0.822195
    outer loop
      vertex -18.25 -11.8363 11.3457
      vertex -14.65 -13.6452 10.0934
      vertex -14.65 -11.8363 11.3457
    endloop
  endfacet
  facet normal 0 -0.569205 0.822195
    outer loop
      vertex -14.65 -13.6452 10.0934
      vertex -18.25 -11.8363 11.3457
      vertex -18.25 -13.6452 10.0934
    endloop
  endfacet
  facet normal 0 0.822223 0.569166
    outer loop
      vertex -14.65 -11.2956 10.5646
      vertex -18.25 -11.8363 11.3457
      vertex -14.65 -11.8363 11.3457
    endloop
  endfacet
  facet normal 0 0.822223 0.569166
    outer loop
      vertex -18.25 -11.8363 11.3457
      vertex -14.65 -11.2956 10.5646
      vertex -18.25 -11.2956 10.5646
    endloop
  endfacet
  facet normal 0 -0.822163 -0.569252
    outer loop
      vertex -18.25 -13.1044 9.31233
      vertex -14.65 -13.6452 10.0934
      vertex -18.25 -13.6452 10.0934
    endloop
  endfacet
  facet normal 0 -0.822163 -0.569252
    outer loop
      vertex -14.65 -13.6452 10.0934
      vertex -18.25 -13.1044 9.31233
      vertex -14.65 -13.1044 9.31233
    endloop
  endfacet
  facet normal -1 0 0
    outer loop
      vertex -13.55 -13.1044 9.31233
      vertex -13.55 -11.8363 11.3457
      vertex -13.55 -11.2956 10.5646
    endloop
  endfacet
  facet normal -1 0 0
    outer loop
      vertex -13.55 -11.8363 11.3457
      vertex -13.55 -13.1044 9.31233
      vertex -13.55 -13.6452 10.0934
    endloop
  endfacet
  facet normal 1 0 0
    outer loop
      vertex -9.95 -11.8363 11.3457
      vertex -9.95 -13.1044 9.31233
      vertex -9.95 -11.2956 10.5646
    endloop
  endfacet
  facet normal 1 0 -0
    outer loop
      vertex -9.95 -13.1044 9.31233
      vertex -9.95 -11.8363 11.3457
      vertex -9.95 -13.6452 10.0934
    endloop
  endfacet
  facet normal 0 -0.569205 0.822195
    outer loop
      vertex -13.55 -11.8363 11.3457
      vertex -9.95 -13.6452 10.0934
      vertex -9.95 -11.8363 11.3457
    endloop
  endfacet
  facet normal 0 -0.569205 0.822195
    outer loop
      vertex -9.95 -13.6452 10.0934
      vertex -13.55 -11.8363 11.3457
      vertex -13.55 -13.6452 10.0934
    endloop
  endfacet
  facet normal 0 0.822223 0.569166
    outer loop
      vertex -9.95 -11.2956 10.5646
      vertex -13.55 -11.8363 11.3457
      vertex -9.95 -11.8363 11.3457
    endloop
  endfacet
  facet normal 0 0.822223 0.569166
    outer loop
      vertex -13.55 -11.8363 11.3457
      vertex -9.95 -11.2956 10.5646
      vertex -13.55 -11.2956 10.5646
    endloop
  endfacet
  facet normal 0 -0.822163 -0.569252
    outer loop
      vertex -13.55 -13.1044 9.31233
      vertex -9.95 -13.6452 10.0934
      vertex -13.55 -13.6452 10.0934
    endloop
  endfacet
  facet normal 0 -0.822163 -0.569252
    outer loop
      vertex -9.95 -13.6452 10.0934
      vertex -13.55 -13.1044 9.31233
      vertex -9.95 -13.1044 9.31233
    endloop
  endfacet
  facet normal -1 0 0
    outer loop
      vertex -8.85 -13.1044 9.31233
      vertex -8.85 -11.8363 11.3457
      vertex -8.85 -11.2956 10.5646
    endloop
  endfacet
  facet normal -1 0 0
    outer loop
      vertex -8.85 -11.8363 11.3457
      vertex -8.85 -13.1044 9.31233
      vertex -8.85 -13.6452 10.0934
    endloop
  endfacet
  facet normal 0 -0.569205 0.822195
    outer loop
      vertex -8.85 -11.8363 11.3457
      vertex -5.25 -13.6452 10.0934
      vertex -5.25 -11.8363 11.3457
    endloop
  endfacet
  facet normal 0 -0.569205 0.822195
    outer loop
      vertex -5.25 -13.6452 10.0934
      vertex -8.85 -11.8363 11.3457
      vertex -8.85 -13.6452 10.0934
    endloop
  endfacet
  facet normal 0 0.822223 0.569166
    outer loop
      vertex -5.25 -11.2956 10.5646
      vertex -8.85 -11.8363 11.3457
      vertex -5.25 -11.8363 11.3457
    endloop
  endfacet
  facet normal 0 0.822223 0.569166
    outer loop
      vertex -8.85 -11.8363 11.3457
      vertex -5.25 -11.2956 10.5646
      vertex -8.85 -11.2956 10.5646
    endloop
  endfacet
  facet normal 0 -0.822163 -0.569252
    outer loop
      vertex -8.85 -13.1044 9.31233
      vertex -5.25 -13.6452 10.0934
      vertex -8.85 -13.6452 10.0934
    endloop
  endfacet
  facet normal 0 -0.822163 -0.569252
    outer loop
      vertex -5.25 -13.6452 10.0934
      vertex -8.85 -13.1044 9.31233
      vertex -5.25 -13.1044 9.31233
    endloop
  endfacet
  facet normal 1 0 0
    outer loop
      vertex -5.25 -11.8363 11.3457
      vertex -5.25 -13.1044 9.31233
      vertex -5.25 -11.2956 10.5646
    endloop
  endfacet
  facet normal 1 0 -0
    outer loop
      vertex -5.25 -13.1044 9.31233
      vertex -5.25 -11.8363 11.3457
      vertex -5.25 -13.6452 10.0934
    endloop
  endfacet
  facet normal -1 0 0
    outer loop
      vertex -4.15 -13.1044 9.31233
      vertex -4.15 -11.8363 11.3457
      vertex -4.15 -11.2956 10.5646
    endloop
  endfacet
  facet normal -1 0 0
    outer loop
      vertex -4.15 -11.8363 11.3457
      vertex -4.15 -13.1044 9.31233
      vertex -4.15 -13.6452 10.0934
    endloop
  endfacet
  facet normal 0 -0.569205 0.822195
    outer loop
      vertex -4.15 -11.8363 11.3457
      vertex -0.549999 -13.6452 10.0934
      vertex -0.549999 -11.8363 11.3457
    endloop
  endfacet
  facet normal 0 -0.569205 0.822195
    outer loop
      vertex -0.549999 -13.6452 10.0934
      vertex -4.15 -11.8363 11.3457
      vertex -4.15 -13.6452 10.0934
    endloop
  endfacet
  facet normal 0 0.822223 0.569166
    outer loop
      vertex -0.549999 -11.2956 10.5646
      vertex -4.15 -11.8363 11.3457
      vertex -0.549999 -11.8363 11.3457
    endloop
  endfacet
  facet normal 0 0.822223 0.569166
    outer loop
      vertex -4.15 -11.8363 11.3457
      vertex -0.549999 -11.2956 10.5646
      vertex -4.15 -11.2956 10.5646
    endloop
  endfacet
  facet normal 0 -0.822163 -0.569252
    outer loop
      vertex -4.15 -13.1044 9.31233
      vertex -0.549999 -13.6452 10.0934
      vertex -4.15 -13.6452 10.0934
    endloop
  endfacet
  facet normal 0 -0.822163 -0.569252
    outer loop
      vertex -0.549999 -13.6452 10.0934
      vertex -4.15 -13.1044 9.31233
      vertex -0.549999 -13.1044 9.31233
    endloop
  endfacet
  facet normal 1 0 0
    outer loop
      vertex -0.549999 -11.8363 11.3457
      vertex -0.549999 -13.1044 9.31233
      vertex -0.549999 -11.2956 10.5646
    endloop
  endfacet
  facet normal 1 0 -0
    outer loop
      vertex -0.549999 -13.1044 9.31233
      vertex -0.549999 -11.8363 11.3457
      vertex -0.549999 -13.6452 10.0934
    endloop
  endfacet
  facet normal -1 0 0
    outer loop
      vertex 0.549999 -13.1044 9.31233
      vertex 0.549999 -11.8363 11.3457
      vertex 0.549999 -11.2956 10.5646
    endloop
  endfacet
  facet normal -1 0 0
    outer loop
      vertex 0.549999 -11.8363 11.3457
      vertex 0.549999 -13.1044 9.31233
      vertex 0.549999 -13.6452 10.0934
    endloop
  endfacet
  facet normal 1 0 0
    outer loop
      vertex 4.15 -11.8363 11.3457
      vertex 4.15 -13.1044 9.31233
      vertex 4.15 -11.2956 10.5646
    endloop
  endfacet
  facet normal 1 0 -0
    outer loop
      vertex 4.15 -13.1044 9.31233
      vertex 4.15 -11.8363 11.3457
      vertex 4.15 -13.6452 10.0934
    endloop
  endfacet
  facet normal 0 -0.569205 0.822195
    outer loop
      vertex 0.549999 -11.8363 11.3457
      vertex 4.15 -13.6452 10.0934
      vertex 4.15 -11.8363 11.3457
    endloop
  endfacet
  facet normal 0 -0.569205 0.822195
    outer loop
      vertex 4.15 -13.6452 10.0934
      vertex 0.549999 -11.8363 11.3457
      vertex 0.549999 -13.6452 10.0934
    endloop
  endfacet
  facet normal 0 0.822223 0.569166
    outer loop
      vertex 4.15 -11.2956 10.5646
      vertex 0.549999 -11.8363 11.3457
      vertex 4.15 -11.8363 11.3457
    endloop
  endfacet
  facet normal 0 0.822223 0.569166
    outer loop
      vertex 0.549999 -11.8363 11.3457
      vertex 4.15 -11.2956 10.5646
      vertex 0.549999 -11.2956 10.5646
    endloop
  endfacet
  facet normal 0 -0.822163 -0.569252
    outer loop
      vertex 0.549999 -13.1044 9.31233
      vertex 4.15 -13.6452 10.0934
      vertex 0.549999 -13.6452 10.0934
    endloop
  endfacet
  facet normal 0 -0.822163 -0.569252
    outer loop
      vertex 4.15 -13.6452 10.0934
      vertex 0.549999 -13.1044 9.31233
      vertex 4.15 -13.1044 9.31233
    endloop
  endfacet
  facet normal -1 0 0
    outer loop
      vertex 5.25 -13.1044 9.31233
      vertex 5.25 -11.8363 11.3457
      vertex 5.25 -11.2956 10.5646
    endloop
  endfacet
  facet normal -1 0 0
    outer loop
      vertex 5.25 -11.8363 11.3457
      vertex 5.25 -13.1044 9.31233
      vertex 5.25 -13.6452 10.0934
    endloop
  endfacet
  facet normal 1 0 0
    outer loop
      vertex 8.85 -11.8363 11.3457
      vertex 8.85 -13.1044 9.31233
      vertex 8.85 -11.2956 10.5646
    endloop
  endfacet
  facet normal 1 0 -0
    outer loop
      vertex 8.85 -13.1044 9.31233
      vertex 8.85 -11.8363 11.3457
      vertex 8.85 -13.6452 10.0934
    endloop
  endfacet
  facet normal 0 -0.569205 0.822195
    outer loop
      vertex 5.25 -11.8363 11.3457
      vertex 8.85 -13.6452 10.0934
      vertex 8.85 -11.8363 11.3457
    endloop
  endfacet
  facet normal 0 -0.569205 0.822195
    outer loop
      vertex 8.85 -13.6452 10.0934
      vertex 5.25 -11.8363 11.3457
      vertex 5.25 -13.6452 10.0934
    endloop
  endfacet
  facet normal 0 0.822223 0.569166
    outer loop
      vertex 8.85 -11.2956 10.5646
      vertex 5.25 -11.8363 11.3457
      vertex 8.85 -11.8363 11.3457
    endloop
  endfacet
  facet normal 0 0.822223 0.569166
    outer loop
      vertex 5.25 -11.8363 11.3457
      vertex 8.85 -11.2956 10.5646
      vertex 5.25 -11.2956 10.5646
    endloop
  endfacet
  facet normal 0 -0.822163 -0.569252
    outer loop
      vertex 5.25 -13.1044 9.31233
      vertex 8.85 -13.6452 10.0934
      vertex 5.25 -13.6452 10.0934
    endloop
  endfacet
  facet normal 0 -0.822163 -0.569252
    outer loop
      vertex 8.85 -13.6452 10.0934
      vertex 5.25 -13.1044 9.31233
      vertex 8.85 -13.1044 9.31233
    endloop
  endfacet
  facet normal -1 0 0
    outer loop
      vertex 9.95 -13.1044 9.31233
      vertex 9.95 -11.8363 11.3457
      vertex 9.95 -11.2956 10.5646
    endloop
  endfacet
  facet normal -1 0 0
    outer loop
      vertex 9.95 -11.8363 11.3457
      vertex 9.95 -13.1044 9.31233
      vertex 9.95 -13.6452 10.0934
    endloop
  endfacet
  facet normal 0 -0.569205 0.822195
    outer loop
      vertex 9.95 -11.8363 11.3457
      vertex 13.55 -13.6452 10.0934
      vertex 13.55 -11.8363 11.3457
    endloop
  endfacet
  facet normal 0 -0.569205 0.822195
    outer loop
      vertex 13.55 -13.6452 10.0934
      vertex 9.95 -11.8363 11.3457
      vertex 9.95 -13.6452 10.0934
    endloop
  endfacet
  facet normal 0 -0.822163 -0.569252
    outer loop
      vertex 9.95 -13.1044 9.31233
      vertex 13.55 -13.6452 10.0934
      vertex 9.95 -13.6452 10.0934
    endloop
  endfacet
  facet normal 0 -0.822163 -0.569252
    outer loop
      vertex 13.55 -13.6452 10.0934
      vertex 9.95 -13.1044 9.31233
      vertex 13.55 -13.1044 9.31233
    endloop
  endfacet
  facet normal 0 0.822223 0.569166
    outer loop
      vertex 13.55 -11.2956 10.5646
      vertex 9.95 -11.8363 11.3457
      vertex 13.55 -11.8363 11.3457
    endloop
  endfacet
  facet normal 0 0.822223 0.569166
    outer loop
      vertex 9.95 -11.8363 11.3457
      vertex 13.55 -11.2956 10.5646
      vertex 9.95 -11.2956 10.5646
    endloop
  endfacet
  facet normal 1 0 0
    outer loop
      vertex 13.55 -11.8363 11.3457
      vertex 13.55 -13.1044 9.31233
      vertex 13.55 -11.2956 10.5646
    endloop
  endfacet
  facet normal 1 0 -0
    outer loop
      vertex 13.55 -13.1044 9.31233
      vertex 13.55 -11.8363 11.3457
      vertex 13.55 -13.6452 10.0934
    endloop
  endfacet
  facet normal -1 0 0
    outer loop
      vertex 14.65 -13.1044 9.31233
      vertex 14.65 -11.8363 11.3457
      vertex 14.65 -11.2956 10.5646
    endloop
  endfacet
  facet normal -1 0 0
    outer loop
      vertex 14.65 -11.8363 11.3457
      vertex 14.65 -13.1044 9.31233
      vertex 14.65 -13.6452 10.0934
    endloop
  endfacet
  facet normal 0 -0.569205 0.822195
    outer loop
      vertex 14.65 -11.8363 11.3457
      vertex 18.25 -13.6452 10.0934
      vertex 18.25 -11.8363 11.3457
    endloop
  endfacet
  facet normal 0 -0.569205 0.822195
    outer loop
      vertex 18.25 -13.6452 10.0934
      vertex 14.65 -11.8363 11.3457
      vertex 14.65 -13.6452 10.0934
    endloop
  endfacet
  facet normal 0 -0.822163 -0.569252
    outer loop
      vertex 14.65 -13.1044 9.31233
      vertex 18.25 -13.6452 10.0934
      vertex 14.65 -13.6452 10.0934
    endloop
  endfacet
  facet normal 0 -0.822163 -0.569252
    outer loop
      vertex 18.25 -13.6452 10.0934
      vertex 14.65 -13.1044 9.31233
      vertex 18.25 -13.1044 9.31233
    endloop
  endfacet
  facet normal 0 0.822223 0.569166
    outer loop
      vertex 18.25 -11.2956 10.5646
      vertex 14.65 -11.8363 11.3457
      vertex 18.25 -11.8363 11.3457
    endloop
  endfacet
  facet normal 0 0.822223 0.569166
    outer loop
      vertex 14.65 -11.8363 11.3457
      vertex 18.25 -11.2956 10.5646
      vertex 14.65 -11.2956 10.5646
    endloop
  endfacet
  facet normal 1 0 0
    outer loop
      vertex 18.25 -11.8363 11.3457
      vertex 18.25 -13.1044 9.31233
      vertex 18.25 -11.2956 10.5646
    endloop
  endfacet
  facet normal 1 0 -0
    outer loop
      vertex 18.25 -13.1044 9.31233
      vertex 18.25 -11.8363 11.3457
      vertex 18.25 -13.6452 10.0934
    endloop
  endfacet
  facet normal -1 0 0
    outer loop
      vertex 19.35 -13.1044 9.31233
      vertex 19.35 -11.8363 11.3457
      vertex 19.35 -11.2956 10.5646
    endloop
  endfacet
  facet normal -1 0 0
    outer loop
      vertex 19.35 -11.8363 11.3457
      vertex 19.35 -13.1044 9.31233
      vertex 19.35 -13.6452 10.0934
    endloop
  endfacet
  facet normal 1 0 0
    outer loop
      vertex 22.95 -11.8363 11.3457
      vertex 22.95 -13.1044 9.31233
      vertex 22.95 -11.2956 10.5646
    endloop
  endfacet
  facet normal 1 0 -0
    outer loop
      vertex 22.95 -13.1044 9.31233
      vertex 22.95 -11.8363 11.3457
      vertex 22.95 -13.6452 10.0934
    endloop
  endfacet
  facet normal 0 -0.569205 0.822195
    outer loop
      vertex 19.35 -11.8363 11.3457
      vertex 22.95 -13.6452 10.0934
      vertex 22.95 -11.8363 11.3457
    endloop
  endfacet
  facet normal 0 -0.569205 0.822195
    outer loop
      vertex 22.95 -13.6452 10.0934
      vertex 19.35 -11.8363 11.3457
      vertex 19.35 -13.6452 10.0934
    endloop
  endfacet
  facet normal 0 0.822223 0.569166
    outer loop
      vertex 22.95 -11.2956 10.5646
      vertex 19.35 -11.8363 11.3457
      vertex 22.95 -11.8363 11.3457
    endloop
  endfacet
  facet normal 0 0.822223 0.569166
    outer loop
      vertex 19.35 -11.8363 11.3457
      vertex 22.95 -11.2956 10.5646
      vertex 19.35 -11.2956 10.5646
    endloop
  endfacet
  facet normal 0 -0.822163 -0.569252
    outer loop
      vertex 19.35 -13.1044 9.31233
      vertex 22.95 -13.6452 10.0934
      vertex 19.35 -13.6452 10.0934
    endloop
  endfacet
  facet normal 0 -0.822163 -0.569252
    outer loop
      vertex 22.95 -13.6452 10.0934
      vertex 19.35 -13.1044 9.31233
      vertex 22.95 -13.1044 9.31233
    endloop
  endfacet
  facet normal -1 0 0
    outer loop
      vertex -20.05 -10.6544 11.0085
      vertex -20.05 -9.38634 13.0418
      vertex -20.05 -8.84559 12.2607
    endloop
  endfacet
  facet normal -1 0 0
    outer loop
      vertex -20.05 -9.38634 13.0418
      vertex -20.05 -10.6544 11.0085
      vertex -20.05 -11.1952 11.7896
    endloop
  endfacet
  facet normal 1 0 0
    outer loop
      vertex -16.45 -9.38634 13.0418
      vertex -16.45 -10.6544 11.0085
      vertex -16.45 -8.84559 12.2607
    endloop
  endfacet
  facet normal 1 0 -0
    outer loop
      vertex -16.45 -10.6544 11.0085
      vertex -16.45 -9.38634 13.0418
      vertex -16.45 -11.1952 11.7896
    endloop
  endfacet
  facet normal 0 -0.569183 0.822211
    outer loop
      vertex -20.05 -9.38634 13.0418
      vertex -16.45 -11.1952 11.7896
      vertex -16.45 -9.38634 13.0418
    endloop
  endfacet
  facet normal 0 -0.569183 0.822211
    outer loop
      vertex -16.45 -11.1952 11.7896
      vertex -20.05 -9.38634 13.0418
      vertex -20.05 -11.1952 11.7896
    endloop
  endfacet
  facet normal 0 0.822198 0.569202
    outer loop
      vertex -16.45 -8.84559 12.2607
      vertex -20.05 -9.38634 13.0418
      vertex -16.45 -9.38634 13.0418
    endloop
  endfacet
  facet normal 0 0.822198 0.569202
    outer loop
      vertex -20.05 -9.38634 13.0418
      vertex -16.45 -8.84559 12.2607
      vertex -20.05 -8.84559 12.2607
    endloop
  endfacet
  facet normal 0 -0.822173 -0.569237
    outer loop
      vertex -20.05 -10.6544 11.0085
      vertex -16.45 -11.1952 11.7896
      vertex -20.05 -11.1952 11.7896
    endloop
  endfacet
  facet normal 0 -0.822173 -0.569237
    outer loop
      vertex -16.45 -11.1952 11.7896
      vertex -20.05 -10.6544 11.0085
      vertex -16.45 -10.6544 11.0085
    endloop
  endfacet
  facet normal -1 0 0
    outer loop
      vertex -15.35 -10.6544 11.0085
      vertex -15.35 -9.38634 13.0418
      vertex -15.35 -8.84559 12.2607
    endloop
  endfacet
  facet normal -1 0 0
    outer loop
      vertex -15.35 -9.38634 13.0418
      vertex -15.35 -10.6544 11.0085
      vertex -15.35 -11.1952 11.7896
    endloop
  endfacet
  facet normal 1 0 0
    outer loop
      vertex -11.75 -9.38634 13.0418
      vertex -11.75 -10.6544 11.0085
      vertex -11.75 -8.84559 12.2607
    endloop
  endfacet
  facet normal 1 0 -0
    outer loop
      vertex -11.75 -10.6544 11.0085
      vertex -11.75 -9.38634 13.0418
      vertex -11.75 -11.1952 11.7896
    endloop
  endfacet
  facet normal 0 -0.569183 0.822211
    outer loop
      vertex -15.35 -9.38634 13.0418
      vertex -11.75 -11.1952 11.7896
      vertex -11.75 -9.38634 13.0418
    endloop
  endfacet
  facet normal 0 -0.569183 0.822211
    outer loop
      vertex -11.75 -11.1952 11.7896
      vertex -15.35 -9.38634 13.0418
      vertex -15.35 -11.1952 11.7896
    endloop
  endfacet
  facet normal 0 0.822198 0.569202
    outer loop
      vertex -11.75 -8.84559 12.2607
      vertex -15.35 -9.38634 13.0418
      vertex -11.75 -9.38634 13.0418
    endloop
  endfacet
  facet normal 0 0.822198 0.569202
    outer loop
      vertex -15.35 -9.38634 13.0418
      vertex -11.75 -8.84559 12.2607
      vertex -15.35 -8.84559 12.2607
    endloop
  endfacet
  facet normal 0 -0.822173 -0.569237
    outer loop
      vertex -15.35 -10.6544 11.0085
      vertex -11.75 -11.1952 11.7896
      vertex -15.35 -11.1952 11.7896
    endloop
  endfacet
  facet normal 0 -0.822173 -0.569237
    outer loop
      vertex -11.75 -11.1952 11.7896
      vertex -15.35 -10.6544 11.0085
      vertex -11.75 -10.6544 11.0085
    endloop
  endfacet
  facet normal -1 0 0
    outer loop
      vertex -10.65 -10.6544 11.0085
      vertex -10.65 -9.38634 13.0418
      vertex -10.65 -8.84559 12.2607
    endloop
  endfacet
  facet normal -1 0 0
    outer loop
      vertex -10.65 -9.38634 13.0418
      vertex -10.65 -10.6544 11.0085
      vertex -10.65 -11.1952 11.7896
    endloop
  endfacet
  facet normal 1 0 0
    outer loop
      vertex -7.05 -9.38634 13.0418
      vertex -7.05 -10.6544 11.0085
      vertex -7.05 -8.84559 12.2607
    endloop
  endfacet
  facet normal 1 0 -0
    outer loop
      vertex -7.05 -10.6544 11.0085
      vertex -7.05 -9.38634 13.0418
      vertex -7.05 -11.1952 11.7896
    endloop
  endfacet
  facet normal 0 -0.569183 0.822211
    outer loop
      vertex -10.65 -9.38634 13.0418
      vertex -7.05 -11.1952 11.7896
      vertex -7.05 -9.38634 13.0418
    endloop
  endfacet
  facet normal 0 -0.569183 0.822211
    outer loop
      vertex -7.05 -11.1952 11.7896
      vertex -10.65 -9.38634 13.0418
      vertex -10.65 -11.1952 11.7896
    endloop
  endfacet
  facet normal 0 0.822198 0.569202
    outer loop
      vertex -7.05 -8.84559 12.2607
      vertex -10.65 -9.38634 13.0418
      vertex -7.05 -9.38634 13.0418
    endloop
  endfacet
  facet normal 0 0.822198 0.569202
    outer loop
      vertex -10.65 -9.38634 13.0418
      vertex -7.05 -8.84559 12.2607
      vertex -10.65 -8.84559 12.2607
    endloop
  endfacet
  facet normal 0 -0.822173 -0.569237
    outer loop
      vertex -10.65 -10.6544 11.0085
      vertex -7.05 -11.1952 11.7896
      vertex -10.65 -11.1952 11.7896
    endloop
  endfacet
  facet normal 0 -0.822173 -0.569237
    outer loop
      vertex -7.05 -11.1952 11.7896
      vertex -10.65 -10.6544 11.0085
      vertex -7.05 -10.6544 11.0085
    endloop
  endfacet
  facet normal -1 0 0
    outer loop
      vertex -5.95 -10.6544 11.0085
      vertex -5.95 -9.38634 13.0418
      vertex -5.95 -8.84559 12.2607
    endloop
  endfacet
  facet normal -1 0 0
    outer loop
      vertex -5.95 -9.38634 13.0418
      vertex -5.95 -10.6544 11.0085
      vertex -5.95 -11.1952 11.7896
    endloop
  endfacet
  facet normal 1 0 0
    outer loop
      vertex -2.35 -9.38634 13.0418
      vertex -2.35 -10.6544 11.0085
      vertex -2.35 -8.84559 12.2607
    endloop
  endfacet
  facet normal 1 0 -0
    outer loop
      vertex -2.35 -10.6544 11.0085
      vertex -2.35 -9.38634 13.0418
      vertex -2.35 -11.1952 11.7896
    endloop
  endfacet
  facet normal 0 -0.569183 0.822211
    outer loop
      vertex -5.95 -9.38634 13.0418
      vertex -2.35 -11.1952 11.7896
      vertex -2.35 -9.38634 13.0418
    endloop
  endfacet
  facet normal 0 -0.569183 0.822211
    outer loop
      vertex -2.35 -11.1952 11.7896
      vertex -5.95 -9.38634 13.0418
      vertex -5.95 -11.1952 11.7896
    endloop
  endfacet
  facet normal 0 -0.822173 -0.569237
    outer loop
      vertex -5.95 -10.6544 11.0085
      vertex -2.35 -11.1952 11.7896
      vertex -5.95 -11.1952 11.7896
    endloop
  endfacet
  facet normal 0 -0.822173 -0.569237
    outer loop
      vertex -2.35 -11.1952 11.7896
      vertex -5.95 -10.6544 11.0085
      vertex -2.35 -10.6544 11.0085
    endloop
  endfacet
  facet normal 0 0.822198 0.569202
    outer loop
      vertex -2.35 -8.84559 12.2607
      vertex -5.95 -9.38634 13.0418
      vertex -2.35 -9.38634 13.0418
    endloop
  endfacet
  facet normal 0 0.822198 0.569202
    outer loop
      vertex -5.95 -9.38634 13.0418
      vertex -2.35 -8.84559 12.2607
      vertex -5.95 -8.84559 12.2607
    endloop
  endfacet
  facet normal -1 0 0
    outer loop
      vertex -1.25 -10.6544 11.0085
      vertex -1.25 -9.38634 13.0418
      vertex -1.25 -8.84559 12.2607
    endloop
  endfacet
  facet normal -1 0 0
    outer loop
      vertex -1.25 -9.38634 13.0418
      vertex -1.25 -10.6544 11.0085
      vertex -1.25 -11.1952 11.7896
    endloop
  endfacet
  facet normal 0 -0.569183 0.822211
    outer loop
      vertex -1.25 -9.38634 13.0418
      vertex 2.35 -11.1952 11.7896
      vertex 2.35 -9.38634 13.0418
    endloop
  endfacet
  facet normal 0 -0.569183 0.822211
    outer loop
      vertex 2.35 -11.1952 11.7896
      vertex -1.25 -9.38634 13.0418
      vertex -1.25 -11.1952 11.7896
    endloop
  endfacet
  facet normal 0 -0.822173 -0.569237
    outer loop
      vertex -1.25 -10.6544 11.0085
      vertex 2.35 -11.1952 11.7896
      vertex -1.25 -11.1952 11.7896
    endloop
  endfacet
  facet normal 0 -0.822173 -0.569237
    outer loop
      vertex 2.35 -11.1952 11.7896
      vertex -1.25 -10.6544 11.0085
      vertex 2.35 -10.6544 11.0085
    endloop
  endfacet
  facet normal 0 0.822198 0.569202
    outer loop
      vertex 2.35 -8.84559 12.2607
      vertex -1.25 -9.38634 13.0418
      vertex 2.35 -9.38634 13.0418
    endloop
  endfacet
  facet normal 0 0.822198 0.569202
    outer loop
      vertex -1.25 -9.38634 13.0418
      vertex 2.35 -8.84559 12.2607
      vertex -1.25 -8.84559 12.2607
    endloop
  endfacet
  facet normal 1 0 0
    outer loop
      vertex 2.35 -9.38634 13.0418
      vertex 2.35 -10.6544 11.0085
      vertex 2.35 -8.84559 12.2607
    endloop
  endfacet
  facet normal 1 0 -0
    outer loop
      vertex 2.35 -10.6544 11.0085
      vertex 2.35 -9.38634 13.0418
      vertex 2.35 -11.1952 11.7896
    endloop
  endfacet
  facet normal -1 0 0
    outer loop
      vertex 8.15 -10.6544 11.0085
      vertex 8.15 -9.38634 13.0418
      vertex 8.15 -8.84559 12.2607
    endloop
  endfacet
  facet normal -1 0 0
    outer loop
      vertex 8.15 -9.38634 13.0418
      vertex 8.15 -10.6544 11.0085
      vertex 8.15 -11.1952 11.7896
    endloop
  endfacet
  facet normal 1 0 0
    outer loop
      vertex 11.75 -9.38634 13.0418
      vertex 11.75 -10.6544 11.0085
      vertex 11.75 -8.84559 12.2607
    endloop
  endfacet
  facet normal 1 0 -0
    outer loop
      vertex 11.75 -10.6544 11.0085
      vertex 11.75 -9.38634 13.0418
      vertex 11.75 -11.1952 11.7896
    endloop
  endfacet
  facet normal 0 -0.569183 0.822211
    outer loop
      vertex 8.15 -9.38634 13.0418
      vertex 11.75 -11.1952 11.7896
      vertex 11.75 -9.38634 13.0418
    endloop
  endfacet
  facet normal 0 -0.569183 0.822211
    outer loop
      vertex 11.75 -11.1952 11.7896
      vertex 8.15 -9.38634 13.0418
      vertex 8.15 -11.1952 11.7896
    endloop
  endfacet
  facet normal 0 -0.822173 -0.569237
    outer loop
      vertex 8.15 -10.6544 11.0085
      vertex 11.75 -11.1952 11.7896
      vertex 8.15 -11.1952 11.7896
    endloop
  endfacet
  facet normal 0 -0.822173 -0.569237
    outer loop
      vertex 11.75 -11.1952 11.7896
      vertex 8.15 -10.6544 11.0085
      vertex 11.75 -10.6544 11.0085
    endloop
  endfacet
  facet normal 0 0.822198 0.569202
    outer loop
      vertex 11.75 -8.84559 12.2607
      vertex 8.15 -9.38634 13.0418
      vertex 11.75 -9.38634 13.0418
    endloop
  endfacet
  facet normal 0 0.822198 0.569202
    outer loop
      vertex 8.15 -9.38634 13.0418
      vertex 11.75 -8.84559 12.2607
      vertex 8.15 -8.84559 12.2607
    endloop
  endfacet
  facet normal -1 0 0
    outer loop
      vertex 12.85 -10.6544 11.0085
      vertex 12.85 -9.38634 13.0418
      vertex 12.85 -8.84559 12.2607
    endloop
  endfacet
  facet normal -1 0 0
    outer loop
      vertex 12.85 -9.38634 13.0418
      vertex 12.85 -10.6544 11.0085
      vertex 12.85 -11.1952 11.7896
    endloop
  endfacet
  facet normal 1 0 0
    outer loop
      vertex 16.45 -9.38634 13.0418
      vertex 16.45 -10.6544 11.0085
      vertex 16.45 -8.84559 12.2607
    endloop
  endfacet
  facet normal 1 0 -0
    outer loop
      vertex 16.45 -10.6544 11.0085
      vertex 16.45 -9.38634 13.0418
      vertex 16.45 -11.1952 11.7896
    endloop
  endfacet
  facet normal 0 -0.569183 0.822211
    outer loop
      vertex 12.85 -9.38634 13.0418
      vertex 16.45 -11.1952 11.7896
      vertex 16.45 -9.38634 13.0418
    endloop
  endfacet
  facet normal 0 -0.569183 0.822211
    outer loop
      vertex 16.45 -11.1952 11.7896
      vertex 12.85 -9.38634 13.0418
      vertex 12.85 -11.1952 11.7896
    endloop
  endfacet
  facet normal 0 -0.822173 -0.569237
    outer loop
      vertex 12.85 -10.6544 11.0085
      vertex 16.45 -11.1952 11.7896
      vertex 12.85 -11.1952 11.7896
    endloop
  endfacet
  facet normal 0 -0.822173 -0.569237
    outer loop
      vertex 16.45 -11.1952 11.7896
      vertex 12.85 -10.6544 11.0085
      vertex 16.45 -10.6544 11.0085
    endloop
  endfacet
  facet normal 0 0.822198 0.569202
    outer loop
      vertex 16.45 -8.84559 12.2607
      vertex 12.85 -9.38634 13.0418
      vertex 16.45 -9.38634 13.0418
    endloop
  endfacet
  facet normal 0 0.822198 0.569202
    outer loop
      vertex 12.85 -9.38634 13.0418
      vertex 16.45 -8.84559 12.2607
      vertex 12.85 -8.84559 12.2607
    endloop
  endfacet
  facet normal -1 0 0
    outer loop
      vertex 17.55 -10.6544 11.0085
      vertex 17.55 -9.38634 13.0418
      vertex 17.55 -8.84559 12.2607
    endloop
  endfacet
  facet normal -1 0 0
    outer loop
      vertex 17.55 -9.38634 13.0418
      vertex 17.55 -10.6544 11.0085
      vertex 17.55 -11.1952 11.7896
    endloop
  endfacet
  facet normal 1 0 0
    outer loop
      vertex 21.15 -9.38634 13.0418
      vertex 21.15 -10.6544 11.0085
      vertex 21.15 -8.84559 12.2607
    endloop
  endfacet
  facet normal 1 0 -0
    outer loop
      vertex 21.15 -10.6544 11.0085
      vertex 21.15 -9.38634 13.0418
      vertex 21.15 -11.1952 11.7896
    endloop
  endfacet
  facet normal 0 -0.569183 0.822211
    outer loop
      vertex 17.55 -9.38634 13.0418
      vertex 21.15 -11.1952 11.7896
      vertex 21.15 -9.38634 13.0418
    endloop
  endfacet
  facet normal 0 -0.569183 0.822211
    outer loop
      vertex 21.15 -11.1952 11.7896
      vertex 17.55 -9.38634 13.0418
      vertex 17.55 -11.1952 11.7896
    endloop
  endfacet
  facet normal 0 -0.822173 -0.569237
    outer loop
      vertex 17.55 -10.6544 11.0085
      vertex 21.15 -11.1952 11.7896
      vertex 17.55 -11.1952 11.7896
    endloop
  endfacet
  facet normal 0 -0.822173 -0.569237
    outer loop
      vertex 21.15 -11.1952 11.7896
      vertex 17.55 -10.6544 11.0085
      vertex 21.15 -10.6544 11.0085
    endloop
  endfacet
  facet normal 0 0.822198 0.569202
    outer loop
      vertex 21.15 -8.84559 12.2607
      vertex 17.55 -9.38634 13.0418
      vertex 21.15 -9.38634 13.0418
    endloop
  endfacet
  facet normal 0 0.822198 0.569202
    outer loop
      vertex 17.55 -9.38634 13.0418
      vertex 21.15 -8.84559 12.2607
      vertex 17.55 -8.84559 12.2607
    endloop
  endfacet
  facet normal -1 0 0
    outer loop
      vertex -17.15 -8.20441 12.7046
      vertex -17.15 -6.93634 14.738
      vertex -17.15 -6.39559 13.9569
    endloop
  endfacet
  facet normal -1 0 0
    outer loop
      vertex -17.15 -6.93634 14.738
      vertex -17.15 -8.20441 12.7046
      vertex -17.15 -8.74516 13.4857
    endloop
  endfacet
  facet normal 1 0 0
    outer loop
      vertex -13.55 -6.93634 14.738
      vertex -13.55 -8.20441 12.7046
      vertex -13.55 -6.39559 13.9569
    endloop
  endfacet
  facet normal 1 0 -0
    outer loop
      vertex -13.55 -8.20441 12.7046
      vertex -13.55 -6.93634 14.738
      vertex -13.55 -8.74516 13.4857
    endloop
  endfacet
  facet normal 0 -0.569222 0.822184
    outer loop
      vertex -17.15 -6.93634 14.738
      vertex -13.55 -8.74516 13.4857
      vertex -13.55 -6.93634 14.738
    endloop
  endfacet
  facet normal 0 -0.569222 0.822184
    outer loop
      vertex -13.55 -8.74516 13.4857
      vertex -17.15 -6.93634 14.738
      vertex -17.15 -8.74516 13.4857
    endloop
  endfacet
  facet normal 0 -0.822198 -0.569202
    outer loop
      vertex -17.15 -8.20441 12.7046
      vertex -13.55 -8.74516 13.4857
      vertex -17.15 -8.74516 13.4857
    endloop
  endfacet
  facet normal 0 -0.822198 -0.569202
    outer loop
      vertex -13.55 -8.74516 13.4857
      vertex -17.15 -8.20441 12.7046
      vertex -13.55 -8.20441 12.7046
    endloop
  endfacet
  facet normal 0 0.822198 0.569202
    outer loop
      vertex -13.55 -6.39559 13.9569
      vertex -17.15 -6.93634 14.738
      vertex -13.55 -6.93634 14.738
    endloop
  endfacet
  facet normal 0 0.822198 0.569202
    outer loop
      vertex -17.15 -6.93634 14.738
      vertex -13.55 -6.39559 13.9569
      vertex -17.15 -6.39559 13.9569
    endloop
  endfacet
  facet normal -1 0 0
    outer loop
      vertex -12.45 -8.20441 12.7046
      vertex -12.45 -6.93634 14.738
      vertex -12.45 -6.39559 13.9569
    endloop
  endfacet
  facet normal -1 0 0
    outer loop
      vertex -12.45 -6.93634 14.738
      vertex -12.45 -8.20441 12.7046
      vertex -12.45 -8.74516 13.4857
    endloop
  endfacet
  facet normal 1 0 0
    outer loop
      vertex -8.85 -6.93634 14.738
      vertex -8.85 -8.20441 12.7046
      vertex -8.85 -6.39559 13.9569
    endloop
  endfacet
  facet normal 1 0 -0
    outer loop
      vertex -8.85 -8.20441 12.7046
      vertex -8.85 -6.93634 14.738
      vertex -8.85 -8.74516 13.4857
    endloop
  endfacet
  facet normal 0 -0.569222 0.822184
    outer loop
      vertex -12.45 -6.93634 14.738
      vertex -8.85 -8.74516 13.4857
      vertex -8.85 -6.93634 14.738
    endloop
  endfacet
  facet normal 0 -0.569222 0.822184
    outer loop
      vertex -8.85 -8.74516 13.4857
      vertex -12.45 -6.93634 14.738
      vertex -12.45 -8.74516 13.4857
    endloop
  endfacet
  facet normal 0 -0.822198 -0.569202
    outer loop
      vertex -12.45 -8.20441 12.7046
      vertex -8.85 -8.74516 13.4857
      vertex -12.45 -8.74516 13.4857
    endloop
  endfacet
  facet normal 0 -0.822198 -0.569202
    outer loop
      vertex -8.85 -8.74516 13.4857
      vertex -12.45 -8.20441 12.7046
      vertex -8.85 -8.20441 12.7046
    endloop
  endfacet
  facet normal 0 0.822198 0.569202
    outer loop
      vertex -8.85 -6.39559 13.9569
      vertex -12.45 -6.93634 14.738
      vertex -8.85 -6.93634 14.738
    endloop
  endfacet
  facet normal 0 0.822198 0.569202
    outer loop
      vertex -12.45 -6.93634 14.738
      vertex -8.85 -6.39559 13.9569
      vertex -12.45 -6.39559 13.9569
    endloop
  endfacet
  facet normal -1 0 0
    outer loop
      vertex -7.75 -8.20441 12.7046
      vertex -7.75 -6.93634 14.738
      vertex -7.75 -6.39559 13.9569
    endloop
  endfacet
  facet normal -1 0 0
    outer loop
      vertex -7.75 -6.93634 14.738
      vertex -7.75 -8.20441 12.7046
      vertex -7.75 -8.74516 13.4857
    endloop
  endfacet
  facet normal 0 -0.569222 0.822184
    outer loop
      vertex -7.75 -6.93634 14.738
      vertex -4.15 -8.74516 13.4857
      vertex -4.15 -6.93634 14.738
    endloop
  endfacet
  facet normal 0 -0.569222 0.822184
    outer loop
      vertex -4.15 -8.74516 13.4857
      vertex -7.75 -6.93634 14.738
      vertex -7.75 -8.74516 13.4857
    endloop
  endfacet
  facet normal 0 -0.822198 -0.569202
    outer loop
      vertex -7.75 -8.20441 12.7046
      vertex -4.15 -8.74516 13.4857
      vertex -7.75 -8.74516 13.4857
    endloop
  endfacet
  facet normal 0 -0.822198 -0.569202
    outer loop
      vertex -4.15 -8.74516 13.4857
      vertex -7.75 -8.20441 12.7046
      vertex -4.15 -8.20441 12.7046
    endloop
  endfacet
  facet normal 0 0.822198 0.569202
    outer loop
      vertex -4.15 -6.39559 13.9569
      vertex -7.75 -6.93634 14.738
      vertex -4.15 -6.93634 14.738
    endloop
  endfacet
  facet normal 0 0.822198 0.569202
    outer loop
      vertex -7.75 -6.93634 14.738
      vertex -4.15 -6.39559 13.9569
      vertex -7.75 -6.39559 13.9569
    endloop
  endfacet
  facet normal 1 0 0
    outer loop
      vertex -4.15 -6.93634 14.738
      vertex -4.15 -8.20441 12.7046
      vertex -4.15 -6.39559 13.9569
    endloop
  endfacet
  facet normal 1 0 -0
    outer loop
      vertex -4.15 -8.20441 12.7046
      vertex -4.15 -6.93634 14.738
      vertex -4.15 -8.74516 13.4857
    endloop
  endfacet
  facet normal -1 0 0
    outer loop
      vertex -3.05 -8.20441 12.7046
      vertex -3.05 -6.93634 14.738
      vertex -3.05 -6.39559 13.9569
    endloop
  endfacet
  facet normal -1 0 0
    outer loop
      vertex -3.05 -6.93634 14.738
      vertex -3.05 -8.20441 12.7046
      vertex -3.05 -8.74516 13.4857
    endloop
  endfacet
  facet normal 0 -0.569222 0.822184
    outer loop
      vertex -3.05 -6.93634 14.738
      vertex 0.549999 -8.74516 13.4857
      vertex 0.549999 -6.93634 14.738
    endloop
  endfacet
  facet normal 0 -0.569222 0.822184
    outer loop
      vertex 0.549999 -8.74516 13.4857
      vertex -3.05 -6.93634 14.738
      vertex -3.05 -8.74516 13.4857
    endloop
  endfacet
  facet normal 0 -0.822198 -0.569202
    outer loop
      vertex -3.05 -8.20441 12.7046
      vertex 0.549999 -8.74516 13.4857
      vertex -3.05 -8.74516 13.4857
    endloop
  endfacet
  facet normal 0 -0.822198 -0.569202
    outer loop
      vertex 0.549999 -8.74516 13.4857
      vertex -3.05 -8.20441 12.7046
      vertex 0.549999 -8.20441 12.7046
    endloop
  endfacet
  facet normal 0 0.822198 0.569202
    outer loop
      vertex 0.549999 -6.39559 13.9569
      vertex -3.05 -6.93634 14.738
      vertex 0.549999 -6.93634 14.738
    endloop
  endfacet
  facet normal 0 0.822198 0.569202
    outer loop
      vertex -3.05 -6.93634 14.738
      vertex 0.549999 -6.39559 13.9569
      vertex -3.05 -6.39559 13.9569
    endloop
  endfacet
  facet normal 1 0 0
    outer loop
      vertex 0.549999 -6.93634 14.738
      vertex 0.549999 -8.20441 12.7046
      vertex 0.549999 -6.39559 13.9569
    endloop
  endfacet
  facet normal 1 0 -0
    outer loop
      vertex 0.549999 -8.20441 12.7046
      vertex 0.549999 -6.93634 14.738
      vertex 0.549999 -8.74516 13.4857
    endloop
  endfacet
  facet normal -1 0 0
    outer loop
      vertex 1.65 -8.20441 12.7046
      vertex 1.65 -6.93634 14.738
      vertex 1.65 -6.39559 13.9569
    endloop
  endfacet
  facet normal -1 0 0
    outer loop
      vertex 1.65 -6.93634 14.738
      vertex 1.65 -8.20441 12.7046
      vertex 1.65 -8.74516 13.4857
    endloop
  endfacet
  facet normal 1 0 0
    outer loop
      vertex 5.25 -6.93634 14.738
      vertex 5.25 -8.20441 12.7046
      vertex 5.25 -6.39559 13.9569
    endloop
  endfacet
  facet normal 1 0 -0
    outer loop
      vertex 5.25 -8.20441 12.7046
      vertex 5.25 -6.93634 14.738
      vertex 5.25 -8.74516 13.4857
    endloop
  endfacet
  facet normal 0 -0.569222 0.822184
    outer loop
      vertex 1.65 -6.93634 14.738
      vertex 5.25 -8.74516 13.4857
      vertex 5.25 -6.93634 14.738
    endloop
  endfacet
  facet normal 0 -0.569222 0.822184
    outer loop
      vertex 5.25 -8.74516 13.4857
      vertex 1.65 -6.93634 14.738
      vertex 1.65 -8.74516 13.4857
    endloop
  endfacet
  facet normal 0 -0.822198 -0.569202
    outer loop
      vertex 1.65 -8.20441 12.7046
      vertex 5.25 -8.74516 13.4857
      vertex 1.65 -8.74516 13.4857
    endloop
  endfacet
  facet normal 0 -0.822198 -0.569202
    outer loop
      vertex 5.25 -8.74516 13.4857
      vertex 1.65 -8.20441 12.7046
      vertex 5.25 -8.20441 12.7046
    endloop
  endfacet
  facet normal 0 0.822198 0.569202
    outer loop
      vertex 5.25 -6.39559 13.9569
      vertex 1.65 -6.93634 14.738
      vertex 5.25 -6.93634 14.738
    endloop
  endfacet
  facet normal 0 0.822198 0.569202
    outer loop
      vertex 1.65 -6.93634 14.738
      vertex 5.25 -6.39559 13.9569
      vertex 1.65 -6.39559 13.9569
    endloop
  endfacet
  facet normal -1 0 0
    outer loop
      vertex 6.35 -8.20441 12.7046
      vertex 6.35 -6.93634 14.738
      vertex 6.35 -6.39559 13.9569
    endloop
  endfacet
  facet normal -1 0 0
    outer loop
      vertex 6.35 -6.93634 14.738
      vertex 6.35 -8.20441 12.7046
      vertex 6.35 -8.74516 13.4857
    endloop
  endfacet
  facet normal 1 0 0
    outer loop
      vertex 9.95 -6.93634 14.738
      vertex 9.95 -8.20441 12.7046
      vertex 9.95 -6.39559 13.9569
    endloop
  endfacet
  facet normal 1 0 -0
    outer loop
      vertex 9.95 -8.20441 12.7046
      vertex 9.95 -6.93634 14.738
      vertex 9.95 -8.74516 13.4857
    endloop
  endfacet
  facet normal 0 -0.569222 0.822184
    outer loop
      vertex 6.35 -6.93634 14.738
      vertex 9.95 -8.74516 13.4857
      vertex 9.95 -6.93634 14.738
    endloop
  endfacet
  facet normal 0 -0.569222 0.822184
    outer loop
      vertex 9.95 -8.74516 13.4857
      vertex 6.35 -6.93634 14.738
      vertex 6.35 -8.74516 13.4857
    endloop
  endfacet
  facet normal 0 -0.822198 -0.569202
    outer loop
      vertex 6.35 -8.20441 12.7046
      vertex 9.95 -8.74516 13.4857
      vertex 6.35 -8.74516 13.4857
    endloop
  endfacet
  facet normal 0 -0.822198 -0.569202
    outer loop
      vertex 9.95 -8.74516 13.4857
      vertex 6.35 -8.20441 12.7046
      vertex 9.95 -8.20441 12.7046
    endloop
  endfacet
  facet normal 0 0.822198 0.569202
    outer loop
      vertex 9.95 -6.39559 13.9569
      vertex 6.35 -6.93634 14.738
      vertex 9.95 -6.93634 14.738
    endloop
  endfacet
  facet normal 0 0.822198 0.569202
    outer loop
      vertex 6.35 -6.93634 14.738
      vertex 9.95 -6.39559 13.9569
      vertex 6.35 -6.39559 13.9569
    endloop
  endfacet
  facet normal -1 0 0
    outer loop
      vertex 11.05 -8.20441 12.7046
      vertex 11.05 -6.93634 14.738
      vertex 11.05 -6.39559 13.9569
    endloop
  endfacet
  facet normal -1 0 0
    outer loop
      vertex 11.05 -6.93634 14.738
      vertex 11.05 -8.20441 12.7046
      vertex 11.05 -8.74516 13.4857
    endloop
  endfacet
  facet normal 1 0 0
    outer loop
      vertex 14.65 -6.93634 14.738
      vertex 14.65 -8.20441 12.7046
      vertex 14.65 -6.39559 13.9569
    endloop
  endfacet
  facet normal 1 0 -0
    outer loop
      vertex 14.65 -8.20441 12.7046
      vertex 14.65 -6.93634 14.738
      vertex 14.65 -8.74516 13.4857
    endloop
  endfacet
  facet normal 0 -0.569222 0.822184
    outer loop
      vertex 11.05 -6.93634 14.738
      vertex 14.65 -8.74516 13.4857
      vertex 14.65 -6.93634 14.738
    endloop
  endfacet
  facet normal 0 -0.569222 0.822184
    outer loop
      vertex 14.65 -8.74516 13.4857
      vertex 11.05 -6.93634 14.738
      vertex 11.05 -8.74516 13.4857
    endloop
  endfacet
  facet normal 0 -0.822198 -0.569202
    outer loop
      vertex 11.05 -8.20441 12.7046
      vertex 14.65 -8.74516 13.4857
      vertex 11.05 -8.74516 13.4857
    endloop
  endfacet
  facet normal 0 -0.822198 -0.569202
    outer loop
      vertex 14.65 -8.74516 13.4857
      vertex 11.05 -8.20441 12.7046
      vertex 14.65 -8.20441 12.7046
    endloop
  endfacet
  facet normal 0 0.822198 0.569202
    outer loop
      vertex 14.65 -6.39559 13.9569
      vertex 11.05 -6.93634 14.738
      vertex 14.65 -6.93634 14.738
    endloop
  endfacet
  facet normal 0 0.822198 0.569202
    outer loop
      vertex 11.05 -6.93634 14.738
      vertex 14.65 -6.39559 13.9569
      vertex 11.05 -6.39559 13.9569
    endloop
  endfacet
  facet normal -1 0 0
    outer loop
      vertex 15.75 -8.20441 12.7046
      vertex 15.75 -6.93634 14.738
      vertex 15.75 -6.39559 13.9569
    endloop
  endfacet
  facet normal -1 0 0
    outer loop
      vertex 15.75 -6.93634 14.738
      vertex 15.75 -8.20441 12.7046
      vertex 15.75 -8.74516 13.4857
    endloop
  endfacet
  facet normal 1 0 0
    outer loop
      vertex 19.35 -6.93634 14.738
      vertex 19.35 -8.20441 12.7046
      vertex 19.35 -6.39559 13.9569
    endloop
  endfacet
  facet normal 1 0 -0
    outer loop
      vertex 19.35 -8.20441 12.7046
      vertex 19.35 -6.93634 14.738
      vertex 19.35 -8.74516 13.4857
    endloop
  endfacet
  facet normal 0 -0.569222 0.822184
    outer loop
      vertex 15.75 -6.93634 14.738
      vertex 19.35 -8.74516 13.4857
      vertex 19.35 -6.93634 14.738
    endloop
  endfacet
  facet normal 0 -0.569222 0.822184
    outer loop
      vertex 19.35 -8.74516 13.4857
      vertex 15.75 -6.93634 14.738
      vertex 15.75 -8.74516 13.4857
    endloop
  endfacet
  facet normal 0 -0.822198 -0.569202
    outer loop
      vertex 15.75 -8.20441 12.7046
      vertex 19.35 -8.74516 13.4857
      vertex 15.75 -8.74516 13.4857
    endloop
  endfacet
  facet normal 0 -0.822198 -0.569202
    outer loop
      vertex 19.35 -8.74516 13.4857
      vertex 15.75 -8.20441 12.7046
      vertex 19.35 -8.20441 12.7046
    endloop
  endfacet
  facet normal 0 0.822198 0.569202
    outer loop
      vertex 19.35 -6.39559 13.9569
      vertex 15.75 -6.93634 14.738
      vertex 19.35 -6.93634 14.738
    endloop
  endfacet
  facet normal 0 0.822198 0.569202
    outer loop
      vertex 15.75 -6.93634 14.738
      vertex 19.35 -6.39559 13.9569
      vertex 15.75 -6.39559 13.9569
    endloop
  endfacet
  facet normal -1 0 0
    outer loop
      vertex -16.6 -5.75441 14.4008
      vertex -16.6 -4.48634 16.4341
      vertex -16.6 -3.94559 15.6531
    endloop
  endfacet
  facet normal -1 0 0
    outer loop
      vertex -16.6 -4.48634 16.4341
      vertex -16.6 -5.75441 14.4008
      vertex -16.6 -6.29516 15.1819
    endloop
  endfacet
  facet normal 1 0 0
    outer loop
      vertex -13 -4.48634 16.4341
      vertex -13 -5.75441 14.4008
      vertex -13 -3.94559 15.6531
    endloop
  endfacet
  facet normal 1 0 -0
    outer loop
      vertex -13 -5.75441 14.4008
      vertex -13 -4.48634 16.4341
      vertex -13 -6.29516 15.1819
    endloop
  endfacet
  facet normal 0 -0.569192 0.822205
    outer loop
      vertex -16.6 -4.48634 16.4341
      vertex -13 -6.29516 15.1819
      vertex -13 -4.48634 16.4341
    endloop
  endfacet
  facet normal 0 -0.569192 0.822205
    outer loop
      vertex -13 -6.29516 15.1819
      vertex -16.6 -4.48634 16.4341
      vertex -16.6 -6.29516 15.1819
    endloop
  endfacet
  facet normal 0 0.822164 0.569251
    outer loop
      vertex -13 -3.94559 15.6531
      vertex -16.6 -4.48634 16.4341
      vertex -13 -4.48634 16.4341
    endloop
  endfacet
  facet normal 0 0.822164 0.569251
    outer loop
      vertex -16.6 -4.48634 16.4341
      vertex -13 -3.94559 15.6531
      vertex -16.6 -3.94559 15.6531
    endloop
  endfacet
  facet normal 0 -0.822198 -0.569202
    outer loop
      vertex -16.6 -5.75441 14.4008
      vertex -13 -6.29516 15.1819
      vertex -16.6 -6.29516 15.1819
    endloop
  endfacet
  facet normal 0 -0.822198 -0.569202
    outer loop
      vertex -13 -6.29516 15.1819
      vertex -16.6 -5.75441 14.4008
      vertex -13 -5.75441 14.4008
    endloop
  endfacet
  facet normal -1 0 0
    outer loop
      vertex -11.9 -5.75441 14.4008
      vertex -11.9 -4.48634 16.4341
      vertex -11.9 -3.94559 15.6531
    endloop
  endfacet
  facet normal -1 0 0
    outer loop
      vertex -11.9 -4.48634 16.4341
      vertex -11.9 -5.75441 14.4008
      vertex -11.9 -6.29516 15.1819
    endloop
  endfacet
  facet normal 0 -0.569192 0.822205
    outer loop
      vertex -11.9 -4.48634 16.4341
      vertex -8.3 -6.29516 15.1819
      vertex -8.3 -4.48634 16.4341
    endloop
  endfacet
  facet normal 0 -0.569192 0.822205
    outer loop
      vertex -8.3 -6.29516 15.1819
      vertex -11.9 -4.48634 16.4341
      vertex -11.9 -6.29516 15.1819
    endloop
  endfacet
  facet normal 0 -0.822198 -0.569202
    outer loop
      vertex -11.9 -5.75441 14.4008
      vertex -8.3 -6.29516 15.1819
      vertex -11.9 -6.29516 15.1819
    endloop
  endfacet
  facet normal 0 -0.822198 -0.569202
    outer loop
      vertex -8.3 -6.29516 15.1819
      vertex -11.9 -5.75441 14.4008
      vertex -8.3 -5.75441 14.4008
    endloop
  endfacet
  facet normal 0 0.822164 0.569251
    outer loop
      vertex -9 -3.94559 15.6531
      vertex -11.9 -4.48634 16.4341
      vertex -9 -4.48634 16.4341
    endloop
  endfacet
  facet normal 0 0.822164 0.569251
    outer loop
      vertex -11.9 -4.48634 16.4341
      vertex -9 -3.94559 15.6531
      vertex -11.9 -3.94559 15.6531
    endloop
  endfacet
  facet normal 0 0 -0
    outer loop
      vertex -9 -4.48634 16.4341
      vertex -11.9 -4.48634 16.4341
      vertex -8.3 -4.48634 16.4341
    endloop
  endfacet
  facet normal 1 0 0
    outer loop
      vertex -8.3 -4.87738 16.1634
      vertex -8.3 -6.29516 15.1819
      vertex -8.3 -5.75441 14.4008
    endloop
  endfacet
  facet normal -1 0 0
    outer loop
      vertex -8.3 -6.29516 15.1819
      vertex -8.3 -4.87738 16.1634
      vertex -8.3 -4.48634 16.4341
    endloop
  endfacet
  facet normal 1 0 0
    outer loop
      vertex -8.3 -4.33663 15.3823
      vertex -8.3 -4.87738 16.1634
      vertex -8.3 -5.75441 14.4008
    endloop
  endfacet
  facet normal -1 -0 0
    outer loop
      vertex -7.2 -4.33663 15.3823
      vertex -7.2 -5.75441 14.4008
      vertex -7.2 -4.87738 16.1634
    endloop
  endfacet
  facet normal 1 -0 0
    outer loop
      vertex -7.2 -4.87738 16.1634
      vertex -7.2 -6.29516 15.1819
      vertex -7.2 -4.48634 16.4341
    endloop
  endfacet
  facet normal -1 0 0
    outer loop
      vertex -7.2 -6.29516 15.1819
      vertex -7.2 -4.87738 16.1634
      vertex -7.2 -5.75441 14.4008
    endloop
  endfacet
  facet normal 1 0 0
    outer loop
      vertex -3.6 -4.87738 16.1634
      vertex -3.6 -6.29516 15.1819
      vertex -3.6 -5.75441 14.4008
    endloop
  endfacet
  facet normal -1 0 0
    outer loop
      vertex -3.6 -6.29516 15.1819
      vertex -3.6 -4.87738 16.1634
      vertex -3.6 -4.48634 16.4341
    endloop
  endfacet
  facet normal 1 0 0
    outer loop
      vertex -3.6 -4.33663 15.3823
      vertex -3.6 -4.87738 16.1634
      vertex -3.6 -5.75441 14.4008
    endloop
  endfacet
  facet normal 0 -0.569192 0.822205
    outer loop
      vertex -7.2 -4.48634 16.4341
      vertex -3.6 -6.29516 15.1819
      vertex -3.6 -4.48634 16.4341
    endloop
  endfacet
  facet normal 0 -0.569192 0.822205
    outer loop
      vertex -3.6 -6.29516 15.1819
      vertex -7.2 -4.48634 16.4341
      vertex -7.2 -6.29516 15.1819
    endloop
  endfacet
  facet normal 0 -0.822198 -0.569202
    outer loop
      vertex -7.2 -5.75441 14.4008
      vertex -3.6 -6.29516 15.1819
      vertex -7.2 -6.29516 15.1819
    endloop
  endfacet
  facet normal 0 -0.822198 -0.569202
    outer loop
      vertex -3.6 -6.29516 15.1819
      vertex -7.2 -5.75441 14.4008
      vertex -3.6 -5.75441 14.4008
    endloop
  endfacet
  facet normal -1 -0 0
    outer loop
      vertex -2.5 -4.33663 15.3823
      vertex -2.5 -5.75441 14.4008
      vertex -2.5 -4.87738 16.1634
    endloop
  endfacet
  facet normal 1 -0 0
    outer loop
      vertex -2.5 -4.87738 16.1634
      vertex -2.5 -6.29516 15.1819
      vertex -2.5 -4.48634 16.4341
    endloop
  endfacet
  facet normal -1 0 0
    outer loop
      vertex -2.5 -6.29516 15.1819
      vertex -2.5 -4.87738 16.1634
      vertex -2.5 -5.75441 14.4008
    endloop
  endfacet
  facet normal 1 0 0
    outer loop
      vertex 1.1 -4.87738 16.1634
      vertex 1.1 -6.29516 15.1819
      vertex 1.1 -5.75441 14.4008
    endloop
  endfacet
  facet normal -1 0 0
    outer loop
      vertex 1.1 -6.29516 15.1819
      vertex 1.1 -4.87738 16.1634
      vertex 1.1 -4.48634 16.4341
    endloop
  endfacet
  facet normal 1 0 0
    outer loop
      vertex 1.1 -4.33663 15.3823
      vertex 1.1 -4.87738 16.1634
      vertex 1.1 -5.75441 14.4008
    endloop
  endfacet
  facet normal 0 -0.569192 0.822205
    outer loop
      vertex -2.5 -4.48634 16.4341
      vertex 1.1 -6.29516 15.1819
      vertex 1.1 -4.48634 16.4341
    endloop
  endfacet
  facet normal 0 -0.569192 0.822205
    outer loop
      vertex 1.1 -6.29516 15.1819
      vertex -2.5 -4.48634 16.4341
      vertex -2.5 -6.29516 15.1819
    endloop
  endfacet
  facet normal 0 -0.822198 -0.569202
    outer loop
      vertex -2.5 -5.75441 14.4008
      vertex 1.1 -6.29516 15.1819
      vertex -2.5 -6.29516 15.1819
    endloop
  endfacet
  facet normal 0 -0.822198 -0.569202
    outer loop
      vertex 1.1 -6.29516 15.1819
      vertex -2.5 -5.75441 14.4008
      vertex 1.1 -5.75441 14.4008
    endloop
  endfacet
  facet normal -1 -0 0
    outer loop
      vertex 2.2 -4.33663 15.3823
      vertex 2.2 -5.75441 14.4008
      vertex 2.2 -4.87738 16.1634
    endloop
  endfacet
  facet normal 1 -0 0
    outer loop
      vertex 2.2 -4.87738 16.1634
      vertex 2.2 -6.29516 15.1819
      vertex 2.2 -4.48634 16.4341
    endloop
  endfacet
  facet normal -1 0 0
    outer loop
      vertex 2.2 -6.29516 15.1819
      vertex 2.2 -4.87738 16.1634
      vertex 2.2 -5.75441 14.4008
    endloop
  endfacet
  facet normal 1 0 0
    outer loop
      vertex 5.8 -4.87738 16.1634
      vertex 5.8 -6.29516 15.1819
      vertex 5.8 -5.75441 14.4008
    endloop
  endfacet
  facet normal -1 0 0
    outer loop
      vertex 5.8 -6.29516 15.1819
      vertex 5.8 -4.87738 16.1634
      vertex 5.8 -4.48634 16.4341
    endloop
  endfacet
  facet normal 1 0 0
    outer loop
      vertex 5.8 -4.33663 15.3823
      vertex 5.8 -4.87738 16.1634
      vertex 5.8 -5.75441 14.4008
    endloop
  endfacet
  facet normal 0 -0.569192 0.822205
    outer loop
      vertex 2.2 -4.48634 16.4341
      vertex 5.8 -6.29516 15.1819
      vertex 5.8 -4.48634 16.4341
    endloop
  endfacet
  facet normal 0 -0.569192 0.822205
    outer loop
      vertex 5.8 -6.29516 15.1819
      vertex 2.2 -4.48634 16.4341
      vertex 2.2 -6.29516 15.1819
    endloop
  endfacet
  facet normal 0 -0.822198 -0.569202
    outer loop
      vertex 2.2 -5.75441 14.4008
      vertex 5.8 -6.29516 15.1819
      vertex 2.2 -6.29516 15.1819
    endloop
  endfacet
  facet normal 0 -0.822198 -0.569202
    outer loop
      vertex 5.8 -6.29516 15.1819
      vertex 2.2 -5.75441 14.4008
      vertex 5.8 -5.75441 14.4008
    endloop
  endfacet
  facet normal -1 -0 0
    outer loop
      vertex 6.9 -4.33663 15.3823
      vertex 6.9 -5.75441 14.4008
      vertex 6.9 -4.87738 16.1634
    endloop
  endfacet
  facet normal 1 -0 0
    outer loop
      vertex 6.9 -4.87738 16.1634
      vertex 6.9 -6.29516 15.1819
      vertex 6.9 -4.48634 16.4341
    endloop
  endfacet
  facet normal -1 0 0
    outer loop
      vertex 6.9 -6.29516 15.1819
      vertex 6.9 -4.87738 16.1634
      vertex 6.9 -5.75441 14.4008
    endloop
  endfacet
  facet normal 1 0 0
    outer loop
      vertex 10.5 -4.48634 16.4341
      vertex 10.5 -5.75441 14.4008
      vertex 10.5 -3.94559 15.6531
    endloop
  endfacet
  facet normal 1 0 -0
    outer loop
      vertex 10.5 -5.75441 14.4008
      vertex 10.5 -4.48634 16.4341
      vertex 10.5 -6.29516 15.1819
    endloop
  endfacet
  facet normal 0 -0.569192 0.822205
    outer loop
      vertex 6.9 -4.48634 16.4341
      vertex 10.5 -6.29516 15.1819
      vertex 10.5 -4.48634 16.4341
    endloop
  endfacet
  facet normal 0 -0.569192 0.822205
    outer loop
      vertex 10.5 -6.29516 15.1819
      vertex 6.9 -4.48634 16.4341
      vertex 6.9 -6.29516 15.1819
    endloop
  endfacet
  facet normal 0 -0.822198 -0.569202
    outer loop
      vertex 6.9 -5.75441 14.4008
      vertex 10.5 -6.29516 15.1819
      vertex 6.9 -6.29516 15.1819
    endloop
  endfacet
  facet normal 0 -0.822198 -0.569202
    outer loop
      vertex 10.5 -6.29516 15.1819
      vertex 6.9 -5.75441 14.4008
      vertex 10.5 -5.75441 14.4008
    endloop
  endfacet
  facet normal 0 0.822164 0.569251
    outer loop
      vertex 10.5 -3.94559 15.6531
      vertex 9 -4.48634 16.4341
      vertex 10.5 -4.48634 16.4341
    endloop
  endfacet
  facet normal 0 0.822164 0.569251
    outer loop
      vertex 9 -4.48634 16.4341
      vertex 10.5 -3.94559 15.6531
      vertex 9 -3.94559 15.6531
    endloop
  endfacet
  facet normal 0 0 -0
    outer loop
      vertex 9 -4.48634 16.4341
      vertex 6.9 -4.48634 16.4341
      vertex 10.5 -4.48634 16.4341
    endloop
  endfacet
  facet normal -1 0 0
    outer loop
      vertex 11.6 -5.75441 14.4008
      vertex 11.6 -4.48634 16.4341
      vertex 11.6 -3.94559 15.6531
    endloop
  endfacet
  facet normal -1 0 0
    outer loop
      vertex 11.6 -4.48634 16.4341
      vertex 11.6 -5.75441 14.4008
      vertex 11.6 -6.29516 15.1819
    endloop
  endfacet
  facet normal 1 0 0
    outer loop
      vertex 15.2 -4.48634 16.4341
      vertex 15.2 -5.75441 14.4008
      vertex 15.2 -3.94559 15.6531
    endloop
  endfacet
  facet normal 1 0 -0
    outer loop
      vertex 15.2 -5.75441 14.4008
      vertex 15.2 -4.48634 16.4341
      vertex 15.2 -6.29516 15.1819
    endloop
  endfacet
  facet normal 0 -0.569192 0.822205
    outer loop
      vertex 11.6 -4.48634 16.4341
      vertex 15.2 -6.29516 15.1819
      vertex 15.2 -4.48634 16.4341
    endloop
  endfacet
  facet normal 0 -0.569192 0.822205
    outer loop
      vertex 15.2 -6.29516 15.1819
      vertex 11.6 -4.48634 16.4341
      vertex 11.6 -6.29516 15.1819
    endloop
  endfacet
  facet normal 0 -0.822198 -0.569202
    outer loop
      vertex 11.6 -5.75441 14.4008
      vertex 15.2 -6.29516 15.1819
      vertex 11.6 -6.29516 15.1819
    endloop
  endfacet
  facet normal 0 -0.822198 -0.569202
    outer loop
      vertex 15.2 -6.29516 15.1819
      vertex 11.6 -5.75441 14.4008
      vertex 15.2 -5.75441 14.4008
    endloop
  endfacet
  facet normal 0 0.822164 0.569251
    outer loop
      vertex 15.2 -3.94559 15.6531
      vertex 11.6 -4.48634 16.4341
      vertex 15.2 -4.48634 16.4341
    endloop
  endfacet
  facet normal 0 0.822164 0.569251
    outer loop
      vertex 11.6 -4.48634 16.4341
      vertex 15.2 -3.94559 15.6531
      vertex 11.6 -3.94559 15.6531
    endloop
  endfacet
  facet normal -1 0 0
    outer loop
      vertex 16.3 -5.75441 14.4008
      vertex 16.3 -4.48634 16.4341
      vertex 16.3 -3.94559 15.6531
    endloop
  endfacet
  facet normal -1 0 0
    outer loop
      vertex 16.3 -4.48634 16.4341
      vertex 16.3 -5.75441 14.4008
      vertex 16.3 -6.29516 15.1819
    endloop
  endfacet
  facet normal 1 0 0
    outer loop
      vertex 19.9 -4.48634 16.4341
      vertex 19.9 -5.75441 14.4008
      vertex 19.9 -3.94559 15.6531
    endloop
  endfacet
  facet normal 1 0 -0
    outer loop
      vertex 19.9 -5.75441 14.4008
      vertex 19.9 -4.48634 16.4341
      vertex 19.9 -6.29516 15.1819
    endloop
  endfacet
  facet normal 0 -0.569192 0.822205
    outer loop
      vertex 16.3 -4.48634 16.4341
      vertex 19.9 -6.29516 15.1819
      vertex 19.9 -4.48634 16.4341
    endloop
  endfacet
  facet normal 0 -0.569192 0.822205
    outer loop
      vertex 19.9 -6.29516 15.1819
      vertex 16.3 -4.48634 16.4341
      vertex 16.3 -6.29516 15.1819
    endloop
  endfacet
  facet normal 0 -0.822198 -0.569202
    outer loop
      vertex 16.3 -5.75441 14.4008
      vertex 19.9 -6.29516 15.1819
      vertex 16.3 -6.29516 15.1819
    endloop
  endfacet
  facet normal 0 -0.822198 -0.569202
    outer loop
      vertex 19.9 -6.29516 15.1819
      vertex 16.3 -5.75441 14.4008
      vertex 19.9 -5.75441 14.4008
    endloop
  endfacet
  facet normal 0 0.822164 0.569251
    outer loop
      vertex 19.9 -3.94559 15.6531
      vertex 16.3 -4.48634 16.4341
      vertex 19.9 -4.48634 16.4341
    endloop
  endfacet
  facet normal 0 0.822164 0.569251
    outer loop
      vertex 16.3 -4.48634 16.4341
      vertex 19.9 -3.94559 15.6531
      vertex 16.3 -3.94559 15.6531
    endloop
  endfacet
  facet normal -1 0 0
    outer loop
      vertex -9 -3.94559 15.6531
      vertex -9 -2.90412 17.5295
      vertex -9 -2.36337 16.7484
    endloop
  endfacet
  facet normal -1 0 0
    outer loop
      vertex -9 -2.90412 17.5295
      vertex -9 -3.94559 15.6531
      vertex -9 -4.48634 16.4341
    endloop
  endfacet
  facet normal 0 -0.569216 0.822188
    outer loop
      vertex 9 -2.90412 17.5295
      vertex 6.9 -4.48634 16.4341
      vertex 9 -4.48634 16.4341
    endloop
  endfacet
  facet normal 0 -0.569182 0.822212
    outer loop
      vertex 6.9 -4.48634 16.4341
      vertex 5.8 -4.48634 16.4341
      vertex 6.9 -4.87738 16.1634
    endloop
  endfacet
  facet normal 0 -0.569216 0.822188
    outer loop
      vertex 9 -2.90412 17.5295
      vertex 5.8 -4.48634 16.4341
      vertex 6.9 -4.48634 16.4341
    endloop
  endfacet
  facet normal 0 -0.569216 0.822188
    outer loop
      vertex 9 -2.90412 17.5295
      vertex 2.2 -4.48634 16.4341
      vertex 5.8 -4.48634 16.4341
    endloop
  endfacet
  facet normal 0 -0.569182 0.822212
    outer loop
      vertex 2.2 -4.48634 16.4341
      vertex 1.1 -4.48634 16.4341
      vertex 2.2 -4.87738 16.1634
    endloop
  endfacet
  facet normal 0 -0.569216 0.822188
    outer loop
      vertex 9 -2.90412 17.5295
      vertex 1.1 -4.48634 16.4341
      vertex 2.2 -4.48634 16.4341
    endloop
  endfacet
  facet normal 0 -0.569216 0.822188
    outer loop
      vertex -9 -2.90412 17.5295
      vertex 1.1 -4.48634 16.4341
      vertex 9 -2.90412 17.5295
    endloop
  endfacet
  facet normal 0 -0.569182 0.822212
    outer loop
      vertex -2.5 -4.48634 16.4341
      vertex -3.6 -4.48634 16.4341
      vertex -2.5 -4.87738 16.1634
    endloop
  endfacet
  facet normal 0 -0.569216 0.822188
    outer loop
      vertex 1.1 -4.48634 16.4341
      vertex -9 -2.90412 17.5295
      vertex -2.5 -4.48634 16.4341
    endloop
  endfacet
  facet normal 0 -0.569216 0.822188
    outer loop
      vertex -2.5 -4.48634 16.4341
      vertex -9 -2.90412 17.5295
      vertex -3.6 -4.48634 16.4341
    endloop
  endfacet
  facet normal 0 -0.569182 0.822212
    outer loop
      vertex -7.2 -4.48634 16.4341
      vertex -8.3 -4.48634 16.4341
      vertex -7.2 -4.87738 16.1634
    endloop
  endfacet
  facet normal 0 -0.569216 0.822188
    outer loop
      vertex -3.6 -4.48634 16.4341
      vertex -9 -2.90412 17.5295
      vertex -7.2 -4.48634 16.4341
    endloop
  endfacet
  facet normal 0 -0.569216 0.822188
    outer loop
      vertex -7.2 -4.48634 16.4341
      vertex -9 -2.90412 17.5295
      vertex -8.3 -4.48634 16.4341
    endloop
  endfacet
  facet normal 0 -0.569216 0.822188
    outer loop
      vertex -8.3 -4.48634 16.4341
      vertex -9 -2.90412 17.5295
      vertex -9 -4.48634 16.4341
    endloop
  endfacet
  facet normal 0 -0.569182 0.822212
    outer loop
      vertex 6.9 -4.87738 16.1634
      vertex 5.8 -4.48634 16.4341
      vertex 5.8 -4.87738 16.1634
    endloop
  endfacet
  facet normal 0 -0.569182 0.822212
    outer loop
      vertex 2.2 -4.87738 16.1634
      vertex 1.1 -4.48634 16.4341
      vertex 1.1 -4.87738 16.1634
    endloop
  endfacet
  facet normal 0 -0.569182 0.822212
    outer loop
      vertex -2.5 -4.87738 16.1634
      vertex -3.6 -4.48634 16.4341
      vertex -3.6 -4.87738 16.1634
    endloop
  endfacet
  facet normal 0 -0.569182 0.822212
    outer loop
      vertex -7.2 -4.87738 16.1634
      vertex -8.3 -4.48634 16.4341
      vertex -8.3 -4.87738 16.1634
    endloop
  endfacet
  facet normal 0 0.822198 0.569202
    outer loop
      vertex 9 -2.36337 16.7484
      vertex -9 -2.90412 17.5295
      vertex 9 -2.90412 17.5295
    endloop
  endfacet
  facet normal 0 0.822198 0.569202
    outer loop
      vertex -9 -2.90412 17.5295
      vertex 9 -2.36337 16.7484
      vertex -9 -2.36337 16.7484
    endloop
  endfacet
  facet normal 0 -0.822198 -0.569202
    outer loop
      vertex -8.3 -4.33663 15.3823
      vertex -7.2 -4.87738 16.1634
      vertex -8.3 -4.87738 16.1634
    endloop
  endfacet
  facet normal 0 -0.822198 -0.569202
    outer loop
      vertex -7.2 -4.87738 16.1634
      vertex -8.3 -4.33663 15.3823
      vertex -7.2 -4.33663 15.3823
    endloop
  endfacet
  facet normal 0 -0.822198 -0.569202
    outer loop
      vertex -3.6 -4.33663 15.3823
      vertex -2.5 -4.87738 16.1634
      vertex -3.6 -4.87738 16.1634
    endloop
  endfacet
  facet normal 0 -0.822198 -0.569202
    outer loop
      vertex -2.5 -4.87738 16.1634
      vertex -3.6 -4.33663 15.3823
      vertex -2.5 -4.33663 15.3823
    endloop
  endfacet
  facet normal 0 -0.822198 -0.569202
    outer loop
      vertex 1.1 -4.33663 15.3823
      vertex 2.2 -4.87738 16.1634
      vertex 1.1 -4.87738 16.1634
    endloop
  endfacet
  facet normal 0 -0.822198 -0.569202
    outer loop
      vertex 2.2 -4.87738 16.1634
      vertex 1.1 -4.33663 15.3823
      vertex 2.2 -4.33663 15.3823
    endloop
  endfacet
  facet normal 0 -0.822198 -0.569202
    outer loop
      vertex 5.8 -4.33663 15.3823
      vertex 6.9 -4.87738 16.1634
      vertex 5.8 -4.87738 16.1634
    endloop
  endfacet
  facet normal 0 -0.822198 -0.569202
    outer loop
      vertex 6.9 -4.87738 16.1634
      vertex 5.8 -4.33663 15.3823
      vertex 6.9 -4.33663 15.3823
    endloop
  endfacet
  facet normal 1 0 0
    outer loop
      vertex 9 -2.90412 17.5295
      vertex 9 -3.94559 15.6531
      vertex 9 -2.36337 16.7484
    endloop
  endfacet
  facet normal 1 0 -0
    outer loop
      vertex 9 -3.94559 15.6531
      vertex 9 -2.90412 17.5295
      vertex 9 -4.48634 16.4341
    endloop
  endfacet
  facet normal 0 1 0
    outer loop
      vertex -24.8107 6.4 18.4376
      vertex -25.1893 6.4 18.4376
      vertex -25 6.4 18.45
    endloop
  endfacet
  facet normal 0 1 0
    outer loop
      vertex -24.6247 6.4 18.4006
      vertex -25.1893 6.4 18.4376
      vertex -24.8107 6.4 18.4376
    endloop
  endfacet
  facet normal 0 1 0
    outer loop
      vertex -24.6247 6.4 18.4006
      vertex -25.3753 6.4 18.4006
      vertex -25.1893 6.4 18.4376
    endloop
  endfacet
  facet normal 0 1 0
    outer loop
      vertex -24.4451 6.4 18.3396
      vertex -25.3753 6.4 18.4006
      vertex -24.6247 6.4 18.4006
    endloop
  endfacet
  facet normal 0 1 0
    outer loop
      vertex -24.4451 6.4 18.3396
      vertex -25.5549 6.4 18.3396
      vertex -25.3753 6.4 18.4006
    endloop
  endfacet
  facet normal 0 1 0
    outer loop
      vertex -24.275 6.4 18.2557
      vertex -25.5549 6.4 18.3396
      vertex -24.4451 6.4 18.3396
    endloop
  endfacet
  facet normal 0 1 0
    outer loop
      vertex -24.275 6.4 18.2557
      vertex -25.725 6.4 18.2557
      vertex -25.5549 6.4 18.3396
    endloop
  endfacet
  facet normal 0 1 0
    outer loop
      vertex -24.1173 6.4 18.1504
      vertex -25.725 6.4 18.2557
      vertex -24.275 6.4 18.2557
    endloop
  endfacet
  facet normal 0 1 0
    outer loop
      vertex -24.1173 6.4 18.1504
      vertex -25.8827 6.4 18.1504
      vertex -25.725 6.4 18.2557
    endloop
  endfacet
  facet normal 0 1 0
    outer loop
      vertex -23.9747 6.4 18.0253
      vertex -25.8827 6.4 18.1504
      vertex -24.1173 6.4 18.1504
    endloop
  endfacet
  facet normal 0 1 0
    outer loop
      vertex -23.9747 6.4 18.0253
      vertex -26.0253 6.4 18.0253
      vertex -25.8827 6.4 18.1504
    endloop
  endfacet
  facet normal 0 1 0
    outer loop
      vertex -23.8496 6.4 17.8827
      vertex -26.0253 6.4 18.0253
      vertex -23.9747 6.4 18.0253
    endloop
  endfacet
  facet normal 0 1 0
    outer loop
      vertex -23.8496 6.4 17.8827
      vertex -26.1504 6.4 17.8827
      vertex -26.0253 6.4 18.0253
    endloop
  endfacet
  facet normal 0 1 0
    outer loop
      vertex -23.7443 6.4 17.725
      vertex -26.1504 6.4 17.8827
      vertex -23.8496 6.4 17.8827
    endloop
  endfacet
  facet normal 0 1 0
    outer loop
      vertex -23.7443 6.4 17.725
      vertex -26.2557 6.4 17.725
      vertex -26.1504 6.4 17.8827
    endloop
  endfacet
  facet normal 0 1 0
    outer loop
      vertex -23.6604 6.4 17.5549
      vertex -26.2557 6.4 17.725
      vertex -23.7443 6.4 17.725
    endloop
  endfacet
  facet normal 0 1 0
    outer loop
      vertex -23.6604 6.4 17.5549
      vertex -26.3396 6.4 17.5549
      vertex -26.2557 6.4 17.725
    endloop
  endfacet
  facet normal 0 1 0
    outer loop
      vertex -23.5994 6.4 17.3753
      vertex -26.3396 6.4 17.5549
      vertex -23.6604 6.4 17.5549
    endloop
  endfacet
  facet normal 0 1 0
    outer loop
      vertex -23.5994 6.4 17.3753
      vertex -26.4006 6.4 17.3753
      vertex -26.3396 6.4 17.5549
    endloop
  endfacet
  facet normal 0 1 0
    outer loop
      vertex -23.5624 6.4 17.1893
      vertex -26.4006 6.4 17.3753
      vertex -23.5994 6.4 17.3753
    endloop
  endfacet
  facet normal 0 1 0
    outer loop
      vertex -23.5624 6.4 17.1893
      vertex -26.4376 6.4 17.1893
      vertex -26.4006 6.4 17.3753
    endloop
  endfacet
  facet normal 0 1 0
    outer loop
      vertex -23.55 6.4 17
      vertex -26.4376 6.4 17.1893
      vertex -23.5624 6.4 17.1893
    endloop
  endfacet
  facet normal 0 1 0
    outer loop
      vertex -23.55 6.4 17
      vertex -26.45 6.4 17
      vertex -26.4376 6.4 17.1893
    endloop
  endfacet
  facet normal 0 1 -0
    outer loop
      vertex -23.5624 6.4 16.8107
      vertex -26.45 6.4 17
      vertex -23.55 6.4 17
    endloop
  endfacet
  facet normal 0 1 0
    outer loop
      vertex -23.5624 6.4 16.8107
      vertex -26.4376 6.4 16.8107
      vertex -26.45 6.4 17
    endloop
  endfacet
  facet normal 0 1 -0
    outer loop
      vertex -23.5994 6.4 16.6247
      vertex -26.4376 6.4 16.8107
      vertex -23.5624 6.4 16.8107
    endloop
  endfacet
  facet normal 0 1 0
    outer loop
      vertex -23.5994 6.4 16.6247
      vertex -26.4006 6.4 16.6247
      vertex -26.4376 6.4 16.8107
    endloop
  endfacet
  facet normal 0 1 -0
    outer loop
      vertex -23.6604 6.4 16.4451
      vertex -26.4006 6.4 16.6247
      vertex -23.5994 6.4 16.6247
    endloop
  endfacet
  facet normal 0 1 0
    outer loop
      vertex -23.6604 6.4 16.4451
      vertex -26.3396 6.4 16.4451
      vertex -26.4006 6.4 16.6247
    endloop
  endfacet
  facet normal 0 1 -0
    outer loop
      vertex -23.7443 6.4 16.275
      vertex -26.3396 6.4 16.4451
      vertex -23.6604 6.4 16.4451
    endloop
  endfacet
  facet normal 0 1 0
    outer loop
      vertex -23.7443 6.4 16.275
      vertex -26.2557 6.4 16.275
      vertex -26.3396 6.4 16.4451
    endloop
  endfacet
  facet normal 0 1 -0
    outer loop
      vertex -23.8496 6.4 16.1173
      vertex -26.2557 6.4 16.275
      vertex -23.7443 6.4 16.275
    endloop
  endfacet
  facet normal 0 1 0
    outer loop
      vertex -23.8496 6.4 16.1173
      vertex -26.1504 6.4 16.1173
      vertex -26.2557 6.4 16.275
    endloop
  endfacet
  facet normal 0 1 -0
    outer loop
      vertex -23.9747 6.4 15.9747
      vertex -26.1504 6.4 16.1173
      vertex -23.8496 6.4 16.1173
    endloop
  endfacet
  facet normal 0 1 0
    outer loop
      vertex -23.9747 6.4 15.9747
      vertex -26.0253 6.4 15.9747
      vertex -26.1504 6.4 16.1173
    endloop
  endfacet
  facet normal 0 1 -0
    outer loop
      vertex -24.1173 6.4 15.8496
      vertex -26.0253 6.4 15.9747
      vertex -23.9747 6.4 15.9747
    endloop
  endfacet
  facet normal 0 1 0
    outer loop
      vertex -24.1173 6.4 15.8496
      vertex -25.8827 6.4 15.8496
      vertex -26.0253 6.4 15.9747
    endloop
  endfacet
  facet normal 0 1 -0
    outer loop
      vertex -24.275 6.4 15.7443
      vertex -25.8827 6.4 15.8496
      vertex -24.1173 6.4 15.8496
    endloop
  endfacet
  facet normal 0 1 0
    outer loop
      vertex -24.275 6.4 15.7443
      vertex -25.725 6.4 15.7443
      vertex -25.8827 6.4 15.8496
    endloop
  endfacet
  facet normal 0 1 -0
    outer loop
      vertex -24.4451 6.4 15.6604
      vertex -25.725 6.4 15.7443
      vertex -24.275 6.4 15.7443
    endloop
  endfacet
  facet normal 0 1 0
    outer loop
      vertex -24.4451 6.4 15.6604
      vertex -25.5549 6.4 15.6604
      vertex -25.725 6.4 15.7443
    endloop
  endfacet
  facet normal 0 1 -0
    outer loop
      vertex -24.6247 6.4 15.5994
      vertex -25.5549 6.4 15.6604
      vertex -24.4451 6.4 15.6604
    endloop
  endfacet
  facet normal 0 1 0
    outer loop
      vertex -24.6247 6.4 15.5994
      vertex -25.3753 6.4 15.5994
      vertex -25.5549 6.4 15.6604
    endloop
  endfacet
  facet normal 0 1 -0
    outer loop
      vertex -24.8107 6.4 15.5624
      vertex -25.3753 6.4 15.5994
      vertex -24.6247 6.4 15.5994
    endloop
  endfacet
  facet normal 0 1 0
    outer loop
      vertex -24.8107 6.4 15.5624
      vertex -25.1893 6.4 15.5624
      vertex -25.3753 6.4 15.5994
    endloop
  endfacet
  facet normal -0 1 0
    outer loop
      vertex -25.1893 6.4 15.5624
      vertex -24.8107 6.4 15.5624
      vertex -25 6.4 15.55
    endloop
  endfacet
  facet normal -0.195102 0 0.980783
    outer loop
      vertex -25.3753 6.4 18.4006
      vertex -25.1893 0 18.4376
      vertex -25.1893 6.4 18.4376
    endloop
  endfacet
  facet normal -0.195102 0 0.980783
    outer loop
      vertex -25.1893 0 18.4376
      vertex -25.3753 6.4 18.4006
      vertex -25.3753 0 18.4006
    endloop
  endfacet
  facet normal 0.980783 -0 0.195102
    outer loop
      vertex -23.5994 0 17.3753
      vertex -23.5624 6.4 17.1893
      vertex -23.5994 6.4 17.3753
    endloop
  endfacet
  facet normal 0.980783 0 0.195102
    outer loop
      vertex -23.5624 6.4 17.1893
      vertex -23.5994 0 17.3753
      vertex -23.5624 0 17.1893
    endloop
  endfacet
  facet normal 0.997861 -0 0.0653644
    outer loop
      vertex -23.5624 0 17.1893
      vertex -23.55 6.4 17
      vertex -23.5624 6.4 17.1893
    endloop
  endfacet
  facet normal 0.997861 0 0.0653644
    outer loop
      vertex -23.55 6.4 17
      vertex -23.5624 0 17.1893
      vertex -23.55 0 17
    endloop
  endfacet
  facet normal -0.997861 0 0.0653644
    outer loop
      vertex -26.45 0 17
      vertex -26.4376 6.4 17.1893
      vertex -26.45 6.4 17
    endloop
  endfacet
  facet normal -0.997861 0 0.0653644
    outer loop
      vertex -26.4376 6.4 17.1893
      vertex -26.45 0 17
      vertex -26.4376 0 17.1893
    endloop
  endfacet
  facet normal -0.659474 0 0.751727
    outer loop
      vertex -26.0253 6.4 18.0253
      vertex -25.8827 0 18.1504
      vertex -25.8827 6.4 18.1504
    endloop
  endfacet
  facet normal -0.659474 0 0.751727
    outer loop
      vertex -25.8827 0 18.1504
      vertex -26.0253 6.4 18.0253
      vertex -26.0253 0 18.0253
    endloop
  endfacet
  facet normal -0.831644 0 -0.555309
    outer loop
      vertex -26.1504 0 16.1173
      vertex -26.2557 6.4 16.275
      vertex -26.1504 6.4 16.1173
    endloop
  endfacet
  facet normal -0.831644 -0 -0.555309
    outer loop
      vertex -26.2557 6.4 16.275
      vertex -26.1504 0 16.1173
      vertex -26.2557 0 16.275
    endloop
  endfacet
  facet normal 0.659474 0 0.751727
    outer loop
      vertex -24.1173 6.4 18.1504
      vertex -23.9747 0 18.0253
      vertex -23.9747 6.4 18.0253
    endloop
  endfacet
  facet normal 0.659474 0 0.751727
    outer loop
      vertex -23.9747 0 18.0253
      vertex -24.1173 6.4 18.1504
      vertex -24.1173 0 18.1504
    endloop
  endfacet
  facet normal 0.659474 0 -0.751727
    outer loop
      vertex -24.1173 0 15.8496
      vertex -23.9747 6.4 15.9747
      vertex -23.9747 0 15.9747
    endloop
  endfacet
  facet normal 0.659474 0 -0.751727
    outer loop
      vertex -23.9747 6.4 15.9747
      vertex -24.1173 0 15.8496
      vertex -24.1173 6.4 15.8496
    endloop
  endfacet
  facet normal 0.0653644 0 -0.997861
    outer loop
      vertex -25 0 15.55
      vertex -24.8107 6.4 15.5624
      vertex -24.8107 0 15.5624
    endloop
  endfacet
  facet normal 0.0653644 0 -0.997861
    outer loop
      vertex -24.8107 6.4 15.5624
      vertex -25 0 15.55
      vertex -25 6.4 15.55
    endloop
  endfacet
  facet normal 0.555309 0 0.831644
    outer loop
      vertex -24.275 6.4 18.2557
      vertex -24.1173 0 18.1504
      vertex -24.1173 6.4 18.1504
    endloop
  endfacet
  facet normal 0.555309 0 0.831644
    outer loop
      vertex -24.1173 0 18.1504
      vertex -24.275 6.4 18.2557
      vertex -24.275 0 18.2557
    endloop
  endfacet
  facet normal 0.751727 -0 0.659474
    outer loop
      vertex -23.9747 0 18.0253
      vertex -23.8496 6.4 17.8827
      vertex -23.9747 6.4 18.0253
    endloop
  endfacet
  facet normal 0.751727 0 0.659474
    outer loop
      vertex -23.8496 6.4 17.8827
      vertex -23.9747 0 18.0253
      vertex -23.8496 0 17.8827
    endloop
  endfacet
  facet normal 0.946876 0 -0.3216
    outer loop
      vertex -23.5994 0 16.6247
      vertex -23.6604 6.4 16.4451
      vertex -23.5994 6.4 16.6247
    endloop
  endfacet
  facet normal 0.946876 0 -0.3216
    outer loop
      vertex -23.6604 6.4 16.4451
      vertex -23.5994 0 16.6247
      vertex -23.6604 0 16.4451
    endloop
  endfacet
  facet normal 0.831644 0 -0.555309
    outer loop
      vertex -23.7443 0 16.275
      vertex -23.8496 6.4 16.1173
      vertex -23.7443 6.4 16.275
    endloop
  endfacet
  facet normal 0.831644 0 -0.555309
    outer loop
      vertex -23.8496 6.4 16.1173
      vertex -23.7443 0 16.275
      vertex -23.8496 0 16.1173
    endloop
  endfacet
  facet normal -0.195102 0 -0.980783
    outer loop
      vertex -25.3753 0 15.5994
      vertex -25.1893 6.4 15.5624
      vertex -25.1893 0 15.5624
    endloop
  endfacet
  facet normal -0.195102 0 -0.980783
    outer loop
      vertex -25.1893 6.4 15.5624
      vertex -25.3753 0 15.5994
      vertex -25.3753 6.4 15.5994
    endloop
  endfacet
  facet normal 0.555309 0 -0.831644
    outer loop
      vertex -24.275 0 15.7443
      vertex -24.1173 6.4 15.8496
      vertex -24.1173 0 15.8496
    endloop
  endfacet
  facet normal 0.555309 0 -0.831644
    outer loop
      vertex -24.1173 6.4 15.8496
      vertex -24.275 0 15.7443
      vertex -24.275 6.4 15.7443
    endloop
  endfacet
  facet normal -0.831644 0 0.555309
    outer loop
      vertex -26.2557 0 17.725
      vertex -26.1504 6.4 17.8827
      vertex -26.2557 6.4 17.725
    endloop
  endfacet
  facet normal -0.831644 0 0.555309
    outer loop
      vertex -26.1504 6.4 17.8827
      vertex -26.2557 0 17.725
      vertex -26.1504 0 17.8827
    endloop
  endfacet
  facet normal -0.896839 0 -0.442356
    outer loop
      vertex -26.2557 0 16.275
      vertex -26.3396 6.4 16.4451
      vertex -26.2557 6.4 16.275
    endloop
  endfacet
  facet normal -0.896839 -0 -0.442356
    outer loop
      vertex -26.3396 6.4 16.4451
      vertex -26.2557 0 16.275
      vertex -26.3396 0 16.4451
    endloop
  endfacet
  facet normal -0.751727 0 -0.659474
    outer loop
      vertex -26.0253 0 15.9747
      vertex -26.1504 6.4 16.1173
      vertex -26.0253 6.4 15.9747
    endloop
  endfacet
  facet normal -0.751727 -0 -0.659474
    outer loop
      vertex -26.1504 6.4 16.1173
      vertex -26.0253 0 15.9747
      vertex -26.1504 0 16.1173
    endloop
  endfacet
  facet normal 0.442356 0 -0.896839
    outer loop
      vertex -24.4451 0 15.6604
      vertex -24.275 6.4 15.7443
      vertex -24.275 0 15.7443
    endloop
  endfacet
  facet normal 0.442356 0 -0.896839
    outer loop
      vertex -24.275 6.4 15.7443
      vertex -24.4451 0 15.6604
      vertex -24.4451 6.4 15.6604
    endloop
  endfacet
  facet normal 0.896839 -0 0.442356
    outer loop
      vertex -23.7443 0 17.725
      vertex -23.6604 6.4 17.5549
      vertex -23.7443 6.4 17.725
    endloop
  endfacet
  facet normal 0.896839 0 0.442356
    outer loop
      vertex -23.6604 6.4 17.5549
      vertex -23.7443 0 17.725
      vertex -23.6604 0 17.5549
    endloop
  endfacet
  facet normal 0.831644 -0 0.555309
    outer loop
      vertex -23.8496 0 17.8827
      vertex -23.7443 6.4 17.725
      vertex -23.8496 6.4 17.8827
    endloop
  endfacet
  facet normal 0.831644 0 0.555309
    outer loop
      vertex -23.7443 6.4 17.725
      vertex -23.8496 0 17.8827
      vertex -23.7443 0 17.725
    endloop
  endfacet
  facet normal 0.3216 0 -0.946876
    outer loop
      vertex -24.6247 0 15.5994
      vertex -24.4451 6.4 15.6604
      vertex -24.4451 0 15.6604
    endloop
  endfacet
  facet normal 0.3216 0 -0.946876
    outer loop
      vertex -24.4451 6.4 15.6604
      vertex -24.6247 0 15.5994
      vertex -24.6247 6.4 15.5994
    endloop
  endfacet
  facet normal -0.751727 0 0.659474
    outer loop
      vertex -26.1504 0 17.8827
      vertex -26.0253 6.4 18.0253
      vertex -26.1504 6.4 17.8827
    endloop
  endfacet
  facet normal -0.751727 0 0.659474
    outer loop
      vertex -26.0253 6.4 18.0253
      vertex -26.1504 0 17.8827
      vertex -26.0253 0 18.0253
    endloop
  endfacet
  facet normal -0.555309 0 -0.831644
    outer loop
      vertex -25.8827 0 15.8496
      vertex -25.725 6.4 15.7443
      vertex -25.725 0 15.7443
    endloop
  endfacet
  facet normal -0.555309 0 -0.831644
    outer loop
      vertex -25.725 6.4 15.7443
      vertex -25.8827 0 15.8496
      vertex -25.8827 6.4 15.8496
    endloop
  endfacet
  facet normal -0.946876 0 0.3216
    outer loop
      vertex -26.4006 0 17.3753
      vertex -26.3396 6.4 17.5549
      vertex -26.4006 6.4 17.3753
    endloop
  endfacet
  facet normal -0.946876 0 0.3216
    outer loop
      vertex -26.3396 6.4 17.5549
      vertex -26.4006 0 17.3753
      vertex -26.3396 0 17.5549
    endloop
  endfacet
  facet normal 0.751727 0 -0.659474
    outer loop
      vertex -23.8496 0 16.1173
      vertex -23.9747 6.4 15.9747
      vertex -23.8496 6.4 16.1173
    endloop
  endfacet
  facet normal 0.751727 0 -0.659474
    outer loop
      vertex -23.9747 6.4 15.9747
      vertex -23.8496 0 16.1173
      vertex -23.9747 0 15.9747
    endloop
  endfacet
  facet normal -0.980783 0 0.195102
    outer loop
      vertex -26.4376 0 17.1893
      vertex -26.4006 6.4 17.3753
      vertex -26.4376 6.4 17.1893
    endloop
  endfacet
  facet normal -0.980783 0 0.195102
    outer loop
      vertex -26.4006 6.4 17.3753
      vertex -26.4376 0 17.1893
      vertex -26.4006 0 17.3753
    endloop
  endfacet
  facet normal 0.442356 0 0.896839
    outer loop
      vertex -24.4451 6.4 18.3396
      vertex -24.275 0 18.2557
      vertex -24.275 6.4 18.2557
    endloop
  endfacet
  facet normal 0.442356 0 0.896839
    outer loop
      vertex -24.275 0 18.2557
      vertex -24.4451 6.4 18.3396
      vertex -24.4451 0 18.3396
    endloop
  endfacet
  facet normal 0.896839 0 -0.442356
    outer loop
      vertex -23.6604 0 16.4451
      vertex -23.7443 6.4 16.275
      vertex -23.6604 6.4 16.4451
    endloop
  endfacet
  facet normal 0.896839 0 -0.442356
    outer loop
      vertex -23.7443 6.4 16.275
      vertex -23.6604 0 16.4451
      vertex -23.7443 0 16.275
    endloop
  endfacet
  facet normal 0.980783 0 -0.195102
    outer loop
      vertex -23.5624 0 16.8107
      vertex -23.5994 6.4 16.6247
      vertex -23.5624 6.4 16.8107
    endloop
  endfacet
  facet normal 0.980783 0 -0.195102
    outer loop
      vertex -23.5994 6.4 16.6247
      vertex -23.5624 0 16.8107
      vertex -23.5994 0 16.6247
    endloop
  endfacet
  facet normal -0.442356 0 -0.896839
    outer loop
      vertex -25.725 0 15.7443
      vertex -25.5549 6.4 15.6604
      vertex -25.5549 0 15.6604
    endloop
  endfacet
  facet normal -0.442356 0 -0.896839
    outer loop
      vertex -25.5549 6.4 15.6604
      vertex -25.725 0 15.7443
      vertex -25.725 6.4 15.7443
    endloop
  endfacet
  facet normal -0.3216 0 -0.946876
    outer loop
      vertex -25.5549 0 15.6604
      vertex -25.3753 6.4 15.5994
      vertex -25.3753 0 15.5994
    endloop
  endfacet
  facet normal -0.3216 0 -0.946876
    outer loop
      vertex -25.3753 6.4 15.5994
      vertex -25.5549 0 15.6604
      vertex -25.5549 6.4 15.6604
    endloop
  endfacet
  facet normal 0.195102 0 -0.980783
    outer loop
      vertex -24.8107 0 15.5624
      vertex -24.6247 6.4 15.5994
      vertex -24.6247 0 15.5994
    endloop
  endfacet
  facet normal 0.195102 0 -0.980783
    outer loop
      vertex -24.6247 6.4 15.5994
      vertex -24.8107 0 15.5624
      vertex -24.8107 6.4 15.5624
    endloop
  endfacet
  facet normal 0.997861 0 -0.0653644
    outer loop
      vertex -23.55 0 17
      vertex -23.5624 6.4 16.8107
      vertex -23.55 6.4 17
    endloop
  endfacet
  facet normal 0.997861 0 -0.0653644
    outer loop
      vertex -23.5624 6.4 16.8107
      vertex -23.55 0 17
      vertex -23.5624 0 16.8107
    endloop
  endfacet
  facet normal 0.946876 -0 0.3216
    outer loop
      vertex -23.6604 0 17.5549
      vertex -23.5994 6.4 17.3753
      vertex -23.6604 6.4 17.5549
    endloop
  endfacet
  facet normal 0.946876 0 0.3216
    outer loop
      vertex -23.5994 6.4 17.3753
      vertex -23.6604 0 17.5549
      vertex -23.5994 0 17.3753
    endloop
  endfacet
  facet normal 0.195102 0 0.980783
    outer loop
      vertex -24.8107 6.4 18.4376
      vertex -24.6247 0 18.4006
      vertex -24.6247 6.4 18.4006
    endloop
  endfacet
  facet normal 0.195102 0 0.980783
    outer loop
      vertex -24.6247 0 18.4006
      vertex -24.8107 6.4 18.4376
      vertex -24.8107 0 18.4376
    endloop
  endfacet
  facet normal -0.0653644 0 0.997861
    outer loop
      vertex -25.1893 6.4 18.4376
      vertex -25 0 18.45
      vertex -25 6.4 18.45
    endloop
  endfacet
  facet normal -0.0653644 0 0.997861
    outer loop
      vertex -25 0 18.45
      vertex -25.1893 6.4 18.4376
      vertex -25.1893 0 18.4376
    endloop
  endfacet
  facet normal 0.3216 0 0.946876
    outer loop
      vertex -24.6247 6.4 18.4006
      vertex -24.4451 0 18.3396
      vertex -24.4451 6.4 18.3396
    endloop
  endfacet
  facet normal 0.3216 0 0.946876
    outer loop
      vertex -24.4451 0 18.3396
      vertex -24.6247 6.4 18.4006
      vertex -24.6247 0 18.4006
    endloop
  endfacet
  facet normal -0.0653644 0 -0.997861
    outer loop
      vertex -25.1893 0 15.5624
      vertex -25 6.4 15.55
      vertex -25 0 15.55
    endloop
  endfacet
  facet normal -0.0653644 0 -0.997861
    outer loop
      vertex -25 6.4 15.55
      vertex -25.1893 0 15.5624
      vertex -25.1893 6.4 15.5624
    endloop
  endfacet
  facet normal 0 1 0
    outer loop
      vertex -14 0 2.86102e-06
      vertex -14.39 0 5.9
      vertex -14.1681 0 5.91454
    endloop
  endfacet
  facet normal 0 1 -0
    outer loop
      vertex -14 0 2.86102e-06
      vertex -14.1681 0 5.91454
      vertex -14 0 5.94798
    endloop
  endfacet
  facet normal 0 1 0
    outer loop
      vertex -14.39 0 5.9
      vertex -27 0 2.86102e-06
      vertex -29.7 0 2.7
    endloop
  endfacet
  facet normal 0 1 0
    outer loop
      vertex -29.7 0 2.7
      vertex -27 0 2.86102e-06
      vertex -29.6769 0 2.34758
    endloop
  endfacet
  facet normal 0 1 0
    outer loop
      vertex -29.6769 0 2.34758
      vertex -27 0 2.86102e-06
      vertex -29.608 0 2.00119
    endloop
  endfacet
  facet normal 0 1 0
    outer loop
      vertex -29.608 0 2.00119
      vertex -27 0 2.86102e-06
      vertex -29.4945 0 1.66675
    endloop
  endfacet
  facet normal 0 1 0
    outer loop
      vertex -29.4945 0 1.66675
      vertex -27 0 2.86102e-06
      vertex -29.3383 0 1.34999
    endloop
  endfacet
  facet normal 0 1 0
    outer loop
      vertex -29.3383 0 1.34999
      vertex -27 0 2.86102e-06
      vertex -29.1421 0 1.05634
    endloop
  endfacet
  facet normal 0 1 0
    outer loop
      vertex -29.1421 0 1.05634
      vertex -27 0 2.86102e-06
      vertex -28.9092 0 0.790805
    endloop
  endfacet
  facet normal 0 1 0
    outer loop
      vertex -28.9092 0 0.790805
      vertex -27 0 2.86102e-06
      vertex -28.6437 0 0.55794
    endloop
  endfacet
  facet normal 0 1 0
    outer loop
      vertex -28.6437 0 0.55794
      vertex -27 0 2.86102e-06
      vertex -28.35 0 0.361728
    endloop
  endfacet
  facet normal 0 1 0
    outer loop
      vertex -28.35 0 0.361728
      vertex -27 0 2.86102e-06
      vertex -28.0332 0 0.205523
    endloop
  endfacet
  facet normal 0 1 0
    outer loop
      vertex -28.0332 0 0.205523
      vertex -27 0 2.86102e-06
      vertex -27.6988 0 0.0919981
    endloop
  endfacet
  facet normal 0 1 0
    outer loop
      vertex -14.39 0 5.9
      vertex -14 0 2.86102e-06
      vertex -27 0 2.86102e-06
    endloop
  endfacet
  facet normal 0 1 0
    outer loop
      vertex -27.6988 0 0.0919981
      vertex -27 0 2.86102e-06
      vertex -27.3524 0 0.0231047
    endloop
  endfacet
  facet normal 0 1 0
    outer loop
      vertex -23.5994 0 17.3753
      vertex -14.1681 0 9.28546
      vertex -14.39 0 9.3
    endloop
  endfacet
  facet normal 0 1 0
    outer loop
      vertex 8.50792 0 9.49792
      vertex -13.95 0 9.24207
      vertex -14.1681 0 9.28546
    endloop
  endfacet
  facet normal 0 1 0
    outer loop
      vertex -2 0 2.86102e-06
      vertex 8.67511 0 9.3513
      vertex 8.86 0 9.22776
    endloop
  endfacet
  facet normal 0 1 0
    outer loop
      vertex 8.50792 0 9.49792
      vertex -2 0 8
      vertex -13.95 0 9.24207
    endloop
  endfacet
  facet normal 0 1 0
    outer loop
      vertex -2 0 2.86102e-06
      vertex 8.86 0 9.22776
      vertex 9.05944 0 9.1294
    endloop
  endfacet
  facet normal 0 1 0
    outer loop
      vertex -13.95 0 9.24207
      vertex -2 0 8
      vertex -13.7394 0 9.1706
    endloop
  endfacet
  facet normal 0 1 0
    outer loop
      vertex -2 0 2.86102e-06
      vertex 9.05944 0 9.1294
      vertex 9.27001 0 9.05793
    endloop
  endfacet
  facet normal 0 1 0
    outer loop
      vertex -2 0 2.86102e-06
      vertex 9.27001 0 9.05793
      vertex 9.4881 0 9.01454
    endloop
  endfacet
  facet normal 0 1 0
    outer loop
      vertex -2 0 2.86102e-06
      vertex 9.4881 0 9.01454
      vertex 9.71 0 9
    endloop
  endfacet
  facet normal 0 1 0
    outer loop
      vertex -13.7394 0 9.1706
      vertex -2 0 8
      vertex -13.54 0 9.07224
    endloop
  endfacet
  facet normal 0 1 0
    outer loop
      vertex 24.1173 0 47.8496
      vertex 24.1173 0 18.1504
      vertex 3.44056 0 50.1394
    endloop
  endfacet
  facet normal 0 1 0
    outer loop
      vertex 2.79 0 50.01
      vertex -24.8107 0 18.4376
      vertex -25 0 18.45
    endloop
  endfacet
  facet normal 0 1 -0
    outer loop
      vertex 23.9747 0 18.0253
      vertex 3.44056 0 50.1394
      vertex 24.1173 0 18.1504
    endloop
  endfacet
  facet normal 0 1 0
    outer loop
      vertex 2.79 0 50.01
      vertex -24.6247 0 18.4006
      vertex -24.8107 0 18.4376
    endloop
  endfacet
  facet normal 0 1 -0
    outer loop
      vertex 9.71 0 12.4
      vertex 3.44056 0 50.1394
      vertex 23.9747 0 18.0253
    endloop
  endfacet
  facet normal 0 1 0
    outer loop
      vertex 2.79 0 50.01
      vertex -24.4451 0 18.3396
      vertex -24.6247 0 18.4006
    endloop
  endfacet
  facet normal 0 1 0
    outer loop
      vertex 3.44056 0 50.1394
      vertex 9.71 0 12.4
      vertex 3.22999 0 50.0679
    endloop
  endfacet
  facet normal 0 1 0
    outer loop
      vertex 2.79 0 50.01
      vertex -24.275 0 18.2557
      vertex -24.4451 0 18.3396
    endloop
  endfacet
  facet normal 0 1 -0
    outer loop
      vertex 9.4881 0 12.3855
      vertex 3.22999 0 50.0679
      vertex 9.71 0 12.4
    endloop
  endfacet
  facet normal 0 1 0
    outer loop
      vertex 3.01189 0 50.0245
      vertex 9.27001 0 12.3421
      vertex 2.79 0 50.01
    endloop
  endfacet
  facet normal 0 1 0
    outer loop
      vertex 3.22999 0 50.0679
      vertex 9.4881 0 12.3855
      vertex 3.01189 0 50.0245
    endloop
  endfacet
  facet normal 0 1 -0
    outer loop
      vertex 9.05944 0 12.2706
      vertex 2.79 0 50.01
      vertex 9.27001 0 12.3421
    endloop
  endfacet
  facet normal 0 1 0
    outer loop
      vertex 9.93189 0 12.3855
      vertex 23.9747 0 18.0253
      vertex 23.8496 0 17.8827
    endloop
  endfacet
  facet normal 0 1 0
    outer loop
      vertex 2.79 0 50.01
      vertex -24.1173 0 18.1504
      vertex -24.275 0 18.2557
    endloop
  endfacet
  facet normal 0 1 0
    outer loop
      vertex 10.15 0 12.3421
      vertex 23.8496 0 17.8827
      vertex 23.7443 0 17.725
    endloop
  endfacet
  facet normal 0 1 -0
    outer loop
      vertex 8.86 0 12.1722
      vertex 2.79 0 50.01
      vertex 9.05944 0 12.2706
    endloop
  endfacet
  facet normal 0 1 0
    outer loop
      vertex 10.3606 0 12.2706
      vertex 23.7443 0 17.725
      vertex 23.6604 0 17.5549
    endloop
  endfacet
  facet normal 0 1 0
    outer loop
      vertex 2.79 0 50.01
      vertex -23.9747 0 18.0253
      vertex -24.1173 0 18.1504
    endloop
  endfacet
  facet normal 0 1 0
    outer loop
      vertex 10.56 0 12.1722
      vertex 23.6604 0 17.5549
      vertex 23.5994 0 17.3753
    endloop
  endfacet
  facet normal 0 1 -0
    outer loop
      vertex 8.67511 0 12.0487
      vertex 2.79 0 50.01
      vertex 8.86 0 12.1722
    endloop
  endfacet
  facet normal 0 1 0
    outer loop
      vertex 10.7449 0 12.0487
      vertex 23.5994 0 17.3753
      vertex 23.5624 0 17.1893
    endloop
  endfacet
  facet normal 0 1 0
    outer loop
      vertex 2.79 0 50.01
      vertex -23.8496 0 17.8827
      vertex -23.9747 0 18.0253
    endloop
  endfacet
  facet normal 0 1 0
    outer loop
      vertex 10.9121 0 11.9021
      vertex 23.5624 0 17.1893
      vertex 23.55 0 17
    endloop
  endfacet
  facet normal -0 1 0
    outer loop
      vertex -23.7443 0 17.725
      vertex 2.79 0 50.01
      vertex 8.67511 0 12.0487
    endloop
  endfacet
  facet normal 0 1 0
    outer loop
      vertex 11.0587 0 11.7349
      vertex 23.55 0 17
      vertex 23.5624 0 16.8107
    endloop
  endfacet
  facet normal 0 1 0
    outer loop
      vertex 2.79 0 50.01
      vertex -23.7443 0 17.725
      vertex -23.8496 0 17.8827
    endloop
  endfacet
  facet normal 0 1 0
    outer loop
      vertex 11.1822 0 11.55
      vertex 23.5624 0 16.8107
      vertex 23.5994 0 16.6247
    endloop
  endfacet
  facet normal 0 1 -0
    outer loop
      vertex -14.1681 0 9.28546
      vertex -23.7443 0 17.725
      vertex 8.67511 0 12.0487
    endloop
  endfacet
  facet normal 0 1 0
    outer loop
      vertex 11.1822 0 11.55
      vertex 23.5994 0 16.6247
      vertex 23.6604 0 16.4451
    endloop
  endfacet
  facet normal 0 1 0
    outer loop
      vertex -14.1681 0 9.28546
      vertex -23.6604 0 17.5549
      vertex -23.7443 0 17.725
    endloop
  endfacet
  facet normal 0 1 0
    outer loop
      vertex 11.2806 0 11.3506
      vertex 23.6604 0 16.4451
      vertex 23.7443 0 16.275
    endloop
  endfacet
  facet normal 0 1 0
    outer loop
      vertex -14.1681 0 9.28546
      vertex -23.5994 0 17.3753
      vertex -23.6604 0 17.5549
    endloop
  endfacet
  facet normal 0 1 0
    outer loop
      vertex 11.3521 0 11.14
      vertex 23.7443 0 16.275
      vertex 23.8496 0 16.1173
    endloop
  endfacet
  facet normal 0 1 0
    outer loop
      vertex -23.5994 0 17.3753
      vertex -14.39 0 9.3
      vertex -23.5624 0 17.1893
    endloop
  endfacet
  facet normal 0 1 0
    outer loop
      vertex 11.3955 0 10.9219
      vertex 23.8496 0 16.1173
      vertex 23.9747 0 15.9747
    endloop
  endfacet
  facet normal 0 1 -0
    outer loop
      vertex -14.6119 0 9.28546
      vertex -23.5624 0 17.1893
      vertex -14.39 0 9.3
    endloop
  endfacet
  facet normal 0 1 0
    outer loop
      vertex 11.41 0 10.7
      vertex 23.9747 0 15.9747
      vertex 24.1173 0 15.8496
    endloop
  endfacet
  facet normal 0 1 0
    outer loop
      vertex -23.5624 0 17.1893
      vertex -14.6119 0 9.28546
      vertex -23.55 0 17
    endloop
  endfacet
  facet normal 0 1 0
    outer loop
      vertex 11.3955 0 10.4781
      vertex 24.1173 0 15.8496
      vertex 24.275 0 15.7443
    endloop
  endfacet
  facet normal 0 1 -0
    outer loop
      vertex -14.83 0 9.24207
      vertex -23.55 0 17
      vertex -14.6119 0 9.28546
    endloop
  endfacet
  facet normal 0 1 0
    outer loop
      vertex 11.3521 0 10.26
      vertex 24.275 0 15.7443
      vertex 24.4451 0 15.6604
    endloop
  endfacet
  facet normal 0 1 0
    outer loop
      vertex -23.55 0 17
      vertex -14.83 0 9.24207
      vertex -23.5624 0 16.8107
    endloop
  endfacet
  facet normal 0 1 0
    outer loop
      vertex 27 0 2.86102e-06
      vertex 24.4451 0 15.6604
      vertex 24.6247 0 15.5994
    endloop
  endfacet
  facet normal 0 1 0
    outer loop
      vertex -23.5624 0 16.8107
      vertex -14.83 0 9.24207
      vertex -23.5994 0 16.6247
    endloop
  endfacet
  facet normal 0 1 0
    outer loop
      vertex 29.7 0 2.7
      vertex 24.6247 0 15.5994
      vertex 24.8107 0 15.5624
    endloop
  endfacet
  facet normal 0 1 -0
    outer loop
      vertex -15.0406 0 9.1706
      vertex -23.5994 0 16.6247
      vertex -14.83 0 9.24207
    endloop
  endfacet
  facet normal 0 1 0
    outer loop
      vertex 29.7 0 2.7
      vertex 24.8107 0 15.5624
      vertex 25 0 15.55
    endloop
  endfacet
  facet normal 0 1 0
    outer loop
      vertex -23.5994 0 16.6247
      vertex -15.0406 0 9.1706
      vertex -23.6604 0 16.4451
    endloop
  endfacet
  facet normal 0 1 0
    outer loop
      vertex -12.7479 0 8.03999
      vertex -2 0 8
      vertex -12.74 0 8
    endloop
  endfacet
  facet normal 0 1 0
    outer loop
      vertex -27 0 59.4
      vertex -24.8107 0 50.4376
      vertex -25 0 50.45
    endloop
  endfacet
  facet normal 0 1 0
    outer loop
      vertex -18.0822 0 50.66
      vertex -24.6247 0 50.4006
      vertex -24.8107 0 50.4376
    endloop
  endfacet
  facet normal 0 1 0
    outer loop
      vertex -18.0822 0 50.66
      vertex -24.4451 0 50.3396
      vertex -24.6247 0 50.4006
    endloop
  endfacet
  facet normal 0 1 0
    outer loop
      vertex -23.5624 0 48.8107
      vertex -17.9587 0 50.4751
      vertex -17.8121 0 50.3079
    endloop
  endfacet
  facet normal 0 1 0
    outer loop
      vertex -18.0822 0 50.66
      vertex -24.275 0 50.2557
      vertex -24.4451 0 50.3396
    endloop
  endfacet
  facet normal 0 1 0
    outer loop
      vertex -23.5994 0 48.6247
      vertex -17.8121 0 50.3079
      vertex -17.6449 0 50.1613
    endloop
  endfacet
  facet normal 0 1 0
    outer loop
      vertex -18.0822 0 50.66
      vertex -24.1173 0 50.1504
      vertex -24.275 0 50.2557
    endloop
  endfacet
  facet normal 0 1 0
    outer loop
      vertex -23.6604 0 48.4451
      vertex -17.6449 0 50.1613
      vertex -17.46 0 50.0378
    endloop
  endfacet
  facet normal 0 1 0
    outer loop
      vertex -18.0822 0 50.66
      vertex -23.9747 0 50.0253
      vertex -24.1173 0 50.1504
    endloop
  endfacet
  facet normal 0 1 0
    outer loop
      vertex -23.7443 0 48.275
      vertex -17.46 0 50.0378
      vertex -17.2606 0 49.9394
    endloop
  endfacet
  facet normal 0 1 0
    outer loop
      vertex -18.0822 0 50.66
      vertex -23.8496 0 49.8827
      vertex -23.9747 0 50.0253
    endloop
  endfacet
  facet normal 0 1 0
    outer loop
      vertex -23.8496 0 48.1173
      vertex -17.2606 0 49.9394
      vertex -17.05 0 49.8679
    endloop
  endfacet
  facet normal 0 1 0
    outer loop
      vertex -23.9747 0 47.9747
      vertex -17.05 0 49.8679
      vertex -16.8319 0 49.8245
    endloop
  endfacet
  facet normal 0 1 0
    outer loop
      vertex -24.1173 0 47.8496
      vertex -16.8319 0 49.8245
      vertex -16.61 0 49.81
    endloop
  endfacet
  facet normal 0 1 0
    outer loop
      vertex -18.0822 0 50.66
      vertex -23.7443 0 49.725
      vertex -23.8496 0 49.8827
    endloop
  endfacet
  facet normal 0 1 0
    outer loop
      vertex 4.1387 0 50.6751
      vertex 23.7443 0 48.275
      vertex 3.99208 0 50.5079
    endloop
  endfacet
  facet normal 0 1 0
    outer loop
      vertex 23.8496 0 48.1173
      vertex 3.99208 0 50.5079
      vertex 23.7443 0 48.275
    endloop
  endfacet
  facet normal 0 1 0
    outer loop
      vertex -18.0822 0 50.66
      vertex -23.6604 0 49.5549
      vertex -23.7443 0 49.725
    endloop
  endfacet
  facet normal 0 1 0
    outer loop
      vertex 3.99208 0 50.5079
      vertex 23.8496 0 48.1173
      vertex 3.82489 0 50.3613
    endloop
  endfacet
  facet normal 0 1 0
    outer loop
      vertex -18.0822 0 50.66
      vertex -23.5994 0 49.3753
      vertex -23.6604 0 49.5549
    endloop
  endfacet
  facet normal 0 1 0
    outer loop
      vertex 23.9747 0 47.9747
      vertex 3.82489 0 50.3613
      vertex 23.8496 0 48.1173
    endloop
  endfacet
  facet normal 0 1 0
    outer loop
      vertex -18.0822 0 50.66
      vertex -23.5624 0 49.1893
      vertex -23.5994 0 49.3753
    endloop
  endfacet
  facet normal 0 1 0
    outer loop
      vertex 3.82489 0 50.3613
      vertex 23.9747 0 47.9747
      vertex 3.64 0 50.2378
    endloop
  endfacet
  facet normal 0 1 0
    outer loop
      vertex -18.0822 0 50.66
      vertex -23.55 0 49
      vertex -23.5624 0 49.1893
    endloop
  endfacet
  facet normal 0 1 0
    outer loop
      vertex 24.1173 0 47.8496
      vertex 3.64 0 50.2378
      vertex 23.9747 0 47.9747
    endloop
  endfacet
  facet normal 0 1 0
    outer loop
      vertex -17.9587 0 50.4751
      vertex -23.5624 0 48.8107
      vertex -23.55 0 49
    endloop
  endfacet
  facet normal 0 1 0
    outer loop
      vertex 3.64 0 50.2378
      vertex 24.1173 0 47.8496
      vertex 3.44056 0 50.1394
    endloop
  endfacet
  facet normal 0 1 0
    outer loop
      vertex -17.8121 0 50.3079
      vertex -23.5994 0 48.6247
      vertex -23.5624 0 48.8107
    endloop
  endfacet
  facet normal 0 1 0
    outer loop
      vertex 24.4451 0 18.3396
      vertex 24.4451 0 47.6604
      vertex 24.6247 0 18.4006
    endloop
  endfacet
  facet normal 0 1 0
    outer loop
      vertex -17.6449 0 50.1613
      vertex -23.6604 0 48.4451
      vertex -23.5994 0 48.6247
    endloop
  endfacet
  facet normal 0 1 0
    outer loop
      vertex 24.4451 0 47.6604
      vertex 24.4451 0 18.3396
      vertex 24.275 0 47.7443
    endloop
  endfacet
  facet normal 0 1 0
    outer loop
      vertex -17.46 0 50.0378
      vertex -23.7443 0 48.275
      vertex -23.6604 0 48.4451
    endloop
  endfacet
  facet normal 0 1 0
    outer loop
      vertex 24.1173 0 18.1504
      vertex 24.1173 0 47.8496
      vertex 24.275 0 18.2557
    endloop
  endfacet
  facet normal 0 1 0
    outer loop
      vertex -17.2606 0 49.9394
      vertex -23.8496 0 48.1173
      vertex -23.7443 0 48.275
    endloop
  endfacet
  facet normal 0 1 0
    outer loop
      vertex 24.275 0 18.2557
      vertex 24.275 0 47.7443
      vertex 24.4451 0 18.3396
    endloop
  endfacet
  facet normal 0 1 0
    outer loop
      vertex 2.79 0 50.01
      vertex -25 0 18.45
      vertex -16.61 0 49.81
    endloop
  endfacet
  facet normal 0 1 0
    outer loop
      vertex 24.275 0 47.7443
      vertex 24.275 0 18.2557
      vertex 24.1173 0 47.8496
    endloop
  endfacet
  facet normal -0 1 0
    outer loop
      vertex -24.275 0 47.7443
      vertex -16.61 0 49.81
      vertex -25 0 18.45
    endloop
  endfacet
  facet normal 0 1 0
    outer loop
      vertex 24.6247 0 47.5994
      vertex 24.6247 0 18.4006
      vertex 24.4451 0 47.6604
    endloop
  endfacet
  facet normal 0 1 0
    outer loop
      vertex -17.05 0 49.8679
      vertex -23.9747 0 47.9747
      vertex -23.8496 0 48.1173
    endloop
  endfacet
  facet normal 0 1 0
    outer loop
      vertex 24.6247 0 18.4006
      vertex 24.6247 0 47.5994
      vertex 24.8107 0 18.4376
    endloop
  endfacet
  facet normal 0 1 0
    outer loop
      vertex -16.8319 0 49.8245
      vertex -24.1173 0 47.8496
      vertex -23.9747 0 47.9747
    endloop
  endfacet
  facet normal 0 1 0
    outer loop
      vertex 24.8107 0 47.5624
      vertex 24.8107 0 18.4376
      vertex 24.6247 0 47.5994
    endloop
  endfacet
  facet normal 0 1 0
    outer loop
      vertex -16.61 0 49.81
      vertex -24.275 0 47.7443
      vertex -24.1173 0 47.8496
    endloop
  endfacet
  facet normal 0 1 0
    outer loop
      vertex 24.8107 0 18.4376
      vertex 24.8107 0 47.5624
      vertex 25 0 18.45
    endloop
  endfacet
  facet normal 0 1 0
    outer loop
      vertex -24.275 0 47.7443
      vertex -25 0 18.45
      vertex -24.4451 0 47.6604
    endloop
  endfacet
  facet normal 0 1 -0
    outer loop
      vertex 25 0 18.45
      vertex 24.8107 0 47.5624
      vertex 25 0 47.55
    endloop
  endfacet
  facet normal 0 1 0
    outer loop
      vertex -24.4451 0 47.6604
      vertex -25 0 18.45
      vertex -24.6247 0 47.5994
    endloop
  endfacet
  facet normal 0 1 0
    outer loop
      vertex -27 0 59.4
      vertex -16.3881 0 53.1955
      vertex -16.61 0 53.21
    endloop
  endfacet
  facet normal 0 1 0
    outer loop
      vertex -15.9594 0 53.0806
      vertex 2.13944 0 53.2806
      vertex 1.94 0 53.1822
    endloop
  endfacet
  facet normal 0 1 0
    outer loop
      vertex -27 0 59.4
      vertex -16.17 0 53.1521
      vertex -16.3881 0 53.1955
    endloop
  endfacet
  facet normal 0 1 0
    outer loop
      vertex 2.13944 0 53.2806
      vertex -15.9594 0 53.0806
      vertex -16.17 0 53.1521
    endloop
  endfacet
  facet normal 0 1 0
    outer loop
      vertex -15.76 0 52.9822
      vertex 1.94 0 53.1822
      vertex 1.75511 0 53.0587
    endloop
  endfacet
  facet normal 0 1 0
    outer loop
      vertex 1.94 0 53.1822
      vertex -15.76 0 52.9822
      vertex -15.9594 0 53.0806
    endloop
  endfacet
  facet normal 0 1 0
    outer loop
      vertex -15.5751 0 52.8587
      vertex 1.75511 0 53.0587
      vertex 1.58792 0 52.9121
    endloop
  endfacet
  facet normal 0 1 0
    outer loop
      vertex 1.75511 0 53.0587
      vertex -15.5751 0 52.8587
      vertex -15.76 0 52.9822
    endloop
  endfacet
  facet normal 0 1 0
    outer loop
      vertex -15.4079 0 52.7121
      vertex 1.58792 0 52.9121
      vertex 1.4413 0 52.7449
    endloop
  endfacet
  facet normal 0 1 0
    outer loop
      vertex 1.58792 0 52.9121
      vertex -15.4079 0 52.7121
      vertex -15.5751 0 52.8587
    endloop
  endfacet
  facet normal 0 1 0
    outer loop
      vertex -15.2613 0 52.5449
      vertex 1.4413 0 52.7449
      vertex 1.31776 0 52.56
    endloop
  endfacet
  facet normal 0 1 0
    outer loop
      vertex 1.4413 0 52.7449
      vertex -15.2613 0 52.5449
      vertex -15.4079 0 52.7121
    endloop
  endfacet
  facet normal 0 1 0
    outer loop
      vertex -15.1378 0 52.36
      vertex 1.31776 0 52.56
      vertex 1.2194 0 52.3606
    endloop
  endfacet
  facet normal 0 1 0
    outer loop
      vertex 1.31776 0 52.56
      vertex -15.1378 0 52.36
      vertex -15.2613 0 52.5449
    endloop
  endfacet
  facet normal 0 1 0
    outer loop
      vertex 1.2194 0 52.3606
      vertex -15.0394 0 52.1606
      vertex -15.1378 0 52.36
    endloop
  endfacet
  facet normal 0 1 -0
    outer loop
      vertex 1.14793 0 52.15
      vertex -15.0394 0 52.1606
      vertex 1.2194 0 52.3606
    endloop
  endfacet
  facet normal 0 1 0
    outer loop
      vertex 1.14793 0 52.15
      vertex -14.9679 0 51.95
      vertex -15.0394 0 52.1606
    endloop
  endfacet
  facet normal 0 1 -0
    outer loop
      vertex 1.10454 0 51.9319
      vertex -14.9679 0 51.95
      vertex 1.14793 0 52.15
    endloop
  endfacet
  facet normal 0 1 0
    outer loop
      vertex 1.10454 0 51.9319
      vertex -14.9245 0 51.7319
      vertex -14.9679 0 51.95
    endloop
  endfacet
  facet normal 0 1 -0
    outer loop
      vertex 1.09 0 51.71
      vertex -14.9245 0 51.7319
      vertex 1.10454 0 51.9319
    endloop
  endfacet
  facet normal 0 1 0
    outer loop
      vertex 1.09 0 51.71
      vertex -14.91 0 51.51
      vertex -14.9245 0 51.7319
    endloop
  endfacet
  facet normal 0 1 0
    outer loop
      vertex 1.10454 0 51.4881
      vertex -14.91 0 51.51
      vertex 1.09 0 51.71
    endloop
  endfacet
  facet normal 0 1 0
    outer loop
      vertex 1.10454 0 51.4881
      vertex -14.9245 0 51.2881
      vertex -14.91 0 51.51
    endloop
  endfacet
  facet normal 0 1 0
    outer loop
      vertex 1.14793 0 51.27
      vertex -14.9245 0 51.2881
      vertex 1.10454 0 51.4881
    endloop
  endfacet
  facet normal 0 1 0
    outer loop
      vertex 1.14793 0 51.27
      vertex -14.9679 0 51.07
      vertex -14.9245 0 51.2881
    endloop
  endfacet
  facet normal 0 1 0
    outer loop
      vertex 1.2194 0 51.0594
      vertex -14.9679 0 51.07
      vertex 1.14793 0 51.27
    endloop
  endfacet
  facet normal 0 1 0
    outer loop
      vertex -15.0394 0 50.8594
      vertex 1.2194 0 51.0594
      vertex 1.31776 0 50.86
    endloop
  endfacet
  facet normal 0 1 0
    outer loop
      vertex 1.2194 0 51.0594
      vertex -15.0394 0 50.8594
      vertex -14.9679 0 51.07
    endloop
  endfacet
  facet normal 0 1 0
    outer loop
      vertex -15.1378 0 50.66
      vertex 1.31776 0 50.86
      vertex 1.4413 0 50.6751
    endloop
  endfacet
  facet normal 0 1 0
    outer loop
      vertex 1.31776 0 50.86
      vertex -15.1378 0 50.66
      vertex -15.0394 0 50.8594
    endloop
  endfacet
  facet normal 0 1 0
    outer loop
      vertex -15.2613 0 50.4751
      vertex 1.4413 0 50.6751
      vertex 1.58792 0 50.5079
    endloop
  endfacet
  facet normal 0 1 0
    outer loop
      vertex 1.4413 0 50.6751
      vertex -15.2613 0 50.4751
      vertex -15.1378 0 50.66
    endloop
  endfacet
  facet normal 0 1 0
    outer loop
      vertex -15.4079 0 50.3079
      vertex 1.58792 0 50.5079
      vertex 1.75511 0 50.3613
    endloop
  endfacet
  facet normal 0 1 0
    outer loop
      vertex 1.58792 0 50.5079
      vertex -15.4079 0 50.3079
      vertex -15.2613 0 50.4751
    endloop
  endfacet
  facet normal 0 1 0
    outer loop
      vertex -15.5751 0 50.1613
      vertex 1.75511 0 50.3613
      vertex 1.94 0 50.2378
    endloop
  endfacet
  facet normal 0 1 0
    outer loop
      vertex 1.75511 0 50.3613
      vertex -15.5751 0 50.1613
      vertex -15.4079 0 50.3079
    endloop
  endfacet
  facet normal 0 1 0
    outer loop
      vertex -15.76 0 50.0378
      vertex 1.94 0 50.2378
      vertex 2.13944 0 50.1394
    endloop
  endfacet
  facet normal 0 1 0
    outer loop
      vertex -15.9594 0 49.9394
      vertex 2.13944 0 50.1394
      vertex 2.35001 0 50.0679
    endloop
  endfacet
  facet normal 0 1 0
    outer loop
      vertex 1.94 0 50.2378
      vertex -15.76 0 50.0378
      vertex -15.5751 0 50.1613
    endloop
  endfacet
  facet normal 0 1 0
    outer loop
      vertex -16.17 0 49.8679
      vertex 2.35001 0 50.0679
      vertex 2.5681 0 50.0245
    endloop
  endfacet
  facet normal 0 1 0
    outer loop
      vertex -16.3881 0 49.8245
      vertex 2.5681 0 50.0245
      vertex 2.79 0 50.01
    endloop
  endfacet
  facet normal 0 1 0
    outer loop
      vertex 2.13944 0 50.1394
      vertex -15.9594 0 49.9394
      vertex -15.76 0 50.0378
    endloop
  endfacet
  facet normal 0 1 0
    outer loop
      vertex 29.7 0 56.7
      vertex 27 0 59.4
      vertex 27.3524 0 59.3769
    endloop
  endfacet
  facet normal 0 1 0
    outer loop
      vertex 27 0 59.4
      vertex 2.79 0 53.41
      vertex -27 0 59.4
    endloop
  endfacet
  facet normal 0 1 0
    outer loop
      vertex 29.7 0 56.7
      vertex 27.3524 0 59.3769
      vertex 27.6988 0 59.308
    endloop
  endfacet
  facet normal 0 1 -0
    outer loop
      vertex 2.5681 0 53.3955
      vertex -27 0 59.4
      vertex 2.79 0 53.41
    endloop
  endfacet
  facet normal 0 1 0
    outer loop
      vertex 29.7 0 56.7
      vertex 27.6988 0 59.308
      vertex 28.0332 0 59.1945
    endloop
  endfacet
  facet normal 0 1 -0
    outer loop
      vertex 2.35001 0 53.3521
      vertex -27 0 59.4
      vertex 2.5681 0 53.3955
    endloop
  endfacet
  facet normal 0 1 0
    outer loop
      vertex 29.7 0 56.7
      vertex 28.0332 0 59.1945
      vertex 28.35 0 59.0383
    endloop
  endfacet
  facet normal 0 1 -0
    outer loop
      vertex 2.13944 0 53.2806
      vertex -27 0 59.4
      vertex 2.35001 0 53.3521
    endloop
  endfacet
  facet normal 0 1 0
    outer loop
      vertex 29.7 0 56.7
      vertex 28.35 0 59.0383
      vertex 28.6437 0 58.8421
    endloop
  endfacet
  facet normal 0 1 -0
    outer loop
      vertex -16.8319 0 53.1955
      vertex -27 0 59.4
      vertex -16.61 0 53.21
    endloop
  endfacet
  facet normal 0 1 0
    outer loop
      vertex 29.7 0 56.7
      vertex 28.6437 0 58.8421
      vertex 28.9092 0 58.6092
    endloop
  endfacet
  facet normal 0 1 -0
    outer loop
      vertex -17.05 0 53.1521
      vertex -27 0 59.4
      vertex -16.8319 0 53.1955
    endloop
  endfacet
  facet normal 0 1 0
    outer loop
      vertex 29.7 0 56.7
      vertex 28.9092 0 58.6092
      vertex 29.1421 0 58.3437
    endloop
  endfacet
  facet normal 0 1 -0
    outer loop
      vertex -17.2606 0 53.0806
      vertex -27 0 59.4
      vertex -17.05 0 53.1521
    endloop
  endfacet
  facet normal 0 1 0
    outer loop
      vertex 29.7 0 56.7
      vertex 29.1421 0 58.3437
      vertex 29.3383 0 58.05
    endloop
  endfacet
  facet normal 0 1 -0
    outer loop
      vertex -17.46 0 52.9822
      vertex -27 0 59.4
      vertex -17.2606 0 53.0806
    endloop
  endfacet
  facet normal 0 1 0
    outer loop
      vertex 29.7 0 56.7
      vertex 29.3383 0 58.05
      vertex 29.4945 0 57.7332
    endloop
  endfacet
  facet normal 0 1 -0
    outer loop
      vertex -17.6449 0 52.8587
      vertex -27 0 59.4
      vertex -17.46 0 52.9822
    endloop
  endfacet
  facet normal 0 1 0
    outer loop
      vertex 29.7 0 56.7
      vertex 29.4945 0 57.7332
      vertex 29.608 0 57.3988
    endloop
  endfacet
  facet normal 0 1 -0
    outer loop
      vertex -17.8121 0 52.7121
      vertex -27 0 59.4
      vertex -17.6449 0 52.8587
    endloop
  endfacet
  facet normal 0 1 0
    outer loop
      vertex 29.7 0 56.7
      vertex 29.608 0 57.3988
      vertex 29.6769 0 57.0524
    endloop
  endfacet
  facet normal 0 1 -0
    outer loop
      vertex -17.9587 0 52.5449
      vertex -27 0 59.4
      vertex -17.8121 0 52.7121
    endloop
  endfacet
  facet normal 0 1 0
    outer loop
      vertex 27 0 59.4
      vertex 29.7 0 56.7
      vertex 25 0 50.45
    endloop
  endfacet
  facet normal 0 1 -0
    outer loop
      vertex -24.8107 0 50.4376
      vertex -27 0 59.4
      vertex -17.9587 0 52.5449
    endloop
  endfacet
  facet normal 0 1 0
    outer loop
      vertex -27 0 59.4
      vertex -29.7 0 56.7
      vertex -27.3524 0 59.3769
    endloop
  endfacet
  facet normal 0 1 0
    outer loop
      vertex 27 0 59.4
      vertex 3.01189 0 53.3955
      vertex 2.79 0 53.41
    endloop
  endfacet
  facet normal 0 1 0
    outer loop
      vertex 27 0 59.4
      vertex 3.22999 0 53.3521
      vertex 3.01189 0 53.3955
    endloop
  endfacet
  facet normal 0 1 0
    outer loop
      vertex 27 0 59.4
      vertex 3.44056 0 53.2806
      vertex 3.22999 0 53.3521
    endloop
  endfacet
  facet normal 0 1 0
    outer loop
      vertex 27 0 59.4
      vertex 3.64 0 53.1822
      vertex 3.44056 0 53.2806
    endloop
  endfacet
  facet normal 0 1 0
    outer loop
      vertex 27 0 59.4
      vertex 3.82489 0 53.0587
      vertex 3.64 0 53.1822
    endloop
  endfacet
  facet normal 0 1 0
    outer loop
      vertex 27 0 59.4
      vertex 3.99208 0 52.9121
      vertex 3.82489 0 53.0587
    endloop
  endfacet
  facet normal 0 1 0
    outer loop
      vertex 27 0 59.4
      vertex 4.1387 0 52.7449
      vertex 3.99208 0 52.9121
    endloop
  endfacet
  facet normal 0 1 0
    outer loop
      vertex 27 0 59.4
      vertex 24.1173 0 50.1504
      vertex 23.9747 0 50.0253
    endloop
  endfacet
  facet normal 0 1 0
    outer loop
      vertex 27 0 59.4
      vertex 4.26224 0 52.56
      vertex 4.1387 0 52.7449
    endloop
  endfacet
  facet normal 0 1 0
    outer loop
      vertex 27 0 59.4
      vertex 23.9747 0 50.0253
      vertex 4.26224 0 52.56
    endloop
  endfacet
  facet normal 0 1 0
    outer loop
      vertex 4.26224 0 52.56
      vertex 23.9747 0 50.0253
      vertex 4.36059 0 52.3606
    endloop
  endfacet
  facet normal 0 1 -0
    outer loop
      vertex 23.8496 0 49.8827
      vertex 4.36059 0 52.3606
      vertex 23.9747 0 50.0253
    endloop
  endfacet
  facet normal 0 1 -0
    outer loop
      vertex 23.7443 0 49.725
      vertex 4.36059 0 52.3606
      vertex 23.8496 0 49.8827
    endloop
  endfacet
  facet normal 0 1 0
    outer loop
      vertex 4.36059 0 52.3606
      vertex 23.7443 0 49.725
      vertex 4.43207 0 52.15
    endloop
  endfacet
  facet normal 0 1 -0
    outer loop
      vertex 23.6604 0 49.5549
      vertex 4.43207 0 52.15
      vertex 23.7443 0 49.725
    endloop
  endfacet
  facet normal 0 1 0
    outer loop
      vertex 4.43207 0 52.15
      vertex 23.6604 0 49.5549
      vertex 4.47546 0 51.9319
    endloop
  endfacet
  facet normal 0 1 -0
    outer loop
      vertex 23.5994 0 49.3753
      vertex 4.47546 0 51.9319
      vertex 23.6604 0 49.5549
    endloop
  endfacet
  facet normal 0 1 0
    outer loop
      vertex 4.47546 0 51.9319
      vertex 23.5994 0 49.3753
      vertex 4.49 0 51.71
    endloop
  endfacet
  facet normal 0 1 0
    outer loop
      vertex 27 0 59.4
      vertex 25 0 50.45
      vertex 24.8107 0 50.4376
    endloop
  endfacet
  facet normal 0 1 0
    outer loop
      vertex 29.7 0 56.7
      vertex 25.1893 0 50.4376
      vertex 25 0 50.45
    endloop
  endfacet
  facet normal 0 1 0
    outer loop
      vertex 29.7 0 56.7
      vertex 25.3753 0 50.4006
      vertex 25.1893 0 50.4376
    endloop
  endfacet
  facet normal 0 1 0
    outer loop
      vertex 29.7 0 56.7
      vertex 25.5549 0 50.3396
      vertex 25.3753 0 50.4006
    endloop
  endfacet
  facet normal 0 1 0
    outer loop
      vertex 29.7 0 56.7
      vertex 25.725 0 50.2557
      vertex 25.5549 0 50.3396
    endloop
  endfacet
  facet normal 0 1 0
    outer loop
      vertex 29.7 0 56.7
      vertex 25.8827 0 50.1504
      vertex 25.725 0 50.2557
    endloop
  endfacet
  facet normal 0 1 0
    outer loop
      vertex 29.7 0 56.7
      vertex 26.0253 0 50.0253
      vertex 25.8827 0 50.1504
    endloop
  endfacet
  facet normal 0 1 0
    outer loop
      vertex 29.7 0 56.7
      vertex 26.1504 0 49.8827
      vertex 26.0253 0 50.0253
    endloop
  endfacet
  facet normal 0 1 0
    outer loop
      vertex 29.7 0 56.7
      vertex 26.2557 0 49.725
      vertex 26.1504 0 49.8827
    endloop
  endfacet
  facet normal 0 1 0
    outer loop
      vertex 29.7 0 56.7
      vertex 26.3396 0 49.5549
      vertex 26.2557 0 49.725
    endloop
  endfacet
  facet normal 0 1 0
    outer loop
      vertex 29.7 0 56.7
      vertex 26.4006 0 49.3753
      vertex 26.3396 0 49.5549
    endloop
  endfacet
  facet normal 0 1 0
    outer loop
      vertex 29.7 0 56.7
      vertex 26.4376 0 49.1893
      vertex 26.4006 0 49.3753
    endloop
  endfacet
  facet normal 0 1 0
    outer loop
      vertex 29.7 0 56.7
      vertex 26.45 0 49
      vertex 26.4376 0 49.1893
    endloop
  endfacet
  facet normal 0 1 0
    outer loop
      vertex 29.7 0 56.7
      vertex 26.4376 0 48.8107
      vertex 26.45 0 49
    endloop
  endfacet
  facet normal 0 1 0
    outer loop
      vertex 29.7 0 56.7
      vertex 26.4006 0 48.6247
      vertex 26.4376 0 48.8107
    endloop
  endfacet
  facet normal 0 1 0
    outer loop
      vertex 26.4006 0 17.3753
      vertex 26.4006 0 48.6247
      vertex 29.7 0 56.7
    endloop
  endfacet
  facet normal 0 1 0
    outer loop
      vertex -24.6247 0 47.5994
      vertex -25 0 18.45
      vertex -24.8107 0 47.5624
    endloop
  endfacet
  facet normal 0 1 0
    outer loop
      vertex 25.1893 0 47.5624
      vertex 25 0 18.45
      vertex 25 0 47.55
    endloop
  endfacet
  facet normal 0 1 0
    outer loop
      vertex 25.1893 0 18.4376
      vertex 25.1893 0 47.5624
      vertex 25.3753 0 47.5994
    endloop
  endfacet
  facet normal 0 1 0
    outer loop
      vertex 25.3753 0 18.4006
      vertex 25.3753 0 47.5994
      vertex 25.5549 0 47.6604
    endloop
  endfacet
  facet normal 0 1 0
    outer loop
      vertex 25.5549 0 18.3396
      vertex 25.5549 0 47.6604
      vertex 25.725 0 47.7443
    endloop
  endfacet
  facet normal 0 1 0
    outer loop
      vertex 25.725 0 18.2557
      vertex 25.725 0 47.7443
      vertex 25.8827 0 47.8496
    endloop
  endfacet
  facet normal 0 1 0
    outer loop
      vertex 25.8827 0 18.1504
      vertex 25.8827 0 47.8496
      vertex 26.0253 0 47.9747
    endloop
  endfacet
  facet normal 0 1 0
    outer loop
      vertex 26.0253 0 18.0253
      vertex 26.0253 0 47.9747
      vertex 26.1504 0 48.1173
    endloop
  endfacet
  facet normal 0 1 0
    outer loop
      vertex 26.1504 0 17.8827
      vertex 26.1504 0 48.1173
      vertex 26.2557 0 48.275
    endloop
  endfacet
  facet normal 0 1 0
    outer loop
      vertex 26.2557 0 17.725
      vertex 26.2557 0 48.275
      vertex 26.3396 0 48.4451
    endloop
  endfacet
  facet normal 0 1 0
    outer loop
      vertex 26.4006 0 48.6247
      vertex 26.4006 0 17.3753
      vertex 26.3396 0 48.4451
    endloop
  endfacet
  facet normal 0 1 0
    outer loop
      vertex 25.1893 0 47.5624
      vertex 25.1893 0 18.4376
      vertex 25 0 18.45
    endloop
  endfacet
  facet normal 0 1 0
    outer loop
      vertex 25.3753 0 47.5994
      vertex 25.3753 0 18.4006
      vertex 25.1893 0 18.4376
    endloop
  endfacet
  facet normal 0 1 0
    outer loop
      vertex 25.5549 0 47.6604
      vertex 25.5549 0 18.3396
      vertex 25.3753 0 18.4006
    endloop
  endfacet
  facet normal 0 1 0
    outer loop
      vertex 25.725 0 47.7443
      vertex 25.725 0 18.2557
      vertex 25.5549 0 18.3396
    endloop
  endfacet
  facet normal 0 1 0
    outer loop
      vertex 25.8827 0 47.8496
      vertex 25.8827 0 18.1504
      vertex 25.725 0 18.2557
    endloop
  endfacet
  facet normal 0 1 0
    outer loop
      vertex 26.0253 0 47.9747
      vertex 26.0253 0 18.0253
      vertex 25.8827 0 18.1504
    endloop
  endfacet
  facet normal 0 1 0
    outer loop
      vertex 26.1504 0 48.1173
      vertex 26.1504 0 17.8827
      vertex 26.0253 0 18.0253
    endloop
  endfacet
  facet normal 0 1 0
    outer loop
      vertex 26.2557 0 48.275
      vertex 26.2557 0 17.725
      vertex 26.1504 0 17.8827
    endloop
  endfacet
  facet normal 0 1 0
    outer loop
      vertex 26.3396 0 48.4451
      vertex 26.3396 0 17.5549
      vertex 26.2557 0 17.725
    endloop
  endfacet
  facet normal 0 1 0
    outer loop
      vertex 26.3396 0 48.4451
      vertex 26.4006 0 17.3753
      vertex 26.3396 0 17.5549
    endloop
  endfacet
  facet normal 0 1 0
    outer loop
      vertex 29.7 0 56.7
      vertex 26.4376 0 17.1893
      vertex 26.4006 0 17.3753
    endloop
  endfacet
  facet normal 0 1 -0
    outer loop
      vertex 29.7 0 2.7
      vertex 26.4376 0 17.1893
      vertex 29.7 0 56.7
    endloop
  endfacet
  facet normal 0 1 0
    outer loop
      vertex 26.4376 0 17.1893
      vertex 29.7 0 2.7
      vertex 26.45 0 17
    endloop
  endfacet
  facet normal 0 1 -0
    outer loop
      vertex 9.27001 0 12.3421
      vertex 3.01189 0 50.0245
      vertex 9.4881 0 12.3855
    endloop
  endfacet
  facet normal 0 1 0
    outer loop
      vertex 29.7 0 2.7
      vertex 25 0 15.55
      vertex 25.1893 0 15.5624
    endloop
  endfacet
  facet normal 0 1 0
    outer loop
      vertex 29.7 0 2.7
      vertex 25.1893 0 15.5624
      vertex 25.3753 0 15.5994
    endloop
  endfacet
  facet normal 0 1 0
    outer loop
      vertex 23.9747 0 18.0253
      vertex 9.93189 0 12.3855
      vertex 9.71 0 12.4
    endloop
  endfacet
  facet normal 0 1 0
    outer loop
      vertex 23.8496 0 17.8827
      vertex 10.15 0 12.3421
      vertex 9.93189 0 12.3855
    endloop
  endfacet
  facet normal 0 1 0
    outer loop
      vertex 23.7443 0 17.725
      vertex 10.3606 0 12.2706
      vertex 10.15 0 12.3421
    endloop
  endfacet
  facet normal 0 1 0
    outer loop
      vertex 23.6604 0 17.5549
      vertex 10.56 0 12.1722
      vertex 10.3606 0 12.2706
    endloop
  endfacet
  facet normal 0 1 0
    outer loop
      vertex 23.5994 0 17.3753
      vertex 10.7449 0 12.0487
      vertex 10.56 0 12.1722
    endloop
  endfacet
  facet normal 0 1 0
    outer loop
      vertex 23.5624 0 17.1893
      vertex 10.9121 0 11.9021
      vertex 10.7449 0 12.0487
    endloop
  endfacet
  facet normal 0 1 0
    outer loop
      vertex 23.55 0 17
      vertex 11.0587 0 11.7349
      vertex 10.9121 0 11.9021
    endloop
  endfacet
  facet normal 0 1 0
    outer loop
      vertex 23.5624 0 16.8107
      vertex 11.1822 0 11.55
      vertex 11.0587 0 11.7349
    endloop
  endfacet
  facet normal 0 1 0
    outer loop
      vertex 23.6604 0 16.4451
      vertex 11.2806 0 11.3506
      vertex 11.1822 0 11.55
    endloop
  endfacet
  facet normal 0 1 0
    outer loop
      vertex 23.7443 0 16.275
      vertex 11.3521 0 11.14
      vertex 11.2806 0 11.3506
    endloop
  endfacet
  facet normal 0 1 0
    outer loop
      vertex 23.8496 0 16.1173
      vertex 11.3955 0 10.9219
      vertex 11.3521 0 11.14
    endloop
  endfacet
  facet normal 0 1 0
    outer loop
      vertex 23.9747 0 15.9747
      vertex 11.41 0 10.7
      vertex 11.3955 0 10.9219
    endloop
  endfacet
  facet normal 0 1 0
    outer loop
      vertex 29.7 0 2.7
      vertex 25.3753 0 15.5994
      vertex 25.5549 0 15.6604
    endloop
  endfacet
  facet normal 0 1 0
    outer loop
      vertex 24.1173 0 15.8496
      vertex 11.3955 0 10.4781
      vertex 11.41 0 10.7
    endloop
  endfacet
  facet normal 0 1 0
    outer loop
      vertex 24.275 0 15.7443
      vertex 11.3521 0 10.26
      vertex 11.3955 0 10.4781
    endloop
  endfacet
  facet normal 0 1 0
    outer loop
      vertex 24.4451 0 15.6604
      vertex 27 0 2.86102e-06
      vertex 11.2806 0 10.0494
    endloop
  endfacet
  facet normal 0 1 0
    outer loop
      vertex 24.4451 0 15.6604
      vertex 11.2806 0 10.0494
      vertex 11.3521 0 10.26
    endloop
  endfacet
  facet normal 0 1 0
    outer loop
      vertex 11.2806 0 10.0494
      vertex 27 0 2.86102e-06
      vertex 11.1822 0 9.85
    endloop
  endfacet
  facet normal 0 1 0
    outer loop
      vertex 11.1822 0 9.85
      vertex 27 0 2.86102e-06
      vertex 11.0587 0 9.6651
    endloop
  endfacet
  facet normal 0 1 0
    outer loop
      vertex 11.0587 0 9.6651
      vertex 27 0 2.86102e-06
      vertex 10.9121 0 9.49792
    endloop
  endfacet
  facet normal 0 1 0
    outer loop
      vertex 10.9121 0 9.49792
      vertex 27 0 2.86102e-06
      vertex 10.7449 0 9.3513
    endloop
  endfacet
  facet normal 0 1 0
    outer loop
      vertex 10.7449 0 9.3513
      vertex 27 0 2.86102e-06
      vertex 10.56 0 9.22776
    endloop
  endfacet
  facet normal 0 1 0
    outer loop
      vertex -13.54 0 9.07224
      vertex -2 0 8
      vertex -13.3551 0 8.9487
    endloop
  endfacet
  facet normal 0 1 0
    outer loop
      vertex -13.3551 0 8.9487
      vertex -2 0 8
      vertex -13.1879 0 8.80208
    endloop
  endfacet
  facet normal 0 1 0
    outer loop
      vertex -13.1879 0 8.80208
      vertex -2 0 8
      vertex -13.0413 0 8.63489
    endloop
  endfacet
  facet normal 0 1 0
    outer loop
      vertex -13.0413 0 8.63489
      vertex -2 0 8
      vertex -12.9178 0 8.45
    endloop
  endfacet
  facet normal 0 1 0
    outer loop
      vertex -12.9178 0 8.45
      vertex -2 0 8
      vertex -12.8194 0 8.25056
    endloop
  endfacet
  facet normal 0 1 0
    outer loop
      vertex -12.8194 0 8.25056
      vertex -2 0 8
      vertex -12.7479 0 8.03999
    endloop
  endfacet
  facet normal 0 1 0
    outer loop
      vertex -2 0 2.86102e-06
      vertex 9.71 0 9
      vertex 9.93189 0 9.01454
    endloop
  endfacet
  facet normal 0 1 0
    outer loop
      vertex 26.45 0 17
      vertex 29.7 0 2.7
      vertex 26.4376 0 16.8107
    endloop
  endfacet
  facet normal 0 1 0
    outer loop
      vertex 29.7 0 2.7
      vertex 26.4006 0 16.6247
      vertex 26.4376 0 16.8107
    endloop
  endfacet
  facet normal 0 1 0
    outer loop
      vertex 29.7 0 2.7
      vertex 26.3396 0 16.4451
      vertex 26.4006 0 16.6247
    endloop
  endfacet
  facet normal 0 1 0
    outer loop
      vertex 29.7 0 2.7
      vertex 26.2557 0 16.275
      vertex 26.3396 0 16.4451
    endloop
  endfacet
  facet normal 0 1 0
    outer loop
      vertex 29.7 0 2.7
      vertex 26.1504 0 16.1173
      vertex 26.2557 0 16.275
    endloop
  endfacet
  facet normal 0 1 0
    outer loop
      vertex 29.7 0 2.7
      vertex 26.0253 0 15.9747
      vertex 26.1504 0 16.1173
    endloop
  endfacet
  facet normal 0 1 0
    outer loop
      vertex 29.7 0 2.7
      vertex 25.8827 0 15.8496
      vertex 26.0253 0 15.9747
    endloop
  endfacet
  facet normal 0 1 0
    outer loop
      vertex 29.7 0 2.7
      vertex 25.725 0 15.7443
      vertex 25.8827 0 15.8496
    endloop
  endfacet
  facet normal 0 1 0
    outer loop
      vertex 29.7 0 2.7
      vertex 25.5549 0 15.6604
      vertex 25.725 0 15.7443
    endloop
  endfacet
  facet normal 0 1 0
    outer loop
      vertex 24.6247 0 15.5994
      vertex 29.7 0 2.7
      vertex 27 0 2.86102e-06
    endloop
  endfacet
  facet normal 0 1 0
    outer loop
      vertex 10.56 0 9.22776
      vertex 27 0 2.86102e-06
      vertex 10.3606 0 9.1294
    endloop
  endfacet
  facet normal 0 1 0
    outer loop
      vertex 10.3606 0 9.1294
      vertex 27 0 2.86102e-06
      vertex 10.15 0 9.05793
    endloop
  endfacet
  facet normal 0 1 0
    outer loop
      vertex 10.15 0 9.05793
      vertex 27 0 2.86102e-06
      vertex 9.93189 0 9.01454
    endloop
  endfacet
  facet normal 0 1 0
    outer loop
      vertex 27 0 2.86102e-06
      vertex 29.7 0 2.7
      vertex 29.6769 0 2.34758
    endloop
  endfacet
  facet normal 0 1 0
    outer loop
      vertex 27 0 2.86102e-06
      vertex 29.6769 0 2.34758
      vertex 29.608 0 2.00119
    endloop
  endfacet
  facet normal 0 1 0
    outer loop
      vertex 27 0 2.86102e-06
      vertex 29.608 0 2.00119
      vertex 29.4945 0 1.66675
    endloop
  endfacet
  facet normal 0 1 0
    outer loop
      vertex 27 0 2.86102e-06
      vertex 29.4945 0 1.66675
      vertex 29.3383 0 1.34999
    endloop
  endfacet
  facet normal 0 1 0
    outer loop
      vertex 27 0 2.86102e-06
      vertex 29.3383 0 1.34999
      vertex 29.1421 0 1.05634
    endloop
  endfacet
  facet normal 0 1 0
    outer loop
      vertex 27 0 2.86102e-06
      vertex 29.1421 0 1.05634
      vertex 28.9092 0 0.790805
    endloop
  endfacet
  facet normal 0 1 0
    outer loop
      vertex 27 0 2.86102e-06
      vertex 28.9092 0 0.790805
      vertex 28.6437 0 0.55794
    endloop
  endfacet
  facet normal 0 1 0
    outer loop
      vertex 27 0 2.86102e-06
      vertex 28.6437 0 0.55794
      vertex 28.35 0 0.361728
    endloop
  endfacet
  facet normal 0 1 0
    outer loop
      vertex 27 0 2.86102e-06
      vertex 28.35 0 0.361728
      vertex 28.0332 0 0.205523
    endloop
  endfacet
  facet normal 0 1 0
    outer loop
      vertex 27 0 2.86102e-06
      vertex 28.0332 0 0.205523
      vertex 27.6988 0 0.0919981
    endloop
  endfacet
  facet normal 0 1 0
    outer loop
      vertex 27 0 2.86102e-06
      vertex 27.6988 0 0.0919981
      vertex 27.3524 0 0.0231047
    endloop
  endfacet
  facet normal 0 1 0
    outer loop
      vertex -2 0 2.86102e-06
      vertex 9.93189 0 9.01454
      vertex 27 0 2.86102e-06
    endloop
  endfacet
  facet normal 0 1 0
    outer loop
      vertex 8.67511 0 9.3513
      vertex -2 0 2.86102e-06
      vertex -2 0 8
    endloop
  endfacet
  facet normal 0 1 0
    outer loop
      vertex -27.3524 0 59.3769
      vertex -29.7 0 56.7
      vertex -27.6988 0 59.308
    endloop
  endfacet
  facet normal -0 1 0
    outer loop
      vertex -29.7 0 56.7
      vertex -27 0 59.4
      vertex -25 0 50.45
    endloop
  endfacet
  facet normal 0 1 -0
    outer loop
      vertex -16.17 0 53.1521
      vertex -27 0 59.4
      vertex 2.13944 0 53.2806
    endloop
  endfacet
  facet normal 0 1 0
    outer loop
      vertex -27.6988 0 59.308
      vertex -29.7 0 56.7
      vertex -28.0332 0 59.1945
    endloop
  endfacet
  facet normal 0 1 0
    outer loop
      vertex -28.0332 0 59.1945
      vertex -29.7 0 56.7
      vertex -28.35 0 59.0383
    endloop
  endfacet
  facet normal 0 1 0
    outer loop
      vertex -28.35 0 59.0383
      vertex -29.7 0 56.7
      vertex -28.6437 0 58.8421
    endloop
  endfacet
  facet normal 0 1 0
    outer loop
      vertex -28.6437 0 58.8421
      vertex -29.7 0 56.7
      vertex -28.9092 0 58.6092
    endloop
  endfacet
  facet normal 0 1 0
    outer loop
      vertex -28.9092 0 58.6092
      vertex -29.7 0 56.7
      vertex -29.1421 0 58.3437
    endloop
  endfacet
  facet normal 0 1 0
    outer loop
      vertex -29.1421 0 58.3437
      vertex -29.7 0 56.7
      vertex -29.3383 0 58.05
    endloop
  endfacet
  facet normal 0 1 0
    outer loop
      vertex -29.3383 0 58.05
      vertex -29.7 0 56.7
      vertex -29.4945 0 57.7332
    endloop
  endfacet
  facet normal 0 1 0
    outer loop
      vertex -29.4945 0 57.7332
      vertex -29.7 0 56.7
      vertex -29.608 0 57.3988
    endloop
  endfacet
  facet normal 0 1 0
    outer loop
      vertex -24.8107 0 50.4376
      vertex -17.9587 0 52.5449
      vertex -18.0822 0 52.36
    endloop
  endfacet
  facet normal 0 1 0
    outer loop
      vertex -24.8107 0 50.4376
      vertex -18.0822 0 52.36
      vertex -18.1806 0 52.1606
    endloop
  endfacet
  facet normal 0 1 0
    outer loop
      vertex -24.8107 0 50.4376
      vertex -18.1806 0 52.1606
      vertex -18.2521 0 51.95
    endloop
  endfacet
  facet normal 0 1 0
    outer loop
      vertex -24.8107 0 50.4376
      vertex -18.2521 0 51.95
      vertex -18.2955 0 51.7319
    endloop
  endfacet
  facet normal 0 1 0
    outer loop
      vertex -24.8107 0 50.4376
      vertex -18.2955 0 51.7319
      vertex -18.31 0 51.51
    endloop
  endfacet
  facet normal 0 1 0
    outer loop
      vertex -24.8107 0 50.4376
      vertex -18.31 0 51.51
      vertex -18.2955 0 51.2881
    endloop
  endfacet
  facet normal 0 1 0
    outer loop
      vertex -24.8107 0 50.4376
      vertex -18.2955 0 51.2881
      vertex -18.2521 0 51.07
    endloop
  endfacet
  facet normal 0 1 0
    outer loop
      vertex -24.8107 0 50.4376
      vertex -18.2521 0 51.07
      vertex -18.1806 0 50.8594
    endloop
  endfacet
  facet normal 0 1 0
    outer loop
      vertex -24.8107 0 50.4376
      vertex -18.1806 0 50.8594
      vertex -18.0822 0 50.66
    endloop
  endfacet
  facet normal 0 1 0
    outer loop
      vertex -23.55 0 49
      vertex -18.0822 0 50.66
      vertex -17.9587 0 50.4751
    endloop
  endfacet
  facet normal 0 1 0
    outer loop
      vertex -29.608 0 57.3988
      vertex -29.7 0 56.7
      vertex -29.6769 0 57.0524
    endloop
  endfacet
  facet normal 0 1 -0
    outer loop
      vertex -25.1893 0 50.4376
      vertex -29.7 0 56.7
      vertex -25 0 50.45
    endloop
  endfacet
  facet normal 0 1 -0
    outer loop
      vertex -25.3753 0 50.4006
      vertex -29.7 0 56.7
      vertex -25.1893 0 50.4376
    endloop
  endfacet
  facet normal 0 1 -0
    outer loop
      vertex -25.5549 0 50.3396
      vertex -29.7 0 56.7
      vertex -25.3753 0 50.4006
    endloop
  endfacet
  facet normal 0 1 -0
    outer loop
      vertex -25.725 0 50.2557
      vertex -29.7 0 56.7
      vertex -25.5549 0 50.3396
    endloop
  endfacet
  facet normal 0 1 -0
    outer loop
      vertex -25.8827 0 50.1504
      vertex -29.7 0 56.7
      vertex -25.725 0 50.2557
    endloop
  endfacet
  facet normal 0 1 -0
    outer loop
      vertex -26.0253 0 50.0253
      vertex -29.7 0 56.7
      vertex -25.8827 0 50.1504
    endloop
  endfacet
  facet normal 0 1 -0
    outer loop
      vertex -26.1504 0 49.8827
      vertex -29.7 0 56.7
      vertex -26.0253 0 50.0253
    endloop
  endfacet
  facet normal 0 1 -0
    outer loop
      vertex -26.2557 0 49.725
      vertex -29.7 0 56.7
      vertex -26.1504 0 49.8827
    endloop
  endfacet
  facet normal 0 1 -0
    outer loop
      vertex -26.3396 0 49.5549
      vertex -29.7 0 56.7
      vertex -26.2557 0 49.725
    endloop
  endfacet
  facet normal 0 1 -0
    outer loop
      vertex -26.4006 0 49.3753
      vertex -29.7 0 56.7
      vertex -26.3396 0 49.5549
    endloop
  endfacet
  facet normal 0 1 -0
    outer loop
      vertex -26.4376 0 49.1893
      vertex -29.7 0 56.7
      vertex -26.4006 0 49.3753
    endloop
  endfacet
  facet normal 0 1 -0
    outer loop
      vertex -26.45 0 49
      vertex -29.7 0 56.7
      vertex -26.4376 0 49.1893
    endloop
  endfacet
  facet normal 0 1 0
    outer loop
      vertex -26.4376 0 48.8107
      vertex -29.7 0 56.7
      vertex -26.45 0 49
    endloop
  endfacet
  facet normal 0 1 0
    outer loop
      vertex -26.4006 0 48.6247
      vertex -29.7 0 56.7
      vertex -26.4376 0 48.8107
    endloop
  endfacet
  facet normal 0 1 0
    outer loop
      vertex -26.4006 0 17.3753
      vertex -26.4006 0 48.6247
      vertex -26.3396 0 48.4451
    endloop
  endfacet
  facet normal 0 1 0
    outer loop
      vertex -24.8107 0 47.5624
      vertex -25 0 18.45
      vertex -25 0 47.55
    endloop
  endfacet
  facet normal 0 1 0
    outer loop
      vertex -25 0 47.55
      vertex -25 0 18.45
      vertex -25.1893 0 47.5624
    endloop
  endfacet
  facet normal 0 1 0
    outer loop
      vertex -25.1893 0 18.4376
      vertex -25.1893 0 47.5624
      vertex -25 0 18.45
    endloop
  endfacet
  facet normal 0 1 0
    outer loop
      vertex -25.1893 0 47.5624
      vertex -25.1893 0 18.4376
      vertex -25.3753 0 47.5994
    endloop
  endfacet
  facet normal 0 1 0
    outer loop
      vertex -25.3753 0 18.4006
      vertex -25.3753 0 47.5994
      vertex -25.1893 0 18.4376
    endloop
  endfacet
  facet normal 0 1 0
    outer loop
      vertex -25.3753 0 47.5994
      vertex -25.3753 0 18.4006
      vertex -25.5549 0 47.6604
    endloop
  endfacet
  facet normal 0 1 0
    outer loop
      vertex -25.5549 0 18.3396
      vertex -25.5549 0 47.6604
      vertex -25.3753 0 18.4006
    endloop
  endfacet
  facet normal 0 1 0
    outer loop
      vertex -25.5549 0 47.6604
      vertex -25.5549 0 18.3396
      vertex -25.725 0 47.7443
    endloop
  endfacet
  facet normal 0 1 0
    outer loop
      vertex -25.725 0 18.2557
      vertex -25.725 0 47.7443
      vertex -25.5549 0 18.3396
    endloop
  endfacet
  facet normal 0 1 0
    outer loop
      vertex -25.725 0 47.7443
      vertex -25.725 0 18.2557
      vertex -25.8827 0 47.8496
    endloop
  endfacet
  facet normal 0 1 0
    outer loop
      vertex -25.8827 0 18.1504
      vertex -25.8827 0 47.8496
      vertex -25.725 0 18.2557
    endloop
  endfacet
  facet normal 0 1 0
    outer loop
      vertex -25.8827 0 47.8496
      vertex -25.8827 0 18.1504
      vertex -26.0253 0 47.9747
    endloop
  endfacet
  facet normal 0 1 0
    outer loop
      vertex -26.0253 0 18.0253
      vertex -26.0253 0 47.9747
      vertex -25.8827 0 18.1504
    endloop
  endfacet
  facet normal 0 1 0
    outer loop
      vertex -26.0253 0 47.9747
      vertex -26.0253 0 18.0253
      vertex -26.1504 0 48.1173
    endloop
  endfacet
  facet normal 0 1 0
    outer loop
      vertex -26.1504 0 17.8827
      vertex -26.1504 0 48.1173
      vertex -26.0253 0 18.0253
    endloop
  endfacet
  facet normal 0 1 0
    outer loop
      vertex -26.1504 0 48.1173
      vertex -26.1504 0 17.8827
      vertex -26.2557 0 48.275
    endloop
  endfacet
  facet normal 0 1 0
    outer loop
      vertex -26.2557 0 17.725
      vertex -26.2557 0 48.275
      vertex -26.1504 0 17.8827
    endloop
  endfacet
  facet normal 0 1 0
    outer loop
      vertex -26.2557 0 48.275
      vertex -26.2557 0 17.725
      vertex -26.3396 0 48.4451
    endloop
  endfacet
  facet normal 0 1 0
    outer loop
      vertex -26.3396 0 17.5549
      vertex -26.3396 0 48.4451
      vertex -26.2557 0 17.725
    endloop
  endfacet
  facet normal 0 1 0
    outer loop
      vertex -26.4006 0 17.3753
      vertex -26.3396 0 48.4451
      vertex -26.3396 0 17.5549
    endloop
  endfacet
  facet normal 0 1 0
    outer loop
      vertex -26.4006 0 48.6247
      vertex -26.4006 0 17.3753
      vertex -29.7 0 56.7
    endloop
  endfacet
  facet normal 0 1 -0
    outer loop
      vertex -26.4376 0 17.1893
      vertex -29.7 0 56.7
      vertex -26.4006 0 17.3753
    endloop
  endfacet
  facet normal 0 1 0
    outer loop
      vertex -29.7 0 2.7
      vertex -26.4376 0 17.1893
      vertex -26.45 0 17
    endloop
  endfacet
  facet normal 0 1 0
    outer loop
      vertex -29.7 0 2.7
      vertex -26.45 0 17
      vertex -26.4376 0 16.8107
    endloop
  endfacet
  facet normal 0 1 0
    outer loop
      vertex -23.6604 0 16.4451
      vertex -15.24 0 9.07224
      vertex -23.7443 0 16.275
    endloop
  endfacet
  facet normal 0 1 -0
    outer loop
      vertex -15.4249 0 8.9487
      vertex -23.7443 0 16.275
      vertex -15.24 0 9.07224
    endloop
  endfacet
  facet normal 0 1 0
    outer loop
      vertex -23.7443 0 16.275
      vertex -15.4249 0 8.9487
      vertex -23.8496 0 16.1173
    endloop
  endfacet
  facet normal 0 1 -0
    outer loop
      vertex -15.5921 0 8.80208
      vertex -23.8496 0 16.1173
      vertex -15.4249 0 8.9487
    endloop
  endfacet
  facet normal 0 1 0
    outer loop
      vertex -23.8496 0 16.1173
      vertex -15.5921 0 8.80208
      vertex -23.9747 0 15.9747
    endloop
  endfacet
  facet normal 0 1 -0
    outer loop
      vertex -15.24 0 9.07224
      vertex -23.6604 0 16.4451
      vertex -15.0406 0 9.1706
    endloop
  endfacet
  facet normal 0 1 0
    outer loop
      vertex -14.1681 0 9.28546
      vertex 8.67511 0 12.0487
      vertex 8.50792 0 11.9021
    endloop
  endfacet
  facet normal 0 1 0
    outer loop
      vertex -14.1681 0 9.28546
      vertex 8.50792 0 11.9021
      vertex 8.3613 0 11.7349
    endloop
  endfacet
  facet normal 0 1 0
    outer loop
      vertex -14.1681 0 9.28546
      vertex 8.3613 0 11.7349
      vertex 8.23776 0 11.55
    endloop
  endfacet
  facet normal 0 1 0
    outer loop
      vertex -14.1681 0 9.28546
      vertex 8.23776 0 11.55
      vertex 8.1394 0 11.3506
    endloop
  endfacet
  facet normal 0 1 0
    outer loop
      vertex -14.1681 0 9.28546
      vertex 8.1394 0 11.3506
      vertex 8.06793 0 11.14
    endloop
  endfacet
  facet normal 0 1 0
    outer loop
      vertex -14.1681 0 9.28546
      vertex 8.06793 0 11.14
      vertex 8.02454 0 10.9219
    endloop
  endfacet
  facet normal 0 1 0
    outer loop
      vertex -14.1681 0 9.28546
      vertex 8.02454 0 10.9219
      vertex 8.01 0 10.7
    endloop
  endfacet
  facet normal 0 1 0
    outer loop
      vertex -14.1681 0 9.28546
      vertex 8.01 0 10.7
      vertex 8.02454 0 10.4781
    endloop
  endfacet
  facet normal 0 1 0
    outer loop
      vertex -14.1681 0 9.28546
      vertex 8.02454 0 10.4781
      vertex 8.06793 0 10.26
    endloop
  endfacet
  facet normal 0 1 0
    outer loop
      vertex -14.1681 0 9.28546
      vertex 8.06793 0 10.26
      vertex 8.1394 0 10.0494
    endloop
  endfacet
  facet normal 0 1 0
    outer loop
      vertex -14.1681 0 9.28546
      vertex 8.1394 0 10.0494
      vertex 8.23776 0 9.85
    endloop
  endfacet
  facet normal 0 1 0
    outer loop
      vertex -14.1681 0 9.28546
      vertex 8.23776 0 9.85
      vertex 8.3613 0 9.6651
    endloop
  endfacet
  facet normal 0 1 0
    outer loop
      vertex -14.1681 0 9.28546
      vertex 8.3613 0 9.6651
      vertex 8.50792 0 9.49792
    endloop
  endfacet
  facet normal 0 1 0
    outer loop
      vertex -2 0 8
      vertex 8.50792 0 9.49792
      vertex 8.67511 0 9.3513
    endloop
  endfacet
  facet normal 0 1 -0
    outer loop
      vertex -15.7387 0 8.63489
      vertex -23.9747 0 15.9747
      vertex -15.5921 0 8.80208
    endloop
  endfacet
  facet normal 0 1 0
    outer loop
      vertex -23.9747 0 15.9747
      vertex -15.7387 0 8.63489
      vertex -24.1173 0 15.8496
    endloop
  endfacet
  facet normal 0 1 -0
    outer loop
      vertex -15.8622 0 8.45
      vertex -24.1173 0 15.8496
      vertex -15.7387 0 8.63489
    endloop
  endfacet
  facet normal 0 1 0
    outer loop
      vertex -24.1173 0 15.8496
      vertex -15.8622 0 8.45
      vertex -24.275 0 15.7443
    endloop
  endfacet
  facet normal 0 1 -0
    outer loop
      vertex -15.9606 0 8.25056
      vertex -24.275 0 15.7443
      vertex -15.8622 0 8.45
    endloop
  endfacet
  facet normal 0 1 0
    outer loop
      vertex -24.275 0 15.7443
      vertex -15.9606 0 8.25056
      vertex -24.4451 0 15.6604
    endloop
  endfacet
  facet normal 0 1 -0
    outer loop
      vertex -16.0321 0 8.03999
      vertex -24.4451 0 15.6604
      vertex -15.9606 0 8.25056
    endloop
  endfacet
  facet normal 0 1 0
    outer loop
      vertex -24.4451 0 15.6604
      vertex -16.0321 0 8.03999
      vertex -24.6247 0 15.5994
    endloop
  endfacet
  facet normal 0 1 -0
    outer loop
      vertex -16.0755 0 7.82189
      vertex -24.6247 0 15.5994
      vertex -16.0321 0 8.03999
    endloop
  endfacet
  facet normal 0 1 0
    outer loop
      vertex -24.6247 0 15.5994
      vertex -16.0755 0 7.82189
      vertex -24.8107 0 15.5624
    endloop
  endfacet
  facet normal 0 1 -0
    outer loop
      vertex -16.09 0 7.6
      vertex -24.8107 0 15.5624
      vertex -16.0755 0 7.82189
    endloop
  endfacet
  facet normal 0 1 0
    outer loop
      vertex -29.7 0 2.7
      vertex -24.8107 0 15.5624
      vertex -16.09 0 7.6
    endloop
  endfacet
  facet normal 0 1 0
    outer loop
      vertex -24.8107 0 15.5624
      vertex -29.7 0 2.7
      vertex -25 0 15.55
    endloop
  endfacet
  facet normal 0 1 0
    outer loop
      vertex -25 0 15.55
      vertex -29.7 0 2.7
      vertex -25.1893 0 15.5624
    endloop
  endfacet
  facet normal 0 1 0
    outer loop
      vertex -25.1893 0 15.5624
      vertex -29.7 0 2.7
      vertex -25.3753 0 15.5994
    endloop
  endfacet
  facet normal 0 1 0
    outer loop
      vertex -25.3753 0 15.5994
      vertex -29.7 0 2.7
      vertex -25.5549 0 15.6604
    endloop
  endfacet
  facet normal 0 1 0
    outer loop
      vertex -25.5549 0 15.6604
      vertex -29.7 0 2.7
      vertex -25.725 0 15.7443
    endloop
  endfacet
  facet normal 0 1 0
    outer loop
      vertex -29.7 0 2.7
      vertex -16.09 0 7.6
      vertex -16.0755 0 7.37811
    endloop
  endfacet
  facet normal 0 1 0
    outer loop
      vertex -29.7 0 2.7
      vertex -16.0755 0 7.37811
      vertex -16.0321 0 7.16001
    endloop
  endfacet
  facet normal 0 1 0
    outer loop
      vertex -25.725 0 15.7443
      vertex -29.7 0 2.7
      vertex -25.8827 0 15.8496
    endloop
  endfacet
  facet normal 0 1 0
    outer loop
      vertex -29.7 0 2.7
      vertex -16.0321 0 7.16001
      vertex -15.9606 0 6.94944
    endloop
  endfacet
  facet normal 0 1 0
    outer loop
      vertex -29.7 0 2.7
      vertex -15.9606 0 6.94944
      vertex -15.8622 0 6.75
    endloop
  endfacet
  facet normal 0 1 0
    outer loop
      vertex -29.7 0 2.7
      vertex -15.8622 0 6.75
      vertex -15.7387 0 6.56511
    endloop
  endfacet
  facet normal 0 1 0
    outer loop
      vertex -29.7 0 2.7
      vertex -15.7387 0 6.56511
      vertex -15.5921 0 6.39792
    endloop
  endfacet
  facet normal 0 1 0
    outer loop
      vertex -26.4376 0 17.1893
      vertex -29.7 0 2.7
      vertex -29.7 0 56.7
    endloop
  endfacet
  facet normal 0 1 0
    outer loop
      vertex -26.4006 0 16.6247
      vertex -29.7 0 2.7
      vertex -26.4376 0 16.8107
    endloop
  endfacet
  facet normal 0 1 0
    outer loop
      vertex -26.3396 0 16.4451
      vertex -29.7 0 2.7
      vertex -26.4006 0 16.6247
    endloop
  endfacet
  facet normal 0 1 0
    outer loop
      vertex -26.2557 0 16.275
      vertex -29.7 0 2.7
      vertex -26.3396 0 16.4451
    endloop
  endfacet
  facet normal 0 1 0
    outer loop
      vertex -26.1504 0 16.1173
      vertex -29.7 0 2.7
      vertex -26.2557 0 16.275
    endloop
  endfacet
  facet normal 0 1 0
    outer loop
      vertex -26.0253 0 15.9747
      vertex -29.7 0 2.7
      vertex -26.1504 0 16.1173
    endloop
  endfacet
  facet normal 0 1 0
    outer loop
      vertex -25.8827 0 15.8496
      vertex -29.7 0 2.7
      vertex -26.0253 0 15.9747
    endloop
  endfacet
  facet normal 0 1 0
    outer loop
      vertex -15.4249 0 6.2513
      vertex -29.7 0 2.7
      vertex -15.5921 0 6.39792
    endloop
  endfacet
  facet normal 0 1 0
    outer loop
      vertex -15.24 0 6.12776
      vertex -29.7 0 2.7
      vertex -15.4249 0 6.2513
    endloop
  endfacet
  facet normal 0 1 0
    outer loop
      vertex -15.0406 0 6.0294
      vertex -29.7 0 2.7
      vertex -15.24 0 6.12776
    endloop
  endfacet
  facet normal 0 1 0
    outer loop
      vertex -14.83 0 5.95793
      vertex -29.7 0 2.7
      vertex -15.0406 0 6.0294
    endloop
  endfacet
  facet normal 0 1 0
    outer loop
      vertex -14.6119 0 5.91454
      vertex -29.7 0 2.7
      vertex -14.83 0 5.95793
    endloop
  endfacet
  facet normal 0 1 0
    outer loop
      vertex -29.7 0 2.7
      vertex -14.6119 0 5.91454
      vertex -14.39 0 5.9
    endloop
  endfacet
  facet normal 0 1 0
    outer loop
      vertex 27 0 59.4
      vertex 24.8107 0 50.4376
      vertex 24.6247 0 50.4006
    endloop
  endfacet
  facet normal 0 1 0
    outer loop
      vertex 27 0 59.4
      vertex 24.6247 0 50.4006
      vertex 24.4451 0 50.3396
    endloop
  endfacet
  facet normal 0 1 0
    outer loop
      vertex 27 0 59.4
      vertex 24.4451 0 50.3396
      vertex 24.275 0 50.2557
    endloop
  endfacet
  facet normal 0 1 0
    outer loop
      vertex 27 0 59.4
      vertex 24.275 0 50.2557
      vertex 24.1173 0 50.1504
    endloop
  endfacet
  facet normal 0 1 -0
    outer loop
      vertex 23.5624 0 49.1893
      vertex 4.49 0 51.71
      vertex 23.5994 0 49.3753
    endloop
  endfacet
  facet normal 0 1 0
    outer loop
      vertex 4.49 0 51.71
      vertex 23.5624 0 49.1893
      vertex 4.47546 0 51.4881
    endloop
  endfacet
  facet normal 0 1 -0
    outer loop
      vertex 23.55 0 49
      vertex 4.47546 0 51.4881
      vertex 23.5624 0 49.1893
    endloop
  endfacet
  facet normal 0 1 0
    outer loop
      vertex 4.47546 0 51.4881
      vertex 23.55 0 49
      vertex 4.43207 0 51.27
    endloop
  endfacet
  facet normal 0 1 0
    outer loop
      vertex 23.5624 0 48.8107
      vertex 4.43207 0 51.27
      vertex 23.55 0 49
    endloop
  endfacet
  facet normal 0 1 0
    outer loop
      vertex 4.43207 0 51.27
      vertex 23.5624 0 48.8107
      vertex 4.36059 0 51.0594
    endloop
  endfacet
  facet normal 0 1 0
    outer loop
      vertex 23.5994 0 48.6247
      vertex 4.36059 0 51.0594
      vertex 23.5624 0 48.8107
    endloop
  endfacet
  facet normal 0 1 0
    outer loop
      vertex 4.36059 0 51.0594
      vertex 23.5994 0 48.6247
      vertex 4.26224 0 50.86
    endloop
  endfacet
  facet normal 0 1 0
    outer loop
      vertex 23.6604 0 48.4451
      vertex 4.26224 0 50.86
      vertex 23.5994 0 48.6247
    endloop
  endfacet
  facet normal 0 1 0
    outer loop
      vertex 4.26224 0 50.86
      vertex 23.6604 0 48.4451
      vertex 4.1387 0 50.6751
    endloop
  endfacet
  facet normal 0 1 0
    outer loop
      vertex 23.7443 0 48.275
      vertex 4.1387 0 50.6751
      vertex 23.6604 0 48.4451
    endloop
  endfacet
  facet normal 0 1 0
    outer loop
      vertex 2.35001 0 50.0679
      vertex -16.17 0 49.8679
      vertex -15.9594 0 49.9394
    endloop
  endfacet
  facet normal 0 1 0
    outer loop
      vertex 2.5681 0 50.0245
      vertex -16.3881 0 49.8245
      vertex -16.17 0 49.8679
    endloop
  endfacet
  facet normal 0 1 0
    outer loop
      vertex 2.79 0 50.01
      vertex -16.61 0 49.81
      vertex -16.3881 0 49.8245
    endloop
  endfacet
  facet normal 0.0653644 0 0.997861
    outer loop
      vertex -25 6.4 18.45
      vertex -24.8107 0 18.4376
      vertex -24.8107 6.4 18.4376
    endloop
  endfacet
  facet normal 0.0653644 0 0.997861
    outer loop
      vertex -24.8107 0 18.4376
      vertex -25 6.4 18.45
      vertex -25 0 18.45
    endloop
  endfacet
  facet normal -0.3216 0 0.946876
    outer loop
      vertex -25.5549 6.4 18.3396
      vertex -25.3753 0 18.4006
      vertex -25.3753 6.4 18.4006
    endloop
  endfacet
  facet normal -0.3216 0 0.946876
    outer loop
      vertex -25.3753 0 18.4006
      vertex -25.5549 6.4 18.3396
      vertex -25.5549 0 18.3396
    endloop
  endfacet
  facet normal -0.442356 0 0.896839
    outer loop
      vertex -25.725 6.4 18.2557
      vertex -25.5549 0 18.3396
      vertex -25.5549 6.4 18.3396
    endloop
  endfacet
  facet normal -0.442356 0 0.896839
    outer loop
      vertex -25.5549 0 18.3396
      vertex -25.725 6.4 18.2557
      vertex -25.725 0 18.2557
    endloop
  endfacet
  facet normal -0.997861 0 -0.0653644
    outer loop
      vertex -26.4376 0 16.8107
      vertex -26.45 6.4 17
      vertex -26.4376 6.4 16.8107
    endloop
  endfacet
  facet normal -0.997861 -0 -0.0653644
    outer loop
      vertex -26.45 6.4 17
      vertex -26.4376 0 16.8107
      vertex -26.45 0 17
    endloop
  endfacet
  facet normal -0.946876 0 -0.3216
    outer loop
      vertex -26.3396 0 16.4451
      vertex -26.4006 6.4 16.6247
      vertex -26.3396 6.4 16.4451
    endloop
  endfacet
  facet normal -0.946876 -0 -0.3216
    outer loop
      vertex -26.4006 6.4 16.6247
      vertex -26.3396 0 16.4451
      vertex -26.4006 0 16.6247
    endloop
  endfacet
  facet normal -0.555309 0 0.831644
    outer loop
      vertex -25.8827 6.4 18.1504
      vertex -25.725 0 18.2557
      vertex -25.725 6.4 18.2557
    endloop
  endfacet
  facet normal -0.555309 0 0.831644
    outer loop
      vertex -25.725 0 18.2557
      vertex -25.8827 6.4 18.1504
      vertex -25.8827 0 18.1504
    endloop
  endfacet
  facet normal -0.980783 0 -0.195102
    outer loop
      vertex -26.4006 0 16.6247
      vertex -26.4376 6.4 16.8107
      vertex -26.4006 6.4 16.6247
    endloop
  endfacet
  facet normal -0.980783 -0 -0.195102
    outer loop
      vertex -26.4376 6.4 16.8107
      vertex -26.4006 0 16.6247
      vertex -26.4376 0 16.8107
    endloop
  endfacet
  facet normal -0.896839 0 0.442356
    outer loop
      vertex -26.3396 0 17.5549
      vertex -26.2557 6.4 17.725
      vertex -26.3396 6.4 17.5549
    endloop
  endfacet
  facet normal -0.896839 0 0.442356
    outer loop
      vertex -26.2557 6.4 17.725
      vertex -26.3396 0 17.5549
      vertex -26.2557 0 17.725
    endloop
  endfacet
  facet normal -0.659474 0 -0.751727
    outer loop
      vertex -26.0253 0 15.9747
      vertex -25.8827 6.4 15.8496
      vertex -25.8827 0 15.8496
    endloop
  endfacet
  facet normal -0.659474 0 -0.751727
    outer loop
      vertex -25.8827 6.4 15.8496
      vertex -26.0253 0 15.9747
      vertex -26.0253 6.4 15.9747
    endloop
  endfacet
  facet normal 0 1 0
    outer loop
      vertex -24.8107 6.4 50.4376
      vertex -25.1893 6.4 50.4376
      vertex -25 6.4 50.45
    endloop
  endfacet
  facet normal 0 1 0
    outer loop
      vertex -24.6247 6.4 50.4006
      vertex -25.1893 6.4 50.4376
      vertex -24.8107 6.4 50.4376
    endloop
  endfacet
  facet normal 0 1 0
    outer loop
      vertex -24.6247 6.4 50.4006
      vertex -25.3753 6.4 50.4006
      vertex -25.1893 6.4 50.4376
    endloop
  endfacet
  facet normal 0 1 0
    outer loop
      vertex -24.4451 6.4 50.3396
      vertex -25.3753 6.4 50.4006
      vertex -24.6247 6.4 50.4006
    endloop
  endfacet
  facet normal 0 1 0
    outer loop
      vertex -24.4451 6.4 50.3396
      vertex -25.5549 6.4 50.3396
      vertex -25.3753 6.4 50.4006
    endloop
  endfacet
  facet normal 0 1 0
    outer loop
      vertex -24.275 6.4 50.2557
      vertex -25.5549 6.4 50.3396
      vertex -24.4451 6.4 50.3396
    endloop
  endfacet
  facet normal 0 1 0
    outer loop
      vertex -24.275 6.4 50.2557
      vertex -25.725 6.4 50.2557
      vertex -25.5549 6.4 50.3396
    endloop
  endfacet
  facet normal 0 1 0
    outer loop
      vertex -24.1173 6.4 50.1504
      vertex -25.725 6.4 50.2557
      vertex -24.275 6.4 50.2557
    endloop
  endfacet
  facet normal 0 1 0
    outer loop
      vertex -24.1173 6.4 50.1504
      vertex -25.8827 6.4 50.1504
      vertex -25.725 6.4 50.2557
    endloop
  endfacet
  facet normal 0 1 0
    outer loop
      vertex -23.9747 6.4 50.0253
      vertex -25.8827 6.4 50.1504
      vertex -24.1173 6.4 50.1504
    endloop
  endfacet
  facet normal 0 1 0
    outer loop
      vertex -23.9747 6.4 50.0253
      vertex -26.0253 6.4 50.0253
      vertex -25.8827 6.4 50.1504
    endloop
  endfacet
  facet normal 0 1 0
    outer loop
      vertex -23.8496 6.4 49.8827
      vertex -26.0253 6.4 50.0253
      vertex -23.9747 6.4 50.0253
    endloop
  endfacet
  facet normal 0 1 0
    outer loop
      vertex -23.8496 6.4 49.8827
      vertex -26.1504 6.4 49.8827
      vertex -26.0253 6.4 50.0253
    endloop
  endfacet
  facet normal 0 1 0
    outer loop
      vertex -23.7443 6.4 49.725
      vertex -26.1504 6.4 49.8827
      vertex -23.8496 6.4 49.8827
    endloop
  endfacet
  facet normal 0 1 0
    outer loop
      vertex -23.7443 6.4 49.725
      vertex -26.2557 6.4 49.725
      vertex -26.1504 6.4 49.8827
    endloop
  endfacet
  facet normal 0 1 0
    outer loop
      vertex -23.6604 6.4 49.5549
      vertex -26.2557 6.4 49.725
      vertex -23.7443 6.4 49.725
    endloop
  endfacet
  facet normal 0 1 0
    outer loop
      vertex -23.6604 6.4 49.5549
      vertex -26.3396 6.4 49.5549
      vertex -26.2557 6.4 49.725
    endloop
  endfacet
  facet normal 0 1 0
    outer loop
      vertex -23.5994 6.4 49.3753
      vertex -26.3396 6.4 49.5549
      vertex -23.6604 6.4 49.5549
    endloop
  endfacet
  facet normal 0 1 0
    outer loop
      vertex -23.5994 6.4 49.3753
      vertex -26.4006 6.4 49.3753
      vertex -26.3396 6.4 49.5549
    endloop
  endfacet
  facet normal 0 1 0
    outer loop
      vertex -23.5624 6.4 49.1893
      vertex -26.4006 6.4 49.3753
      vertex -23.5994 6.4 49.3753
    endloop
  endfacet
  facet normal 0 1 0
    outer loop
      vertex -23.5624 6.4 49.1893
      vertex -26.4376 6.4 49.1893
      vertex -26.4006 6.4 49.3753
    endloop
  endfacet
  facet normal 0 1 0
    outer loop
      vertex -23.55 6.4 49
      vertex -26.4376 6.4 49.1893
      vertex -23.5624 6.4 49.1893
    endloop
  endfacet
  facet normal 0 1 0
    outer loop
      vertex -23.55 6.4 49
      vertex -26.45 6.4 49
      vertex -26.4376 6.4 49.1893
    endloop
  endfacet
  facet normal 0 1 -0
    outer loop
      vertex -23.5624 6.4 48.8107
      vertex -26.45 6.4 49
      vertex -23.55 6.4 49
    endloop
  endfacet
  facet normal 0 1 0
    outer loop
      vertex -23.5624 6.4 48.8107
      vertex -26.4376 6.4 48.8107
      vertex -26.45 6.4 49
    endloop
  endfacet
  facet normal 0 1 -0
    outer loop
      vertex -23.5994 6.4 48.6247
      vertex -26.4376 6.4 48.8107
      vertex -23.5624 6.4 48.8107
    endloop
  endfacet
  facet normal 0 1 0
    outer loop
      vertex -23.5994 6.4 48.6247
      vertex -26.4006 6.4 48.6247
      vertex -26.4376 6.4 48.8107
    endloop
  endfacet
  facet normal 0 1 -0
    outer loop
      vertex -23.6604 6.4 48.4451
      vertex -26.4006 6.4 48.6247
      vertex -23.5994 6.4 48.6247
    endloop
  endfacet
  facet normal 0 1 0
    outer loop
      vertex -23.6604 6.4 48.4451
      vertex -26.3396 6.4 48.4451
      vertex -26.4006 6.4 48.6247
    endloop
  endfacet
  facet normal 0 1 -0
    outer loop
      vertex -23.7443 6.4 48.275
      vertex -26.3396 6.4 48.4451
      vertex -23.6604 6.4 48.4451
    endloop
  endfacet
  facet normal 0 1 0
    outer loop
      vertex -23.7443 6.4 48.275
      vertex -26.2557 6.4 48.275
      vertex -26.3396 6.4 48.4451
    endloop
  endfacet
  facet normal 0 1 -0
    outer loop
      vertex -23.8496 6.4 48.1173
      vertex -26.2557 6.4 48.275
      vertex -23.7443 6.4 48.275
    endloop
  endfacet
  facet normal 0 1 0
    outer loop
      vertex -23.8496 6.4 48.1173
      vertex -26.1504 6.4 48.1173
      vertex -26.2557 6.4 48.275
    endloop
  endfacet
  facet normal 0 1 -0
    outer loop
      vertex -23.9747 6.4 47.9747
      vertex -26.1504 6.4 48.1173
      vertex -23.8496 6.4 48.1173
    endloop
  endfacet
  facet normal 0 1 0
    outer loop
      vertex -23.9747 6.4 47.9747
      vertex -26.0253 6.4 47.9747
      vertex -26.1504 6.4 48.1173
    endloop
  endfacet
  facet normal 0 1 -0
    outer loop
      vertex -24.1173 6.4 47.8496
      vertex -26.0253 6.4 47.9747
      vertex -23.9747 6.4 47.9747
    endloop
  endfacet
  facet normal 0 1 0
    outer loop
      vertex -24.1173 6.4 47.8496
      vertex -25.8827 6.4 47.8496
      vertex -26.0253 6.4 47.9747
    endloop
  endfacet
  facet normal 0 1 -0
    outer loop
      vertex -24.275 6.4 47.7443
      vertex -25.8827 6.4 47.8496
      vertex -24.1173 6.4 47.8496
    endloop
  endfacet
  facet normal 0 1 0
    outer loop
      vertex -24.275 6.4 47.7443
      vertex -25.725 6.4 47.7443
      vertex -25.8827 6.4 47.8496
    endloop
  endfacet
  facet normal 0 1 -0
    outer loop
      vertex -24.4451 6.4 47.6604
      vertex -25.725 6.4 47.7443
      vertex -24.275 6.4 47.7443
    endloop
  endfacet
  facet normal 0 1 0
    outer loop
      vertex -24.4451 6.4 47.6604
      vertex -25.5549 6.4 47.6604
      vertex -25.725 6.4 47.7443
    endloop
  endfacet
  facet normal 0 1 -0
    outer loop
      vertex -24.6247 6.4 47.5994
      vertex -25.5549 6.4 47.6604
      vertex -24.4451 6.4 47.6604
    endloop
  endfacet
  facet normal 0 1 0
    outer loop
      vertex -24.6247 6.4 47.5994
      vertex -25.3753 6.4 47.5994
      vertex -25.5549 6.4 47.6604
    endloop
  endfacet
  facet normal 0 1 -0
    outer loop
      vertex -24.8107 6.4 47.5624
      vertex -25.3753 6.4 47.5994
      vertex -24.6247 6.4 47.5994
    endloop
  endfacet
  facet normal 0 1 0
    outer loop
      vertex -24.8107 6.4 47.5624
      vertex -25.1893 6.4 47.5624
      vertex -25.3753 6.4 47.5994
    endloop
  endfacet
  facet normal -0 1 0
    outer loop
      vertex -25.1893 6.4 47.5624
      vertex -24.8107 6.4 47.5624
      vertex -25 6.4 47.55
    endloop
  endfacet
  facet normal -0.195102 0 0.980783
    outer loop
      vertex -25.3753 6.4 50.4006
      vertex -25.1893 0 50.4376
      vertex -25.1893 6.4 50.4376
    endloop
  endfacet
  facet normal -0.195102 0 0.980783
    outer loop
      vertex -25.1893 0 50.4376
      vertex -25.3753 6.4 50.4006
      vertex -25.3753 0 50.4006
    endloop
  endfacet
  facet normal 0.980783 -0 0.195102
    outer loop
      vertex -23.5994 0 49.3753
      vertex -23.5624 6.4 49.1893
      vertex -23.5994 6.4 49.3753
    endloop
  endfacet
  facet normal 0.980783 0 0.195102
    outer loop
      vertex -23.5624 6.4 49.1893
      vertex -23.5994 0 49.3753
      vertex -23.5624 0 49.1893
    endloop
  endfacet
  facet normal 0.997861 -0 0.0653644
    outer loop
      vertex -23.5624 0 49.1893
      vertex -23.55 6.4 49
      vertex -23.5624 6.4 49.1893
    endloop
  endfacet
  facet normal 0.997861 0 0.0653644
    outer loop
      vertex -23.55 6.4 49
      vertex -23.5624 0 49.1893
      vertex -23.55 0 49
    endloop
  endfacet
  facet normal -0.997861 0 0.0653644
    outer loop
      vertex -26.45 0 49
      vertex -26.4376 6.4 49.1893
      vertex -26.45 6.4 49
    endloop
  endfacet
  facet normal -0.997861 0 0.0653644
    outer loop
      vertex -26.4376 6.4 49.1893
      vertex -26.45 0 49
      vertex -26.4376 0 49.1893
    endloop
  endfacet
  facet normal -0.659474 0 0.751727
    outer loop
      vertex -26.0253 6.4 50.0253
      vertex -25.8827 0 50.1504
      vertex -25.8827 6.4 50.1504
    endloop
  endfacet
  facet normal -0.659474 0 0.751727
    outer loop
      vertex -25.8827 0 50.1504
      vertex -26.0253 6.4 50.0253
      vertex -26.0253 0 50.0253
    endloop
  endfacet
  facet normal -0.831644 0 -0.555309
    outer loop
      vertex -26.1504 0 48.1173
      vertex -26.2557 6.4 48.275
      vertex -26.1504 6.4 48.1173
    endloop
  endfacet
  facet normal -0.831644 -0 -0.555309
    outer loop
      vertex -26.2557 6.4 48.275
      vertex -26.1504 0 48.1173
      vertex -26.2557 0 48.275
    endloop
  endfacet
  facet normal 0.659474 0 0.751727
    outer loop
      vertex -24.1173 6.4 50.1504
      vertex -23.9747 0 50.0253
      vertex -23.9747 6.4 50.0253
    endloop
  endfacet
  facet normal 0.659474 0 0.751727
    outer loop
      vertex -23.9747 0 50.0253
      vertex -24.1173 6.4 50.1504
      vertex -24.1173 0 50.1504
    endloop
  endfacet
  facet normal 0.659474 0 -0.751727
    outer loop
      vertex -24.1173 0 47.8496
      vertex -23.9747 6.4 47.9747
      vertex -23.9747 0 47.9747
    endloop
  endfacet
  facet normal 0.659474 0 -0.751727
    outer loop
      vertex -23.9747 6.4 47.9747
      vertex -24.1173 0 47.8496
      vertex -24.1173 6.4 47.8496
    endloop
  endfacet
  facet normal 0.0653644 0 -0.997861
    outer loop
      vertex -25 0 47.55
      vertex -24.8107 6.4 47.5624
      vertex -24.8107 0 47.5624
    endloop
  endfacet
  facet normal 0.0653644 0 -0.997861
    outer loop
      vertex -24.8107 6.4 47.5624
      vertex -25 0 47.55
      vertex -25 6.4 47.55
    endloop
  endfacet
  facet normal 0.555309 0 0.831644
    outer loop
      vertex -24.275 6.4 50.2557
      vertex -24.1173 0 50.1504
      vertex -24.1173 6.4 50.1504
    endloop
  endfacet
  facet normal 0.555309 0 0.831644
    outer loop
      vertex -24.1173 0 50.1504
      vertex -24.275 6.4 50.2557
      vertex -24.275 0 50.2557
    endloop
  endfacet
  facet normal 0.751727 -0 0.659474
    outer loop
      vertex -23.9747 0 50.0253
      vertex -23.8496 6.4 49.8827
      vertex -23.9747 6.4 50.0253
    endloop
  endfacet
  facet normal 0.751727 0 0.659474
    outer loop
      vertex -23.8496 6.4 49.8827
      vertex -23.9747 0 50.0253
      vertex -23.8496 0 49.8827
    endloop
  endfacet
  facet normal 0.946876 0 -0.3216
    outer loop
      vertex -23.5994 0 48.6247
      vertex -23.6604 6.4 48.4451
      vertex -23.5994 6.4 48.6247
    endloop
  endfacet
  facet normal 0.946876 0 -0.3216
    outer loop
      vertex -23.6604 6.4 48.4451
      vertex -23.5994 0 48.6247
      vertex -23.6604 0 48.4451
    endloop
  endfacet
  facet normal 0.831644 0 -0.555309
    outer loop
      vertex -23.7443 0 48.275
      vertex -23.8496 6.4 48.1173
      vertex -23.7443 6.4 48.275
    endloop
  endfacet
  facet normal 0.831644 0 -0.555309
    outer loop
      vertex -23.8496 6.4 48.1173
      vertex -23.7443 0 48.275
      vertex -23.8496 0 48.1173
    endloop
  endfacet
  facet normal -0.195102 0 -0.980783
    outer loop
      vertex -25.3753 0 47.5994
      vertex -25.1893 6.4 47.5624
      vertex -25.1893 0 47.5624
    endloop
  endfacet
  facet normal -0.195102 0 -0.980783
    outer loop
      vertex -25.1893 6.4 47.5624
      vertex -25.3753 0 47.5994
      vertex -25.3753 6.4 47.5994
    endloop
  endfacet
  facet normal 0.555309 0 -0.831644
    outer loop
      vertex -24.275 0 47.7443
      vertex -24.1173 6.4 47.8496
      vertex -24.1173 0 47.8496
    endloop
  endfacet
  facet normal 0.555309 0 -0.831644
    outer loop
      vertex -24.1173 6.4 47.8496
      vertex -24.275 0 47.7443
      vertex -24.275 6.4 47.7443
    endloop
  endfacet
  facet normal -0.831644 0 0.555309
    outer loop
      vertex -26.2557 0 49.725
      vertex -26.1504 6.4 49.8827
      vertex -26.2557 6.4 49.725
    endloop
  endfacet
  facet normal -0.831644 0 0.555309
    outer loop
      vertex -26.1504 6.4 49.8827
      vertex -26.2557 0 49.725
      vertex -26.1504 0 49.8827
    endloop
  endfacet
  facet normal -0.980783 0 -0.195102
    outer loop
      vertex -26.4006 0 48.6247
      vertex -26.4376 6.4 48.8107
      vertex -26.4006 6.4 48.6247
    endloop
  endfacet
  facet normal -0.980783 -0 -0.195102
    outer loop
      vertex -26.4376 6.4 48.8107
      vertex -26.4006 0 48.6247
      vertex -26.4376 0 48.8107
    endloop
  endfacet
  facet normal -0.896839 0 -0.442356
    outer loop
      vertex -26.2557 0 48.275
      vertex -26.3396 6.4 48.4451
      vertex -26.2557 6.4 48.275
    endloop
  endfacet
  facet normal -0.896839 -0 -0.442356
    outer loop
      vertex -26.3396 6.4 48.4451
      vertex -26.2557 0 48.275
      vertex -26.3396 0 48.4451
    endloop
  endfacet
  facet normal -0.751727 0 -0.659474
    outer loop
      vertex -26.0253 0 47.9747
      vertex -26.1504 6.4 48.1173
      vertex -26.0253 6.4 47.9747
    endloop
  endfacet
  facet normal -0.751727 -0 -0.659474
    outer loop
      vertex -26.1504 6.4 48.1173
      vertex -26.0253 0 47.9747
      vertex -26.1504 0 48.1173
    endloop
  endfacet
  facet normal 0.442356 0 -0.896839
    outer loop
      vertex -24.4451 0 47.6604
      vertex -24.275 6.4 47.7443
      vertex -24.275 0 47.7443
    endloop
  endfacet
  facet normal 0.442356 0 -0.896839
    outer loop
      vertex -24.275 6.4 47.7443
      vertex -24.4451 0 47.6604
      vertex -24.4451 6.4 47.6604
    endloop
  endfacet
  facet normal 0.896839 -0 0.442356
    outer loop
      vertex -23.7443 0 49.725
      vertex -23.6604 6.4 49.5549
      vertex -23.7443 6.4 49.725
    endloop
  endfacet
  facet normal 0.896839 0 0.442356
    outer loop
      vertex -23.6604 6.4 49.5549
      vertex -23.7443 0 49.725
      vertex -23.6604 0 49.5549
    endloop
  endfacet
  facet normal 0.831644 -0 0.555309
    outer loop
      vertex -23.8496 0 49.8827
      vertex -23.7443 6.4 49.725
      vertex -23.8496 6.4 49.8827
    endloop
  endfacet
  facet normal 0.831644 0 0.555309
    outer loop
      vertex -23.7443 6.4 49.725
      vertex -23.8496 0 49.8827
      vertex -23.7443 0 49.725
    endloop
  endfacet
  facet normal 0.3216 0 -0.946876
    outer loop
      vertex -24.6247 0 47.5994
      vertex -24.4451 6.4 47.6604
      vertex -24.4451 0 47.6604
    endloop
  endfacet
  facet normal 0.3216 0 -0.946876
    outer loop
      vertex -24.4451 6.4 47.6604
      vertex -24.6247 0 47.5994
      vertex -24.6247 6.4 47.5994
    endloop
  endfacet
  facet normal -0.555309 0 -0.831644
    outer loop
      vertex -25.8827 0 47.8496
      vertex -25.725 6.4 47.7443
      vertex -25.725 0 47.7443
    endloop
  endfacet
  facet normal -0.555309 0 -0.831644
    outer loop
      vertex -25.725 6.4 47.7443
      vertex -25.8827 0 47.8496
      vertex -25.8827 6.4 47.8496
    endloop
  endfacet
  facet normal -0.946876 0 0.3216
    outer loop
      vertex -26.4006 0 49.3753
      vertex -26.3396 6.4 49.5549
      vertex -26.4006 6.4 49.3753
    endloop
  endfacet
  facet normal -0.946876 0 0.3216
    outer loop
      vertex -26.3396 6.4 49.5549
      vertex -26.4006 0 49.3753
      vertex -26.3396 0 49.5549
    endloop
  endfacet
  facet normal 0.751727 0 -0.659474
    outer loop
      vertex -23.8496 0 48.1173
      vertex -23.9747 6.4 47.9747
      vertex -23.8496 6.4 48.1173
    endloop
  endfacet
  facet normal 0.751727 0 -0.659474
    outer loop
      vertex -23.9747 6.4 47.9747
      vertex -23.8496 0 48.1173
      vertex -23.9747 0 47.9747
    endloop
  endfacet
  facet normal -0.751727 0 0.659474
    outer loop
      vertex -26.1504 0 49.8827
      vertex -26.0253 6.4 50.0253
      vertex -26.1504 6.4 49.8827
    endloop
  endfacet
  facet normal -0.751727 0 0.659474
    outer loop
      vertex -26.0253 6.4 50.0253
      vertex -26.1504 0 49.8827
      vertex -26.0253 0 50.0253
    endloop
  endfacet
  facet normal -0.980783 0 0.195102
    outer loop
      vertex -26.4376 0 49.1893
      vertex -26.4006 6.4 49.3753
      vertex -26.4376 6.4 49.1893
    endloop
  endfacet
  facet normal -0.980783 0 0.195102
    outer loop
      vertex -26.4006 6.4 49.3753
      vertex -26.4376 0 49.1893
      vertex -26.4006 0 49.3753
    endloop
  endfacet
  facet normal 0.442356 0 0.896839
    outer loop
      vertex -24.4451 6.4 50.3396
      vertex -24.275 0 50.2557
      vertex -24.275 6.4 50.2557
    endloop
  endfacet
  facet normal 0.442356 0 0.896839
    outer loop
      vertex -24.275 0 50.2557
      vertex -24.4451 6.4 50.3396
      vertex -24.4451 0 50.3396
    endloop
  endfacet
  facet normal 0.896839 0 -0.442356
    outer loop
      vertex -23.6604 0 48.4451
      vertex -23.7443 6.4 48.275
      vertex -23.6604 6.4 48.4451
    endloop
  endfacet
  facet normal 0.896839 0 -0.442356
    outer loop
      vertex -23.7443 6.4 48.275
      vertex -23.6604 0 48.4451
      vertex -23.7443 0 48.275
    endloop
  endfacet
  facet normal 0.980783 0 -0.195102
    outer loop
      vertex -23.5624 0 48.8107
      vertex -23.5994 6.4 48.6247
      vertex -23.5624 6.4 48.8107
    endloop
  endfacet
  facet normal 0.980783 0 -0.195102
    outer loop
      vertex -23.5994 6.4 48.6247
      vertex -23.5624 0 48.8107
      vertex -23.5994 0 48.6247
    endloop
  endfacet
  facet normal -0.442356 0 -0.896839
    outer loop
      vertex -25.725 0 47.7443
      vertex -25.5549 6.4 47.6604
      vertex -25.5549 0 47.6604
    endloop
  endfacet
  facet normal -0.442356 0 -0.896839
    outer loop
      vertex -25.5549 6.4 47.6604
      vertex -25.725 0 47.7443
      vertex -25.725 6.4 47.7443
    endloop
  endfacet
  facet normal -0.3216 0 -0.946876
    outer loop
      vertex -25.5549 0 47.6604
      vertex -25.3753 6.4 47.5994
      vertex -25.3753 0 47.5994
    endloop
  endfacet
  facet normal -0.3216 0 -0.946876
    outer loop
      vertex -25.3753 6.4 47.5994
      vertex -25.5549 0 47.6604
      vertex -25.5549 6.4 47.6604
    endloop
  endfacet
  facet normal 0.195102 0 -0.980783
    outer loop
      vertex -24.8107 0 47.5624
      vertex -24.6247 6.4 47.5994
      vertex -24.6247 0 47.5994
    endloop
  endfacet
  facet normal 0.195102 0 -0.980783
    outer loop
      vertex -24.6247 6.4 47.5994
      vertex -24.8107 0 47.5624
      vertex -24.8107 6.4 47.5624
    endloop
  endfacet
  facet normal 0.997861 0 -0.0653644
    outer loop
      vertex -23.55 0 49
      vertex -23.5624 6.4 48.8107
      vertex -23.55 6.4 49
    endloop
  endfacet
  facet normal 0.997861 0 -0.0653644
    outer loop
      vertex -23.5624 6.4 48.8107
      vertex -23.55 0 49
      vertex -23.5624 0 48.8107
    endloop
  endfacet
  facet normal 0.946876 -0 0.3216
    outer loop
      vertex -23.6604 0 49.5549
      vertex -23.5994 6.4 49.3753
      vertex -23.6604 6.4 49.5549
    endloop
  endfacet
  facet normal 0.946876 0 0.3216
    outer loop
      vertex -23.5994 6.4 49.3753
      vertex -23.6604 0 49.5549
      vertex -23.5994 0 49.3753
    endloop
  endfacet
  facet normal 0.195102 0 0.980783
    outer loop
      vertex -24.8107 6.4 50.4376
      vertex -24.6247 0 50.4006
      vertex -24.6247 6.4 50.4006
    endloop
  endfacet
  facet normal 0.195102 0 0.980783
    outer loop
      vertex -24.6247 0 50.4006
      vertex -24.8107 6.4 50.4376
      vertex -24.8107 0 50.4376
    endloop
  endfacet
  facet normal -0.0653644 0 0.997861
    outer loop
      vertex -25.1893 6.4 50.4376
      vertex -25 0 50.45
      vertex -25 6.4 50.45
    endloop
  endfacet
  facet normal -0.0653644 0 0.997861
    outer loop
      vertex -25 0 50.45
      vertex -25.1893 6.4 50.4376
      vertex -25.1893 0 50.4376
    endloop
  endfacet
  facet normal 0.3216 0 0.946876
    outer loop
      vertex -24.6247 6.4 50.4006
      vertex -24.4451 0 50.3396
      vertex -24.4451 6.4 50.3396
    endloop
  endfacet
  facet normal 0.3216 0 0.946876
    outer loop
      vertex -24.4451 0 50.3396
      vertex -24.6247 6.4 50.4006
      vertex -24.6247 0 50.4006
    endloop
  endfacet
  facet normal -0.0653644 0 -0.997861
    outer loop
      vertex -25.1893 0 47.5624
      vertex -25 6.4 47.55
      vertex -25 0 47.55
    endloop
  endfacet
  facet normal -0.0653644 0 -0.997861
    outer loop
      vertex -25 6.4 47.55
      vertex -25.1893 0 47.5624
      vertex -25.1893 6.4 47.5624
    endloop
  endfacet
  facet normal 0.0653644 0 0.997861
    outer loop
      vertex -25 6.4 50.45
      vertex -24.8107 0 50.4376
      vertex -24.8107 6.4 50.4376
    endloop
  endfacet
  facet normal 0.0653644 0 0.997861
    outer loop
      vertex -24.8107 0 50.4376
      vertex -25 6.4 50.45
      vertex -25 0 50.45
    endloop
  endfacet
  facet normal -0.3216 0 0.946876
    outer loop
      vertex -25.5549 6.4 50.3396
      vertex -25.3753 0 50.4006
      vertex -25.3753 6.4 50.4006
    endloop
  endfacet
  facet normal -0.3216 0 0.946876
    outer loop
      vertex -25.3753 0 50.4006
      vertex -25.5549 6.4 50.3396
      vertex -25.5549 0 50.3396
    endloop
  endfacet
  facet normal -0.442356 0 0.896839
    outer loop
      vertex -25.725 6.4 50.2557
      vertex -25.5549 0 50.3396
      vertex -25.5549 6.4 50.3396
    endloop
  endfacet
  facet normal -0.442356 0 0.896839
    outer loop
      vertex -25.5549 0 50.3396
      vertex -25.725 6.4 50.2557
      vertex -25.725 0 50.2557
    endloop
  endfacet
  facet normal -0.997861 0 -0.0653644
    outer loop
      vertex -26.4376 0 48.8107
      vertex -26.45 6.4 49
      vertex -26.4376 6.4 48.8107
    endloop
  endfacet
  facet normal -0.997861 -0 -0.0653644
    outer loop
      vertex -26.45 6.4 49
      vertex -26.4376 0 48.8107
      vertex -26.45 0 49
    endloop
  endfacet
  facet normal -0.946876 0 -0.3216
    outer loop
      vertex -26.3396 0 48.4451
      vertex -26.4006 6.4 48.6247
      vertex -26.3396 6.4 48.4451
    endloop
  endfacet
  facet normal -0.946876 -0 -0.3216
    outer loop
      vertex -26.4006 6.4 48.6247
      vertex -26.3396 0 48.4451
      vertex -26.4006 0 48.6247
    endloop
  endfacet
  facet normal -0.555309 0 0.831644
    outer loop
      vertex -25.8827 6.4 50.1504
      vertex -25.725 0 50.2557
      vertex -25.725 6.4 50.2557
    endloop
  endfacet
  facet normal -0.555309 0 0.831644
    outer loop
      vertex -25.725 0 50.2557
      vertex -25.8827 6.4 50.1504
      vertex -25.8827 0 50.1504
    endloop
  endfacet
  facet normal -0.896839 0 0.442356
    outer loop
      vertex -26.3396 0 49.5549
      vertex -26.2557 6.4 49.725
      vertex -26.3396 6.4 49.5549
    endloop
  endfacet
  facet normal -0.896839 0 0.442356
    outer loop
      vertex -26.2557 6.4 49.725
      vertex -26.3396 0 49.5549
      vertex -26.2557 0 49.725
    endloop
  endfacet
  facet normal -0.659474 0 -0.751727
    outer loop
      vertex -26.0253 0 47.9747
      vertex -25.8827 6.4 47.8496
      vertex -25.8827 0 47.8496
    endloop
  endfacet
  facet normal -0.659474 0 -0.751727
    outer loop
      vertex -25.8827 6.4 47.8496
      vertex -26.0253 0 47.9747
      vertex -26.0253 6.4 47.9747
    endloop
  endfacet
  facet normal 0 1 0
    outer loop
      vertex 25.1893 6.4 18.4376
      vertex 24.8107 6.4 18.4376
      vertex 25 6.4 18.45
    endloop
  endfacet
  facet normal 0 1 0
    outer loop
      vertex 25.3753 6.4 18.4006
      vertex 24.8107 6.4 18.4376
      vertex 25.1893 6.4 18.4376
    endloop
  endfacet
  facet normal 0 1 0
    outer loop
      vertex 25.3753 6.4 18.4006
      vertex 24.6247 6.4 18.4006
      vertex 24.8107 6.4 18.4376
    endloop
  endfacet
  facet normal 0 1 0
    outer loop
      vertex 25.5549 6.4 18.3396
      vertex 24.6247 6.4 18.4006
      vertex 25.3753 6.4 18.4006
    endloop
  endfacet
  facet normal 0 1 0
    outer loop
      vertex 25.5549 6.4 18.3396
      vertex 24.4451 6.4 18.3396
      vertex 24.6247 6.4 18.4006
    endloop
  endfacet
  facet normal 0 1 0
    outer loop
      vertex 25.725 6.4 18.2557
      vertex 24.4451 6.4 18.3396
      vertex 25.5549 6.4 18.3396
    endloop
  endfacet
  facet normal 0 1 0
    outer loop
      vertex 25.725 6.4 18.2557
      vertex 24.275 6.4 18.2557
      vertex 24.4451 6.4 18.3396
    endloop
  endfacet
  facet normal 0 1 0
    outer loop
      vertex 25.8827 6.4 18.1504
      vertex 24.275 6.4 18.2557
      vertex 25.725 6.4 18.2557
    endloop
  endfacet
  facet normal 0 1 0
    outer loop
      vertex 25.8827 6.4 18.1504
      vertex 24.1173 6.4 18.1504
      vertex 24.275 6.4 18.2557
    endloop
  endfacet
  facet normal 0 1 0
    outer loop
      vertex 26.0253 6.4 18.0253
      vertex 24.1173 6.4 18.1504
      vertex 25.8827 6.4 18.1504
    endloop
  endfacet
  facet normal 0 1 0
    outer loop
      vertex 26.0253 6.4 18.0253
      vertex 23.9747 6.4 18.0253
      vertex 24.1173 6.4 18.1504
    endloop
  endfacet
  facet normal 0 1 0
    outer loop
      vertex 26.1504 6.4 17.8827
      vertex 23.9747 6.4 18.0253
      vertex 26.0253 6.4 18.0253
    endloop
  endfacet
  facet normal 0 1 0
    outer loop
      vertex 26.1504 6.4 17.8827
      vertex 23.8496 6.4 17.8827
      vertex 23.9747 6.4 18.0253
    endloop
  endfacet
  facet normal 0 1 0
    outer loop
      vertex 26.2557 6.4 17.725
      vertex 23.8496 6.4 17.8827
      vertex 26.1504 6.4 17.8827
    endloop
  endfacet
  facet normal 0 1 0
    outer loop
      vertex 26.2557 6.4 17.725
      vertex 23.7443 6.4 17.725
      vertex 23.8496 6.4 17.8827
    endloop
  endfacet
  facet normal 0 1 0
    outer loop
      vertex 26.3396 6.4 17.5549
      vertex 23.7443 6.4 17.725
      vertex 26.2557 6.4 17.725
    endloop
  endfacet
  facet normal 0 1 0
    outer loop
      vertex 26.3396 6.4 17.5549
      vertex 23.6604 6.4 17.5549
      vertex 23.7443 6.4 17.725
    endloop
  endfacet
  facet normal 0 1 0
    outer loop
      vertex 26.4006 6.4 17.3753
      vertex 23.6604 6.4 17.5549
      vertex 26.3396 6.4 17.5549
    endloop
  endfacet
  facet normal 0 1 0
    outer loop
      vertex 26.4006 6.4 17.3753
      vertex 23.5994 6.4 17.3753
      vertex 23.6604 6.4 17.5549
    endloop
  endfacet
  facet normal 0 1 0
    outer loop
      vertex 26.4376 6.4 17.1893
      vertex 23.5994 6.4 17.3753
      vertex 26.4006 6.4 17.3753
    endloop
  endfacet
  facet normal 0 1 0
    outer loop
      vertex 26.4376 6.4 17.1893
      vertex 23.5624 6.4 17.1893
      vertex 23.5994 6.4 17.3753
    endloop
  endfacet
  facet normal 0 1 0
    outer loop
      vertex 26.45 6.4 17
      vertex 23.5624 6.4 17.1893
      vertex 26.4376 6.4 17.1893
    endloop
  endfacet
  facet normal 0 1 0
    outer loop
      vertex 26.45 6.4 17
      vertex 23.55 6.4 17
      vertex 23.5624 6.4 17.1893
    endloop
  endfacet
  facet normal 0 1 -0
    outer loop
      vertex 26.4376 6.4 16.8107
      vertex 23.55 6.4 17
      vertex 26.45 6.4 17
    endloop
  endfacet
  facet normal 0 1 0
    outer loop
      vertex 26.4376 6.4 16.8107
      vertex 23.5624 6.4 16.8107
      vertex 23.55 6.4 17
    endloop
  endfacet
  facet normal 0 1 -0
    outer loop
      vertex 26.4006 6.4 16.6247
      vertex 23.5624 6.4 16.8107
      vertex 26.4376 6.4 16.8107
    endloop
  endfacet
  facet normal 0 1 0
    outer loop
      vertex 26.4006 6.4 16.6247
      vertex 23.5994 6.4 16.6247
      vertex 23.5624 6.4 16.8107
    endloop
  endfacet
  facet normal 0 1 -0
    outer loop
      vertex 26.3396 6.4 16.4451
      vertex 23.5994 6.4 16.6247
      vertex 26.4006 6.4 16.6247
    endloop
  endfacet
  facet normal 0 1 0
    outer loop
      vertex 26.3396 6.4 16.4451
      vertex 23.6604 6.4 16.4451
      vertex 23.5994 6.4 16.6247
    endloop
  endfacet
  facet normal 0 1 -0
    outer loop
      vertex 26.2557 6.4 16.275
      vertex 23.6604 6.4 16.4451
      vertex 26.3396 6.4 16.4451
    endloop
  endfacet
  facet normal 0 1 0
    outer loop
      vertex 26.2557 6.4 16.275
      vertex 23.7443 6.4 16.275
      vertex 23.6604 6.4 16.4451
    endloop
  endfacet
  facet normal 0 1 -0
    outer loop
      vertex 26.1504 6.4 16.1173
      vertex 23.7443 6.4 16.275
      vertex 26.2557 6.4 16.275
    endloop
  endfacet
  facet normal 0 1 0
    outer loop
      vertex 26.1504 6.4 16.1173
      vertex 23.8496 6.4 16.1173
      vertex 23.7443 6.4 16.275
    endloop
  endfacet
  facet normal 0 1 -0
    outer loop
      vertex 26.0253 6.4 15.9747
      vertex 23.8496 6.4 16.1173
      vertex 26.1504 6.4 16.1173
    endloop
  endfacet
  facet normal 0 1 0
    outer loop
      vertex 26.0253 6.4 15.9747
      vertex 23.9747 6.4 15.9747
      vertex 23.8496 6.4 16.1173
    endloop
  endfacet
  facet normal 0 1 -0
    outer loop
      vertex 25.8827 6.4 15.8496
      vertex 23.9747 6.4 15.9747
      vertex 26.0253 6.4 15.9747
    endloop
  endfacet
  facet normal 0 1 0
    outer loop
      vertex 25.8827 6.4 15.8496
      vertex 24.1173 6.4 15.8496
      vertex 23.9747 6.4 15.9747
    endloop
  endfacet
  facet normal 0 1 -0
    outer loop
      vertex 25.725 6.4 15.7443
      vertex 24.1173 6.4 15.8496
      vertex 25.8827 6.4 15.8496
    endloop
  endfacet
  facet normal 0 1 0
    outer loop
      vertex 25.725 6.4 15.7443
      vertex 24.275 6.4 15.7443
      vertex 24.1173 6.4 15.8496
    endloop
  endfacet
  facet normal 0 1 -0
    outer loop
      vertex 25.5549 6.4 15.6604
      vertex 24.275 6.4 15.7443
      vertex 25.725 6.4 15.7443
    endloop
  endfacet
  facet normal 0 1 0
    outer loop
      vertex 25.5549 6.4 15.6604
      vertex 24.4451 6.4 15.6604
      vertex 24.275 6.4 15.7443
    endloop
  endfacet
  facet normal 0 1 -0
    outer loop
      vertex 25.3753 6.4 15.5994
      vertex 24.4451 6.4 15.6604
      vertex 25.5549 6.4 15.6604
    endloop
  endfacet
  facet normal 0 1 0
    outer loop
      vertex 25.3753 6.4 15.5994
      vertex 24.6247 6.4 15.5994
      vertex 24.4451 6.4 15.6604
    endloop
  endfacet
  facet normal 0 1 -0
    outer loop
      vertex 25.1893 6.4 15.5624
      vertex 24.6247 6.4 15.5994
      vertex 25.3753 6.4 15.5994
    endloop
  endfacet
  facet normal 0 1 0
    outer loop
      vertex 25.1893 6.4 15.5624
      vertex 24.8107 6.4 15.5624
      vertex 24.6247 6.4 15.5994
    endloop
  endfacet
  facet normal -0 1 0
    outer loop
      vertex 24.8107 6.4 15.5624
      vertex 25.1893 6.4 15.5624
      vertex 25 6.4 15.55
    endloop
  endfacet
  facet normal -0.195102 0 0.980783
    outer loop
      vertex 24.6247 6.4 18.4006
      vertex 24.8107 0 18.4376
      vertex 24.8107 6.4 18.4376
    endloop
  endfacet
  facet normal -0.195102 0 0.980783
    outer loop
      vertex 24.8107 0 18.4376
      vertex 24.6247 6.4 18.4006
      vertex 24.6247 0 18.4006
    endloop
  endfacet
  facet normal 0.980783 -0 0.195102
    outer loop
      vertex 26.4006 0 17.3753
      vertex 26.4376 6.4 17.1893
      vertex 26.4006 6.4 17.3753
    endloop
  endfacet
  facet normal 0.980783 0 0.195102
    outer loop
      vertex 26.4376 6.4 17.1893
      vertex 26.4006 0 17.3753
      vertex 26.4376 0 17.1893
    endloop
  endfacet
  facet normal 0.997861 -0 0.0653644
    outer loop
      vertex 26.4376 0 17.1893
      vertex 26.45 6.4 17
      vertex 26.4376 6.4 17.1893
    endloop
  endfacet
  facet normal 0.997861 0 0.0653644
    outer loop
      vertex 26.45 6.4 17
      vertex 26.4376 0 17.1893
      vertex 26.45 0 17
    endloop
  endfacet
  facet normal -0.997861 0 0.0653644
    outer loop
      vertex 23.55 0 17
      vertex 23.5624 6.4 17.1893
      vertex 23.55 6.4 17
    endloop
  endfacet
  facet normal -0.997861 0 0.0653644
    outer loop
      vertex 23.5624 6.4 17.1893
      vertex 23.55 0 17
      vertex 23.5624 0 17.1893
    endloop
  endfacet
  facet normal -0.659474 0 0.751727
    outer loop
      vertex 23.9747 6.4 18.0253
      vertex 24.1173 0 18.1504
      vertex 24.1173 6.4 18.1504
    endloop
  endfacet
  facet normal -0.659474 0 0.751727
    outer loop
      vertex 24.1173 0 18.1504
      vertex 23.9747 6.4 18.0253
      vertex 23.9747 0 18.0253
    endloop
  endfacet
  facet normal -0.831644 0 -0.555309
    outer loop
      vertex 23.8496 0 16.1173
      vertex 23.7443 6.4 16.275
      vertex 23.8496 6.4 16.1173
    endloop
  endfacet
  facet normal -0.831644 -0 -0.555309
    outer loop
      vertex 23.7443 6.4 16.275
      vertex 23.8496 0 16.1173
      vertex 23.7443 0 16.275
    endloop
  endfacet
  facet normal 0.659474 0 0.751727
    outer loop
      vertex 25.8827 6.4 18.1504
      vertex 26.0253 0 18.0253
      vertex 26.0253 6.4 18.0253
    endloop
  endfacet
  facet normal 0.659474 0 0.751727
    outer loop
      vertex 26.0253 0 18.0253
      vertex 25.8827 6.4 18.1504
      vertex 25.8827 0 18.1504
    endloop
  endfacet
  facet normal 0.659474 0 -0.751727
    outer loop
      vertex 25.8827 0 15.8496
      vertex 26.0253 6.4 15.9747
      vertex 26.0253 0 15.9747
    endloop
  endfacet
  facet normal 0.659474 0 -0.751727
    outer loop
      vertex 26.0253 6.4 15.9747
      vertex 25.8827 0 15.8496
      vertex 25.8827 6.4 15.8496
    endloop
  endfacet
  facet normal 0.0653644 0 -0.997861
    outer loop
      vertex 25 0 15.55
      vertex 25.1893 6.4 15.5624
      vertex 25.1893 0 15.5624
    endloop
  endfacet
  facet normal 0.0653644 0 -0.997861
    outer loop
      vertex 25.1893 6.4 15.5624
      vertex 25 0 15.55
      vertex 25 6.4 15.55
    endloop
  endfacet
  facet normal 0.555309 0 0.831644
    outer loop
      vertex 25.725 6.4 18.2557
      vertex 25.8827 0 18.1504
      vertex 25.8827 6.4 18.1504
    endloop
  endfacet
  facet normal 0.555309 0 0.831644
    outer loop
      vertex 25.8827 0 18.1504
      vertex 25.725 6.4 18.2557
      vertex 25.725 0 18.2557
    endloop
  endfacet
  facet normal 0.946876 0 -0.3216
    outer loop
      vertex 26.4006 0 16.6247
      vertex 26.3396 6.4 16.4451
      vertex 26.4006 6.4 16.6247
    endloop
  endfacet
  facet normal 0.946876 0 -0.3216
    outer loop
      vertex 26.3396 6.4 16.4451
      vertex 26.4006 0 16.6247
      vertex 26.3396 0 16.4451
    endloop
  endfacet
  facet normal 0.831644 0 -0.555309
    outer loop
      vertex 26.2557 0 16.275
      vertex 26.1504 6.4 16.1173
      vertex 26.2557 6.4 16.275
    endloop
  endfacet
  facet normal 0.831644 0 -0.555309
    outer loop
      vertex 26.1504 6.4 16.1173
      vertex 26.2557 0 16.275
      vertex 26.1504 0 16.1173
    endloop
  endfacet
  facet normal -0.195102 0 -0.980783
    outer loop
      vertex 24.6247 0 15.5994
      vertex 24.8107 6.4 15.5624
      vertex 24.8107 0 15.5624
    endloop
  endfacet
  facet normal -0.195102 0 -0.980783
    outer loop
      vertex 24.8107 6.4 15.5624
      vertex 24.6247 0 15.5994
      vertex 24.6247 6.4 15.5994
    endloop
  endfacet
  facet normal 0.555309 0 -0.831644
    outer loop
      vertex 25.725 0 15.7443
      vertex 25.8827 6.4 15.8496
      vertex 25.8827 0 15.8496
    endloop
  endfacet
  facet normal 0.555309 0 -0.831644
    outer loop
      vertex 25.8827 6.4 15.8496
      vertex 25.725 0 15.7443
      vertex 25.725 6.4 15.7443
    endloop
  endfacet
  facet normal -0.831644 0 0.555309
    outer loop
      vertex 23.7443 0 17.725
      vertex 23.8496 6.4 17.8827
      vertex 23.7443 6.4 17.725
    endloop
  endfacet
  facet normal -0.831644 0 0.555309
    outer loop
      vertex 23.8496 6.4 17.8827
      vertex 23.7443 0 17.725
      vertex 23.8496 0 17.8827
    endloop
  endfacet
  facet normal -0.980783 0 -0.195102
    outer loop
      vertex 23.5994 0 16.6247
      vertex 23.5624 6.4 16.8107
      vertex 23.5994 6.4 16.6247
    endloop
  endfacet
  facet normal -0.980783 -0 -0.195102
    outer loop
      vertex 23.5624 6.4 16.8107
      vertex 23.5994 0 16.6247
      vertex 23.5624 0 16.8107
    endloop
  endfacet
  facet normal -0.896839 0 -0.442356
    outer loop
      vertex 23.7443 0 16.275
      vertex 23.6604 6.4 16.4451
      vertex 23.7443 6.4 16.275
    endloop
  endfacet
  facet normal -0.896839 -0 -0.442356
    outer loop
      vertex 23.6604 6.4 16.4451
      vertex 23.7443 0 16.275
      vertex 23.6604 0 16.4451
    endloop
  endfacet
  facet normal -0.751727 0 -0.659474
    outer loop
      vertex 23.9747 0 15.9747
      vertex 23.8496 6.4 16.1173
      vertex 23.9747 6.4 15.9747
    endloop
  endfacet
  facet normal -0.751727 -0 -0.659474
    outer loop
      vertex 23.8496 6.4 16.1173
      vertex 23.9747 0 15.9747
      vertex 23.8496 0 16.1173
    endloop
  endfacet
  facet normal 0.442356 0 -0.896839
    outer loop
      vertex 25.5549 0 15.6604
      vertex 25.725 6.4 15.7443
      vertex 25.725 0 15.7443
    endloop
  endfacet
  facet normal 0.442356 0 -0.896839
    outer loop
      vertex 25.725 6.4 15.7443
      vertex 25.5549 0 15.6604
      vertex 25.5549 6.4 15.6604
    endloop
  endfacet
  facet normal 0.896839 -0 0.442356
    outer loop
      vertex 26.2557 0 17.725
      vertex 26.3396 6.4 17.5549
      vertex 26.2557 6.4 17.725
    endloop
  endfacet
  facet normal 0.896839 0 0.442356
    outer loop
      vertex 26.3396 6.4 17.5549
      vertex 26.2557 0 17.725
      vertex 26.3396 0 17.5549
    endloop
  endfacet
  facet normal 0.831644 -0 0.555309
    outer loop
      vertex 26.1504 0 17.8827
      vertex 26.2557 6.4 17.725
      vertex 26.1504 6.4 17.8827
    endloop
  endfacet
  facet normal 0.831644 0 0.555309
    outer loop
      vertex 26.2557 6.4 17.725
      vertex 26.1504 0 17.8827
      vertex 26.2557 0 17.725
    endloop
  endfacet
  facet normal 0.3216 0 -0.946876
    outer loop
      vertex 25.3753 0 15.5994
      vertex 25.5549 6.4 15.6604
      vertex 25.5549 0 15.6604
    endloop
  endfacet
  facet normal 0.3216 0 -0.946876
    outer loop
      vertex 25.5549 6.4 15.6604
      vertex 25.3753 0 15.5994
      vertex 25.3753 6.4 15.5994
    endloop
  endfacet
  facet normal -0.751727 0 0.659474
    outer loop
      vertex 23.8496 0 17.8827
      vertex 23.9747 6.4 18.0253
      vertex 23.8496 6.4 17.8827
    endloop
  endfacet
  facet normal -0.751727 0 0.659474
    outer loop
      vertex 23.9747 6.4 18.0253
      vertex 23.8496 0 17.8827
      vertex 23.9747 0 18.0253
    endloop
  endfacet
  facet normal -0.555309 0 -0.831644
    outer loop
      vertex 24.1173 0 15.8496
      vertex 24.275 6.4 15.7443
      vertex 24.275 0 15.7443
    endloop
  endfacet
  facet normal -0.555309 0 -0.831644
    outer loop
      vertex 24.275 6.4 15.7443
      vertex 24.1173 0 15.8496
      vertex 24.1173 6.4 15.8496
    endloop
  endfacet
  facet normal -0.946876 0 0.3216
    outer loop
      vertex 23.5994 0 17.3753
      vertex 23.6604 6.4 17.5549
      vertex 23.5994 6.4 17.3753
    endloop
  endfacet
  facet normal -0.946876 0 0.3216
    outer loop
      vertex 23.6604 6.4 17.5549
      vertex 23.5994 0 17.3753
      vertex 23.6604 0 17.5549
    endloop
  endfacet
  facet normal 0.751727 0 -0.659474
    outer loop
      vertex 26.1504 0 16.1173
      vertex 26.0253 6.4 15.9747
      vertex 26.1504 6.4 16.1173
    endloop
  endfacet
  facet normal 0.751727 0 -0.659474
    outer loop
      vertex 26.0253 6.4 15.9747
      vertex 26.1504 0 16.1173
      vertex 26.0253 0 15.9747
    endloop
  endfacet
  facet normal -0.980783 0 0.195102
    outer loop
      vertex 23.5624 0 17.1893
      vertex 23.5994 6.4 17.3753
      vertex 23.5624 6.4 17.1893
    endloop
  endfacet
  facet normal -0.980783 0 0.195102
    outer loop
      vertex 23.5994 6.4 17.3753
      vertex 23.5624 0 17.1893
      vertex 23.5994 0 17.3753
    endloop
  endfacet
  facet normal 0.442356 0 0.896839
    outer loop
      vertex 25.5549 6.4 18.3396
      vertex 25.725 0 18.2557
      vertex 25.725 6.4 18.2557
    endloop
  endfacet
  facet normal 0.442356 0 0.896839
    outer loop
      vertex 25.725 0 18.2557
      vertex 25.5549 6.4 18.3396
      vertex 25.5549 0 18.3396
    endloop
  endfacet
  facet normal 0.896839 0 -0.442356
    outer loop
      vertex 26.3396 0 16.4451
      vertex 26.2557 6.4 16.275
      vertex 26.3396 6.4 16.4451
    endloop
  endfacet
  facet normal 0.896839 0 -0.442356
    outer loop
      vertex 26.2557 6.4 16.275
      vertex 26.3396 0 16.4451
      vertex 26.2557 0 16.275
    endloop
  endfacet
  facet normal 0.980783 0 -0.195102
    outer loop
      vertex 26.4376 0 16.8107
      vertex 26.4006 6.4 16.6247
      vertex 26.4376 6.4 16.8107
    endloop
  endfacet
  facet normal 0.980783 0 -0.195102
    outer loop
      vertex 26.4006 6.4 16.6247
      vertex 26.4376 0 16.8107
      vertex 26.4006 0 16.6247
    endloop
  endfacet
  facet normal -0.442356 0 -0.896839
    outer loop
      vertex 24.275 0 15.7443
      vertex 24.4451 6.4 15.6604
      vertex 24.4451 0 15.6604
    endloop
  endfacet
  facet normal -0.442356 0 -0.896839
    outer loop
      vertex 24.4451 6.4 15.6604
      vertex 24.275 0 15.7443
      vertex 24.275 6.4 15.7443
    endloop
  endfacet
  facet normal 0.0653644 0 0.997861
    outer loop
      vertex 25 6.4 18.45
      vertex 25.1893 0 18.4376
      vertex 25.1893 6.4 18.4376
    endloop
  endfacet
  facet normal 0.0653644 0 0.997861
    outer loop
      vertex 25.1893 0 18.4376
      vertex 25 6.4 18.45
      vertex 25 0 18.45
    endloop
  endfacet
  facet normal -0.3216 0 -0.946876
    outer loop
      vertex 24.4451 0 15.6604
      vertex 24.6247 6.4 15.5994
      vertex 24.6247 0 15.5994
    endloop
  endfacet
  facet normal -0.3216 0 -0.946876
    outer loop
      vertex 24.6247 6.4 15.5994
      vertex 24.4451 0 15.6604
      vertex 24.4451 6.4 15.6604
    endloop
  endfacet
  facet normal 0.195102 0 -0.980783
    outer loop
      vertex 25.1893 0 15.5624
      vertex 25.3753 6.4 15.5994
      vertex 25.3753 0 15.5994
    endloop
  endfacet
  facet normal 0.195102 0 -0.980783
    outer loop
      vertex 25.3753 6.4 15.5994
      vertex 25.1893 0 15.5624
      vertex 25.1893 6.4 15.5624
    endloop
  endfacet
  facet normal 0.997861 0 -0.0653644
    outer loop
      vertex 26.45 0 17
      vertex 26.4376 6.4 16.8107
      vertex 26.45 6.4 17
    endloop
  endfacet
  facet normal 0.997861 0 -0.0653644
    outer loop
      vertex 26.4376 6.4 16.8107
      vertex 26.45 0 17
      vertex 26.4376 0 16.8107
    endloop
  endfacet
  facet normal 0.946876 -0 0.3216
    outer loop
      vertex 26.3396 0 17.5549
      vertex 26.4006 6.4 17.3753
      vertex 26.3396 6.4 17.5549
    endloop
  endfacet
  facet normal 0.946876 0 0.3216
    outer loop
      vertex 26.4006 6.4 17.3753
      vertex 26.3396 0 17.5549
      vertex 26.4006 0 17.3753
    endloop
  endfacet
  facet normal 0.195102 0 0.980783
    outer loop
      vertex 25.1893 6.4 18.4376
      vertex 25.3753 0 18.4006
      vertex 25.3753 6.4 18.4006
    endloop
  endfacet
  facet normal 0.195102 0 0.980783
    outer loop
      vertex 25.3753 0 18.4006
      vertex 25.1893 6.4 18.4376
      vertex 25.1893 0 18.4376
    endloop
  endfacet
  facet normal -0.0653644 0 0.997861
    outer loop
      vertex 24.8107 6.4 18.4376
      vertex 25 0 18.45
      vertex 25 6.4 18.45
    endloop
  endfacet
  facet normal -0.0653644 0 0.997861
    outer loop
      vertex 25 0 18.45
      vertex 24.8107 6.4 18.4376
      vertex 24.8107 0 18.4376
    endloop
  endfacet
  facet normal 0.3216 0 0.946876
    outer loop
      vertex 25.3753 6.4 18.4006
      vertex 25.5549 0 18.3396
      vertex 25.5549 6.4 18.3396
    endloop
  endfacet
  facet normal 0.3216 0 0.946876
    outer loop
      vertex 25.5549 0 18.3396
      vertex 25.3753 6.4 18.4006
      vertex 25.3753 0 18.4006
    endloop
  endfacet
  facet normal -0.0653644 0 -0.997861
    outer loop
      vertex 24.8107 0 15.5624
      vertex 25 6.4 15.55
      vertex 25 0 15.55
    endloop
  endfacet
  facet normal -0.0653644 0 -0.997861
    outer loop
      vertex 25 6.4 15.55
      vertex 24.8107 0 15.5624
      vertex 24.8107 6.4 15.5624
    endloop
  endfacet
  facet normal 0.751727 -0 0.659474
    outer loop
      vertex 26.0253 0 18.0253
      vertex 26.1504 6.4 17.8827
      vertex 26.0253 6.4 18.0253
    endloop
  endfacet
  facet normal 0.751727 0 0.659474
    outer loop
      vertex 26.1504 6.4 17.8827
      vertex 26.0253 0 18.0253
      vertex 26.1504 0 17.8827
    endloop
  endfacet
  facet normal -0.3216 0 0.946876
    outer loop
      vertex 24.4451 6.4 18.3396
      vertex 24.6247 0 18.4006
      vertex 24.6247 6.4 18.4006
    endloop
  endfacet
  facet normal -0.3216 0 0.946876
    outer loop
      vertex 24.6247 0 18.4006
      vertex 24.4451 6.4 18.3396
      vertex 24.4451 0 18.3396
    endloop
  endfacet
  facet normal -0.442356 0 0.896839
    outer loop
      vertex 24.275 6.4 18.2557
      vertex 24.4451 0 18.3396
      vertex 24.4451 6.4 18.3396
    endloop
  endfacet
  facet normal -0.442356 0 0.896839
    outer loop
      vertex 24.4451 0 18.3396
      vertex 24.275 6.4 18.2557
      vertex 24.275 0 18.2557
    endloop
  endfacet
  facet normal -0.997861 0 -0.0653644
    outer loop
      vertex 23.5624 0 16.8107
      vertex 23.55 6.4 17
      vertex 23.5624 6.4 16.8107
    endloop
  endfacet
  facet normal -0.997861 -0 -0.0653644
    outer loop
      vertex 23.55 6.4 17
      vertex 23.5624 0 16.8107
      vertex 23.55 0 17
    endloop
  endfacet
  facet normal -0.946876 0 -0.3216
    outer loop
      vertex 23.6604 0 16.4451
      vertex 23.5994 6.4 16.6247
      vertex 23.6604 6.4 16.4451
    endloop
  endfacet
  facet normal -0.946876 -0 -0.3216
    outer loop
      vertex 23.5994 6.4 16.6247
      vertex 23.6604 0 16.4451
      vertex 23.5994 0 16.6247
    endloop
  endfacet
  facet normal -0.555309 0 0.831644
    outer loop
      vertex 24.1173 6.4 18.1504
      vertex 24.275 0 18.2557
      vertex 24.275 6.4 18.2557
    endloop
  endfacet
  facet normal -0.555309 0 0.831644
    outer loop
      vertex 24.275 0 18.2557
      vertex 24.1173 6.4 18.1504
      vertex 24.1173 0 18.1504
    endloop
  endfacet
  facet normal -0.896839 0 0.442356
    outer loop
      vertex 23.6604 0 17.5549
      vertex 23.7443 6.4 17.725
      vertex 23.6604 6.4 17.5549
    endloop
  endfacet
  facet normal -0.896839 0 0.442356
    outer loop
      vertex 23.7443 6.4 17.725
      vertex 23.6604 0 17.5549
      vertex 23.7443 0 17.725
    endloop
  endfacet
  facet normal -0.659474 0 -0.751727
    outer loop
      vertex 23.9747 0 15.9747
      vertex 24.1173 6.4 15.8496
      vertex 24.1173 0 15.8496
    endloop
  endfacet
  facet normal -0.659474 0 -0.751727
    outer loop
      vertex 24.1173 6.4 15.8496
      vertex 23.9747 0 15.9747
      vertex 23.9747 6.4 15.9747
    endloop
  endfacet
  facet normal 0 1 0
    outer loop
      vertex 25.1893 6.4 50.4376
      vertex 24.8107 6.4 50.4376
      vertex 25 6.4 50.45
    endloop
  endfacet
  facet normal 0 1 0
    outer loop
      vertex 25.3753 6.4 50.4006
      vertex 24.8107 6.4 50.4376
      vertex 25.1893 6.4 50.4376
    endloop
  endfacet
  facet normal 0 1 0
    outer loop
      vertex 25.3753 6.4 50.4006
      vertex 24.6247 6.4 50.4006
      vertex 24.8107 6.4 50.4376
    endloop
  endfacet
  facet normal 0 1 0
    outer loop
      vertex 25.5549 6.4 50.3396
      vertex 24.6247 6.4 50.4006
      vertex 25.3753 6.4 50.4006
    endloop
  endfacet
  facet normal 0 1 0
    outer loop
      vertex 25.5549 6.4 50.3396
      vertex 24.4451 6.4 50.3396
      vertex 24.6247 6.4 50.4006
    endloop
  endfacet
  facet normal 0 1 0
    outer loop
      vertex 25.725 6.4 50.2557
      vertex 24.4451 6.4 50.3396
      vertex 25.5549 6.4 50.3396
    endloop
  endfacet
  facet normal 0 1 0
    outer loop
      vertex 25.725 6.4 50.2557
      vertex 24.275 6.4 50.2557
      vertex 24.4451 6.4 50.3396
    endloop
  endfacet
  facet normal 0 1 0
    outer loop
      vertex 25.8827 6.4 50.1504
      vertex 24.275 6.4 50.2557
      vertex 25.725 6.4 50.2557
    endloop
  endfacet
  facet normal 0 1 0
    outer loop
      vertex 25.8827 6.4 50.1504
      vertex 24.1173 6.4 50.1504
      vertex 24.275 6.4 50.2557
    endloop
  endfacet
  facet normal 0 1 0
    outer loop
      vertex 26.0253 6.4 50.0253
      vertex 24.1173 6.4 50.1504
      vertex 25.8827 6.4 50.1504
    endloop
  endfacet
  facet normal 0 1 0
    outer loop
      vertex 26.0253 6.4 50.0253
      vertex 23.9747 6.4 50.0253
      vertex 24.1173 6.4 50.1504
    endloop
  endfacet
  facet normal 0 1 0
    outer loop
      vertex 26.1504 6.4 49.8827
      vertex 23.9747 6.4 50.0253
      vertex 26.0253 6.4 50.0253
    endloop
  endfacet
  facet normal 0 1 0
    outer loop
      vertex 26.1504 6.4 49.8827
      vertex 23.8496 6.4 49.8827
      vertex 23.9747 6.4 50.0253
    endloop
  endfacet
  facet normal 0 1 0
    outer loop
      vertex 26.2557 6.4 49.725
      vertex 23.8496 6.4 49.8827
      vertex 26.1504 6.4 49.8827
    endloop
  endfacet
  facet normal 0 1 0
    outer loop
      vertex 26.2557 6.4 49.725
      vertex 23.7443 6.4 49.725
      vertex 23.8496 6.4 49.8827
    endloop
  endfacet
  facet normal 0 1 0
    outer loop
      vertex 26.3396 6.4 49.5549
      vertex 23.7443 6.4 49.725
      vertex 26.2557 6.4 49.725
    endloop
  endfacet
  facet normal 0 1 0
    outer loop
      vertex 26.3396 6.4 49.5549
      vertex 23.6604 6.4 49.5549
      vertex 23.7443 6.4 49.725
    endloop
  endfacet
  facet normal 0 1 0
    outer loop
      vertex 26.4006 6.4 49.3753
      vertex 23.6604 6.4 49.5549
      vertex 26.3396 6.4 49.5549
    endloop
  endfacet
  facet normal 0 1 0
    outer loop
      vertex 26.4006 6.4 49.3753
      vertex 23.5994 6.4 49.3753
      vertex 23.6604 6.4 49.5549
    endloop
  endfacet
  facet normal 0 1 0
    outer loop
      vertex 26.4376 6.4 49.1893
      vertex 23.5994 6.4 49.3753
      vertex 26.4006 6.4 49.3753
    endloop
  endfacet
  facet normal 0 1 0
    outer loop
      vertex 26.4376 6.4 49.1893
      vertex 23.5624 6.4 49.1893
      vertex 23.5994 6.4 49.3753
    endloop
  endfacet
  facet normal 0 1 0
    outer loop
      vertex 26.45 6.4 49
      vertex 23.5624 6.4 49.1893
      vertex 26.4376 6.4 49.1893
    endloop
  endfacet
  facet normal 0 1 0
    outer loop
      vertex 26.45 6.4 49
      vertex 23.55 6.4 49
      vertex 23.5624 6.4 49.1893
    endloop
  endfacet
  facet normal 0 1 -0
    outer loop
      vertex 26.4376 6.4 48.8107
      vertex 23.55 6.4 49
      vertex 26.45 6.4 49
    endloop
  endfacet
  facet normal 0 1 0
    outer loop
      vertex 26.4376 6.4 48.8107
      vertex 23.5624 6.4 48.8107
      vertex 23.55 6.4 49
    endloop
  endfacet
  facet normal 0 1 -0
    outer loop
      vertex 26.4006 6.4 48.6247
      vertex 23.5624 6.4 48.8107
      vertex 26.4376 6.4 48.8107
    endloop
  endfacet
  facet normal 0 1 0
    outer loop
      vertex 26.4006 6.4 48.6247
      vertex 23.5994 6.4 48.6247
      vertex 23.5624 6.4 48.8107
    endloop
  endfacet
  facet normal 0 1 -0
    outer loop
      vertex 26.3396 6.4 48.4451
      vertex 23.5994 6.4 48.6247
      vertex 26.4006 6.4 48.6247
    endloop
  endfacet
  facet normal 0 1 0
    outer loop
      vertex 26.3396 6.4 48.4451
      vertex 23.6604 6.4 48.4451
      vertex 23.5994 6.4 48.6247
    endloop
  endfacet
  facet normal 0 1 -0
    outer loop
      vertex 26.2557 6.4 48.275
      vertex 23.6604 6.4 48.4451
      vertex 26.3396 6.4 48.4451
    endloop
  endfacet
  facet normal 0 1 0
    outer loop
      vertex 26.2557 6.4 48.275
      vertex 23.7443 6.4 48.275
      vertex 23.6604 6.4 48.4451
    endloop
  endfacet
  facet normal 0 1 -0
    outer loop
      vertex 26.1504 6.4 48.1173
      vertex 23.7443 6.4 48.275
      vertex 26.2557 6.4 48.275
    endloop
  endfacet
  facet normal 0 1 0
    outer loop
      vertex 26.1504 6.4 48.1173
      vertex 23.8496 6.4 48.1173
      vertex 23.7443 6.4 48.275
    endloop
  endfacet
  facet normal 0 1 -0
    outer loop
      vertex 26.0253 6.4 47.9747
      vertex 23.8496 6.4 48.1173
      vertex 26.1504 6.4 48.1173
    endloop
  endfacet
  facet normal 0 1 0
    outer loop
      vertex 26.0253 6.4 47.9747
      vertex 23.9747 6.4 47.9747
      vertex 23.8496 6.4 48.1173
    endloop
  endfacet
  facet normal 0 1 -0
    outer loop
      vertex 25.8827 6.4 47.8496
      vertex 23.9747 6.4 47.9747
      vertex 26.0253 6.4 47.9747
    endloop
  endfacet
  facet normal 0 1 0
    outer loop
      vertex 25.8827 6.4 47.8496
      vertex 24.1173 6.4 47.8496
      vertex 23.9747 6.4 47.9747
    endloop
  endfacet
  facet normal 0 1 -0
    outer loop
      vertex 25.725 6.4 47.7443
      vertex 24.1173 6.4 47.8496
      vertex 25.8827 6.4 47.8496
    endloop
  endfacet
  facet normal 0 1 0
    outer loop
      vertex 25.725 6.4 47.7443
      vertex 24.275 6.4 47.7443
      vertex 24.1173 6.4 47.8496
    endloop
  endfacet
  facet normal 0 1 -0
    outer loop
      vertex 25.5549 6.4 47.6604
      vertex 24.275 6.4 47.7443
      vertex 25.725 6.4 47.7443
    endloop
  endfacet
  facet normal 0 1 0
    outer loop
      vertex 25.5549 6.4 47.6604
      vertex 24.4451 6.4 47.6604
      vertex 24.275 6.4 47.7443
    endloop
  endfacet
  facet normal 0 1 -0
    outer loop
      vertex 25.3753 6.4 47.5994
      vertex 24.4451 6.4 47.6604
      vertex 25.5549 6.4 47.6604
    endloop
  endfacet
  facet normal 0 1 0
    outer loop
      vertex 25.3753 6.4 47.5994
      vertex 24.6247 6.4 47.5994
      vertex 24.4451 6.4 47.6604
    endloop
  endfacet
  facet normal 0 1 -0
    outer loop
      vertex 25.1893 6.4 47.5624
      vertex 24.6247 6.4 47.5994
      vertex 25.3753 6.4 47.5994
    endloop
  endfacet
  facet normal 0 1 0
    outer loop
      vertex 25.1893 6.4 47.5624
      vertex 24.8107 6.4 47.5624
      vertex 24.6247 6.4 47.5994
    endloop
  endfacet
  facet normal -0 1 0
    outer loop
      vertex 24.8107 6.4 47.5624
      vertex 25.1893 6.4 47.5624
      vertex 25 6.4 47.55
    endloop
  endfacet
  facet normal -0.195102 0 0.980783
    outer loop
      vertex 24.6247 6.4 50.4006
      vertex 24.8107 0 50.4376
      vertex 24.8107 6.4 50.4376
    endloop
  endfacet
  facet normal -0.195102 0 0.980783
    outer loop
      vertex 24.8107 0 50.4376
      vertex 24.6247 6.4 50.4006
      vertex 24.6247 0 50.4006
    endloop
  endfacet
  facet normal 0.980783 -0 0.195102
    outer loop
      vertex 26.4006 0 49.3753
      vertex 26.4376 6.4 49.1893
      vertex 26.4006 6.4 49.3753
    endloop
  endfacet
  facet normal 0.980783 0 0.195102
    outer loop
      vertex 26.4376 6.4 49.1893
      vertex 26.4006 0 49.3753
      vertex 26.4376 0 49.1893
    endloop
  endfacet
  facet normal 0.997861 -0 0.0653644
    outer loop
      vertex 26.4376 0 49.1893
      vertex 26.45 6.4 49
      vertex 26.4376 6.4 49.1893
    endloop
  endfacet
  facet normal 0.997861 0 0.0653644
    outer loop
      vertex 26.45 6.4 49
      vertex 26.4376 0 49.1893
      vertex 26.45 0 49
    endloop
  endfacet
  facet normal -0.997861 0 0.0653644
    outer loop
      vertex 23.55 0 49
      vertex 23.5624 6.4 49.1893
      vertex 23.55 6.4 49
    endloop
  endfacet
  facet normal -0.997861 0 0.0653644
    outer loop
      vertex 23.5624 6.4 49.1893
      vertex 23.55 0 49
      vertex 23.5624 0 49.1893
    endloop
  endfacet
  facet normal -0.659474 0 0.751727
    outer loop
      vertex 23.9747 6.4 50.0253
      vertex 24.1173 0 50.1504
      vertex 24.1173 6.4 50.1504
    endloop
  endfacet
  facet normal -0.659474 0 0.751727
    outer loop
      vertex 24.1173 0 50.1504
      vertex 23.9747 6.4 50.0253
      vertex 23.9747 0 50.0253
    endloop
  endfacet
  facet normal -0.831644 0 -0.555309
    outer loop
      vertex 23.8496 0 48.1173
      vertex 23.7443 6.4 48.275
      vertex 23.8496 6.4 48.1173
    endloop
  endfacet
  facet normal -0.831644 -0 -0.555309
    outer loop
      vertex 23.7443 6.4 48.275
      vertex 23.8496 0 48.1173
      vertex 23.7443 0 48.275
    endloop
  endfacet
  facet normal 0.659474 0 0.751727
    outer loop
      vertex 25.8827 6.4 50.1504
      vertex 26.0253 0 50.0253
      vertex 26.0253 6.4 50.0253
    endloop
  endfacet
  facet normal 0.659474 0 0.751727
    outer loop
      vertex 26.0253 0 50.0253
      vertex 25.8827 6.4 50.1504
      vertex 25.8827 0 50.1504
    endloop
  endfacet
  facet normal 0.659474 0 -0.751727
    outer loop
      vertex 25.8827 0 47.8496
      vertex 26.0253 6.4 47.9747
      vertex 26.0253 0 47.9747
    endloop
  endfacet
  facet normal 0.659474 0 -0.751727
    outer loop
      vertex 26.0253 6.4 47.9747
      vertex 25.8827 0 47.8496
      vertex 25.8827 6.4 47.8496
    endloop
  endfacet
  facet normal 0.0653644 0 -0.997861
    outer loop
      vertex 25 0 47.55
      vertex 25.1893 6.4 47.5624
      vertex 25.1893 0 47.5624
    endloop
  endfacet
  facet normal 0.0653644 0 -0.997861
    outer loop
      vertex 25.1893 6.4 47.5624
      vertex 25 0 47.55
      vertex 25 6.4 47.55
    endloop
  endfacet
  facet normal 0.555309 0 0.831644
    outer loop
      vertex 25.725 6.4 50.2557
      vertex 25.8827 0 50.1504
      vertex 25.8827 6.4 50.1504
    endloop
  endfacet
  facet normal 0.555309 0 0.831644
    outer loop
      vertex 25.8827 0 50.1504
      vertex 25.725 6.4 50.2557
      vertex 25.725 0 50.2557
    endloop
  endfacet
  facet normal 0.751727 -0 0.659474
    outer loop
      vertex 26.0253 0 50.0253
      vertex 26.1504 6.4 49.8827
      vertex 26.0253 6.4 50.0253
    endloop
  endfacet
  facet normal 0.751727 0 0.659474
    outer loop
      vertex 26.1504 6.4 49.8827
      vertex 26.0253 0 50.0253
      vertex 26.1504 0 49.8827
    endloop
  endfacet
  facet normal 0.946876 0 -0.3216
    outer loop
      vertex 26.4006 0 48.6247
      vertex 26.3396 6.4 48.4451
      vertex 26.4006 6.4 48.6247
    endloop
  endfacet
  facet normal 0.946876 0 -0.3216
    outer loop
      vertex 26.3396 6.4 48.4451
      vertex 26.4006 0 48.6247
      vertex 26.3396 0 48.4451
    endloop
  endfacet
  facet normal 0.831644 0 -0.555309
    outer loop
      vertex 26.2557 0 48.275
      vertex 26.1504 6.4 48.1173
      vertex 26.2557 6.4 48.275
    endloop
  endfacet
  facet normal 0.831644 0 -0.555309
    outer loop
      vertex 26.1504 6.4 48.1173
      vertex 26.2557 0 48.275
      vertex 26.1504 0 48.1173
    endloop
  endfacet
  facet normal -0.195102 0 -0.980783
    outer loop
      vertex 24.6247 0 47.5994
      vertex 24.8107 6.4 47.5624
      vertex 24.8107 0 47.5624
    endloop
  endfacet
  facet normal -0.195102 0 -0.980783
    outer loop
      vertex 24.8107 6.4 47.5624
      vertex 24.6247 0 47.5994
      vertex 24.6247 6.4 47.5994
    endloop
  endfacet
  facet normal 0.555309 0 -0.831644
    outer loop
      vertex 25.725 0 47.7443
      vertex 25.8827 6.4 47.8496
      vertex 25.8827 0 47.8496
    endloop
  endfacet
  facet normal 0.555309 0 -0.831644
    outer loop
      vertex 25.8827 6.4 47.8496
      vertex 25.725 0 47.7443
      vertex 25.725 6.4 47.7443
    endloop
  endfacet
  facet normal -0.831644 0 0.555309
    outer loop
      vertex 23.7443 0 49.725
      vertex 23.8496 6.4 49.8827
      vertex 23.7443 6.4 49.725
    endloop
  endfacet
  facet normal -0.831644 0 0.555309
    outer loop
      vertex 23.8496 6.4 49.8827
      vertex 23.7443 0 49.725
      vertex 23.8496 0 49.8827
    endloop
  endfacet
  facet normal -0.896839 0 -0.442356
    outer loop
      vertex 23.7443 0 48.275
      vertex 23.6604 6.4 48.4451
      vertex 23.7443 6.4 48.275
    endloop
  endfacet
  facet normal -0.896839 -0 -0.442356
    outer loop
      vertex 23.6604 6.4 48.4451
      vertex 23.7443 0 48.275
      vertex 23.6604 0 48.4451
    endloop
  endfacet
  facet normal -0.751727 0 -0.659474
    outer loop
      vertex 23.9747 0 47.9747
      vertex 23.8496 6.4 48.1173
      vertex 23.9747 6.4 47.9747
    endloop
  endfacet
  facet normal -0.751727 -0 -0.659474
    outer loop
      vertex 23.8496 6.4 48.1173
      vertex 23.9747 0 47.9747
      vertex 23.8496 0 48.1173
    endloop
  endfacet
  facet normal 0.442356 0 -0.896839
    outer loop
      vertex 25.5549 0 47.6604
      vertex 25.725 6.4 47.7443
      vertex 25.725 0 47.7443
    endloop
  endfacet
  facet normal 0.442356 0 -0.896839
    outer loop
      vertex 25.725 6.4 47.7443
      vertex 25.5549 0 47.6604
      vertex 25.5549 6.4 47.6604
    endloop
  endfacet
  facet normal 0.896839 -0 0.442356
    outer loop
      vertex 26.2557 0 49.725
      vertex 26.3396 6.4 49.5549
      vertex 26.2557 6.4 49.725
    endloop
  endfacet
  facet normal 0.896839 0 0.442356
    outer loop
      vertex 26.3396 6.4 49.5549
      vertex 26.2557 0 49.725
      vertex 26.3396 0 49.5549
    endloop
  endfacet
  facet normal 0.831644 -0 0.555309
    outer loop
      vertex 26.1504 0 49.8827
      vertex 26.2557 6.4 49.725
      vertex 26.1504 6.4 49.8827
    endloop
  endfacet
  facet normal 0.831644 0 0.555309
    outer loop
      vertex 26.2557 6.4 49.725
      vertex 26.1504 0 49.8827
      vertex 26.2557 0 49.725
    endloop
  endfacet
  facet normal 0.3216 0 -0.946876
    outer loop
      vertex 25.3753 0 47.5994
      vertex 25.5549 6.4 47.6604
      vertex 25.5549 0 47.6604
    endloop
  endfacet
  facet normal 0.3216 0 -0.946876
    outer loop
      vertex 25.5549 6.4 47.6604
      vertex 25.3753 0 47.5994
      vertex 25.3753 6.4 47.5994
    endloop
  endfacet
  facet normal -0.555309 0 -0.831644
    outer loop
      vertex 24.1173 0 47.8496
      vertex 24.275 6.4 47.7443
      vertex 24.275 0 47.7443
    endloop
  endfacet
  facet normal -0.555309 0 -0.831644
    outer loop
      vertex 24.275 6.4 47.7443
      vertex 24.1173 0 47.8496
      vertex 24.1173 6.4 47.8496
    endloop
  endfacet
  facet normal -0.946876 0 0.3216
    outer loop
      vertex 23.5994 0 49.3753
      vertex 23.6604 6.4 49.5549
      vertex 23.5994 6.4 49.3753
    endloop
  endfacet
  facet normal -0.946876 0 0.3216
    outer loop
      vertex 23.6604 6.4 49.5549
      vertex 23.5994 0 49.3753
      vertex 23.6604 0 49.5549
    endloop
  endfacet
  facet normal 0.751727 0 -0.659474
    outer loop
      vertex 26.1504 0 48.1173
      vertex 26.0253 6.4 47.9747
      vertex 26.1504 6.4 48.1173
    endloop
  endfacet
  facet normal 0.751727 0 -0.659474
    outer loop
      vertex 26.0253 6.4 47.9747
      vertex 26.1504 0 48.1173
      vertex 26.0253 0 47.9747
    endloop
  endfacet
  facet normal -0.751727 0 0.659474
    outer loop
      vertex 23.8496 0 49.8827
      vertex 23.9747 6.4 50.0253
      vertex 23.8496 6.4 49.8827
    endloop
  endfacet
  facet normal -0.751727 0 0.659474
    outer loop
      vertex 23.9747 6.4 50.0253
      vertex 23.8496 0 49.8827
      vertex 23.9747 0 50.0253
    endloop
  endfacet
  facet normal -0.980783 0 0.195102
    outer loop
      vertex 23.5624 0 49.1893
      vertex 23.5994 6.4 49.3753
      vertex 23.5624 6.4 49.1893
    endloop
  endfacet
  facet normal -0.980783 0 0.195102
    outer loop
      vertex 23.5994 6.4 49.3753
      vertex 23.5624 0 49.1893
      vertex 23.5994 0 49.3753
    endloop
  endfacet
  facet normal 0.442356 0 0.896839
    outer loop
      vertex 25.5549 6.4 50.3396
      vertex 25.725 0 50.2557
      vertex 25.725 6.4 50.2557
    endloop
  endfacet
  facet normal 0.442356 0 0.896839
    outer loop
      vertex 25.725 0 50.2557
      vertex 25.5549 6.4 50.3396
      vertex 25.5549 0 50.3396
    endloop
  endfacet
  facet normal 0.896839 0 -0.442356
    outer loop
      vertex 26.3396 0 48.4451
      vertex 26.2557 6.4 48.275
      vertex 26.3396 6.4 48.4451
    endloop
  endfacet
  facet normal 0.896839 0 -0.442356
    outer loop
      vertex 26.2557 6.4 48.275
      vertex 26.3396 0 48.4451
      vertex 26.2557 0 48.275
    endloop
  endfacet
  facet normal 0.980783 0 -0.195102
    outer loop
      vertex 26.4376 0 48.8107
      vertex 26.4006 6.4 48.6247
      vertex 26.4376 6.4 48.8107
    endloop
  endfacet
  facet normal 0.980783 0 -0.195102
    outer loop
      vertex 26.4006 6.4 48.6247
      vertex 26.4376 0 48.8107
      vertex 26.4006 0 48.6247
    endloop
  endfacet
  facet normal -0.442356 0 -0.896839
    outer loop
      vertex 24.275 0 47.7443
      vertex 24.4451 6.4 47.6604
      vertex 24.4451 0 47.6604
    endloop
  endfacet
  facet normal -0.442356 0 -0.896839
    outer loop
      vertex 24.4451 6.4 47.6604
      vertex 24.275 0 47.7443
      vertex 24.275 6.4 47.7443
    endloop
  endfacet
  facet normal 0.0653644 0 0.997861
    outer loop
      vertex 25 6.4 50.45
      vertex 25.1893 0 50.4376
      vertex 25.1893 6.4 50.4376
    endloop
  endfacet
  facet normal 0.0653644 0 0.997861
    outer loop
      vertex 25.1893 0 50.4376
      vertex 25 6.4 50.45
      vertex 25 0 50.45
    endloop
  endfacet
  facet normal -0.3216 0 -0.946876
    outer loop
      vertex 24.4451 0 47.6604
      vertex 24.6247 6.4 47.5994
      vertex 24.6247 0 47.5994
    endloop
  endfacet
  facet normal -0.3216 0 -0.946876
    outer loop
      vertex 24.6247 6.4 47.5994
      vertex 24.4451 0 47.6604
      vertex 24.4451 6.4 47.6604
    endloop
  endfacet
  facet normal 0.195102 0 -0.980783
    outer loop
      vertex 25.1893 0 47.5624
      vertex 25.3753 6.4 47.5994
      vertex 25.3753 0 47.5994
    endloop
  endfacet
  facet normal 0.195102 0 -0.980783
    outer loop
      vertex 25.3753 6.4 47.5994
      vertex 25.1893 0 47.5624
      vertex 25.1893 6.4 47.5624
    endloop
  endfacet
  facet normal 0.997861 0 -0.0653644
    outer loop
      vertex 26.45 0 49
      vertex 26.4376 6.4 48.8107
      vertex 26.45 6.4 49
    endloop
  endfacet
  facet normal 0.997861 0 -0.0653644
    outer loop
      vertex 26.4376 6.4 48.8107
      vertex 26.45 0 49
      vertex 26.4376 0 48.8107
    endloop
  endfacet
  facet normal 0.946876 -0 0.3216
    outer loop
      vertex 26.3396 0 49.5549
      vertex 26.4006 6.4 49.3753
      vertex 26.3396 6.4 49.5549
    endloop
  endfacet
  facet normal 0.946876 0 0.3216
    outer loop
      vertex 26.4006 6.4 49.3753
      vertex 26.3396 0 49.5549
      vertex 26.4006 0 49.3753
    endloop
  endfacet
  facet normal 0.195102 0 0.980783
    outer loop
      vertex 25.1893 6.4 50.4376
      vertex 25.3753 0 50.4006
      vertex 25.3753 6.4 50.4006
    endloop
  endfacet
  facet normal 0.195102 0 0.980783
    outer loop
      vertex 25.3753 0 50.4006
      vertex 25.1893 6.4 50.4376
      vertex 25.1893 0 50.4376
    endloop
  endfacet
  facet normal -0.0653644 0 0.997861
    outer loop
      vertex 24.8107 6.4 50.4376
      vertex 25 0 50.45
      vertex 25 6.4 50.45
    endloop
  endfacet
  facet normal -0.0653644 0 0.997861
    outer loop
      vertex 25 0 50.45
      vertex 24.8107 6.4 50.4376
      vertex 24.8107 0 50.4376
    endloop
  endfacet
  facet normal 0.3216 0 0.946876
    outer loop
      vertex 25.3753 6.4 50.4006
      vertex 25.5549 0 50.3396
      vertex 25.5549 6.4 50.3396
    endloop
  endfacet
  facet normal 0.3216 0 0.946876
    outer loop
      vertex 25.5549 0 50.3396
      vertex 25.3753 6.4 50.4006
      vertex 25.3753 0 50.4006
    endloop
  endfacet
  facet normal -0.0653644 0 -0.997861
    outer loop
      vertex 24.8107 0 47.5624
      vertex 25 6.4 47.55
      vertex 25 0 47.55
    endloop
  endfacet
  facet normal -0.0653644 0 -0.997861
    outer loop
      vertex 25 6.4 47.55
      vertex 24.8107 0 47.5624
      vertex 24.8107 6.4 47.5624
    endloop
  endfacet
  facet normal -0.3216 0 0.946876
    outer loop
      vertex 24.4451 6.4 50.3396
      vertex 24.6247 0 50.4006
      vertex 24.6247 6.4 50.4006
    endloop
  endfacet
  facet normal -0.3216 0 0.946876
    outer loop
      vertex 24.6247 0 50.4006
      vertex 24.4451 6.4 50.3396
      vertex 24.4451 0 50.3396
    endloop
  endfacet
  facet normal -0.442356 0 0.896839
    outer loop
      vertex 24.275 6.4 50.2557
      vertex 24.4451 0 50.3396
      vertex 24.4451 6.4 50.3396
    endloop
  endfacet
  facet normal -0.442356 0 0.896839
    outer loop
      vertex 24.4451 0 50.3396
      vertex 24.275 6.4 50.2557
      vertex 24.275 0 50.2557
    endloop
  endfacet
  facet normal -0.997861 0 -0.0653644
    outer loop
      vertex 23.5624 0 48.8107
      vertex 23.55 6.4 49
      vertex 23.5624 6.4 48.8107
    endloop
  endfacet
  facet normal -0.997861 -0 -0.0653644
    outer loop
      vertex 23.55 6.4 49
      vertex 23.5624 0 48.8107
      vertex 23.55 0 49
    endloop
  endfacet
  facet normal -0.946876 0 -0.3216
    outer loop
      vertex 23.6604 0 48.4451
      vertex 23.5994 6.4 48.6247
      vertex 23.6604 6.4 48.4451
    endloop
  endfacet
  facet normal -0.946876 -0 -0.3216
    outer loop
      vertex 23.5994 6.4 48.6247
      vertex 23.6604 0 48.4451
      vertex 23.5994 0 48.6247
    endloop
  endfacet
  facet normal -0.555309 0 0.831644
    outer loop
      vertex 24.1173 6.4 50.1504
      vertex 24.275 0 50.2557
      vertex 24.275 6.4 50.2557
    endloop
  endfacet
  facet normal -0.555309 0 0.831644
    outer loop
      vertex 24.275 0 50.2557
      vertex 24.1173 6.4 50.1504
      vertex 24.1173 0 50.1504
    endloop
  endfacet
  facet normal -0.980783 0 -0.195102
    outer loop
      vertex 23.5994 0 48.6247
      vertex 23.5624 6.4 48.8107
      vertex 23.5994 6.4 48.6247
    endloop
  endfacet
  facet normal -0.980783 -0 -0.195102
    outer loop
      vertex 23.5624 6.4 48.8107
      vertex 23.5994 0 48.6247
      vertex 23.5624 0 48.8107
    endloop
  endfacet
  facet normal -0.896839 0 0.442356
    outer loop
      vertex 23.6604 0 49.5549
      vertex 23.7443 6.4 49.725
      vertex 23.6604 6.4 49.5549
    endloop
  endfacet
  facet normal -0.896839 0 0.442356
    outer loop
      vertex 23.7443 6.4 49.725
      vertex 23.6604 0 49.5549
      vertex 23.7443 0 49.725
    endloop
  endfacet
  facet normal -0.659474 0 -0.751727
    outer loop
      vertex 23.9747 0 47.9747
      vertex 24.1173 6.4 47.8496
      vertex 24.1173 0 47.8496
    endloop
  endfacet
  facet normal -0.659474 0 -0.751727
    outer loop
      vertex 24.1173 6.4 47.8496
      vertex 23.9747 0 47.9747
      vertex 23.9747 6.4 47.9747
    endloop
  endfacet
  facet normal 0.98077 -0 0.195165
    outer loop
      vertex -14.9679 0 51.95
      vertex -14.9245 12.85 51.7319
      vertex -14.9679 12.85 51.95
    endloop
  endfacet
  facet normal 0.98077 0 0.195165
    outer loop
      vertex -14.9245 12.85 51.7319
      vertex -14.9679 0 51.95
      vertex -14.9245 0 51.7319
    endloop
  endfacet
  facet normal 0.997872 -0 0.0652057
    outer loop
      vertex -14.9245 0 51.7319
      vertex -14.91 12.85 51.51
      vertex -14.9245 12.85 51.7319
    endloop
  endfacet
  facet normal 0.997872 0 0.0652057
    outer loop
      vertex -14.91 12.85 51.51
      vertex -14.9245 0 51.7319
      vertex -14.91 0 51.51
    endloop
  endfacet
  facet normal 0.659268 0 -0.751908
    outer loop
      vertex -15.5751 0 50.1613
      vertex -15.4079 12.85 50.3079
      vertex -15.4079 0 50.3079
    endloop
  endfacet
  facet normal 0.659268 0 -0.751908
    outer loop
      vertex -15.4079 12.85 50.3079
      vertex -15.5751 0 50.1613
      vertex -15.5751 12.85 50.1613
    endloop
  endfacet
  facet normal 0.321484 0 0.946915
    outer loop
      vertex -16.17 12.85 53.1521
      vertex -15.9594 0 53.0806
      vertex -15.9594 12.85 53.0806
    endloop
  endfacet
  facet normal 0.321484 0 0.946915
    outer loop
      vertex -15.9594 0 53.0806
      vertex -16.17 12.85 53.1521
      vertex -16.17 0 53.1521
    endloop
  endfacet
  facet normal 0.0652057 0 -0.997872
    outer loop
      vertex -16.61 0 49.81
      vertex -16.3881 12.85 49.8245
      vertex -16.3881 0 49.8245
    endloop
  endfacet
  facet normal 0.0652057 0 -0.997872
    outer loop
      vertex -16.3881 12.85 49.8245
      vertex -16.61 0 49.81
      vertex -16.61 12.85 49.81
    endloop
  endfacet
  facet normal 0.321484 0 -0.946915
    outer loop
      vertex -16.17 0 49.8679
      vertex -15.9594 12.85 49.9394
      vertex -15.9594 0 49.9394
    endloop
  endfacet
  facet normal 0.321484 0 -0.946915
    outer loop
      vertex -15.9594 12.85 49.9394
      vertex -16.17 0 49.8679
      vertex -16.17 12.85 49.8679
    endloop
  endfacet
  facet normal -0.98077 0 -0.195165
    outer loop
      vertex -18.2521 0 51.07
      vertex -18.2955 12.85 51.2881
      vertex -18.2521 12.85 51.07
    endloop
  endfacet
  facet normal -0.98077 -0 -0.195165
    outer loop
      vertex -18.2955 12.85 51.2881
      vertex -18.2521 0 51.07
      vertex -18.2955 0 51.2881
    endloop
  endfacet
  facet normal -0.321484 0 -0.946915
    outer loop
      vertex -17.2606 0 49.9394
      vertex -17.05 12.85 49.8679
      vertex -17.05 0 49.8679
    endloop
  endfacet
  facet normal -0.321484 0 -0.946915
    outer loop
      vertex -17.05 12.85 49.8679
      vertex -17.2606 0 49.9394
      vertex -17.2606 12.85 49.9394
    endloop
  endfacet
  facet normal 0.896754 0 -0.44253
    outer loop
      vertex -15.0394 0 50.8594
      vertex -15.1378 12.85 50.66
      vertex -15.0394 12.85 50.8594
    endloop
  endfacet
  facet normal 0.896754 0 -0.44253
    outer loop
      vertex -15.1378 12.85 50.66
      vertex -15.0394 0 50.8594
      vertex -15.1378 0 50.66
    endloop
  endfacet
  facet normal 0 1 0
    outer loop
      vertex -16.3881 12.85 53.1955
      vertex -16.8319 12.85 53.1955
      vertex -16.61 12.85 53.21
    endloop
  endfacet
  facet normal 0 1 0
    outer loop
      vertex -16.17 12.85 53.1521
      vertex -16.8319 12.85 53.1955
      vertex -16.3881 12.85 53.1955
    endloop
  endfacet
  facet normal 0 1 0
    outer loop
      vertex -16.17 12.85 53.1521
      vertex -17.05 12.85 53.1521
      vertex -16.8319 12.85 53.1955
    endloop
  endfacet
  facet normal 0 1 0
    outer loop
      vertex -15.9594 12.85 53.0806
      vertex -17.05 12.85 53.1521
      vertex -16.17 12.85 53.1521
    endloop
  endfacet
  facet normal 0 1 0
    outer loop
      vertex -15.9594 12.85 53.0806
      vertex -17.2606 12.85 53.0806
      vertex -17.05 12.85 53.1521
    endloop
  endfacet
  facet normal 0 1 0
    outer loop
      vertex -15.76 12.85 52.9822
      vertex -17.2606 12.85 53.0806
      vertex -15.9594 12.85 53.0806
    endloop
  endfacet
  facet normal 0 1 0
    outer loop
      vertex -15.76 12.85 52.9822
      vertex -17.46 12.85 52.9822
      vertex -17.2606 12.85 53.0806
    endloop
  endfacet
  facet normal 0 1 0
    outer loop
      vertex -15.5751 12.85 52.8587
      vertex -17.46 12.85 52.9822
      vertex -15.76 12.85 52.9822
    endloop
  endfacet
  facet normal 0 1 0
    outer loop
      vertex -15.5751 12.85 52.8587
      vertex -17.6449 12.85 52.8587
      vertex -17.46 12.85 52.9822
    endloop
  endfacet
  facet normal 0 1 0
    outer loop
      vertex -15.4079 12.85 52.7121
      vertex -17.6449 12.85 52.8587
      vertex -15.5751 12.85 52.8587
    endloop
  endfacet
  facet normal 0 1 0
    outer loop
      vertex -15.4079 12.85 52.7121
      vertex -17.8121 12.85 52.7121
      vertex -17.6449 12.85 52.8587
    endloop
  endfacet
  facet normal 0 1 0
    outer loop
      vertex -15.2613 12.85 52.5449
      vertex -17.8121 12.85 52.7121
      vertex -15.4079 12.85 52.7121
    endloop
  endfacet
  facet normal 0 1 0
    outer loop
      vertex -15.2613 12.85 52.5449
      vertex -17.9587 12.85 52.5449
      vertex -17.8121 12.85 52.7121
    endloop
  endfacet
  facet normal 0 1 0
    outer loop
      vertex -15.1378 12.85 52.36
      vertex -17.9587 12.85 52.5449
      vertex -15.2613 12.85 52.5449
    endloop
  endfacet
  facet normal 0 1 0
    outer loop
      vertex -15.1378 12.85 52.36
      vertex -18.0822 12.85 52.36
      vertex -17.9587 12.85 52.5449
    endloop
  endfacet
  facet normal 0 1 0
    outer loop
      vertex -15.0394 12.85 52.1606
      vertex -18.0822 12.85 52.36
      vertex -15.1378 12.85 52.36
    endloop
  endfacet
  facet normal 0 1 0
    outer loop
      vertex -15.0394 12.85 52.1606
      vertex -18.1806 12.85 52.1606
      vertex -18.0822 12.85 52.36
    endloop
  endfacet
  facet normal 0 1 0
    outer loop
      vertex -14.9679 12.85 51.95
      vertex -18.1806 12.85 52.1606
      vertex -15.0394 12.85 52.1606
    endloop
  endfacet
  facet normal 0 1 0
    outer loop
      vertex -14.9679 12.85 51.95
      vertex -18.2521 12.85 51.95
      vertex -18.1806 12.85 52.1606
    endloop
  endfacet
  facet normal 0 1 0
    outer loop
      vertex -14.9245 12.85 51.7319
      vertex -18.2521 12.85 51.95
      vertex -14.9679 12.85 51.95
    endloop
  endfacet
  facet normal 0 1 0
    outer loop
      vertex -14.9245 12.85 51.7319
      vertex -18.2955 12.85 51.7319
      vertex -18.2521 12.85 51.95
    endloop
  endfacet
  facet normal 0 1 0
    outer loop
      vertex -14.91 12.85 51.51
      vertex -18.2955 12.85 51.7319
      vertex -14.9245 12.85 51.7319
    endloop
  endfacet
  facet normal 0 1 0
    outer loop
      vertex -14.91 12.85 51.51
      vertex -18.31 12.85 51.51
      vertex -18.2955 12.85 51.7319
    endloop
  endfacet
  facet normal 0 1 -0
    outer loop
      vertex -14.9245 12.85 51.2881
      vertex -18.31 12.85 51.51
      vertex -14.91 12.85 51.51
    endloop
  endfacet
  facet normal 0 1 0
    outer loop
      vertex -14.9245 12.85 51.2881
      vertex -18.2955 12.85 51.2881
      vertex -18.31 12.85 51.51
    endloop
  endfacet
  facet normal 0 1 -0
    outer loop
      vertex -14.9679 12.85 51.07
      vertex -18.2955 12.85 51.2881
      vertex -14.9245 12.85 51.2881
    endloop
  endfacet
  facet normal 0 1 0
    outer loop
      vertex -14.9679 12.85 51.07
      vertex -18.2521 12.85 51.07
      vertex -18.2955 12.85 51.2881
    endloop
  endfacet
  facet normal 0 1 -0
    outer loop
      vertex -15.0394 12.85 50.8594
      vertex -18.2521 12.85 51.07
      vertex -14.9679 12.85 51.07
    endloop
  endfacet
  facet normal 0 1 0
    outer loop
      vertex -15.0394 12.85 50.8594
      vertex -18.1806 12.85 50.8594
      vertex -18.2521 12.85 51.07
    endloop
  endfacet
  facet normal 0 1 -0
    outer loop
      vertex -15.1378 12.85 50.66
      vertex -18.1806 12.85 50.8594
      vertex -15.0394 12.85 50.8594
    endloop
  endfacet
  facet normal 0 1 0
    outer loop
      vertex -15.1378 12.85 50.66
      vertex -18.0822 12.85 50.66
      vertex -18.1806 12.85 50.8594
    endloop
  endfacet
  facet normal 0 1 -0
    outer loop
      vertex -15.2613 12.85 50.4751
      vertex -18.0822 12.85 50.66
      vertex -15.1378 12.85 50.66
    endloop
  endfacet
  facet normal 0 1 0
    outer loop
      vertex -15.2613 12.85 50.4751
      vertex -17.9587 12.85 50.4751
      vertex -18.0822 12.85 50.66
    endloop
  endfacet
  facet normal 0 1 -0
    outer loop
      vertex -15.4079 12.85 50.3079
      vertex -17.9587 12.85 50.4751
      vertex -15.2613 12.85 50.4751
    endloop
  endfacet
  facet normal 0 1 0
    outer loop
      vertex -15.4079 12.85 50.3079
      vertex -17.8121 12.85 50.3079
      vertex -17.9587 12.85 50.4751
    endloop
  endfacet
  facet normal 0 1 -0
    outer loop
      vertex -15.5751 12.85 50.1613
      vertex -17.8121 12.85 50.3079
      vertex -15.4079 12.85 50.3079
    endloop
  endfacet
  facet normal 0 1 0
    outer loop
      vertex -15.5751 12.85 50.1613
      vertex -17.6449 12.85 50.1613
      vertex -17.8121 12.85 50.3079
    endloop
  endfacet
  facet normal 0 1 -0
    outer loop
      vertex -15.76 12.85 50.0378
      vertex -17.6449 12.85 50.1613
      vertex -15.5751 12.85 50.1613
    endloop
  endfacet
  facet normal 0 1 0
    outer loop
      vertex -15.76 12.85 50.0378
      vertex -17.46 12.85 50.0378
      vertex -17.6449 12.85 50.1613
    endloop
  endfacet
  facet normal 0 1 -0
    outer loop
      vertex -15.9594 12.85 49.9394
      vertex -17.46 12.85 50.0378
      vertex -15.76 12.85 50.0378
    endloop
  endfacet
  facet normal 0 1 0
    outer loop
      vertex -15.9594 12.85 49.9394
      vertex -17.2606 12.85 49.9394
      vertex -17.46 12.85 50.0378
    endloop
  endfacet
  facet normal 0 1 -0
    outer loop
      vertex -16.17 12.85 49.8679
      vertex -17.2606 12.85 49.9394
      vertex -15.9594 12.85 49.9394
    endloop
  endfacet
  facet normal 0 1 0
    outer loop
      vertex -16.17 12.85 49.8679
      vertex -17.05 12.85 49.8679
      vertex -17.2606 12.85 49.9394
    endloop
  endfacet
  facet normal 0 1 -0
    outer loop
      vertex -16.3881 12.85 49.8245
      vertex -17.05 12.85 49.8679
      vertex -16.17 12.85 49.8679
    endloop
  endfacet
  facet normal 0 1 0
    outer loop
      vertex -16.3881 12.85 49.8245
      vertex -16.8319 12.85 49.8245
      vertex -17.05 12.85 49.8679
    endloop
  endfacet
  facet normal -0 1 0
    outer loop
      vertex -16.8319 12.85 49.8245
      vertex -16.3881 12.85 49.8245
      vertex -16.61 12.85 49.81
    endloop
  endfacet
  facet normal 0.0652057 0 0.997872
    outer loop
      vertex -16.61 12.85 53.21
      vertex -16.3881 0 53.1955
      vertex -16.3881 12.85 53.1955
    endloop
  endfacet
  facet normal 0.0652057 0 0.997872
    outer loop
      vertex -16.3881 0 53.1955
      vertex -16.61 12.85 53.21
      vertex -16.61 0 53.21
    endloop
  endfacet
  facet normal 0.946915 0 -0.321484
    outer loop
      vertex -14.9679 0 51.07
      vertex -15.0394 12.85 50.8594
      vertex -14.9679 12.85 51.07
    endloop
  endfacet
  facet normal 0.946915 0 -0.321484
    outer loop
      vertex -15.0394 12.85 50.8594
      vertex -14.9679 0 51.07
      vertex -15.0394 0 50.8594
    endloop
  endfacet
  facet normal 0.946915 -0 0.321484
    outer loop
      vertex -15.0394 0 52.1606
      vertex -14.9679 12.85 51.95
      vertex -15.0394 12.85 52.1606
    endloop
  endfacet
  facet normal 0.946915 0 0.321484
    outer loop
      vertex -14.9679 12.85 51.95
      vertex -15.0394 0 52.1606
      vertex -14.9679 0 51.95
    endloop
  endfacet
  facet normal 0.98077 0 -0.195165
    outer loop
      vertex -14.9245 0 51.2881
      vertex -14.9679 12.85 51.07
      vertex -14.9245 12.85 51.2881
    endloop
  endfacet
  facet normal 0.98077 0 -0.195165
    outer loop
      vertex -14.9679 12.85 51.07
      vertex -14.9245 0 51.2881
      vertex -14.9679 0 51.07
    endloop
  endfacet
  facet normal -0.751908 0 0.659268
    outer loop
      vertex -17.9587 0 52.5449
      vertex -17.8121 12.85 52.7121
      vertex -17.9587 12.85 52.5449
    endloop
  endfacet
  facet normal -0.751908 0 0.659268
    outer loop
      vertex -17.8121 12.85 52.7121
      vertex -17.9587 0 52.5449
      vertex -17.8121 0 52.7121
    endloop
  endfacet
  facet normal -0.659268 0 -0.751908
    outer loop
      vertex -17.8121 0 50.3079
      vertex -17.6449 12.85 50.1613
      vertex -17.6449 0 50.1613
    endloop
  endfacet
  facet normal -0.659268 0 -0.751908
    outer loop
      vertex -17.6449 12.85 50.1613
      vertex -17.8121 0 50.3079
      vertex -17.8121 12.85 50.3079
    endloop
  endfacet
  facet normal 0.195165 0 -0.98077
    outer loop
      vertex -16.3881 0 49.8245
      vertex -16.17 12.85 49.8679
      vertex -16.17 0 49.8679
    endloop
  endfacet
  facet normal 0.195165 0 -0.98077
    outer loop
      vertex -16.17 12.85 49.8679
      vertex -16.3881 0 49.8245
      vertex -16.3881 12.85 49.8245
    endloop
  endfacet
  facet normal -0.831566 0 0.555426
    outer loop
      vertex -18.0822 0 52.36
      vertex -17.9587 12.85 52.5449
      vertex -18.0822 12.85 52.36
    endloop
  endfacet
  facet normal -0.831566 0 0.555426
    outer loop
      vertex -17.9587 12.85 52.5449
      vertex -18.0822 0 52.36
      vertex -17.9587 0 52.5449
    endloop
  endfacet
  facet normal -0.195165 0 0.98077
    outer loop
      vertex -17.05 12.85 53.1521
      vertex -16.8319 0 53.1955
      vertex -16.8319 12.85 53.1955
    endloop
  endfacet
  facet normal -0.195165 0 0.98077
    outer loop
      vertex -16.8319 0 53.1955
      vertex -17.05 12.85 53.1521
      vertex -17.05 0 53.1521
    endloop
  endfacet
  facet normal 0.896754 -0 0.44253
    outer loop
      vertex -15.1378 0 52.36
      vertex -15.0394 12.85 52.1606
      vertex -15.1378 12.85 52.36
    endloop
  endfacet
  facet normal 0.896754 0 0.44253
    outer loop
      vertex -15.0394 12.85 52.1606
      vertex -15.1378 0 52.36
      vertex -15.0394 0 52.1606
    endloop
  endfacet
  facet normal 0.831566 0 -0.555426
    outer loop
      vertex -15.1378 0 50.66
      vertex -15.2613 12.85 50.4751
      vertex -15.1378 12.85 50.66
    endloop
  endfacet
  facet normal 0.831566 0 -0.555426
    outer loop
      vertex -15.2613 12.85 50.4751
      vertex -15.1378 0 50.66
      vertex -15.2613 0 50.4751
    endloop
  endfacet
  facet normal -0.555426 0 -0.831566
    outer loop
      vertex -17.6449 0 50.1613
      vertex -17.46 12.85 50.0378
      vertex -17.46 0 50.0378
    endloop
  endfacet
  facet normal -0.555426 0 -0.831566
    outer loop
      vertex -17.46 12.85 50.0378
      vertex -17.6449 0 50.1613
      vertex -17.6449 12.85 50.1613
    endloop
  endfacet
  facet normal -0.555426 0 0.831566
    outer loop
      vertex -17.6449 12.85 52.8587
      vertex -17.46 0 52.9822
      vertex -17.46 12.85 52.9822
    endloop
  endfacet
  facet normal -0.555426 0 0.831566
    outer loop
      vertex -17.46 0 52.9822
      vertex -17.6449 12.85 52.8587
      vertex -17.6449 0 52.8587
    endloop
  endfacet
  facet normal -0.44253 0 0.896754
    outer loop
      vertex -17.46 12.85 52.9822
      vertex -17.2606 0 53.0806
      vertex -17.2606 12.85 53.0806
    endloop
  endfacet
  facet normal -0.44253 0 0.896754
    outer loop
      vertex -17.2606 0 53.0806
      vertex -17.46 12.85 52.9822
      vertex -17.46 0 52.9822
    endloop
  endfacet
  facet normal 0.659268 0 0.751908
    outer loop
      vertex -15.5751 12.85 52.8587
      vertex -15.4079 0 52.7121
      vertex -15.4079 12.85 52.7121
    endloop
  endfacet
  facet normal 0.659268 0 0.751908
    outer loop
      vertex -15.4079 0 52.7121
      vertex -15.5751 12.85 52.8587
      vertex -15.5751 0 52.8587
    endloop
  endfacet
  facet normal 0.195165 0 0.98077
    outer loop
      vertex -16.3881 12.85 53.1955
      vertex -16.17 0 53.1521
      vertex -16.17 12.85 53.1521
    endloop
  endfacet
  facet normal 0.195165 0 0.98077
    outer loop
      vertex -16.17 0 53.1521
      vertex -16.3881 12.85 53.1955
      vertex -16.3881 0 53.1955
    endloop
  endfacet
  facet normal 0.555426 0 0.831566
    outer loop
      vertex -15.76 12.85 52.9822
      vertex -15.5751 0 52.8587
      vertex -15.5751 12.85 52.8587
    endloop
  endfacet
  facet normal 0.555426 0 0.831566
    outer loop
      vertex -15.5751 0 52.8587
      vertex -15.76 12.85 52.9822
      vertex -15.76 0 52.9822
    endloop
  endfacet
  facet normal 0.44253 0 -0.896754
    outer loop
      vertex -15.9594 0 49.9394
      vertex -15.76 12.85 50.0378
      vertex -15.76 0 50.0378
    endloop
  endfacet
  facet normal 0.44253 0 -0.896754
    outer loop
      vertex -15.76 12.85 50.0378
      vertex -15.9594 0 49.9394
      vertex -15.9594 12.85 49.9394
    endloop
  endfacet
  facet normal 0.751908 -0 0.659268
    outer loop
      vertex -15.4079 0 52.7121
      vertex -15.2613 12.85 52.5449
      vertex -15.4079 12.85 52.7121
    endloop
  endfacet
  facet normal 0.751908 0 0.659268
    outer loop
      vertex -15.2613 12.85 52.5449
      vertex -15.4079 0 52.7121
      vertex -15.2613 0 52.5449
    endloop
  endfacet
  facet normal 0.997872 0 -0.0652057
    outer loop
      vertex -14.91 0 51.51
      vertex -14.9245 12.85 51.2881
      vertex -14.91 12.85 51.51
    endloop
  endfacet
  facet normal 0.997872 0 -0.0652057
    outer loop
      vertex -14.9245 12.85 51.2881
      vertex -14.91 0 51.51
      vertex -14.9245 0 51.2881
    endloop
  endfacet
  facet normal 0.831566 -0 0.555426
    outer loop
      vertex -15.2613 0 52.5449
      vertex -15.1378 12.85 52.36
      vertex -15.2613 12.85 52.5449
    endloop
  endfacet
  facet normal 0.831566 0 0.555426
    outer loop
      vertex -15.1378 12.85 52.36
      vertex -15.2613 0 52.5449
      vertex -15.1378 0 52.36
    endloop
  endfacet
  facet normal -0.659268 0 0.751908
    outer loop
      vertex -17.8121 12.85 52.7121
      vertex -17.6449 0 52.8587
      vertex -17.6449 12.85 52.8587
    endloop
  endfacet
  facet normal -0.659268 0 0.751908
    outer loop
      vertex -17.6449 0 52.8587
      vertex -17.8121 12.85 52.7121
      vertex -17.8121 0 52.7121
    endloop
  endfacet
  facet normal -0.44253 0 -0.896754
    outer loop
      vertex -17.46 0 50.0378
      vertex -17.2606 12.85 49.9394
      vertex -17.2606 0 49.9394
    endloop
  endfacet
  facet normal -0.44253 0 -0.896754
    outer loop
      vertex -17.2606 12.85 49.9394
      vertex -17.46 0 50.0378
      vertex -17.46 12.85 50.0378
    endloop
  endfacet
  facet normal -0.831566 0 -0.555426
    outer loop
      vertex -17.9587 0 50.4751
      vertex -18.0822 12.85 50.66
      vertex -17.9587 12.85 50.4751
    endloop
  endfacet
  facet normal -0.831566 -0 -0.555426
    outer loop
      vertex -18.0822 12.85 50.66
      vertex -17.9587 0 50.4751
      vertex -18.0822 0 50.66
    endloop
  endfacet
  facet normal -0.0652057 0 -0.997872
    outer loop
      vertex -16.8319 0 49.8245
      vertex -16.61 12.85 49.81
      vertex -16.61 0 49.81
    endloop
  endfacet
  facet normal -0.0652057 0 -0.997872
    outer loop
      vertex -16.61 12.85 49.81
      vertex -16.8319 0 49.8245
      vertex -16.8319 12.85 49.8245
    endloop
  endfacet
  facet normal -0.997872 0 -0.0652057
    outer loop
      vertex -18.2955 0 51.2881
      vertex -18.31 12.85 51.51
      vertex -18.2955 12.85 51.2881
    endloop
  endfacet
  facet normal -0.997872 -0 -0.0652057
    outer loop
      vertex -18.31 12.85 51.51
      vertex -18.2955 0 51.2881
      vertex -18.31 0 51.51
    endloop
  endfacet
  facet normal -0.896754 0 -0.44253
    outer loop
      vertex -18.0822 0 50.66
      vertex -18.1806 12.85 50.8594
      vertex -18.0822 12.85 50.66
    endloop
  endfacet
  facet normal -0.896754 -0 -0.44253
    outer loop
      vertex -18.1806 12.85 50.8594
      vertex -18.0822 0 50.66
      vertex -18.1806 0 50.8594
    endloop
  endfacet
  facet normal -0.98077 0 0.195165
    outer loop
      vertex -18.2955 0 51.7319
      vertex -18.2521 12.85 51.95
      vertex -18.2955 12.85 51.7319
    endloop
  endfacet
  facet normal -0.98077 0 0.195165
    outer loop
      vertex -18.2521 12.85 51.95
      vertex -18.2955 0 51.7319
      vertex -18.2521 0 51.95
    endloop
  endfacet
  facet normal -0.997872 0 0.0652057
    outer loop
      vertex -18.31 0 51.51
      vertex -18.2955 12.85 51.7319
      vertex -18.31 12.85 51.51
    endloop
  endfacet
  facet normal -0.997872 0 0.0652057
    outer loop
      vertex -18.2955 12.85 51.7319
      vertex -18.31 0 51.51
      vertex -18.2955 0 51.7319
    endloop
  endfacet
  facet normal -0.0652057 0 0.997872
    outer loop
      vertex -16.8319 12.85 53.1955
      vertex -16.61 0 53.21
      vertex -16.61 12.85 53.21
    endloop
  endfacet
  facet normal -0.0652057 0 0.997872
    outer loop
      vertex -16.61 0 53.21
      vertex -16.8319 12.85 53.1955
      vertex -16.8319 0 53.1955
    endloop
  endfacet
  facet normal 0.44253 0 0.896754
    outer loop
      vertex -15.9594 12.85 53.0806
      vertex -15.76 0 52.9822
      vertex -15.76 12.85 52.9822
    endloop
  endfacet
  facet normal 0.44253 0 0.896754
    outer loop
      vertex -15.76 0 52.9822
      vertex -15.9594 12.85 53.0806
      vertex -15.9594 0 53.0806
    endloop
  endfacet
  facet normal -0.946915 0 0.321484
    outer loop
      vertex -18.2521 0 51.95
      vertex -18.1806 12.85 52.1606
      vertex -18.2521 12.85 51.95
    endloop
  endfacet
  facet normal -0.946915 0 0.321484
    outer loop
      vertex -18.1806 12.85 52.1606
      vertex -18.2521 0 51.95
      vertex -18.1806 0 52.1606
    endloop
  endfacet
  facet normal -0.896754 0 0.44253
    outer loop
      vertex -18.1806 0 52.1606
      vertex -18.0822 12.85 52.36
      vertex -18.1806 12.85 52.1606
    endloop
  endfacet
  facet normal -0.896754 0 0.44253
    outer loop
      vertex -18.0822 12.85 52.36
      vertex -18.1806 0 52.1606
      vertex -18.0822 0 52.36
    endloop
  endfacet
  facet normal -0.321484 0 0.946915
    outer loop
      vertex -17.2606 12.85 53.0806
      vertex -17.05 0 53.1521
      vertex -17.05 12.85 53.1521
    endloop
  endfacet
  facet normal -0.321484 0 0.946915
    outer loop
      vertex -17.05 0 53.1521
      vertex -17.2606 12.85 53.0806
      vertex -17.2606 0 53.0806
    endloop
  endfacet
  facet normal -0.751908 0 -0.659268
    outer loop
      vertex -17.8121 0 50.3079
      vertex -17.9587 12.85 50.4751
      vertex -17.8121 12.85 50.3079
    endloop
  endfacet
  facet normal -0.751908 -0 -0.659268
    outer loop
      vertex -17.9587 12.85 50.4751
      vertex -17.8121 0 50.3079
      vertex -17.9587 0 50.4751
    endloop
  endfacet
  facet normal 0.751908 0 -0.659268
    outer loop
      vertex -15.2613 0 50.4751
      vertex -15.4079 12.85 50.3079
      vertex -15.2613 12.85 50.4751
    endloop
  endfacet
  facet normal 0.751908 0 -0.659268
    outer loop
      vertex -15.4079 12.85 50.3079
      vertex -15.2613 0 50.4751
      vertex -15.4079 0 50.3079
    endloop
  endfacet
  facet normal 0.555426 0 -0.831566
    outer loop
      vertex -15.76 0 50.0378
      vertex -15.5751 12.85 50.1613
      vertex -15.5751 0 50.1613
    endloop
  endfacet
  facet normal 0.555426 0 -0.831566
    outer loop
      vertex -15.5751 12.85 50.1613
      vertex -15.76 0 50.0378
      vertex -15.76 12.85 50.0378
    endloop
  endfacet
  facet normal -0.946915 0 -0.321484
    outer loop
      vertex -18.1806 0 50.8594
      vertex -18.2521 12.85 51.07
      vertex -18.1806 12.85 50.8594
    endloop
  endfacet
  facet normal -0.946915 -0 -0.321484
    outer loop
      vertex -18.2521 12.85 51.07
      vertex -18.1806 0 50.8594
      vertex -18.2521 0 51.07
    endloop
  endfacet
  facet normal -0.195165 0 -0.98077
    outer loop
      vertex -17.05 0 49.8679
      vertex -16.8319 12.85 49.8245
      vertex -16.8319 0 49.8245
    endloop
  endfacet
  facet normal -0.195165 0 -0.98077
    outer loop
      vertex -16.8319 12.85 49.8245
      vertex -17.05 0 49.8679
      vertex -17.05 12.85 49.8679
    endloop
  endfacet
  facet normal 0.980779 -0 0.195122
    outer loop
      vertex 4.43207 0 52.15
      vertex 4.47546 12.85 51.9319
      vertex 4.43207 12.85 52.15
    endloop
  endfacet
  facet normal 0.980779 0 0.195122
    outer loop
      vertex 4.47546 12.85 51.9319
      vertex 4.43207 0 52.15
      vertex 4.47546 0 51.9319
    endloop
  endfacet
  facet normal 0.99786 -0 0.0653848
    outer loop
      vertex 4.47546 0 51.9319
      vertex 4.49 12.85 51.71
      vertex 4.47546 12.85 51.9319
    endloop
  endfacet
  facet normal 0.99786 0 0.0653848
    outer loop
      vertex 4.49 12.85 51.71
      vertex 4.47546 0 51.9319
      vertex 4.49 0 51.71
    endloop
  endfacet
  facet normal -0.442459 0 0.896789
    outer loop
      vertex 1.94 12.85 53.1822
      vertex 2.13944 0 53.2806
      vertex 2.13944 12.85 53.2806
    endloop
  endfacet
  facet normal -0.442459 0 0.896789
    outer loop
      vertex 2.13944 0 53.2806
      vertex 1.94 12.85 53.1822
      vertex 1.94 0 53.1822
    endloop
  endfacet
  facet normal 0.321525 0 0.946901
    outer loop
      vertex 3.22999 12.85 53.3521
      vertex 3.44056 0 53.2806
      vertex 3.44056 12.85 53.2806
    endloop
  endfacet
  facet normal 0.321525 0 0.946901
    outer loop
      vertex 3.44056 0 53.2806
      vertex 3.22999 12.85 53.3521
      vertex 3.22999 0 53.3521
    endloop
  endfacet
  facet normal -0.896825 0 -0.442386
    outer loop
      vertex 1.31776 0 50.86
      vertex 1.2194 12.85 51.0594
      vertex 1.31776 12.85 50.86
    endloop
  endfacet
  facet normal -0.896825 -0 -0.442386
    outer loop
      vertex 1.2194 12.85 51.0594
      vertex 1.31776 0 50.86
      vertex 1.2194 0 51.0594
    endloop
  endfacet
  facet normal 0.0652086 0 -0.997872
    outer loop
      vertex 2.79 0 50.01
      vertex 3.01189 12.85 50.0245
      vertex 3.01189 0 50.0245
    endloop
  endfacet
  facet normal 0.0652086 0 -0.997872
    outer loop
      vertex 3.01189 12.85 50.0245
      vertex 2.79 0 50.01
      vertex 2.79 12.85 50.01
    endloop
  endfacet
  facet normal -0.195173 0 -0.980769
    outer loop
      vertex 2.35001 0 50.0679
      vertex 2.5681 12.85 50.0245
      vertex 2.5681 0 50.0245
    endloop
  endfacet
  facet normal -0.195173 0 -0.980769
    outer loop
      vertex 2.5681 12.85 50.0245
      vertex 2.35001 0 50.0679
      vertex 2.35001 12.85 50.0679
    endloop
  endfacet
  facet normal 0.321525 0 -0.946901
    outer loop
      vertex 3.22999 0 50.0679
      vertex 3.44056 12.85 50.1394
      vertex 3.44056 0 50.1394
    endloop
  endfacet
  facet normal 0.321525 0 -0.946901
    outer loop
      vertex 3.44056 12.85 50.1394
      vertex 3.22999 0 50.0679
      vertex 3.22999 12.85 50.0679
    endloop
  endfacet
  facet normal -0.0652057 0 -0.997872
    outer loop
      vertex 2.5681 0 50.0245
      vertex 2.79 12.85 50.01
      vertex 2.79 0 50.01
    endloop
  endfacet
  facet normal -0.0652057 0 -0.997872
    outer loop
      vertex 2.79 12.85 50.01
      vertex 2.5681 0 50.0245
      vertex 2.5681 12.85 50.0245
    endloop
  endfacet
  facet normal -0.751863 0 -0.659319
    outer loop
      vertex 1.58792 0 50.5079
      vertex 1.4413 12.85 50.6751
      vertex 1.58792 12.85 50.5079
    endloop
  endfacet
  facet normal -0.751863 -0 -0.659319
    outer loop
      vertex 1.4413 12.85 50.6751
      vertex 1.58792 0 50.5079
      vertex 1.4413 0 50.6751
    endloop
  endfacet
  facet normal 0.946943 0 -0.321403
    outer loop
      vertex 4.43207 0 51.27
      vertex 4.36059 12.85 51.0594
      vertex 4.43207 12.85 51.27
    endloop
  endfacet
  facet normal 0.946943 0 -0.321403
    outer loop
      vertex 4.36059 12.85 51.0594
      vertex 4.43207 0 51.27
      vertex 4.36059 0 51.0594
    endloop
  endfacet
  facet normal 0.946943 -0 0.321403
    outer loop
      vertex 4.36059 0 52.3606
      vertex 4.43207 12.85 52.15
      vertex 4.36059 12.85 52.3606
    endloop
  endfacet
  facet normal 0.946943 0 0.321403
    outer loop
      vertex 4.43207 12.85 52.15
      vertex 4.36059 0 52.3606
      vertex 4.43207 0 52.15
    endloop
  endfacet
  facet normal 0.896843 0 -0.442349
    outer loop
      vertex 4.36059 0 51.0594
      vertex 4.26224 12.85 50.86
      vertex 4.36059 12.85 51.0594
    endloop
  endfacet
  facet normal 0.896843 0 -0.442349
    outer loop
      vertex 4.26224 12.85 50.86
      vertex 4.36059 0 51.0594
      vertex 4.26224 0 50.86
    endloop
  endfacet
  facet normal -0.659291 0 0.751888
    outer loop
      vertex 1.58792 12.85 52.9121
      vertex 1.75511 0 53.0587
      vertex 1.75511 12.85 53.0587
    endloop
  endfacet
  facet normal -0.659291 0 0.751888
    outer loop
      vertex 1.75511 0 53.0587
      vertex 1.58792 12.85 52.9121
      vertex 1.58792 0 52.9121
    endloop
  endfacet
  facet normal -0.831483 0 -0.555551
    outer loop
      vertex 1.4413 0 50.6751
      vertex 1.31776 12.85 50.86
      vertex 1.4413 12.85 50.6751
    endloop
  endfacet
  facet normal -0.831483 -0 -0.555551
    outer loop
      vertex 1.31776 12.85 50.86
      vertex 1.4413 0 50.6751
      vertex 1.31776 0 50.86
    endloop
  endfacet
  facet normal -0.321525 0 -0.946901
    outer loop
      vertex 2.13944 0 50.1394
      vertex 2.35001 12.85 50.0679
      vertex 2.35001 0 50.0679
    endloop
  endfacet
  facet normal -0.321525 0 -0.946901
    outer loop
      vertex 2.35001 12.85 50.0679
      vertex 2.13944 0 50.1394
      vertex 2.13944 12.85 50.1394
    endloop
  endfacet
  facet normal -0.980779 0 -0.195122
    outer loop
      vertex 1.14793 0 51.27
      vertex 1.10454 12.85 51.4881
      vertex 1.14793 12.85 51.27
    endloop
  endfacet
  facet normal -0.980779 -0 -0.195122
    outer loop
      vertex 1.10454 12.85 51.4881
      vertex 1.14793 0 51.27
      vertex 1.10454 0 51.4881
    endloop
  endfacet
  facet normal -0.321525 0 0.946901
    outer loop
      vertex 2.13944 12.85 53.2806
      vertex 2.35001 0 53.3521
      vertex 2.35001 12.85 53.3521
    endloop
  endfacet
  facet normal -0.321525 0 0.946901
    outer loop
      vertex 2.35001 0 53.3521
      vertex 2.13944 12.85 53.2806
      vertex 2.13944 0 53.2806
    endloop
  endfacet
  facet normal 0.896843 -0 0.442349
    outer loop
      vertex 4.26224 0 52.56
      vertex 4.36059 12.85 52.3606
      vertex 4.26224 12.85 52.56
    endloop
  endfacet
  facet normal 0.896843 0 0.442349
    outer loop
      vertex 4.36059 12.85 52.3606
      vertex 4.26224 0 52.56
      vertex 4.36059 0 52.3606
    endloop
  endfacet
  facet normal 0.195165 0 0.98077
    outer loop
      vertex 3.01189 12.85 53.3955
      vertex 3.22999 0 53.3521
      vertex 3.22999 12.85 53.3521
    endloop
  endfacet
  facet normal 0.195165 0 0.98077
    outer loop
      vertex 3.22999 0 53.3521
      vertex 3.01189 12.85 53.3955
      vertex 3.01189 0 53.3955
    endloop
  endfacet
  facet normal -0.99786 0 0.0653848
    outer loop
      vertex 1.09 0 51.71
      vertex 1.10454 12.85 51.9319
      vertex 1.09 12.85 51.71
    endloop
  endfacet
  facet normal -0.99786 0 0.0653848
    outer loop
      vertex 1.10454 12.85 51.9319
      vertex 1.09 0 51.71
      vertex 1.10454 0 51.9319
    endloop
  endfacet
  facet normal 0.751863 -0 0.659319
    outer loop
      vertex 3.99208 0 52.9121
      vertex 4.1387 12.85 52.7449
      vertex 3.99208 12.85 52.9121
    endloop
  endfacet
  facet normal 0.751863 0 0.659319
    outer loop
      vertex 4.1387 12.85 52.7449
      vertex 3.99208 0 52.9121
      vertex 4.1387 0 52.7449
    endloop
  endfacet
  facet normal 0.751863 0 -0.659319
    outer loop
      vertex 4.1387 0 50.6751
      vertex 3.99208 12.85 50.5079
      vertex 4.1387 12.85 50.6751
    endloop
  endfacet
  facet normal 0.751863 0 -0.659319
    outer loop
      vertex 3.99208 12.85 50.5079
      vertex 4.1387 0 50.6751
      vertex 3.99208 0 50.5079
    endloop
  endfacet
  facet normal 0.980779 0 -0.195122
    outer loop
      vertex 4.47546 0 51.4881
      vertex 4.43207 12.85 51.27
      vertex 4.47546 12.85 51.4881
    endloop
  endfacet
  facet normal 0.980779 0 -0.195122
    outer loop
      vertex 4.43207 12.85 51.27
      vertex 4.47546 0 51.4881
      vertex 4.43207 0 51.27
    endloop
  endfacet
  facet normal 0.195165 0 -0.98077
    outer loop
      vertex 3.01189 0 50.0245
      vertex 3.22999 12.85 50.0679
      vertex 3.22999 0 50.0679
    endloop
  endfacet
  facet normal 0.195165 0 -0.98077
    outer loop
      vertex 3.22999 12.85 50.0679
      vertex 3.01189 0 50.0245
      vertex 3.01189 12.85 50.0245
    endloop
  endfacet
  facet normal 0.831483 -0 0.555551
    outer loop
      vertex 4.1387 0 52.7449
      vertex 4.26224 12.85 52.56
      vertex 4.1387 12.85 52.7449
    endloop
  endfacet
  facet normal 0.831483 0 0.555551
    outer loop
      vertex 4.26224 12.85 52.56
      vertex 4.1387 0 52.7449
      vertex 4.26224 0 52.56
    endloop
  endfacet
  facet normal -0.555447 0 -0.831552
    outer loop
      vertex 1.75511 0 50.3613
      vertex 1.94 12.85 50.2378
      vertex 1.94 0 50.2378
    endloop
  endfacet
  facet normal -0.555447 0 -0.831552
    outer loop
      vertex 1.94 12.85 50.2378
      vertex 1.75511 0 50.3613
      vertex 1.75511 12.85 50.3613
    endloop
  endfacet
  facet normal 0.555447 0 0.831552
    outer loop
      vertex 3.64 12.85 53.1822
      vertex 3.82489 0 53.0587
      vertex 3.82489 12.85 53.0587
    endloop
  endfacet
  facet normal 0.555447 0 0.831552
    outer loop
      vertex 3.82489 0 53.0587
      vertex 3.64 12.85 53.1822
      vertex 3.64 0 53.1822
    endloop
  endfacet
  facet normal -0.831483 0 0.555551
    outer loop
      vertex 1.31776 0 52.56
      vertex 1.4413 12.85 52.7449
      vertex 1.31776 12.85 52.56
    endloop
  endfacet
  facet normal -0.831483 0 0.555551
    outer loop
      vertex 1.4413 12.85 52.7449
      vertex 1.31776 0 52.56
      vertex 1.4413 0 52.7449
    endloop
  endfacet
  facet normal 0.659291 0 0.751888
    outer loop
      vertex 3.82489 12.85 53.0587
      vertex 3.99208 0 52.9121
      vertex 3.99208 12.85 52.9121
    endloop
  endfacet
  facet normal 0.659291 0 0.751888
    outer loop
      vertex 3.99208 0 52.9121
      vertex 3.82489 12.85 53.0587
      vertex 3.82489 0 53.0587
    endloop
  endfacet
  facet normal -0.751863 0 0.659319
    outer loop
      vertex 1.4413 0 52.7449
      vertex 1.58792 12.85 52.9121
      vertex 1.4413 12.85 52.7449
    endloop
  endfacet
  facet normal -0.751863 0 0.659319
    outer loop
      vertex 1.58792 12.85 52.9121
      vertex 1.4413 0 52.7449
      vertex 1.58792 0 52.9121
    endloop
  endfacet
  facet normal 0.0652086 0 0.997872
    outer loop
      vertex 2.79 12.85 53.41
      vertex 3.01189 0 53.3955
      vertex 3.01189 12.85 53.3955
    endloop
  endfacet
  facet normal 0.0652086 0 0.997872
    outer loop
      vertex 3.01189 0 53.3955
      vertex 2.79 12.85 53.41
      vertex 2.79 0 53.41
    endloop
  endfacet
  facet normal 0.659291 0 -0.751888
    outer loop
      vertex 3.82489 0 50.3613
      vertex 3.99208 12.85 50.5079
      vertex 3.99208 0 50.5079
    endloop
  endfacet
  facet normal 0.659291 0 -0.751888
    outer loop
      vertex 3.99208 12.85 50.5079
      vertex 3.82489 0 50.3613
      vertex 3.82489 12.85 50.3613
    endloop
  endfacet
  facet normal 0.442459 0 -0.896789
    outer loop
      vertex 3.44056 0 50.1394
      vertex 3.64 12.85 50.2378
      vertex 3.64 0 50.2378
    endloop
  endfacet
  facet normal 0.442459 0 -0.896789
    outer loop
      vertex 3.64 12.85 50.2378
      vertex 3.44056 0 50.1394
      vertex 3.44056 12.85 50.1394
    endloop
  endfacet
  facet normal -0.980779 0 0.195122
    outer loop
      vertex 1.10454 0 51.9319
      vertex 1.14793 12.85 52.15
      vertex 1.10454 12.85 51.9319
    endloop
  endfacet
  facet normal -0.980779 0 0.195122
    outer loop
      vertex 1.14793 12.85 52.15
      vertex 1.10454 0 51.9319
      vertex 1.14793 0 52.15
    endloop
  endfacet
  facet normal 0.99786 0 -0.0653848
    outer loop
      vertex 4.49 0 51.71
      vertex 4.47546 12.85 51.4881
      vertex 4.49 12.85 51.71
    endloop
  endfacet
  facet normal 0.99786 0 -0.0653848
    outer loop
      vertex 4.47546 12.85 51.4881
      vertex 4.49 0 51.71
      vertex 4.47546 0 51.4881
    endloop
  endfacet
  facet normal -0.442459 0 -0.896789
    outer loop
      vertex 1.94 0 50.2378
      vertex 2.13944 12.85 50.1394
      vertex 2.13944 0 50.1394
    endloop
  endfacet
  facet normal -0.442459 0 -0.896789
    outer loop
      vertex 2.13944 12.85 50.1394
      vertex 1.94 0 50.2378
      vertex 1.94 12.85 50.2378
    endloop
  endfacet
  facet normal -0.946956 0 0.321363
    outer loop
      vertex 1.14793 0 52.15
      vertex 1.2194 12.85 52.3606
      vertex 1.14793 12.85 52.15
    endloop
  endfacet
  facet normal -0.946956 0 0.321363
    outer loop
      vertex 1.2194 12.85 52.3606
      vertex 1.14793 0 52.15
      vertex 1.2194 0 52.3606
    endloop
  endfacet
  facet normal 0.442459 0 0.896789
    outer loop
      vertex 3.44056 12.85 53.2806
      vertex 3.64 0 53.1822
      vertex 3.64 12.85 53.1822
    endloop
  endfacet
  facet normal 0.442459 0 0.896789
    outer loop
      vertex 3.64 0 53.1822
      vertex 3.44056 12.85 53.2806
      vertex 3.44056 0 53.2806
    endloop
  endfacet
  facet normal -0.99786 0 -0.0653848
    outer loop
      vertex 1.10454 0 51.4881
      vertex 1.09 12.85 51.71
      vertex 1.10454 12.85 51.4881
    endloop
  endfacet
  facet normal -0.99786 -0 -0.0653848
    outer loop
      vertex 1.09 12.85 51.71
      vertex 1.10454 0 51.4881
      vertex 1.09 0 51.71
    endloop
  endfacet
  facet normal -0.195173 0 0.980769
    outer loop
      vertex 2.35001 12.85 53.3521
      vertex 2.5681 0 53.3955
      vertex 2.5681 12.85 53.3955
    endloop
  endfacet
  facet normal -0.195173 0 0.980769
    outer loop
      vertex 2.5681 0 53.3955
      vertex 2.35001 12.85 53.3521
      vertex 2.35001 0 53.3521
    endloop
  endfacet
  facet normal -0.659291 0 -0.751888
    outer loop
      vertex 1.58792 0 50.5079
      vertex 1.75511 12.85 50.3613
      vertex 1.75511 0 50.3613
    endloop
  endfacet
  facet normal -0.659291 0 -0.751888
    outer loop
      vertex 1.75511 12.85 50.3613
      vertex 1.58792 0 50.5079
      vertex 1.58792 12.85 50.5079
    endloop
  endfacet
  facet normal 0.555447 0 -0.831552
    outer loop
      vertex 3.64 0 50.2378
      vertex 3.82489 12.85 50.3613
      vertex 3.82489 0 50.3613
    endloop
  endfacet
  facet normal 0.555447 0 -0.831552
    outer loop
      vertex 3.82489 12.85 50.3613
      vertex 3.64 0 50.2378
      vertex 3.64 12.85 50.2378
    endloop
  endfacet
  facet normal 0.831483 0 -0.555551
    outer loop
      vertex 4.26224 0 50.86
      vertex 4.1387 12.85 50.6751
      vertex 4.26224 12.85 50.86
    endloop
  endfacet
  facet normal 0.831483 0 -0.555551
    outer loop
      vertex 4.1387 12.85 50.6751
      vertex 4.26224 0 50.86
      vertex 4.1387 0 50.6751
    endloop
  endfacet
  facet normal -0.0652057 0 0.997872
    outer loop
      vertex 2.5681 12.85 53.3955
      vertex 2.79 0 53.41
      vertex 2.79 12.85 53.41
    endloop
  endfacet
  facet normal -0.0652057 0 0.997872
    outer loop
      vertex 2.79 0 53.41
      vertex 2.5681 12.85 53.3955
      vertex 2.5681 0 53.3955
    endloop
  endfacet
  facet normal -0.946956 0 -0.321363
    outer loop
      vertex 1.2194 0 51.0594
      vertex 1.14793 12.85 51.27
      vertex 1.2194 12.85 51.0594
    endloop
  endfacet
  facet normal -0.946956 -0 -0.321363
    outer loop
      vertex 1.14793 12.85 51.27
      vertex 1.2194 0 51.0594
      vertex 1.14793 0 51.27
    endloop
  endfacet
  facet normal 0 1 0
    outer loop
      vertex 3.01189 12.85 53.3955
      vertex 2.5681 12.85 53.3955
      vertex 2.79 12.85 53.41
    endloop
  endfacet
  facet normal 0 1 0
    outer loop
      vertex 3.22999 12.85 53.3521
      vertex 2.5681 12.85 53.3955
      vertex 3.01189 12.85 53.3955
    endloop
  endfacet
  facet normal 0 1 0
    outer loop
      vertex 3.22999 12.85 53.3521
      vertex 2.35001 12.85 53.3521
      vertex 2.5681 12.85 53.3955
    endloop
  endfacet
  facet normal 0 1 0
    outer loop
      vertex 3.44056 12.85 53.2806
      vertex 2.35001 12.85 53.3521
      vertex 3.22999 12.85 53.3521
    endloop
  endfacet
  facet normal 0 1 0
    outer loop
      vertex 3.44056 12.85 53.2806
      vertex 2.13944 12.85 53.2806
      vertex 2.35001 12.85 53.3521
    endloop
  endfacet
  facet normal 0 1 0
    outer loop
      vertex 3.64 12.85 53.1822
      vertex 2.13944 12.85 53.2806
      vertex 3.44056 12.85 53.2806
    endloop
  endfacet
  facet normal 0 1 0
    outer loop
      vertex 3.64 12.85 53.1822
      vertex 1.94 12.85 53.1822
      vertex 2.13944 12.85 53.2806
    endloop
  endfacet
  facet normal 0 1 0
    outer loop
      vertex 3.82489 12.85 53.0587
      vertex 1.94 12.85 53.1822
      vertex 3.64 12.85 53.1822
    endloop
  endfacet
  facet normal 0 1 0
    outer loop
      vertex 3.82489 12.85 53.0587
      vertex 1.75511 12.85 53.0587
      vertex 1.94 12.85 53.1822
    endloop
  endfacet
  facet normal 0 1 0
    outer loop
      vertex 3.99208 12.85 52.9121
      vertex 1.75511 12.85 53.0587
      vertex 3.82489 12.85 53.0587
    endloop
  endfacet
  facet normal 0 1 0
    outer loop
      vertex 3.99208 12.85 52.9121
      vertex 1.58792 12.85 52.9121
      vertex 1.75511 12.85 53.0587
    endloop
  endfacet
  facet normal 0 1 0
    outer loop
      vertex 4.1387 12.85 52.7449
      vertex 1.58792 12.85 52.9121
      vertex 3.99208 12.85 52.9121
    endloop
  endfacet
  facet normal 0 1 0
    outer loop
      vertex 4.1387 12.85 52.7449
      vertex 1.4413 12.85 52.7449
      vertex 1.58792 12.85 52.9121
    endloop
  endfacet
  facet normal 0 1 0
    outer loop
      vertex 4.26224 12.85 52.56
      vertex 1.4413 12.85 52.7449
      vertex 4.1387 12.85 52.7449
    endloop
  endfacet
  facet normal 0 1 0
    outer loop
      vertex 4.26224 12.85 52.56
      vertex 1.31776 12.85 52.56
      vertex 1.4413 12.85 52.7449
    endloop
  endfacet
  facet normal 0 1 0
    outer loop
      vertex 4.36059 12.85 52.3606
      vertex 1.31776 12.85 52.56
      vertex 4.26224 12.85 52.56
    endloop
  endfacet
  facet normal 0 1 0
    outer loop
      vertex 4.36059 12.85 52.3606
      vertex 1.2194 12.85 52.3606
      vertex 1.31776 12.85 52.56
    endloop
  endfacet
  facet normal 0 1 0
    outer loop
      vertex 4.43207 12.85 52.15
      vertex 1.2194 12.85 52.3606
      vertex 4.36059 12.85 52.3606
    endloop
  endfacet
  facet normal 0 1 0
    outer loop
      vertex 4.43207 12.85 52.15
      vertex 1.14793 12.85 52.15
      vertex 1.2194 12.85 52.3606
    endloop
  endfacet
  facet normal 0 1 0
    outer loop
      vertex 4.47546 12.85 51.9319
      vertex 1.14793 12.85 52.15
      vertex 4.43207 12.85 52.15
    endloop
  endfacet
  facet normal 0 1 0
    outer loop
      vertex 4.47546 12.85 51.9319
      vertex 1.10454 12.85 51.9319
      vertex 1.14793 12.85 52.15
    endloop
  endfacet
  facet normal 0 1 0
    outer loop
      vertex 4.49 12.85 51.71
      vertex 1.10454 12.85 51.9319
      vertex 4.47546 12.85 51.9319
    endloop
  endfacet
  facet normal 0 1 0
    outer loop
      vertex 4.49 12.85 51.71
      vertex 1.09 12.85 51.71
      vertex 1.10454 12.85 51.9319
    endloop
  endfacet
  facet normal 0 1 -0
    outer loop
      vertex 4.47546 12.85 51.4881
      vertex 1.09 12.85 51.71
      vertex 4.49 12.85 51.71
    endloop
  endfacet
  facet normal 0 1 0
    outer loop
      vertex 4.47546 12.85 51.4881
      vertex 1.10454 12.85 51.4881
      vertex 1.09 12.85 51.71
    endloop
  endfacet
  facet normal 0 1 -0
    outer loop
      vertex 4.43207 12.85 51.27
      vertex 1.10454 12.85 51.4881
      vertex 4.47546 12.85 51.4881
    endloop
  endfacet
  facet normal 0 1 0
    outer loop
      vertex 4.43207 12.85 51.27
      vertex 1.14793 12.85 51.27
      vertex 1.10454 12.85 51.4881
    endloop
  endfacet
  facet normal 0 1 -0
    outer loop
      vertex 4.36059 12.85 51.0594
      vertex 1.14793 12.85 51.27
      vertex 4.43207 12.85 51.27
    endloop
  endfacet
  facet normal 0 1 0
    outer loop
      vertex 4.36059 12.85 51.0594
      vertex 1.2194 12.85 51.0594
      vertex 1.14793 12.85 51.27
    endloop
  endfacet
  facet normal 0 1 -0
    outer loop
      vertex 4.26224 12.85 50.86
      vertex 1.2194 12.85 51.0594
      vertex 4.36059 12.85 51.0594
    endloop
  endfacet
  facet normal 0 1 0
    outer loop
      vertex 4.26224 12.85 50.86
      vertex 1.31776 12.85 50.86
      vertex 1.2194 12.85 51.0594
    endloop
  endfacet
  facet normal 0 1 -0
    outer loop
      vertex 4.1387 12.85 50.6751
      vertex 1.31776 12.85 50.86
      vertex 4.26224 12.85 50.86
    endloop
  endfacet
  facet normal 0 1 0
    outer loop
      vertex 4.1387 12.85 50.6751
      vertex 1.4413 12.85 50.6751
      vertex 1.31776 12.85 50.86
    endloop
  endfacet
  facet normal 0 1 -0
    outer loop
      vertex 3.99208 12.85 50.5079
      vertex 1.4413 12.85 50.6751
      vertex 4.1387 12.85 50.6751
    endloop
  endfacet
  facet normal 0 1 0
    outer loop
      vertex 3.99208 12.85 50.5079
      vertex 1.58792 12.85 50.5079
      vertex 1.4413 12.85 50.6751
    endloop
  endfacet
  facet normal 0 1 -0
    outer loop
      vertex 3.82489 12.85 50.3613
      vertex 1.58792 12.85 50.5079
      vertex 3.99208 12.85 50.5079
    endloop
  endfacet
  facet normal 0 1 0
    outer loop
      vertex 3.82489 12.85 50.3613
      vertex 1.75511 12.85 50.3613
      vertex 1.58792 12.85 50.5079
    endloop
  endfacet
  facet normal 0 1 -0
    outer loop
      vertex 3.64 12.85 50.2378
      vertex 1.75511 12.85 50.3613
      vertex 3.82489 12.85 50.3613
    endloop
  endfacet
  facet normal 0 1 0
    outer loop
      vertex 3.64 12.85 50.2378
      vertex 1.94 12.85 50.2378
      vertex 1.75511 12.85 50.3613
    endloop
  endfacet
  facet normal 0 1 -0
    outer loop
      vertex 3.44056 12.85 50.1394
      vertex 1.94 12.85 50.2378
      vertex 3.64 12.85 50.2378
    endloop
  endfacet
  facet normal 0 1 0
    outer loop
      vertex 3.44056 12.85 50.1394
      vertex 2.13944 12.85 50.1394
      vertex 1.94 12.85 50.2378
    endloop
  endfacet
  facet normal 0 1 -0
    outer loop
      vertex 3.22999 12.85 50.0679
      vertex 2.13944 12.85 50.1394
      vertex 3.44056 12.85 50.1394
    endloop
  endfacet
  facet normal 0 1 0
    outer loop
      vertex 3.22999 12.85 50.0679
      vertex 2.35001 12.85 50.0679
      vertex 2.13944 12.85 50.1394
    endloop
  endfacet
  facet normal 0 1 -0
    outer loop
      vertex 3.01189 12.85 50.0245
      vertex 2.35001 12.85 50.0679
      vertex 3.22999 12.85 50.0679
    endloop
  endfacet
  facet normal 0 1 0
    outer loop
      vertex 3.01189 12.85 50.0245
      vertex 2.5681 12.85 50.0245
      vertex 2.35001 12.85 50.0679
    endloop
  endfacet
  facet normal -0 1 0
    outer loop
      vertex 2.5681 12.85 50.0245
      vertex 3.01189 12.85 50.0245
      vertex 2.79 12.85 50.01
    endloop
  endfacet
  facet normal -0.555447 0 0.831552
    outer loop
      vertex 1.75511 12.85 53.0587
      vertex 1.94 0 53.1822
      vertex 1.94 12.85 53.1822
    endloop
  endfacet
  facet normal -0.555447 0 0.831552
    outer loop
      vertex 1.94 0 53.1822
      vertex 1.75511 12.85 53.0587
      vertex 1.75511 0 53.0587
    endloop
  endfacet
  facet normal -0.896825 0 0.442386
    outer loop
      vertex 1.2194 0 52.3606
      vertex 1.31776 12.85 52.56
      vertex 1.2194 12.85 52.3606
    endloop
  endfacet
  facet normal -0.896825 0 0.442386
    outer loop
      vertex 1.31776 12.85 52.56
      vertex 1.2194 0 52.3606
      vertex 1.31776 0 52.56
    endloop
  endfacet
  facet normal -0.896789 0 -0.442459
    outer loop
      vertex -15.8622 0 6.75
      vertex -15.9606 12.85 6.94944
      vertex -15.8622 12.85 6.75
    endloop
  endfacet
  facet normal -0.896789 -0 -0.442459
    outer loop
      vertex -15.9606 12.85 6.94944
      vertex -15.8622 0 6.75
      vertex -15.9606 0 6.94944
    endloop
  endfacet
  facet normal 0.98077 -5.46404e-06 0.195165
    outer loop
      vertex -12.7479 12.85 8.03999
      vertex -12.74 2.5 8
      vertex -12.7045 12.85 7.82189
    endloop
  endfacet
  facet normal 0.98104 -0 0.193804
    outer loop
      vertex -12.7479 0 8.03999
      vertex -12.74 2.5 8
      vertex -12.7479 12.85 8.03999
    endloop
  endfacet
  facet normal 0.98104 0 0.193804
    outer loop
      vertex -12.74 2.5 8
      vertex -12.7479 0 8.03999
      vertex -12.74 0 8
    endloop
  endfacet
  facet normal 0.98071 0 0.19547
    outer loop
      vertex -12.7045 12.85 7.82189
      vertex -12.74 2.5 8
      vertex -12.7045 2.5 7.82189
    endloop
  endfacet
  facet normal 0.997872 -0 0.0652086
    outer loop
      vertex -12.7045 2.5 7.82189
      vertex -12.69 12.85 7.6
      vertex -12.7045 12.85 7.82189
    endloop
  endfacet
  facet normal 0.997872 0 0.0652086
    outer loop
      vertex -12.69 12.85 7.6
      vertex -12.7045 2.5 7.82189
      vertex -12.69 2.5 7.6
    endloop
  endfacet
  facet normal 0.0653848 0 0.99786
    outer loop
      vertex -14.39 12.85 9.3
      vertex -14.1681 0 9.28546
      vertex -14.1681 12.85 9.28546
    endloop
  endfacet
  facet normal 0.0653848 0 0.99786
    outer loop
      vertex -14.1681 0 9.28546
      vertex -14.39 12.85 9.3
      vertex -14.39 0 9.3
    endloop
  endfacet
  facet normal -0.0653848 0 0.99786
    outer loop
      vertex -14.6119 12.85 9.28546
      vertex -14.39 0 9.3
      vertex -14.39 12.85 9.3
    endloop
  endfacet
  facet normal -0.0653848 0 0.99786
    outer loop
      vertex -14.39 0 9.3
      vertex -14.6119 12.85 9.28546
      vertex -14.6119 0 9.28546
    endloop
  endfacet
  facet normal 0.659319 0 0.751863
    outer loop
      vertex -13.3551 12.85 8.9487
      vertex -13.1879 0 8.80208
      vertex -13.1879 12.85 8.80208
    endloop
  endfacet
  facet normal 0.659319 0 0.751863
    outer loop
      vertex -13.1879 0 8.80208
      vertex -13.3551 12.85 8.9487
      vertex -13.3551 0 8.9487
    endloop
  endfacet
  facet normal 0.98077 0 -0.195165
    outer loop
      vertex -12.7045 2.5 7.37811
      vertex -12.7479 12.85 7.16001
      vertex -12.7045 12.85 7.37811
    endloop
  endfacet
  facet normal 0.98077 0 -0.195165
    outer loop
      vertex -12.7479 12.85 7.16001
      vertex -12.7045 2.5 7.37811
      vertex -12.7479 2.5 7.16001
    endloop
  endfacet
  facet normal 0.442386 0 -0.896825
    outer loop
      vertex -13.7394 2.5 6.0294
      vertex -13.54 12.85 6.12776
      vertex -13.54 2.5 6.12776
    endloop
  endfacet
  facet normal 0.442386 0 -0.896825
    outer loop
      vertex -13.54 12.85 6.12776
      vertex -13.7394 2.5 6.0294
      vertex -13.7394 12.85 6.0294
    endloop
  endfacet
  facet normal -0.555551 0 0.831483
    outer loop
      vertex -15.4249 12.85 8.9487
      vertex -15.24 0 9.07224
      vertex -15.24 12.85 9.07224
    endloop
  endfacet
  facet normal -0.555551 0 0.831483
    outer loop
      vertex -15.24 0 9.07224
      vertex -15.4249 12.85 8.9487
      vertex -15.4249 0 8.9487
    endloop
  endfacet
  facet normal 0.321363 0 0.946956
    outer loop
      vertex -13.95 12.85 9.24207
      vertex -13.7394 0 9.1706
      vertex -13.7394 12.85 9.1706
    endloop
  endfacet
  facet normal 0.321363 0 0.946956
    outer loop
      vertex -13.7394 0 9.1706
      vertex -13.95 12.85 9.24207
      vertex -13.95 0 9.24207
    endloop
  endfacet
  facet normal 0.946901 -0 0.321525
    outer loop
      vertex -12.8194 0 8.25056
      vertex -12.7479 12.85 8.03999
      vertex -12.8194 12.85 8.25056
    endloop
  endfacet
  facet normal 0.946901 0 0.321525
    outer loop
      vertex -12.7479 12.85 8.03999
      vertex -12.8194 0 8.25056
      vertex -12.7479 0 8.03999
    endloop
  endfacet
  facet normal -0.195122 0 -0.980779
    outer loop
      vertex -14.83 0 5.95793
      vertex -14.6119 12.85 5.91454
      vertex -14.6119 0 5.91454
    endloop
  endfacet
  facet normal -0.195122 0 -0.980779
    outer loop
      vertex -14.6119 12.85 5.91454
      vertex -14.83 0 5.95793
      vertex -14.83 12.85 5.95793
    endloop
  endfacet
  facet normal 0.751888 0 -0.659291
    outer loop
      vertex -13.0413 2.5 6.56511
      vertex -13.1879 12.85 6.39792
      vertex -13.0413 12.85 6.56511
    endloop
  endfacet
  facet normal 0.751888 0 -0.659291
    outer loop
      vertex -13.1879 12.85 6.39792
      vertex -13.0413 2.5 6.56511
      vertex -13.1879 2.5 6.39792
    endloop
  endfacet
  facet normal 0.195106 0 -0.980782
    outer loop
      vertex -14 0 5.94798
      vertex -14.1681 0 5.91454
      vertex -14 2.5 5.94798
    endloop
  endfacet
  facet normal 0.195173 0 -0.980769
    outer loop
      vertex -14 2.5 5.94798
      vertex -13.95 12.85 5.95793
      vertex -13.95 2.5 5.95793
    endloop
  endfacet
  facet normal 0.195106 0 -0.980782
    outer loop
      vertex -14.1681 12.85 5.91454
      vertex -14 2.5 5.94798
      vertex -14.1681 0 5.91454
    endloop
  endfacet
  facet normal 0.195122 2.58519e-07 -0.980779
    outer loop
      vertex -14 2.5 5.94798
      vertex -14.1681 12.85 5.91454
      vertex -13.95 12.85 5.95793
    endloop
  endfacet
  facet normal -0.751888 0 0.659291
    outer loop
      vertex -15.7387 0 8.63489
      vertex -15.5921 12.85 8.80208
      vertex -15.7387 12.85 8.63489
    endloop
  endfacet
  facet normal -0.751888 0 0.659291
    outer loop
      vertex -15.5921 12.85 8.80208
      vertex -15.7387 0 8.63489
      vertex -15.5921 0 8.80208
    endloop
  endfacet
  facet normal -0.321363 0 0.946956
    outer loop
      vertex -15.0406 12.85 9.1706
      vertex -14.83 0 9.24207
      vertex -14.83 12.85 9.24207
    endloop
  endfacet
  facet normal -0.321363 0 0.946956
    outer loop
      vertex -14.83 0 9.24207
      vertex -15.0406 12.85 9.1706
      vertex -15.0406 0 9.1706
    endloop
  endfacet
  facet normal -0.751888 0 -0.659291
    outer loop
      vertex -15.5921 0 6.39792
      vertex -15.7387 12.85 6.56511
      vertex -15.5921 12.85 6.39792
    endloop
  endfacet
  facet normal -0.751888 -0 -0.659291
    outer loop
      vertex -15.7387 12.85 6.56511
      vertex -15.5921 0 6.39792
      vertex -15.7387 0 6.56511
    endloop
  endfacet
  facet normal 0.442386 0 0.896825
    outer loop
      vertex -13.7394 12.85 9.1706
      vertex -13.54 0 9.07224
      vertex -13.54 12.85 9.07224
    endloop
  endfacet
  facet normal 0.442386 0 0.896825
    outer loop
      vertex -13.54 0 9.07224
      vertex -13.7394 12.85 9.1706
      vertex -13.7394 0 9.1706
    endloop
  endfacet
  facet normal 0.659319 0 -0.751863
    outer loop
      vertex -13.3551 2.5 6.2513
      vertex -13.1879 12.85 6.39792
      vertex -13.1879 2.5 6.39792
    endloop
  endfacet
  facet normal 0.659319 0 -0.751863
    outer loop
      vertex -13.1879 12.85 6.39792
      vertex -13.3551 2.5 6.2513
      vertex -13.3551 12.85 6.2513
    endloop
  endfacet
  facet normal 0.831552 -0 0.555447
    outer loop
      vertex -13.0413 0 8.63489
      vertex -12.9178 12.85 8.45
      vertex -13.0413 12.85 8.63489
    endloop
  endfacet
  facet normal 0.831552 0 0.555447
    outer loop
      vertex -12.9178 12.85 8.45
      vertex -13.0413 0 8.63489
      vertex -12.9178 0 8.45
    endloop
  endfacet
  facet normal 0.896789 0 -0.442459
    outer loop
      vertex -12.8194 2.5 6.94944
      vertex -12.9178 12.85 6.75
      vertex -12.8194 12.85 6.94944
    endloop
  endfacet
  facet normal 0.896789 0 -0.442459
    outer loop
      vertex -12.9178 12.85 6.75
      vertex -12.8194 2.5 6.94944
      vertex -12.9178 2.5 6.75
    endloop
  endfacet
  facet normal 0.997872 0 -0.0652086
    outer loop
      vertex -12.69 2.5 7.6
      vertex -12.7045 12.85 7.37811
      vertex -12.69 12.85 7.6
    endloop
  endfacet
  facet normal 0.997872 0 -0.0652086
    outer loop
      vertex -12.7045 12.85 7.37811
      vertex -12.69 2.5 7.6
      vertex -12.7045 2.5 7.37811
    endloop
  endfacet
  facet normal 0.831552 0 -0.555447
    outer loop
      vertex -12.9178 2.5 6.75
      vertex -13.0413 12.85 6.56511
      vertex -12.9178 12.85 6.75
    endloop
  endfacet
  facet normal 0.831552 0 -0.555447
    outer loop
      vertex -13.0413 12.85 6.56511
      vertex -12.9178 2.5 6.75
      vertex -13.0413 2.5 6.56511
    endloop
  endfacet
  facet normal 0.321363 0 -0.946956
    outer loop
      vertex -13.95 2.5 5.95793
      vertex -13.7394 12.85 6.0294
      vertex -13.7394 2.5 6.0294
    endloop
  endfacet
  facet normal 0.321363 0 -0.946956
    outer loop
      vertex -13.7394 12.85 6.0294
      vertex -13.95 2.5 5.95793
      vertex -13.95 12.85 5.95793
    endloop
  endfacet
  facet normal -0.831552 0 -0.555447
    outer loop
      vertex -15.7387 0 6.56511
      vertex -15.8622 12.85 6.75
      vertex -15.7387 12.85 6.56511
    endloop
  endfacet
  facet normal -0.831552 -0 -0.555447
    outer loop
      vertex -15.8622 12.85 6.75
      vertex -15.7387 0 6.56511
      vertex -15.8622 0 6.75
    endloop
  endfacet
  facet normal -0.555551 0 -0.831483
    outer loop
      vertex -15.4249 0 6.2513
      vertex -15.24 12.85 6.12776
      vertex -15.24 0 6.12776
    endloop
  endfacet
  facet normal -0.555551 0 -0.831483
    outer loop
      vertex -15.24 12.85 6.12776
      vertex -15.4249 0 6.2513
      vertex -15.4249 12.85 6.2513
    endloop
  endfacet
  facet normal -0.0653848 0 -0.99786
    outer loop
      vertex -14.6119 0 5.91454
      vertex -14.39 12.85 5.9
      vertex -14.39 0 5.9
    endloop
  endfacet
  facet normal -0.0653848 0 -0.99786
    outer loop
      vertex -14.39 12.85 5.9
      vertex -14.6119 0 5.91454
      vertex -14.6119 12.85 5.91454
    endloop
  endfacet
  facet normal -0.321363 0 -0.946956
    outer loop
      vertex -15.0406 0 6.0294
      vertex -14.83 12.85 5.95793
      vertex -14.83 0 5.95793
    endloop
  endfacet
  facet normal -0.321363 0 -0.946956
    outer loop
      vertex -14.83 12.85 5.95793
      vertex -15.0406 0 6.0294
      vertex -15.0406 12.85 6.0294
    endloop
  endfacet
  facet normal -0.195122 0 0.980779
    outer loop
      vertex -14.83 12.85 9.24207
      vertex -14.6119 0 9.28546
      vertex -14.6119 12.85 9.28546
    endloop
  endfacet
  facet normal -0.195122 0 0.980779
    outer loop
      vertex -14.6119 0 9.28546
      vertex -14.83 12.85 9.24207
      vertex -14.83 0 9.24207
    endloop
  endfacet
  facet normal -0.442386 0 0.896825
    outer loop
      vertex -15.24 12.85 9.07224
      vertex -15.0406 0 9.1706
      vertex -15.0406 12.85 9.1706
    endloop
  endfacet
  facet normal -0.442386 0 0.896825
    outer loop
      vertex -15.0406 0 9.1706
      vertex -15.24 12.85 9.07224
      vertex -15.24 0 9.07224
    endloop
  endfacet
  facet normal 0.896789 -0 0.442459
    outer loop
      vertex -12.9178 0 8.45
      vertex -12.8194 12.85 8.25056
      vertex -12.9178 12.85 8.45
    endloop
  endfacet
  facet normal 0.896789 0 0.442459
    outer loop
      vertex -12.8194 12.85 8.25056
      vertex -12.9178 0 8.45
      vertex -12.8194 0 8.25056
    endloop
  endfacet
  facet normal 0.555551 0 0.831483
    outer loop
      vertex -13.54 12.85 9.07224
      vertex -13.3551 0 8.9487
      vertex -13.3551 12.85 8.9487
    endloop
  endfacet
  facet normal 0.555551 0 0.831483
    outer loop
      vertex -13.3551 0 8.9487
      vertex -13.54 12.85 9.07224
      vertex -13.54 0 9.07224
    endloop
  endfacet
  facet normal 0.555551 0 -0.831483
    outer loop
      vertex -13.54 2.5 6.12776
      vertex -13.3551 12.85 6.2513
      vertex -13.3551 2.5 6.2513
    endloop
  endfacet
  facet normal 0.555551 0 -0.831483
    outer loop
      vertex -13.3551 12.85 6.2513
      vertex -13.54 2.5 6.12776
      vertex -13.54 12.85 6.12776
    endloop
  endfacet
  facet normal -0.831552 0 0.555447
    outer loop
      vertex -15.8622 0 8.45
      vertex -15.7387 12.85 8.63489
      vertex -15.8622 12.85 8.45
    endloop
  endfacet
  facet normal -0.831552 0 0.555447
    outer loop
      vertex -15.7387 12.85 8.63489
      vertex -15.8622 0 8.45
      vertex -15.7387 0 8.63489
    endloop
  endfacet
  facet normal 0.946901 0 -0.321525
    outer loop
      vertex -12.7479 2.5 7.16001
      vertex -12.8194 12.85 6.94944
      vertex -12.7479 12.85 7.16001
    endloop
  endfacet
  facet normal 0.946901 0 -0.321525
    outer loop
      vertex -12.8194 12.85 6.94944
      vertex -12.7479 2.5 7.16001
      vertex -12.8194 2.5 6.94944
    endloop
  endfacet
  facet normal 0.195122 0 0.980779
    outer loop
      vertex -14.1681 12.85 9.28546
      vertex -13.95 0 9.24207
      vertex -13.95 12.85 9.24207
    endloop
  endfacet
  facet normal 0.195122 0 0.980779
    outer loop
      vertex -13.95 0 9.24207
      vertex -14.1681 12.85 9.28546
      vertex -14.1681 0 9.28546
    endloop
  endfacet
  facet normal -0.997872 0 0.0652086
    outer loop
      vertex -16.09 0 7.6
      vertex -16.0755 12.85 7.82189
      vertex -16.09 12.85 7.6
    endloop
  endfacet
  facet normal -0.997872 0 0.0652086
    outer loop
      vertex -16.0755 12.85 7.82189
      vertex -16.09 0 7.6
      vertex -16.0755 0 7.82189
    endloop
  endfacet
  facet normal -0.997872 0 -0.0652086
    outer loop
      vertex -16.0755 0 7.37811
      vertex -16.09 12.85 7.6
      vertex -16.0755 12.85 7.37811
    endloop
  endfacet
  facet normal -0.997872 -0 -0.0652086
    outer loop
      vertex -16.09 12.85 7.6
      vertex -16.0755 0 7.37811
      vertex -16.09 0 7.6
    endloop
  endfacet
  facet normal 0.751888 -0 0.659291
    outer loop
      vertex -13.1879 0 8.80208
      vertex -13.0413 12.85 8.63489
      vertex -13.1879 12.85 8.80208
    endloop
  endfacet
  facet normal 0.751888 0 0.659291
    outer loop
      vertex -13.0413 12.85 8.63489
      vertex -13.1879 0 8.80208
      vertex -13.0413 0 8.63489
    endloop
  endfacet
  facet normal -0.442386 0 -0.896825
    outer loop
      vertex -15.24 0 6.12776
      vertex -15.0406 12.85 6.0294
      vertex -15.0406 0 6.0294
    endloop
  endfacet
  facet normal -0.442386 0 -0.896825
    outer loop
      vertex -15.0406 12.85 6.0294
      vertex -15.24 0 6.12776
      vertex -15.24 12.85 6.12776
    endloop
  endfacet
  facet normal -0.659319 0 0.751863
    outer loop
      vertex -15.5921 12.85 8.80208
      vertex -15.4249 0 8.9487
      vertex -15.4249 12.85 8.9487
    endloop
  endfacet
  facet normal -0.659319 0 0.751863
    outer loop
      vertex -15.4249 0 8.9487
      vertex -15.5921 12.85 8.80208
      vertex -15.5921 0 8.80208
    endloop
  endfacet
  facet normal -0.946901 0 -0.321525
    outer loop
      vertex -15.9606 0 6.94944
      vertex -16.0321 12.85 7.16001
      vertex -15.9606 12.85 6.94944
    endloop
  endfacet
  facet normal -0.946901 -0 -0.321525
    outer loop
      vertex -16.0321 12.85 7.16001
      vertex -15.9606 0 6.94944
      vertex -16.0321 0 7.16001
    endloop
  endfacet
  facet normal -0.98077 0 -0.195165
    outer loop
      vertex -16.0321 0 7.16001
      vertex -16.0755 12.85 7.37811
      vertex -16.0321 12.85 7.16001
    endloop
  endfacet
  facet normal -0.98077 -0 -0.195165
    outer loop
      vertex -16.0755 12.85 7.37811
      vertex -16.0321 0 7.16001
      vertex -16.0755 0 7.37811
    endloop
  endfacet
  facet normal 0.0653848 0 -0.99786
    outer loop
      vertex -14.39 0 5.9
      vertex -14.1681 12.85 5.91454
      vertex -14.1681 0 5.91454
    endloop
  endfacet
  facet normal 0.0653848 0 -0.99786
    outer loop
      vertex -14.1681 12.85 5.91454
      vertex -14.39 0 5.9
      vertex -14.39 12.85 5.9
    endloop
  endfacet
  facet normal -0.946901 0 0.321525
    outer loop
      vertex -16.0321 0 8.03999
      vertex -15.9606 12.85 8.25056
      vertex -16.0321 12.85 8.03999
    endloop
  endfacet
  facet normal -0.946901 0 0.321525
    outer loop
      vertex -15.9606 12.85 8.25056
      vertex -16.0321 0 8.03999
      vertex -15.9606 0 8.25056
    endloop
  endfacet
  facet normal -0.98077 0 0.195165
    outer loop
      vertex -16.0755 0 7.82189
      vertex -16.0321 12.85 8.03999
      vertex -16.0755 12.85 7.82189
    endloop
  endfacet
  facet normal -0.98077 0 0.195165
    outer loop
      vertex -16.0321 12.85 8.03999
      vertex -16.0755 0 7.82189
      vertex -16.0321 0 8.03999
    endloop
  endfacet
  facet normal -0.659319 0 -0.751863
    outer loop
      vertex -15.5921 0 6.39792
      vertex -15.4249 12.85 6.2513
      vertex -15.4249 0 6.2513
    endloop
  endfacet
  facet normal -0.659319 0 -0.751863
    outer loop
      vertex -15.4249 12.85 6.2513
      vertex -15.5921 0 6.39792
      vertex -15.5921 12.85 6.39792
    endloop
  endfacet
  facet normal -0.896789 0 0.442459
    outer loop
      vertex -15.9606 0 8.25056
      vertex -15.8622 12.85 8.45
      vertex -15.9606 12.85 8.25056
    endloop
  endfacet
  facet normal -0.896789 0 0.442459
    outer loop
      vertex -15.8622 12.85 8.45
      vertex -15.9606 0 8.25056
      vertex -15.8622 0 8.45
    endloop
  endfacet
  facet normal 0 1 0
    outer loop
      vertex -14.1681 12.85 9.28546
      vertex -14.6119 12.85 9.28546
      vertex -14.39 12.85 9.3
    endloop
  endfacet
  facet normal 0 1 0
    outer loop
      vertex -13.95 12.85 9.24207
      vertex -14.6119 12.85 9.28546
      vertex -14.1681 12.85 9.28546
    endloop
  endfacet
  facet normal 0 1 0
    outer loop
      vertex -13.95 12.85 9.24207
      vertex -14.83 12.85 9.24207
      vertex -14.6119 12.85 9.28546
    endloop
  endfacet
  facet normal 0 1 0
    outer loop
      vertex -13.7394 12.85 9.1706
      vertex -14.83 12.85 9.24207
      vertex -13.95 12.85 9.24207
    endloop
  endfacet
  facet normal 0 1 0
    outer loop
      vertex -13.7394 12.85 9.1706
      vertex -15.0406 12.85 9.1706
      vertex -14.83 12.85 9.24207
    endloop
  endfacet
  facet normal 0 1 0
    outer loop
      vertex -13.54 12.85 9.07224
      vertex -15.0406 12.85 9.1706
      vertex -13.7394 12.85 9.1706
    endloop
  endfacet
  facet normal 0 1 0
    outer loop
      vertex -13.54 12.85 9.07224
      vertex -15.24 12.85 9.07224
      vertex -15.0406 12.85 9.1706
    endloop
  endfacet
  facet normal 0 1 0
    outer loop
      vertex -13.3551 12.85 8.9487
      vertex -15.24 12.85 9.07224
      vertex -13.54 12.85 9.07224
    endloop
  endfacet
  facet normal 0 1 0
    outer loop
      vertex -13.3551 12.85 8.9487
      vertex -15.4249 12.85 8.9487
      vertex -15.24 12.85 9.07224
    endloop
  endfacet
  facet normal 0 1 0
    outer loop
      vertex -13.1879 12.85 8.80208
      vertex -15.4249 12.85 8.9487
      vertex -13.3551 12.85 8.9487
    endloop
  endfacet
  facet normal 0 1 0
    outer loop
      vertex -13.1879 12.85 8.80208
      vertex -15.5921 12.85 8.80208
      vertex -15.4249 12.85 8.9487
    endloop
  endfacet
  facet normal 0 1 0
    outer loop
      vertex -13.0413 12.85 8.63489
      vertex -15.5921 12.85 8.80208
      vertex -13.1879 12.85 8.80208
    endloop
  endfacet
  facet normal 0 1 0
    outer loop
      vertex -13.0413 12.85 8.63489
      vertex -15.7387 12.85 8.63489
      vertex -15.5921 12.85 8.80208
    endloop
  endfacet
  facet normal 0 1 0
    outer loop
      vertex -12.9178 12.85 8.45
      vertex -15.7387 12.85 8.63489
      vertex -13.0413 12.85 8.63489
    endloop
  endfacet
  facet normal 0 1 0
    outer loop
      vertex -12.9178 12.85 8.45
      vertex -15.8622 12.85 8.45
      vertex -15.7387 12.85 8.63489
    endloop
  endfacet
  facet normal 0 1 0
    outer loop
      vertex -12.8194 12.85 8.25056
      vertex -15.8622 12.85 8.45
      vertex -12.9178 12.85 8.45
    endloop
  endfacet
  facet normal 0 1 0
    outer loop
      vertex -12.8194 12.85 8.25056
      vertex -15.9606 12.85 8.25056
      vertex -15.8622 12.85 8.45
    endloop
  endfacet
  facet normal 0 1 0
    outer loop
      vertex -12.7479 12.85 8.03999
      vertex -15.9606 12.85 8.25056
      vertex -12.8194 12.85 8.25056
    endloop
  endfacet
  facet normal 0 1 0
    outer loop
      vertex -12.7479 12.85 8.03999
      vertex -16.0321 12.85 8.03999
      vertex -15.9606 12.85 8.25056
    endloop
  endfacet
  facet normal 0 1 0
    outer loop
      vertex -12.7045 12.85 7.82189
      vertex -16.0321 12.85 8.03999
      vertex -12.7479 12.85 8.03999
    endloop
  endfacet
  facet normal 0 1 0
    outer loop
      vertex -12.7045 12.85 7.82189
      vertex -16.0755 12.85 7.82189
      vertex -16.0321 12.85 8.03999
    endloop
  endfacet
  facet normal 0 1 0
    outer loop
      vertex -12.69 12.85 7.6
      vertex -16.0755 12.85 7.82189
      vertex -12.7045 12.85 7.82189
    endloop
  endfacet
  facet normal 0 1 0
    outer loop
      vertex -12.69 12.85 7.6
      vertex -16.09 12.85 7.6
      vertex -16.0755 12.85 7.82189
    endloop
  endfacet
  facet normal 0 1 -0
    outer loop
      vertex -12.7045 12.85 7.37811
      vertex -16.09 12.85 7.6
      vertex -12.69 12.85 7.6
    endloop
  endfacet
  facet normal 0 1 0
    outer loop
      vertex -12.7045 12.85 7.37811
      vertex -16.0755 12.85 7.37811
      vertex -16.09 12.85 7.6
    endloop
  endfacet
  facet normal 0 1 -0
    outer loop
      vertex -12.7479 12.85 7.16001
      vertex -16.0755 12.85 7.37811
      vertex -12.7045 12.85 7.37811
    endloop
  endfacet
  facet normal 0 1 0
    outer loop
      vertex -12.7479 12.85 7.16001
      vertex -16.0321 12.85 7.16001
      vertex -16.0755 12.85 7.37811
    endloop
  endfacet
  facet normal 0 1 -0
    outer loop
      vertex -12.8194 12.85 6.94944
      vertex -16.0321 12.85 7.16001
      vertex -12.7479 12.85 7.16001
    endloop
  endfacet
  facet normal 0 1 0
    outer loop
      vertex -12.8194 12.85 6.94944
      vertex -15.9606 12.85 6.94944
      vertex -16.0321 12.85 7.16001
    endloop
  endfacet
  facet normal 0 1 -0
    outer loop
      vertex -12.9178 12.85 6.75
      vertex -15.9606 12.85 6.94944
      vertex -12.8194 12.85 6.94944
    endloop
  endfacet
  facet normal 0 1 0
    outer loop
      vertex -12.9178 12.85 6.75
      vertex -15.8622 12.85 6.75
      vertex -15.9606 12.85 6.94944
    endloop
  endfacet
  facet normal 0 1 -0
    outer loop
      vertex -13.0413 12.85 6.56511
      vertex -15.8622 12.85 6.75
      vertex -12.9178 12.85 6.75
    endloop
  endfacet
  facet normal 0 1 0
    outer loop
      vertex -13.0413 12.85 6.56511
      vertex -15.7387 12.85 6.56511
      vertex -15.8622 12.85 6.75
    endloop
  endfacet
  facet normal 0 1 -0
    outer loop
      vertex -13.1879 12.85 6.39792
      vertex -15.7387 12.85 6.56511
      vertex -13.0413 12.85 6.56511
    endloop
  endfacet
  facet normal 0 1 0
    outer loop
      vertex -13.1879 12.85 6.39792
      vertex -15.5921 12.85 6.39792
      vertex -15.7387 12.85 6.56511
    endloop
  endfacet
  facet normal 0 1 -0
    outer loop
      vertex -13.3551 12.85 6.2513
      vertex -15.5921 12.85 6.39792
      vertex -13.1879 12.85 6.39792
    endloop
  endfacet
  facet normal 0 1 0
    outer loop
      vertex -13.3551 12.85 6.2513
      vertex -15.4249 12.85 6.2513
      vertex -15.5921 12.85 6.39792
    endloop
  endfacet
  facet normal 0 1 -0
    outer loop
      vertex -13.54 12.85 6.12776
      vertex -15.4249 12.85 6.2513
      vertex -13.3551 12.85 6.2513
    endloop
  endfacet
  facet normal 0 1 0
    outer loop
      vertex -13.54 12.85 6.12776
      vertex -15.24 12.85 6.12776
      vertex -15.4249 12.85 6.2513
    endloop
  endfacet
  facet normal 0 1 -0
    outer loop
      vertex -13.7394 12.85 6.0294
      vertex -15.24 12.85 6.12776
      vertex -13.54 12.85 6.12776
    endloop
  endfacet
  facet normal 0 1 0
    outer loop
      vertex -13.7394 12.85 6.0294
      vertex -15.0406 12.85 6.0294
      vertex -15.24 12.85 6.12776
    endloop
  endfacet
  facet normal 0 1 -0
    outer loop
      vertex -13.95 12.85 5.95793
      vertex -15.0406 12.85 6.0294
      vertex -13.7394 12.85 6.0294
    endloop
  endfacet
  facet normal 0 1 0
    outer loop
      vertex -13.95 12.85 5.95793
      vertex -14.83 12.85 5.95793
      vertex -15.0406 12.85 6.0294
    endloop
  endfacet
  facet normal 0 1 -0
    outer loop
      vertex -14.1681 12.85 5.91454
      vertex -14.83 12.85 5.95793
      vertex -13.95 12.85 5.95793
    endloop
  endfacet
  facet normal 0 1 0
    outer loop
      vertex -14.1681 12.85 5.91454
      vertex -14.6119 12.85 5.91454
      vertex -14.83 12.85 5.95793
    endloop
  endfacet
  facet normal -0 1 0
    outer loop
      vertex -14.6119 12.85 5.91454
      vertex -14.1681 12.85 5.91454
      vertex -14.39 12.85 5.9
    endloop
  endfacet
  facet normal 0.195113 0 -0.980781
    outer loop
      vertex 9.93189 0 9.01454
      vertex 10.15 12.85 9.05793
      vertex 10.15 0 9.05793
    endloop
  endfacet
  facet normal 0.195113 0 -0.980781
    outer loop
      vertex 10.15 12.85 9.05793
      vertex 9.93189 0 9.01454
      vertex 9.93189 12.85 9.01454
    endloop
  endfacet
  facet normal 0.98077 -0 0.195165
    outer loop
      vertex 11.3521 0 11.14
      vertex 11.3955 12.85 10.9219
      vertex 11.3521 12.85 11.14
    endloop
  endfacet
  facet normal 0.98077 0 0.195165
    outer loop
      vertex 11.3955 12.85 10.9219
      vertex 11.3521 0 11.14
      vertex 11.3955 0 10.9219
    endloop
  endfacet
  facet normal 0.997872 -0 0.0652057
    outer loop
      vertex 11.3955 0 10.9219
      vertex 11.41 12.85 10.7
      vertex 11.3955 12.85 10.9219
    endloop
  endfacet
  facet normal 0.997872 0 0.0652057
    outer loop
      vertex 11.41 12.85 10.7
      vertex 11.3955 0 10.9219
      vertex 11.41 0 10.7
    endloop
  endfacet
  facet normal 0.751869 0 -0.659313
    outer loop
      vertex 11.0587 0 9.6651
      vertex 10.9121 12.85 9.49792
      vertex 11.0587 12.85 9.6651
    endloop
  endfacet
  facet normal 0.751869 0 -0.659313
    outer loop
      vertex 10.9121 12.85 9.49792
      vertex 11.0587 0 9.6651
      vertex 10.9121 0 9.49792
    endloop
  endfacet
  facet normal 0.896754 0 -0.44253
    outer loop
      vertex 11.2806 0 10.0494
      vertex 11.1822 12.85 9.85
      vertex 11.2806 12.85 10.0494
    endloop
  endfacet
  facet normal 0.896754 0 -0.44253
    outer loop
      vertex 11.1822 12.85 9.85
      vertex 11.2806 0 10.0494
      vertex 11.1822 0 9.85
    endloop
  endfacet
  facet normal -0.555447 0 0.831552
    outer loop
      vertex 8.67511 12.85 12.0487
      vertex 8.86 0 12.1722
      vertex 8.86 12.85 12.1722
    endloop
  endfacet
  facet normal -0.555447 0 0.831552
    outer loop
      vertex 8.86 0 12.1722
      vertex 8.67511 12.85 12.0487
      vertex 8.67511 0 12.0487
    endloop
  endfacet
  facet normal -0.896825 0 -0.442386
    outer loop
      vertex 8.23776 0 9.85
      vertex 8.1394 12.85 10.0494
      vertex 8.23776 12.85 9.85
    endloop
  endfacet
  facet normal -0.896825 -0 -0.442386
    outer loop
      vertex 8.1394 12.85 10.0494
      vertex 8.23776 0 9.85
      vertex 8.1394 0 10.0494
    endloop
  endfacet
  facet normal 0.946915 0 -0.321484
    outer loop
      vertex 11.3521 0 10.26
      vertex 11.2806 12.85 10.0494
      vertex 11.3521 12.85 10.26
    endloop
  endfacet
  facet normal 0.946915 0 -0.321484
    outer loop
      vertex 11.2806 12.85 10.0494
      vertex 11.3521 0 10.26
      vertex 11.2806 0 10.0494
    endloop
  endfacet
  facet normal 0.195156 0 0.980772
    outer loop
      vertex 9.93189 12.85 12.3855
      vertex 10.15 0 12.3421
      vertex 10.15 12.85 12.3421
    endloop
  endfacet
  facet normal 0.195156 0 0.980772
    outer loop
      vertex 10.15 0 12.3421
      vertex 9.93189 12.85 12.3855
      vertex 9.93189 0 12.3855
    endloop
  endfacet
  facet normal -0.896825 0 0.442386
    outer loop
      vertex 8.1394 0 11.3506
      vertex 8.23776 12.85 11.55
      vertex 8.1394 12.85 11.3506
    endloop
  endfacet
  facet normal -0.896825 0 0.442386
    outer loop
      vertex 8.23776 12.85 11.55
      vertex 8.1394 0 11.3506
      vertex 8.23776 0 11.55
    endloop
  endfacet
  facet normal 0.44253 0 0.896754
    outer loop
      vertex 10.3606 12.85 12.2706
      vertex 10.56 0 12.1722
      vertex 10.56 12.85 12.1722
    endloop
  endfacet
  facet normal 0.44253 0 0.896754
    outer loop
      vertex 10.56 0 12.1722
      vertex 10.3606 12.85 12.2706
      vertex 10.3606 0 12.2706
    endloop
  endfacet
  facet normal -0.442459 0 0.896789
    outer loop
      vertex 8.86 12.85 12.1722
      vertex 9.05944 0 12.2706
      vertex 9.05944 12.85 12.2706
    endloop
  endfacet
  facet normal -0.442459 0 0.896789
    outer loop
      vertex 9.05944 0 12.2706
      vertex 8.86 12.85 12.1722
      vertex 8.86 0 12.1722
    endloop
  endfacet
  facet normal -0.321525 0 0.946901
    outer loop
      vertex 9.05944 12.85 12.2706
      vertex 9.27001 0 12.3421
      vertex 9.27001 12.85 12.3421
    endloop
  endfacet
  facet normal -0.321525 0 0.946901
    outer loop
      vertex 9.27001 0 12.3421
      vertex 9.05944 12.85 12.2706
      vertex 9.05944 0 12.2706
    endloop
  endfacet
  facet normal 0.751908 -0 0.659268
    outer loop
      vertex 10.9121 0 11.9021
      vertex 11.0587 12.85 11.7349
      vertex 10.9121 12.85 11.9021
    endloop
  endfacet
  facet normal 0.751908 0 0.659268
    outer loop
      vertex 11.0587 12.85 11.7349
      vertex 10.9121 0 11.9021
      vertex 11.0587 0 11.7349
    endloop
  endfacet
  facet normal -0.0653848 0 -0.99786
    outer loop
      vertex 9.4881 0 9.01454
      vertex 9.71 12.85 9
      vertex 9.71 0 9
    endloop
  endfacet
  facet normal -0.0653848 0 -0.99786
    outer loop
      vertex 9.71 12.85 9
      vertex 9.4881 0 9.01454
      vertex 9.4881 12.85 9.01454
    endloop
  endfacet
  facet normal -0.980779 0 -0.195122
    outer loop
      vertex 8.06793 0 10.26
      vertex 8.02454 12.85 10.4781
      vertex 8.06793 12.85 10.26
    endloop
  endfacet
  facet normal -0.980779 -0 -0.195122
    outer loop
      vertex 8.02454 12.85 10.4781
      vertex 8.06793 0 10.26
      vertex 8.02454 0 10.4781
    endloop
  endfacet
  facet normal -0.831483 0 -0.555551
    outer loop
      vertex 8.3613 0 9.6651
      vertex 8.23776 12.85 9.85
      vertex 8.3613 12.85 9.6651
    endloop
  endfacet
  facet normal -0.831483 -0 -0.555551
    outer loop
      vertex 8.23776 12.85 9.85
      vertex 8.3613 0 9.6651
      vertex 8.23776 0 9.85
    endloop
  endfacet
  facet normal -0.195173 0 0.980769
    outer loop
      vertex 9.27001 12.85 12.3421
      vertex 9.4881 0 12.3855
      vertex 9.4881 12.85 12.3855
    endloop
  endfacet
  facet normal -0.195173 0 0.980769
    outer loop
      vertex 9.4881 0 12.3855
      vertex 9.27001 12.85 12.3421
      vertex 9.27001 0 12.3421
    endloop
  endfacet
  facet normal 0.946915 -0 0.321484
    outer loop
      vertex 11.2806 0 11.3506
      vertex 11.3521 12.85 11.14
      vertex 11.2806 12.85 11.3506
    endloop
  endfacet
  facet normal 0.946915 0 0.321484
    outer loop
      vertex 11.3521 12.85 11.14
      vertex 11.2806 0 11.3506
      vertex 11.3521 0 11.14
    endloop
  endfacet
  facet normal 0 1 0
    outer loop
      vertex 9.93189 12.85 12.3855
      vertex 9.4881 12.85 12.3855
      vertex 9.71 12.85 12.4
    endloop
  endfacet
  facet normal 0 1 0
    outer loop
      vertex 10.15 12.85 12.3421
      vertex 9.4881 12.85 12.3855
      vertex 9.93189 12.85 12.3855
    endloop
  endfacet
  facet normal 0 1 0
    outer loop
      vertex 10.15 12.85 12.3421
      vertex 9.27001 12.85 12.3421
      vertex 9.4881 12.85 12.3855
    endloop
  endfacet
  facet normal 0 1 0
    outer loop
      vertex 10.3606 12.85 12.2706
      vertex 9.27001 12.85 12.3421
      vertex 10.15 12.85 12.3421
    endloop
  endfacet
  facet normal 0 1 0
    outer loop
      vertex 10.3606 12.85 12.2706
      vertex 9.05944 12.85 12.2706
      vertex 9.27001 12.85 12.3421
    endloop
  endfacet
  facet normal 0 1 0
    outer loop
      vertex 10.56 12.85 12.1722
      vertex 9.05944 12.85 12.2706
      vertex 10.3606 12.85 12.2706
    endloop
  endfacet
  facet normal 0 1 0
    outer loop
      vertex 10.56 12.85 12.1722
      vertex 8.86 12.85 12.1722
      vertex 9.05944 12.85 12.2706
    endloop
  endfacet
  facet normal 0 1 0
    outer loop
      vertex 10.7449 12.85 12.0487
      vertex 8.86 12.85 12.1722
      vertex 10.56 12.85 12.1722
    endloop
  endfacet
  facet normal 0 1 0
    outer loop
      vertex 10.7449 12.85 12.0487
      vertex 8.67511 12.85 12.0487
      vertex 8.86 12.85 12.1722
    endloop
  endfacet
  facet normal 0 1 0
    outer loop
      vertex 10.9121 12.85 11.9021
      vertex 8.67511 12.85 12.0487
      vertex 10.7449 12.85 12.0487
    endloop
  endfacet
  facet normal 0 1 0
    outer loop
      vertex 10.9121 12.85 11.9021
      vertex 8.50792 12.85 11.9021
      vertex 8.67511 12.85 12.0487
    endloop
  endfacet
  facet normal 0 1 0
    outer loop
      vertex 11.0587 12.85 11.7349
      vertex 8.50792 12.85 11.9021
      vertex 10.9121 12.85 11.9021
    endloop
  endfacet
  facet normal 0 1 0
    outer loop
      vertex 11.0587 12.85 11.7349
      vertex 8.3613 12.85 11.7349
      vertex 8.50792 12.85 11.9021
    endloop
  endfacet
  facet normal 0 1 0
    outer loop
      vertex 11.1822 12.85 11.55
      vertex 8.3613 12.85 11.7349
      vertex 11.0587 12.85 11.7349
    endloop
  endfacet
  facet normal 0 1 0
    outer loop
      vertex 11.1822 12.85 11.55
      vertex 8.23776 12.85 11.55
      vertex 8.3613 12.85 11.7349
    endloop
  endfacet
  facet normal 0 1 0
    outer loop
      vertex 11.2806 12.85 11.3506
      vertex 8.23776 12.85 11.55
      vertex 11.1822 12.85 11.55
    endloop
  endfacet
  facet normal 0 1 0
    outer loop
      vertex 11.2806 12.85 11.3506
      vertex 8.1394 12.85 11.3506
      vertex 8.23776 12.85 11.55
    endloop
  endfacet
  facet normal 0 1 0
    outer loop
      vertex 11.3521 12.85 11.14
      vertex 8.1394 12.85 11.3506
      vertex 11.2806 12.85 11.3506
    endloop
  endfacet
  facet normal 0 1 0
    outer loop
      vertex 11.3521 12.85 11.14
      vertex 8.06793 12.85 11.14
      vertex 8.1394 12.85 11.3506
    endloop
  endfacet
  facet normal 0 1 0
    outer loop
      vertex 11.3955 12.85 10.9219
      vertex 8.06793 12.85 11.14
      vertex 11.3521 12.85 11.14
    endloop
  endfacet
  facet normal 0 1 0
    outer loop
      vertex 11.3955 12.85 10.9219
      vertex 8.02454 12.85 10.9219
      vertex 8.06793 12.85 11.14
    endloop
  endfacet
  facet normal 0 1 0
    outer loop
      vertex 11.41 12.85 10.7
      vertex 8.02454 12.85 10.9219
      vertex 11.3955 12.85 10.9219
    endloop
  endfacet
  facet normal 0 1 0
    outer loop
      vertex 11.41 12.85 10.7
      vertex 8.01 12.85 10.7
      vertex 8.02454 12.85 10.9219
    endloop
  endfacet
  facet normal 0 1 -0
    outer loop
      vertex 11.3955 12.85 10.4781
      vertex 8.01 12.85 10.7
      vertex 11.41 12.85 10.7
    endloop
  endfacet
  facet normal 0 1 0
    outer loop
      vertex 11.3955 12.85 10.4781
      vertex 8.02454 12.85 10.4781
      vertex 8.01 12.85 10.7
    endloop
  endfacet
  facet normal 0 1 -0
    outer loop
      vertex 11.3521 12.85 10.26
      vertex 8.02454 12.85 10.4781
      vertex 11.3955 12.85 10.4781
    endloop
  endfacet
  facet normal 0 1 0
    outer loop
      vertex 11.3521 12.85 10.26
      vertex 8.06793 12.85 10.26
      vertex 8.02454 12.85 10.4781
    endloop
  endfacet
  facet normal 0 1 -0
    outer loop
      vertex 11.2806 12.85 10.0494
      vertex 8.06793 12.85 10.26
      vertex 11.3521 12.85 10.26
    endloop
  endfacet
  facet normal 0 1 0
    outer loop
      vertex 11.2806 12.85 10.0494
      vertex 8.1394 12.85 10.0494
      vertex 8.06793 12.85 10.26
    endloop
  endfacet
  facet normal 0 1 -0
    outer loop
      vertex 11.1822 12.85 9.85
      vertex 8.1394 12.85 10.0494
      vertex 11.2806 12.85 10.0494
    endloop
  endfacet
  facet normal 0 1 0
    outer loop
      vertex 11.1822 12.85 9.85
      vertex 8.23776 12.85 9.85
      vertex 8.1394 12.85 10.0494
    endloop
  endfacet
  facet normal 0 1 -0
    outer loop
      vertex 11.0587 12.85 9.6651
      vertex 8.23776 12.85 9.85
      vertex 11.1822 12.85 9.85
    endloop
  endfacet
  facet normal 0 1 0
    outer loop
      vertex 11.0587 12.85 9.6651
      vertex 8.3613 12.85 9.6651
      vertex 8.23776 12.85 9.85
    endloop
  endfacet
  facet normal 0 1 -0
    outer loop
      vertex 10.9121 12.85 9.49792
      vertex 8.3613 12.85 9.6651
      vertex 11.0587 12.85 9.6651
    endloop
  endfacet
  facet normal 0 1 0
    outer loop
      vertex 10.9121 12.85 9.49792
      vertex 8.50792 12.85 9.49792
      vertex 8.3613 12.85 9.6651
    endloop
  endfacet
  facet normal 0 1 -0
    outer loop
      vertex 10.7449 12.85 9.3513
      vertex 8.50792 12.85 9.49792
      vertex 10.9121 12.85 9.49792
    endloop
  endfacet
  facet normal 0 1 0
    outer loop
      vertex 10.7449 12.85 9.3513
      vertex 8.67511 12.85 9.3513
      vertex 8.50792 12.85 9.49792
    endloop
  endfacet
  facet normal 0 1 -0
    outer loop
      vertex 10.56 12.85 9.22776
      vertex 8.67511 12.85 9.3513
      vertex 10.7449 12.85 9.3513
    endloop
  endfacet
  facet normal 0 1 0
    outer loop
      vertex 10.56 12.85 9.22776
      vertex 8.86 12.85 9.22776
      vertex 8.67511 12.85 9.3513
    endloop
  endfacet
  facet normal 0 1 -0
    outer loop
      vertex 10.3606 12.85 9.1294
      vertex 8.86 12.85 9.22776
      vertex 10.56 12.85 9.22776
    endloop
  endfacet
  facet normal 0 1 0
    outer loop
      vertex 10.3606 12.85 9.1294
      vertex 9.05944 12.85 9.1294
      vertex 8.86 12.85 9.22776
    endloop
  endfacet
  facet normal 0 1 -0
    outer loop
      vertex 10.15 12.85 9.05793
      vertex 9.05944 12.85 9.1294
      vertex 10.3606 12.85 9.1294
    endloop
  endfacet
  facet normal 0 1 0
    outer loop
      vertex 10.15 12.85 9.05793
      vertex 9.27001 12.85 9.05793
      vertex 9.05944 12.85 9.1294
    endloop
  endfacet
  facet normal 0 1 -0
    outer loop
      vertex 9.93189 12.85 9.01454
      vertex 9.27001 12.85 9.05793
      vertex 10.15 12.85 9.05793
    endloop
  endfacet
  facet normal 0 1 0
    outer loop
      vertex 9.93189 12.85 9.01454
      vertex 9.4881 12.85 9.01454
      vertex 9.27001 12.85 9.05793
    endloop
  endfacet
  facet normal -0 1 0
    outer loop
      vertex 9.4881 12.85 9.01454
      vertex 9.93189 12.85 9.01454
      vertex 9.71 12.85 9
    endloop
  endfacet
  facet normal 0.321484 0 0.946915
    outer loop
      vertex 10.15 12.85 12.3421
      vertex 10.3606 0 12.2706
      vertex 10.3606 12.85 12.2706
    endloop
  endfacet
  facet normal 0.321484 0 0.946915
    outer loop
      vertex 10.3606 0 12.2706
      vertex 10.15 12.85 12.3421
      vertex 10.15 0 12.3421
    endloop
  endfacet
  facet normal 0.555426 0 0.831566
    outer loop
      vertex 10.56 12.85 12.1722
      vertex 10.7449 0 12.0487
      vertex 10.7449 12.85 12.0487
    endloop
  endfacet
  facet normal 0.555426 0 0.831566
    outer loop
      vertex 10.7449 0 12.0487
      vertex 10.56 12.85 12.1722
      vertex 10.56 0 12.1722
    endloop
  endfacet
  facet normal -0.980779 0 0.195122
    outer loop
      vertex 8.02454 0 10.9219
      vertex 8.06793 12.85 11.14
      vertex 8.02454 12.85 10.9219
    endloop
  endfacet
  facet normal -0.980779 0 0.195122
    outer loop
      vertex 8.06793 12.85 11.14
      vertex 8.02454 0 10.9219
      vertex 8.06793 0 11.14
    endloop
  endfacet
  facet normal 0.831566 -0 0.555426
    outer loop
      vertex 11.0587 0 11.7349
      vertex 11.1822 12.85 11.55
      vertex 11.0587 12.85 11.7349
    endloop
  endfacet
  facet normal 0.831566 0 0.555426
    outer loop
      vertex 11.1822 12.85 11.55
      vertex 11.0587 0 11.7349
      vertex 11.1822 0 11.55
    endloop
  endfacet
  facet normal 0.98077 0 -0.195165
    outer loop
      vertex 11.3955 0 10.4781
      vertex 11.3521 12.85 10.26
      vertex 11.3955 12.85 10.4781
    endloop
  endfacet
  facet normal 0.98077 0 -0.195165
    outer loop
      vertex 11.3521 12.85 10.26
      vertex 11.3955 0 10.4781
      vertex 11.3521 0 10.26
    endloop
  endfacet
  facet normal 0.997872 0 -0.0652057
    outer loop
      vertex 11.41 0 10.7
      vertex 11.3955 12.85 10.4781
      vertex 11.41 12.85 10.7
    endloop
  endfacet
  facet normal 0.997872 0 -0.0652057
    outer loop
      vertex 11.3955 12.85 10.4781
      vertex 11.41 0 10.7
      vertex 11.3955 0 10.4781
    endloop
  endfacet
  facet normal -0.751863 0 0.659319
    outer loop
      vertex 8.3613 0 11.7349
      vertex 8.50792 12.85 11.9021
      vertex 8.3613 12.85 11.7349
    endloop
  endfacet
  facet normal -0.751863 0 0.659319
    outer loop
      vertex 8.50792 12.85 11.9021
      vertex 8.3613 0 11.7349
      vertex 8.50792 0 11.9021
    endloop
  endfacet
  facet normal -0.442314 0 -0.89686
    outer loop
      vertex 8.86 0 9.22776
      vertex 9.05944 12.85 9.1294
      vertex 9.05944 0 9.1294
    endloop
  endfacet
  facet normal -0.442314 0 -0.89686
    outer loop
      vertex 9.05944 12.85 9.1294
      vertex 8.86 0 9.22776
      vertex 8.86 12.85 9.22776
    endloop
  endfacet
  facet normal -0.659291 0 0.751888
    outer loop
      vertex 8.50792 12.85 11.9021
      vertex 8.67511 0 12.0487
      vertex 8.67511 12.85 12.0487
    endloop
  endfacet
  facet normal -0.659291 0 0.751888
    outer loop
      vertex 8.67511 0 12.0487
      vertex 8.50792 12.85 11.9021
      vertex 8.50792 0 11.9021
    endloop
  endfacet
  facet normal 0.0652086 0 0.997872
    outer loop
      vertex 9.71 12.85 12.4
      vertex 9.93189 0 12.3855
      vertex 9.93189 12.85 12.3855
    endloop
  endfacet
  facet normal 0.0652086 0 0.997872
    outer loop
      vertex 9.93189 0 12.3855
      vertex 9.71 12.85 12.4
      vertex 9.71 0 12.4
    endloop
  endfacet
  facet normal -0.99786 0 -0.0653848
    outer loop
      vertex 8.02454 0 10.4781
      vertex 8.01 12.85 10.7
      vertex 8.02454 12.85 10.4781
    endloop
  endfacet
  facet normal -0.99786 -0 -0.0653848
    outer loop
      vertex 8.01 12.85 10.7
      vertex 8.02454 0 10.4781
      vertex 8.01 0 10.7
    endloop
  endfacet
  facet normal 0.555551 0 -0.831483
    outer loop
      vertex 10.56 0 9.22776
      vertex 10.7449 12.85 9.3513
      vertex 10.7449 0 9.3513
    endloop
  endfacet
  facet normal 0.555551 0 -0.831483
    outer loop
      vertex 10.7449 12.85 9.3513
      vertex 10.56 0 9.22776
      vertex 10.56 12.85 9.22776
    endloop
  endfacet
  facet normal 0.831566 0 -0.555426
    outer loop
      vertex 11.1822 0 9.85
      vertex 11.0587 12.85 9.6651
      vertex 11.1822 12.85 9.85
    endloop
  endfacet
  facet normal 0.831566 0 -0.555426
    outer loop
      vertex 11.0587 12.85 9.6651
      vertex 11.1822 0 9.85
      vertex 11.0587 0 9.6651
    endloop
  endfacet
  facet normal 0.0653877 0 -0.99786
    outer loop
      vertex 9.71 0 9
      vertex 9.93189 12.85 9.01454
      vertex 9.93189 0 9.01454
    endloop
  endfacet
  facet normal 0.0653877 0 -0.99786
    outer loop
      vertex 9.93189 12.85 9.01454
      vertex 9.71 0 9
      vertex 9.71 12.85 9
    endloop
  endfacet
  facet normal 0.659268 0 0.751908
    outer loop
      vertex 10.7449 12.85 12.0487
      vertex 10.9121 0 11.9021
      vertex 10.9121 12.85 11.9021
    endloop
  endfacet
  facet normal 0.659268 0 0.751908
    outer loop
      vertex 10.9121 0 11.9021
      vertex 10.7449 12.85 12.0487
      vertex 10.7449 0 12.0487
    endloop
  endfacet
  facet normal -0.0652057 0 0.997872
    outer loop
      vertex 9.4881 12.85 12.3855
      vertex 9.71 0 12.4
      vertex 9.71 12.85 12.4
    endloop
  endfacet
  facet normal -0.0652057 0 0.997872
    outer loop
      vertex 9.71 0 12.4
      vertex 9.4881 12.85 12.3855
      vertex 9.4881 0 12.3855
    endloop
  endfacet
  facet normal 0.896754 -0 0.44253
    outer loop
      vertex 11.1822 0 11.55
      vertex 11.2806 12.85 11.3506
      vertex 11.1822 12.85 11.55
    endloop
  endfacet
  facet normal 0.896754 0 0.44253
    outer loop
      vertex 11.2806 12.85 11.3506
      vertex 11.1822 0 11.55
      vertex 11.2806 0 11.3506
    endloop
  endfacet
  facet normal -0.946956 0 -0.321363
    outer loop
      vertex 8.1394 0 10.0494
      vertex 8.06793 12.85 10.26
      vertex 8.1394 12.85 10.0494
    endloop
  endfacet
  facet normal -0.946956 -0 -0.321363
    outer loop
      vertex 8.06793 12.85 10.26
      vertex 8.1394 0 10.0494
      vertex 8.06793 0 10.26
    endloop
  endfacet
  facet normal -0.321404 0 -0.946942
    outer loop
      vertex 9.05944 0 9.1294
      vertex 9.27001 12.85 9.05793
      vertex 9.27001 0 9.05793
    endloop
  endfacet
  facet normal -0.321404 0 -0.946942
    outer loop
      vertex 9.27001 12.85 9.05793
      vertex 9.05944 0 9.1294
      vertex 9.05944 12.85 9.1294
    endloop
  endfacet
  facet normal -0.99786 0 0.0653848
    outer loop
      vertex 8.01 0 10.7
      vertex 8.02454 12.85 10.9219
      vertex 8.01 12.85 10.7
    endloop
  endfacet
  facet normal -0.99786 0 0.0653848
    outer loop
      vertex 8.02454 12.85 10.9219
      vertex 8.01 0 10.7
      vertex 8.02454 0 10.9219
    endloop
  endfacet
  facet normal 0.321363 0 -0.946956
    outer loop
      vertex 10.15 0 9.05793
      vertex 10.3606 12.85 9.1294
      vertex 10.3606 0 9.1294
    endloop
  endfacet
  facet normal 0.321363 0 -0.946956
    outer loop
      vertex 10.3606 12.85 9.1294
      vertex 10.15 0 9.05793
      vertex 10.15 12.85 9.05793
    endloop
  endfacet
  facet normal 0.442386 0 -0.896825
    outer loop
      vertex 10.3606 0 9.1294
      vertex 10.56 12.85 9.22776
      vertex 10.56 0 9.22776
    endloop
  endfacet
  facet normal 0.442386 0 -0.896825
    outer loop
      vertex 10.56 12.85 9.22776
      vertex 10.3606 0 9.1294
      vertex 10.3606 12.85 9.1294
    endloop
  endfacet
  facet normal 0.659319 0 -0.751863
    outer loop
      vertex 10.7449 0 9.3513
      vertex 10.9121 12.85 9.49792
      vertex 10.9121 0 9.49792
    endloop
  endfacet
  facet normal 0.659319 0 -0.751863
    outer loop
      vertex 10.9121 12.85 9.49792
      vertex 10.7449 0 9.3513
      vertex 10.7449 12.85 9.3513
    endloop
  endfacet
  facet normal -0.19513 0 -0.980777
    outer loop
      vertex 9.27001 0 9.05793
      vertex 9.4881 12.85 9.01454
      vertex 9.4881 0 9.01454
    endloop
  endfacet
  facet normal -0.19513 0 -0.980777
    outer loop
      vertex 9.4881 12.85 9.01454
      vertex 9.27001 0 9.05793
      vertex 9.27001 12.85 9.05793
    endloop
  endfacet
  facet normal -0.831483 0 0.555551
    outer loop
      vertex 8.23776 0 11.55
      vertex 8.3613 12.85 11.7349
      vertex 8.23776 12.85 11.55
    endloop
  endfacet
  facet normal -0.831483 0 0.555551
    outer loop
      vertex 8.3613 12.85 11.7349
      vertex 8.23776 0 11.55
      vertex 8.3613 0 11.7349
    endloop
  endfacet
  facet normal -0.946956 0 0.321363
    outer loop
      vertex 8.06793 0 11.14
      vertex 8.1394 12.85 11.3506
      vertex 8.06793 12.85 11.14
    endloop
  endfacet
  facet normal -0.946956 0 0.321363
    outer loop
      vertex 8.1394 12.85 11.3506
      vertex 8.06793 0 11.14
      vertex 8.1394 0 11.3506
    endloop
  endfacet
  facet normal -0.751824 0 -0.659364
    outer loop
      vertex 8.50792 0 9.49792
      vertex 8.3613 12.85 9.6651
      vertex 8.50792 12.85 9.49792
    endloop
  endfacet
  facet normal -0.751824 -0 -0.659364
    outer loop
      vertex 8.3613 12.85 9.6651
      vertex 8.50792 0 9.49792
      vertex 8.3613 0 9.6651
    endloop
  endfacet
  facet normal -0.659342 0 -0.751844
    outer loop
      vertex 8.50792 0 9.49792
      vertex 8.67511 12.85 9.3513
      vertex 8.67511 0 9.3513
    endloop
  endfacet
  facet normal -0.659342 0 -0.751844
    outer loop
      vertex 8.67511 12.85 9.3513
      vertex 8.50792 0 9.49792
      vertex 8.50792 12.85 9.49792
    endloop
  endfacet
  facet normal -0.555572 0 -0.831469
    outer loop
      vertex 8.67511 0 9.3513
      vertex 8.86 12.85 9.22776
      vertex 8.86 0 9.22776
    endloop
  endfacet
  facet normal -0.555572 0 -0.831469
    outer loop
      vertex 8.86 12.85 9.22776
      vertex 8.67511 0 9.3513
      vertex 8.67511 12.85 9.3513
    endloop
  endfacet
  facet normal 0.321468 0 -0.94692
    outer loop
      vertex 27.6988 -2 0.0919981
      vertex 28.0332 0 0.205523
      vertex 28.0332 -2 0.205523
    endloop
  endfacet
  facet normal 0.321468 0 -0.94692
    outer loop
      vertex 28.0332 0 0.205523
      vertex 27.6988 -2 0.0919981
      vertex 27.6988 0 0.0919981
    endloop
  endfacet
  facet normal 0.195064 0 -0.980791
    outer loop
      vertex 27.3524 -2 0.0231047
      vertex 27.6988 0 0.0919981
      vertex 27.6988 -2 0.0919981
    endloop
  endfacet
  facet normal 0.195064 0 -0.980791
    outer loop
      vertex 27.6988 0 0.0919981
      vertex 27.3524 -2 0.0231047
      vertex 27.3524 0 0.0231047
    endloop
  endfacet
  facet normal -0.555507 0 -0.831512
    outer loop
      vertex -28.6437 -2 0.55794
      vertex -28.35 0 0.361728
      vertex -28.35 -2 0.361728
    endloop
  endfacet
  facet normal -0.555507 0 -0.831512
    outer loop
      vertex -28.35 0 0.361728
      vertex -28.6437 -2 0.55794
      vertex -28.6437 0 0.55794
    endloop
  endfacet
  facet normal -0.442235 0 -0.896899
    outer loop
      vertex -28.35 -2 0.361728
      vertex -28.0332 0 0.205523
      vertex -28.0332 -2 0.205523
    endloop
  endfacet
  facet normal -0.442235 0 -0.896899
    outer loop
      vertex -28.0332 0 0.205523
      vertex -28.35 -2 0.361728
      vertex -28.35 0 0.361728
    endloop
  endfacet
  facet normal 0.659446 0 0.751752
    outer loop
      vertex 28.6437 0 58.8421
      vertex 28.9092 -2 58.6092
      vertex 28.9092 0 58.6092
    endloop
  endfacet
  facet normal 0.659446 0 0.751752
    outer loop
      vertex 28.9092 -2 58.6092
      vertex 28.6437 0 58.8421
      vertex 28.6437 -2 58.8421
    endloop
  endfacet
  facet normal 0.0654153 0 -0.997858
    outer loop
      vertex 27 -2 2.86102e-06
      vertex 27.3524 0 0.0231047
      vertex 27.3524 -2 0.0231047
    endloop
  endfacet
  facet normal 0.0654153 0 -0.997858
    outer loop
      vertex 27.3524 0 0.0231047
      vertex 27 -2 2.86102e-06
      vertex 27 0 2.86102e-06
    endloop
  endfacet
  facet normal 0 0 -1
    outer loop
      vertex -2 -2 2.86102e-06
      vertex 27 0 2.86102e-06
      vertex 27 -2 2.86102e-06
    endloop
  endfacet
  facet normal -0 0 -1
    outer loop
      vertex 27 0 2.86102e-06
      vertex -2 -2 2.86102e-06
      vertex -2 0 2.86102e-06
    endloop
  endfacet
  facet normal 0 0 -1
    outer loop
      vertex -27 -2 2.86102e-06
      vertex -14 0 2.86102e-06
      vertex -14 -2 2.86102e-06
    endloop
  endfacet
  facet normal -0 0 -1
    outer loop
      vertex -14 0 2.86102e-06
      vertex -27 -2 2.86102e-06
      vertex -27 0 2.86102e-06
    endloop
  endfacet
  facet normal -0.321468 0 -0.94692
    outer loop
      vertex -28.0332 -2 0.205523
      vertex -27.6988 0 0.0919981
      vertex -27.6988 -2 0.0919981
    endloop
  endfacet
  facet normal -0.321468 0 -0.94692
    outer loop
      vertex -27.6988 0 0.0919981
      vertex -28.0332 -2 0.205523
      vertex -28.0332 0 0.205523
    endloop
  endfacet
  facet normal -0.65939 0 -0.751801
    outer loop
      vertex -28.9092 -2 0.790805
      vertex -28.6437 0 0.55794
      vertex -28.6437 -2 0.55794
    endloop
  endfacet
  facet normal -0.65939 0 -0.751801
    outer loop
      vertex -28.6437 0 0.55794
      vertex -28.9092 -2 0.790805
      vertex -28.9092 0 0.790805
    endloop
  endfacet
  facet normal -0.442224 0 0.896905
    outer loop
      vertex -28.35 0 59.0383
      vertex -28.0332 -2 59.1945
      vertex -28.0332 0 59.1945
    endloop
  endfacet
  facet normal -0.442224 0 0.896905
    outer loop
      vertex -28.0332 -2 59.1945
      vertex -28.35 0 59.0383
      vertex -28.35 -2 59.0383
    endloop
  endfacet
  facet normal -0.659446 0 0.751752
    outer loop
      vertex -28.9092 0 58.6092
      vertex -28.6437 -2 58.8421
      vertex -28.6437 0 58.8421
    endloop
  endfacet
  facet normal -0.659446 0 0.751752
    outer loop
      vertex -28.6437 -2 58.8421
      vertex -28.9092 0 58.6092
      vertex -28.9092 -2 58.6092
    endloop
  endfacet
  facet normal 1 -0 0
    outer loop
      vertex 29.7 -2 56.7
      vertex 29.7 0 2.7
      vertex 29.7 0 56.7
    endloop
  endfacet
  facet normal 1 0 0
    outer loop
      vertex 29.7 0 2.7
      vertex 29.7 -2 56.7
      vertex 29.7 -2 2.7
    endloop
  endfacet
  facet normal 0.442224 0 0.896905
    outer loop
      vertex 28.0332 0 59.1945
      vertex 28.35 -2 59.0383
      vertex 28.35 0 59.0383
    endloop
  endfacet
  facet normal 0.442224 0 0.896905
    outer loop
      vertex 28.35 -2 59.0383
      vertex 28.0332 0 59.1945
      vertex 28.0332 -2 59.1945
    endloop
  endfacet
  facet normal -1 0 0
    outer loop
      vertex -29.7 -2 2.7
      vertex -29.7 0 56.7
      vertex -29.7 0 2.7
    endloop
  endfacet
  facet normal -1 -0 0
    outer loop
      vertex -29.7 0 56.7
      vertex -29.7 -2 2.7
      vertex -29.7 -2 56.7
    endloop
  endfacet
  facet normal -0.195064 0 -0.980791
    outer loop
      vertex -27.6988 -2 0.0919981
      vertex -27.3524 0 0.0231047
      vertex -27.3524 -2 0.0231047
    endloop
  endfacet
  facet normal -0.195064 0 -0.980791
    outer loop
      vertex -27.3524 0 0.0231047
      vertex -27.6988 -2 0.0919981
      vertex -27.6988 0 0.0919981
    endloop
  endfacet
  facet normal -0.896905 0 0.442224
    outer loop
      vertex -29.4945 -2 57.7332
      vertex -29.3383 0 58.05
      vertex -29.4945 0 57.7332
    endloop
  endfacet
  facet normal -0.896905 0 0.442224
    outer loop
      vertex -29.3383 0 58.05
      vertex -29.4945 -2 57.7332
      vertex -29.3383 -2 58.05
    endloop
  endfacet
  facet normal 0.195081 0 0.980787
    outer loop
      vertex 27.3524 0 59.3769
      vertex 27.6988 -2 59.308
      vertex 27.6988 0 59.308
    endloop
  endfacet
  facet normal 0.195081 0 0.980787
    outer loop
      vertex 27.6988 -2 59.308
      vertex 27.3524 0 59.3769
      vertex 27.3524 -2 59.3769
    endloop
  endfacet
  facet normal -0.0654153 0 -0.997858
    outer loop
      vertex -27.3524 -2 0.0231047
      vertex -27 0 2.86102e-06
      vertex -27 -2 2.86102e-06
    endloop
  endfacet
  facet normal -0.0654153 0 -0.997858
    outer loop
      vertex -27 0 2.86102e-06
      vertex -27.3524 -2 0.0231047
      vertex -27.3524 0 0.0231047
    endloop
  endfacet
  facet normal -0.980787 0 0.195081
    outer loop
      vertex -29.6769 -2 57.0524
      vertex -29.608 0 57.3988
      vertex -29.6769 0 57.0524
    endloop
  endfacet
  facet normal -0.980787 0 0.195081
    outer loop
      vertex -29.608 0 57.3988
      vertex -29.6769 -2 57.0524
      vertex -29.608 -2 57.3988
    endloop
  endfacet
  facet normal 0.0654101 0 0.997858
    outer loop
      vertex 27 0 59.4
      vertex 27.3524 -2 59.3769
      vertex 27.3524 0 59.3769
    endloop
  endfacet
  facet normal 0.0654101 0 0.997858
    outer loop
      vertex 27.3524 -2 59.3769
      vertex 27 0 59.4
      vertex 27 -2 59.4
    endloop
  endfacet
  facet normal 0.751752 -0 0.659446
    outer loop
      vertex 28.9092 -2 58.6092
      vertex 29.1421 0 58.3437
      vertex 28.9092 0 58.6092
    endloop
  endfacet
  facet normal 0.751752 0 0.659446
    outer loop
      vertex 29.1421 0 58.3437
      vertex 28.9092 -2 58.6092
      vertex 29.1421 -2 58.3437
    endloop
  endfacet
  facet normal 0.997858 -0 0.0654101
    outer loop
      vertex 29.6769 -2 57.0524
      vertex 29.7 0 56.7
      vertex 29.6769 0 57.0524
    endloop
  endfacet
  facet normal 0.997858 0 0.0654101
    outer loop
      vertex 29.7 0 56.7
      vertex 29.6769 -2 57.0524
      vertex 29.7 -2 56.7
    endloop
  endfacet
  facet normal -0 0 1
    outer loop
      vertex -27 0 59.4
      vertex 27 -2 59.4
      vertex 27 0 59.4
    endloop
  endfacet
  facet normal 0 0 1
    outer loop
      vertex 27 -2 59.4
      vertex -27 0 59.4
      vertex -27 -2 59.4
    endloop
  endfacet
  facet normal 0.751795 0 -0.659397
    outer loop
      vertex 29.1421 -2 1.05634
      vertex 28.9092 0 0.790805
      vertex 29.1421 0 1.05634
    endloop
  endfacet
  facet normal 0.751795 0 -0.659397
    outer loop
      vertex 28.9092 0 0.790805
      vertex 29.1421 -2 1.05634
      vertex 28.9092 -2 0.790805
    endloop
  endfacet
  facet normal 0.555484 0 0.831527
    outer loop
      vertex 28.35 0 59.0383
      vertex 28.6437 -2 58.8421
      vertex 28.6437 0 58.8421
    endloop
  endfacet
  facet normal 0.555484 0 0.831527
    outer loop
      vertex 28.6437 -2 58.8421
      vertex 28.35 0 59.0383
      vertex 28.35 -2 59.0383
    endloop
  endfacet
  facet normal -0.321405 0 0.946942
    outer loop
      vertex -28.0332 0 59.1945
      vertex -27.6988 -2 59.308
      vertex -27.6988 0 59.308
    endloop
  endfacet
  facet normal -0.321405 0 0.946942
    outer loop
      vertex -27.6988 -2 59.308
      vertex -28.0332 0 59.1945
      vertex -28.0332 -2 59.1945
    endloop
  endfacet
  facet normal 0.980787 -0 0.195081
    outer loop
      vertex 29.608 -2 57.3988
      vertex 29.6769 0 57.0524
      vertex 29.608 0 57.3988
    endloop
  endfacet
  facet normal 0.980787 0 0.195081
    outer loop
      vertex 29.6769 0 57.0524
      vertex 29.608 -2 57.3988
      vertex 29.6769 -2 57.0524
    endloop
  endfacet
  facet normal -0.0654101 0 0.997858
    outer loop
      vertex -27.3524 0 59.3769
      vertex -27 -2 59.4
      vertex -27 0 59.4
    endloop
  endfacet
  facet normal -0.0654101 0 0.997858
    outer loop
      vertex -27 -2 59.4
      vertex -27.3524 0 59.3769
      vertex -27.3524 -2 59.3769
    endloop
  endfacet
  facet normal 0.831527 -0 0.555484
    outer loop
      vertex 29.1421 -2 58.3437
      vertex 29.3383 0 58.05
      vertex 29.1421 0 58.3437
    endloop
  endfacet
  facet normal 0.831527 0 0.555484
    outer loop
      vertex 29.3383 0 58.05
      vertex 29.1421 -2 58.3437
      vertex 29.3383 -2 58.05
    endloop
  endfacet
  facet normal -0.195081 0 0.980787
    outer loop
      vertex -27.6988 0 59.308
      vertex -27.3524 -2 59.3769
      vertex -27.3524 0 59.3769
    endloop
  endfacet
  facet normal -0.195081 0 0.980787
    outer loop
      vertex -27.3524 -2 59.3769
      vertex -27.6988 0 59.308
      vertex -27.6988 -2 59.308
    endloop
  endfacet
  facet normal -0.751795 0 -0.659397
    outer loop
      vertex -28.9092 -2 0.790805
      vertex -29.1421 0 1.05634
      vertex -28.9092 0 0.790805
    endloop
  endfacet
  facet normal -0.751795 -0 -0.659397
    outer loop
      vertex -29.1421 0 1.05634
      vertex -28.9092 -2 0.790805
      vertex -29.1421 -2 1.05634
    endloop
  endfacet
  facet normal -0.946942 0 0.321405
    outer loop
      vertex -29.608 -2 57.3988
      vertex -29.4945 0 57.7332
      vertex -29.608 0 57.3988
    endloop
  endfacet
  facet normal -0.946942 0 0.321405
    outer loop
      vertex -29.4945 0 57.7332
      vertex -29.608 -2 57.3988
      vertex -29.4945 -2 57.7332
    endloop
  endfacet
  facet normal 0.946942 -0 0.321405
    outer loop
      vertex 29.4945 -2 57.7332
      vertex 29.608 0 57.3988
      vertex 29.4945 0 57.7332
    endloop
  endfacet
  facet normal 0.946942 0 0.321405
    outer loop
      vertex 29.608 0 57.3988
      vertex 29.4945 -2 57.7332
      vertex 29.608 -2 57.3988
    endloop
  endfacet
  facet normal -0.751752 0 0.659446
    outer loop
      vertex -29.1421 -2 58.3437
      vertex -28.9092 0 58.6092
      vertex -29.1421 0 58.3437
    endloop
  endfacet
  facet normal -0.751752 0 0.659446
    outer loop
      vertex -28.9092 0 58.6092
      vertex -29.1421 -2 58.3437
      vertex -28.9092 -2 58.6092
    endloop
  endfacet
  facet normal 0.896905 -0 0.442224
    outer loop
      vertex 29.3383 -2 58.05
      vertex 29.4945 0 57.7332
      vertex 29.3383 0 58.05
    endloop
  endfacet
  facet normal 0.896905 0 0.442224
    outer loop
      vertex 29.4945 0 57.7332
      vertex 29.3383 -2 58.05
      vertex 29.4945 -2 57.7332
    endloop
  endfacet
  facet normal -0.831527 0 0.555484
    outer loop
      vertex -29.3383 -2 58.05
      vertex -29.1421 0 58.3437
      vertex -29.3383 0 58.05
    endloop
  endfacet
  facet normal -0.831527 0 0.555484
    outer loop
      vertex -29.1421 0 58.3437
      vertex -29.3383 -2 58.05
      vertex -29.1421 -2 58.3437
    endloop
  endfacet
  facet normal 0.946953 0 -0.321371
    outer loop
      vertex 29.608 -2 2.00119
      vertex 29.4945 0 1.66675
      vertex 29.608 0 2.00119
    endloop
  endfacet
  facet normal 0.946953 0 -0.321371
    outer loop
      vertex 29.4945 0 1.66675
      vertex 29.608 -2 2.00119
      vertex 29.4945 -2 1.66675
    endloop
  endfacet
  facet normal -0.831484 0 -0.555549
    outer loop
      vertex -29.1421 -2 1.05634
      vertex -29.3383 0 1.34999
      vertex -29.1421 0 1.05634
    endloop
  endfacet
  facet normal -0.831484 -0 -0.555549
    outer loop
      vertex -29.3383 0 1.34999
      vertex -29.1421 -2 1.05634
      vertex -29.3383 -2 1.34999
    endloop
  endfacet
  facet normal 0.321405 0 0.946942
    outer loop
      vertex 27.6988 0 59.308
      vertex 28.0332 -2 59.1945
      vertex 28.0332 0 59.1945
    endloop
  endfacet
  facet normal 0.321405 0 0.946942
    outer loop
      vertex 28.0332 -2 59.1945
      vertex 27.6988 0 59.308
      vertex 27.6988 -2 59.308
    endloop
  endfacet
  facet normal -0.980786 0 -0.195087
    outer loop
      vertex -29.608 -2 2.00119
      vertex -29.6769 0 2.34758
      vertex -29.608 0 2.00119
    endloop
  endfacet
  facet normal -0.980786 -0 -0.195087
    outer loop
      vertex -29.6769 0 2.34758
      vertex -29.608 -2 2.00119
      vertex -29.6769 -2 2.34758
    endloop
  endfacet
  facet normal -0.555484 0 0.831527
    outer loop
      vertex -28.6437 0 58.8421
      vertex -28.35 -2 59.0383
      vertex -28.35 0 59.0383
    endloop
  endfacet
  facet normal -0.555484 0 0.831527
    outer loop
      vertex -28.35 -2 59.0383
      vertex -28.6437 0 58.8421
      vertex -28.6437 -2 58.8421
    endloop
  endfacet
  facet normal 0.65939 0 -0.751801
    outer loop
      vertex 28.6437 -2 0.55794
      vertex 28.9092 0 0.790805
      vertex 28.9092 -2 0.790805
    endloop
  endfacet
  facet normal 0.65939 0 -0.751801
    outer loop
      vertex 28.9092 0 0.790805
      vertex 28.6437 -2 0.55794
      vertex 28.6437 0 0.55794
    endloop
  endfacet
  facet normal 0.896883 0 -0.442269
    outer loop
      vertex 29.4945 -2 1.66675
      vertex 29.3383 0 1.34999
      vertex 29.4945 0 1.66675
    endloop
  endfacet
  facet normal 0.896883 0 -0.442269
    outer loop
      vertex 29.3383 0 1.34999
      vertex 29.4945 -2 1.66675
      vertex 29.3383 -2 1.34999
    endloop
  endfacet
  facet normal 0 -1 0
    outer loop
      vertex 27 -2 2.86102e-06
      vertex 27 -2 3
      vertex -2 -2 3
    endloop
  endfacet
  facet normal -0 -1 0
    outer loop
      vertex 27.3524 -2 0.0231047
      vertex 27 -2 3
      vertex 27 -2 2.86102e-06
    endloop
  endfacet
  facet normal 0 -1 0
    outer loop
      vertex 27 -2 3
      vertex 29.6769 -2 2.34758
      vertex 29.7 -2 2.7
    endloop
  endfacet
  facet normal 0 -1 0
    outer loop
      vertex 27 -2 3
      vertex 29.608 -2 2.00119
      vertex 29.6769 -2 2.34758
    endloop
  endfacet
  facet normal 0 -1 0
    outer loop
      vertex 27 -2 3
      vertex 29.4945 -2 1.66675
      vertex 29.608 -2 2.00119
    endloop
  endfacet
  facet normal 0 -1 0
    outer loop
      vertex 27 -2 3
      vertex 29.3383 -2 1.34999
      vertex 29.4945 -2 1.66675
    endloop
  endfacet
  facet normal 0 -1 0
    outer loop
      vertex 27 -2 3
      vertex 29.1421 -2 1.05634
      vertex 29.3383 -2 1.34999
    endloop
  endfacet
  facet normal 0 -1 0
    outer loop
      vertex 27 -2 3
      vertex 28.9092 -2 0.790805
      vertex 29.1421 -2 1.05634
    endloop
  endfacet
  facet normal 0 -1 0
    outer loop
      vertex 27 -2 3
      vertex 28.6437 -2 0.55794
      vertex 28.9092 -2 0.790805
    endloop
  endfacet
  facet normal 0 -1 0
    outer loop
      vertex 27 -2 3
      vertex 28.35 -2 0.361728
      vertex 28.6437 -2 0.55794
    endloop
  endfacet
  facet normal 0 -1 0
    outer loop
      vertex 27 -2 3
      vertex 28.0332 -2 0.205523
      vertex 28.35 -2 0.361728
    endloop
  endfacet
  facet normal 0 -1 0
    outer loop
      vertex 27 -2 3
      vertex 27.6988 -2 0.0919981
      vertex 28.0332 -2 0.205523
    endloop
  endfacet
  facet normal 0 -1 0
    outer loop
      vertex 27 -2 2.86102e-06
      vertex -2 -2 3
      vertex -2 -2 2.86102e-06
    endloop
  endfacet
  facet normal 0 -1 0
    outer loop
      vertex 27 -2 3
      vertex 27.3524 -2 0.0231047
      vertex 27.6988 -2 0.0919981
    endloop
  endfacet
  facet normal 0 -1 0
    outer loop
      vertex 23.4844 -2 53
      vertex 23.5847 -2 52.85
      vertex 23.5 -2 53
    endloop
  endfacet
  facet normal 0 -1 0
    outer loop
      vertex 22.1148 -2 54.15
      vertex 22.45 -2 53.9847
      vertex 23.5 -2 54.15
    endloop
  endfacet
  facet normal 0 -1 0
    outer loop
      vertex -29.7 -2 56.7
      vertex -27 -2 59.4
      vertex -27.3524 -2 59.3769
    endloop
  endfacet
  facet normal 0 -1 0
    outer loop
      vertex -27 -2 59.4
      vertex -23.5 -2 55.78
      vertex 27 -2 59.4
    endloop
  endfacet
  facet normal 0 -1 0
    outer loop
      vertex -29.7 -2 56.7
      vertex -27.3524 -2 59.3769
      vertex -27.6988 -2 59.308
    endloop
  endfacet
  facet normal 0 -1 0
    outer loop
      vertex 23.5 -2 55.78
      vertex 27 -2 59.4
      vertex -23.5 -2 55.78
    endloop
  endfacet
  facet normal 0 -1 0
    outer loop
      vertex -29.7 -2 56.7
      vertex -27.6988 -2 59.308
      vertex -28.0332 -2 59.1945
    endloop
  endfacet
  facet normal -0 -1 0
    outer loop
      vertex 29.7 -2 56.7
      vertex 27 -2 59.4
      vertex 23.5 -2 55.78
    endloop
  endfacet
  facet normal 0 -1 0
    outer loop
      vertex -29.7 -2 56.7
      vertex -28.0332 -2 59.1945
      vertex -28.35 -2 59.0383
    endloop
  endfacet
  facet normal 0 -1 0
    outer loop
      vertex 27 -2 59.4
      vertex 29.7 -2 56.7
      vertex 27.3524 -2 59.3769
    endloop
  endfacet
  facet normal 0 -1 0
    outer loop
      vertex -29.7 -2 56.7
      vertex -28.35 -2 59.0383
      vertex -28.6437 -2 58.8421
    endloop
  endfacet
  facet normal 0 -1 0
    outer loop
      vertex 27.3524 -2 59.3769
      vertex 29.7 -2 56.7
      vertex 27.6988 -2 59.308
    endloop
  endfacet
  facet normal 0 -1 0
    outer loop
      vertex -29.7 -2 56.7
      vertex -28.6437 -2 58.8421
      vertex -28.9092 -2 58.6092
    endloop
  endfacet
  facet normal 0 -1 0
    outer loop
      vertex 27.6988 -2 59.308
      vertex 29.7 -2 56.7
      vertex 28.0332 -2 59.1945
    endloop
  endfacet
  facet normal 0 -1 0
    outer loop
      vertex -29.7 -2 56.7
      vertex -28.9092 -2 58.6092
      vertex -29.1421 -2 58.3437
    endloop
  endfacet
  facet normal 0 -1 0
    outer loop
      vertex 28.0332 -2 59.1945
      vertex 29.7 -2 56.7
      vertex 28.35 -2 59.0383
    endloop
  endfacet
  facet normal 0 -1 0
    outer loop
      vertex -29.7 -2 56.7
      vertex -29.1421 -2 58.3437
      vertex -29.3383 -2 58.05
    endloop
  endfacet
  facet normal 0 -1 0
    outer loop
      vertex 28.35 -2 59.0383
      vertex 29.7 -2 56.7
      vertex 28.6437 -2 58.8421
    endloop
  endfacet
  facet normal 0 -1 0
    outer loop
      vertex -29.7 -2 56.7
      vertex -29.3383 -2 58.05
      vertex -29.4945 -2 57.7332
    endloop
  endfacet
  facet normal 0 -1 0
    outer loop
      vertex 28.6437 -2 58.8421
      vertex 29.7 -2 56.7
      vertex 28.9092 -2 58.6092
    endloop
  endfacet
  facet normal 0 -1 0
    outer loop
      vertex -29.7 -2 56.7
      vertex -29.4945 -2 57.7332
      vertex -29.608 -2 57.3988
    endloop
  endfacet
  facet normal 0 -1 0
    outer loop
      vertex 28.9092 -2 58.6092
      vertex 29.7 -2 56.7
      vertex 29.1421 -2 58.3437
    endloop
  endfacet
  facet normal 0 -1 0
    outer loop
      vertex -29.7 -2 56.7
      vertex -29.608 -2 57.3988
      vertex -29.6769 -2 57.0524
    endloop
  endfacet
  facet normal 0 -1 0
    outer loop
      vertex 29.1421 -2 58.3437
      vertex 29.7 -2 56.7
      vertex 29.3383 -2 58.05
    endloop
  endfacet
  facet normal 0 -1 -0
    outer loop
      vertex -27 -2 59.4
      vertex -29.7 -2 56.7
      vertex -23.5 -2 55.78
    endloop
  endfacet
  facet normal 0 -1 0
    outer loop
      vertex 29.3383 -2 58.05
      vertex 29.7 -2 56.7
      vertex 29.4945 -2 57.7332
    endloop
  endfacet
  facet normal 0 -1 0
    outer loop
      vertex 29.4945 -2 57.7332
      vertex 29.7 -2 56.7
      vertex 29.608 -2 57.3988
    endloop
  endfacet
  facet normal 0 -1 0
    outer loop
      vertex -29.7 -2 56.7
      vertex -23.5 -2 55.3
      vertex -23.5 -2 55.78
    endloop
  endfacet
  facet normal 0 -1 0
    outer loop
      vertex -23.5 -2 55.3
      vertex -23.5 -2 54.63
      vertex 23.5 -2 55.3
    endloop
  endfacet
  facet normal 0 -1 0
    outer loop
      vertex -29.7 -2 56.7
      vertex -23.5 -2 54.63
      vertex -23.5 -2 55.3
    endloop
  endfacet
  facet normal 0 -1 0
    outer loop
      vertex -29.7 -2 56.7
      vertex -23.5 -2 54.15
      vertex -23.5 -2 54.63
    endloop
  endfacet
  facet normal 0 -1 0
    outer loop
      vertex -23.5 -2 54.15
      vertex -22.45 -2 53.9847
      vertex -22.1148 -2 54.15
    endloop
  endfacet
  facet normal 0 -1 0
    outer loop
      vertex -23.5 -2 54.15
      vertex -22.7872 -2 53.7594
      vertex -22.45 -2 53.9847
    endloop
  endfacet
  facet normal 0 -1 0
    outer loop
      vertex -23.764 -2 52.4863
      vertex -23.5 -2 54.15
      vertex -29.7 -2 56.7
    endloop
  endfacet
  facet normal -0 -1 0
    outer loop
      vertex -23.092 -2 53.492
      vertex -23.5 -2 54.15
      vertex -23.5 -2 53.48
    endloop
  endfacet
  facet normal 0 -1 0
    outer loop
      vertex -23.5 -2 54.15
      vertex -23.092 -2 53.492
      vertex -22.7872 -2 53.7594
    endloop
  endfacet
  facet normal 0 -1 -0
    outer loop
      vertex -23.5 -2 54.15
      vertex -23.764 -2 52.4863
      vertex -23.5 -2 53.48
    endloop
  endfacet
  facet normal 0 -1 -0
    outer loop
      vertex -23.5 -2 53
      vertex -23.5847 -2 52.85
      vertex -23.4844 -2 53
    endloop
  endfacet
  facet normal 0 -1 -0
    outer loop
      vertex -23.5 -2 53.48
      vertex -23.5847 -2 52.85
      vertex -23.5 -2 53
    endloop
  endfacet
  facet normal 0 -1 0
    outer loop
      vertex -23.5 -2 53.48
      vertex -23.764 -2 52.4863
      vertex -23.5847 -2 52.85
    endloop
  endfacet
  facet normal 0 -1 0
    outer loop
      vertex -29.7 -2 56.7
      vertex -23.8944 -2 52.1023
      vertex -23.764 -2 52.4863
    endloop
  endfacet
  facet normal 0 -1 0
    outer loop
      vertex -29.7 -2 56.7
      vertex -23.9735 -2 51.7046
      vertex -23.8944 -2 52.1023
    endloop
  endfacet
  facet normal 0 -1 0
    outer loop
      vertex -29.7 -2 56.7
      vertex -24 -2 51.3
      vertex -23.9735 -2 51.7046
    endloop
  endfacet
  facet normal 0 -1 0
    outer loop
      vertex -29.7 -2 56.7
      vertex -24 -2 27.3
      vertex -24 -2 51.3
    endloop
  endfacet
  facet normal 0 -1 0
    outer loop
      vertex -27 -2 17
      vertex -24 -2 27.3
      vertex -29.7 -2 56.7
    endloop
  endfacet
  facet normal 0 -1 -0
    outer loop
      vertex -20.9 -2 24.2
      vertex -27 -2 17
      vertex 20.9 -2 24.2
    endloop
  endfacet
  facet normal 0 -1 -0
    outer loop
      vertex -21.3046 -2 24.2265
      vertex -27 -2 17
      vertex -20.9 -2 24.2
    endloop
  endfacet
  facet normal 0 -1 -0
    outer loop
      vertex -21.7023 -2 24.3056
      vertex -27 -2 17
      vertex -21.3046 -2 24.2265
    endloop
  endfacet
  facet normal 0 -1 -0
    outer loop
      vertex -22.0863 -2 24.436
      vertex -27 -2 17
      vertex -21.7023 -2 24.3056
    endloop
  endfacet
  facet normal 0 -1 -0
    outer loop
      vertex -22.45 -2 24.6153
      vertex -27 -2 17
      vertex -22.0863 -2 24.436
    endloop
  endfacet
  facet normal 0 -1 -0
    outer loop
      vertex -22.7872 -2 24.8406
      vertex -27 -2 17
      vertex -22.45 -2 24.6153
    endloop
  endfacet
  facet normal 0 -1 -0
    outer loop
      vertex -23.092 -2 25.108
      vertex -27 -2 17
      vertex -22.7872 -2 24.8406
    endloop
  endfacet
  facet normal 0 -1 -0
    outer loop
      vertex -23.3594 -2 25.4128
      vertex -27 -2 17
      vertex -23.092 -2 25.108
    endloop
  endfacet
  facet normal 0 -1 -0
    outer loop
      vertex -23.5847 -2 25.75
      vertex -27 -2 17
      vertex -23.3594 -2 25.4128
    endloop
  endfacet
  facet normal 0 -1 -0
    outer loop
      vertex -23.764 -2 26.1137
      vertex -27 -2 17
      vertex -23.5847 -2 25.75
    endloop
  endfacet
  facet normal 0 -1 -0
    outer loop
      vertex -23.8944 -2 26.4977
      vertex -27 -2 17
      vertex -23.764 -2 26.1137
    endloop
  endfacet
  facet normal 0 -1 -0
    outer loop
      vertex -23.9735 -2 26.8954
      vertex -27 -2 17
      vertex -23.8944 -2 26.4977
    endloop
  endfacet
  facet normal 0 -1 -0
    outer loop
      vertex -24 -2 27.3
      vertex -27 -2 17
      vertex -23.9735 -2 26.8954
    endloop
  endfacet
  facet normal 0 -1 0
    outer loop
      vertex -29.7 -2 2.7
      vertex -27 -2 17
      vertex -29.7 -2 56.7
    endloop
  endfacet
  facet normal 0 -1 -0
    outer loop
      vertex -27 -2 17
      vertex -29.7 -2 2.7
      vertex -27 -2 3
    endloop
  endfacet
  facet normal 0 -1 0
    outer loop
      vertex -29.6769 -2 2.34758
      vertex -27 -2 3
      vertex -29.7 -2 2.7
    endloop
  endfacet
  facet normal 0 -1 0
    outer loop
      vertex -29.608 -2 2.00119
      vertex -27 -2 3
      vertex -29.6769 -2 2.34758
    endloop
  endfacet
  facet normal 0 -1 0
    outer loop
      vertex -29.4945 -2 1.66675
      vertex -27 -2 3
      vertex -29.608 -2 2.00119
    endloop
  endfacet
  facet normal 0 -1 0
    outer loop
      vertex -29.3383 -2 1.34999
      vertex -27 -2 3
      vertex -29.4945 -2 1.66675
    endloop
  endfacet
  facet normal 0 -1 0
    outer loop
      vertex -29.1421 -2 1.05634
      vertex -27 -2 3
      vertex -29.3383 -2 1.34999
    endloop
  endfacet
  facet normal 0 -1 0
    outer loop
      vertex -28.9092 -2 0.790805
      vertex -27 -2 3
      vertex -29.1421 -2 1.05634
    endloop
  endfacet
  facet normal 0 -1 0
    outer loop
      vertex -28.6437 -2 0.55794
      vertex -27 -2 3
      vertex -28.9092 -2 0.790805
    endloop
  endfacet
  facet normal 0 -1 0
    outer loop
      vertex -28.35 -2 0.361728
      vertex -27 -2 3
      vertex -28.6437 -2 0.55794
    endloop
  endfacet
  facet normal 0 -1 0
    outer loop
      vertex -28.0332 -2 0.205523
      vertex -27 -2 3
      vertex -28.35 -2 0.361728
    endloop
  endfacet
  facet normal 0 -1 0
    outer loop
      vertex -27.6988 -2 0.0919981
      vertex -27 -2 3
      vertex -28.0332 -2 0.205523
    endloop
  endfacet
  facet normal 0 -1 0
    outer loop
      vertex -27.3524 -2 0.0231047
      vertex -27 -2 3
      vertex -27.6988 -2 0.0919981
    endloop
  endfacet
  facet normal 0 -1 -0
    outer loop
      vertex -27 -2 3
      vertex -27.3524 -2 0.0231047
      vertex -27 -2 2.86102e-06
    endloop
  endfacet
  facet normal 0 -1 0
    outer loop
      vertex -27 -2 3
      vertex -27 -2 2.86102e-06
      vertex -14 -2 3
    endloop
  endfacet
  facet normal 0 -1 -0
    outer loop
      vertex -14 -2 3
      vertex -27 -2 2.86102e-06
      vertex -14 -2 2.86102e-06
    endloop
  endfacet
  facet normal 0 -1 0
    outer loop
      vertex 29.608 -2 57.3988
      vertex 29.7 -2 56.7
      vertex 29.6769 -2 57.0524
    endloop
  endfacet
  facet normal 0 -1 0
    outer loop
      vertex 23.5 -2 55.3
      vertex 29.7 -2 56.7
      vertex 23.5 -2 55.78
    endloop
  endfacet
  facet normal 0 -1 0
    outer loop
      vertex 23.5 -2 54.63
      vertex 23.5 -2 55.3
      vertex -23.5 -2 54.63
    endloop
  endfacet
  facet normal 0 -1 0
    outer loop
      vertex 23.5 -2 54.63
      vertex 29.7 -2 56.7
      vertex 23.5 -2 55.3
    endloop
  endfacet
  facet normal 0 -1 0
    outer loop
      vertex 23.5 -2 54.15
      vertex 29.7 -2 56.7
      vertex 23.5 -2 54.63
    endloop
  endfacet
  facet normal 0 -1 0
    outer loop
      vertex 22.7872 -2 53.7594
      vertex 23.5 -2 54.15
      vertex 22.45 -2 53.9847
    endloop
  endfacet
  facet normal 0 -1 0
    outer loop
      vertex 23.092 -2 53.492
      vertex 23.5 -2 54.15
      vertex 22.7872 -2 53.7594
    endloop
  endfacet
  facet normal 0 -1 -0
    outer loop
      vertex 23.5 -2 54.15
      vertex 23.092 -2 53.492
      vertex 23.5 -2 53.48
    endloop
  endfacet
  facet normal 0 -1 0
    outer loop
      vertex 23.5 -2 53.48
      vertex 23.092 -2 53.492
      vertex 23.1026 -2 53.48
    endloop
  endfacet
  facet normal 0 -1 0
    outer loop
      vertex 23.764 -2 52.4863
      vertex 23.5 -2 54.15
      vertex 23.5 -2 53.48
    endloop
  endfacet
  facet normal 0 -1 0
    outer loop
      vertex 23.5847 -2 52.85
      vertex 23.5 -2 53.48
      vertex 23.5 -2 53
    endloop
  endfacet
  facet normal 0 -1 0
    outer loop
      vertex 23.764 -2 52.4863
      vertex 23.5 -2 53.48
      vertex 23.5847 -2 52.85
    endloop
  endfacet
  facet normal 0 -1 0
    outer loop
      vertex 23.5 -2 54.15
      vertex 23.764 -2 52.4863
      vertex 29.7 -2 56.7
    endloop
  endfacet
  facet normal 0 -1 0
    outer loop
      vertex 23.8944 -2 52.1023
      vertex 29.7 -2 56.7
      vertex 23.764 -2 52.4863
    endloop
  endfacet
  facet normal 0 -1 0
    outer loop
      vertex 23.9735 -2 51.7046
      vertex 29.7 -2 56.7
      vertex 23.8944 -2 52.1023
    endloop
  endfacet
  facet normal 0 -1 0
    outer loop
      vertex 24 -2 51.3
      vertex 29.7 -2 56.7
      vertex 23.9735 -2 51.7046
    endloop
  endfacet
  facet normal 0 -1 0
    outer loop
      vertex 24 -2 27.3
      vertex 29.7 -2 56.7
      vertex 24 -2 51.3
    endloop
  endfacet
  facet normal 0 -1 0
    outer loop
      vertex 27 -2 17
      vertex 24 -2 27.3
      vertex 23.9735 -2 26.8954
    endloop
  endfacet
  facet normal 0 -1 0
    outer loop
      vertex 27 -2 17
      vertex 20.9 -2 24.2
      vertex -27 -2 17
    endloop
  endfacet
  facet normal 0 -1 0
    outer loop
      vertex 20.9 -2 24.2
      vertex 27 -2 17
      vertex 21.3046 -2 24.2265
    endloop
  endfacet
  facet normal 0 -1 0
    outer loop
      vertex 27 -2 17
      vertex 21.7023 -2 24.3056
      vertex 21.3046 -2 24.2265
    endloop
  endfacet
  facet normal 0 -1 0
    outer loop
      vertex 27 -2 17
      vertex 22.0863 -2 24.436
      vertex 21.7023 -2 24.3056
    endloop
  endfacet
  facet normal 0 -1 0
    outer loop
      vertex 27 -2 17
      vertex 22.45 -2 24.6153
      vertex 22.0863 -2 24.436
    endloop
  endfacet
  facet normal 0 -1 0
    outer loop
      vertex 27 -2 17
      vertex 22.7872 -2 24.8406
      vertex 22.45 -2 24.6153
    endloop
  endfacet
  facet normal 0 -1 0
    outer loop
      vertex 27 -2 17
      vertex 23.092 -2 25.108
      vertex 22.7872 -2 24.8406
    endloop
  endfacet
  facet normal 0 -1 0
    outer loop
      vertex 27 -2 17
      vertex 23.3594 -2 25.4128
      vertex 23.092 -2 25.108
    endloop
  endfacet
  facet normal 0 -1 0
    outer loop
      vertex 27 -2 17
      vertex 23.5847 -2 25.75
      vertex 23.3594 -2 25.4128
    endloop
  endfacet
  facet normal 0 -1 0
    outer loop
      vertex 27 -2 17
      vertex 23.764 -2 26.1137
      vertex 23.5847 -2 25.75
    endloop
  endfacet
  facet normal 0 -1 0
    outer loop
      vertex 27 -2 17
      vertex 23.8944 -2 26.4977
      vertex 23.764 -2 26.1137
    endloop
  endfacet
  facet normal 0 -1 0
    outer loop
      vertex 27 -2 17
      vertex 23.9735 -2 26.8954
      vertex 23.8944 -2 26.4977
    endloop
  endfacet
  facet normal 0 -1 0
    outer loop
      vertex 24 -2 27.3
      vertex 27 -2 17
      vertex 29.7 -2 56.7
    endloop
  endfacet
  facet normal 0 -1 0
    outer loop
      vertex 29.7 -2 2.7
      vertex 27 -2 17
      vertex 27 -2 3
    endloop
  endfacet
  facet normal 0 -1 0
    outer loop
      vertex 27 -2 17
      vertex 29.7 -2 2.7
      vertex 29.7 -2 56.7
    endloop
  endfacet
  facet normal 0 -1 0
    outer loop
      vertex -23.092 -2 53.492
      vertex -23.5 -2 53.48
      vertex -23.1026 -2 53.48
    endloop
  endfacet
  facet normal 0 -1 0
    outer loop
      vertex -19.0953 -2 49.7216
      vertex -19.15 -2 52
      vertex -19.4763 -2 51.9786
    endloop
  endfacet
  facet normal 0 -1 0
    outer loop
      vertex -19.15 -2 52
      vertex -18.5 -2 49.8
      vertex 19.15 -2 52
    endloop
  endfacet
  facet normal 0 -1 0
    outer loop
      vertex -19.0953 -2 49.7216
      vertex -19.4763 -2 51.9786
      vertex -19.797 -2 51.9148
    endloop
  endfacet
  facet normal 0 -1 0
    outer loop
      vertex 18.5 -2 49.8
      vertex 19.15 -2 52
      vertex -18.5 -2 49.8
    endloop
  endfacet
  facet normal 0 -1 0
    outer loop
      vertex -19.0953 -2 49.7216
      vertex -19.797 -2 51.9148
      vertex -20.1067 -2 51.8097
    endloop
  endfacet
  facet normal 0 -1 0
    outer loop
      vertex 18.8002 -2 49.7803
      vertex 19.15 -2 52
      vertex 18.5 -2 49.8
    endloop
  endfacet
  facet normal 0 -1 0
    outer loop
      vertex -19.3802 -2 49.6249
      vertex -20.1067 -2 51.8097
      vertex -20.4 -2 51.6651
    endloop
  endfacet
  facet normal 0 -1 0
    outer loop
      vertex 19.0953 -2 49.7216
      vertex 19.15 -2 52
      vertex 18.8002 -2 49.7803
    endloop
  endfacet
  facet normal 0 -1 0
    outer loop
      vertex -19.3802 -2 49.6249
      vertex -20.4 -2 51.6651
      vertex -20.6719 -2 51.4834
    endloop
  endfacet
  facet normal 0 -1 -0
    outer loop
      vertex 19.15 -2 52
      vertex 19.0953 -2 49.7216
      vertex 19.4763 -2 51.9786
    endloop
  endfacet
  facet normal 0 -1 0
    outer loop
      vertex -19.65 -2 49.4918
      vertex -20.6719 -2 51.4834
      vertex -20.9178 -2 51.2678
    endloop
  endfacet
  facet normal 0 -1 -0
    outer loop
      vertex 19.4763 -2 51.9786
      vertex 19.0953 -2 49.7216
      vertex 19.797 -2 51.9148
    endloop
  endfacet
  facet normal 0 -1 0
    outer loop
      vertex -19.65 -2 49.4918
      vertex -20.9178 -2 51.2678
      vertex -21.1334 -2 51.0219
    endloop
  endfacet
  facet normal 0 -1 -0
    outer loop
      vertex 19.797 -2 51.9148
      vertex 19.0953 -2 49.7216
      vertex 20.1067 -2 51.8097
    endloop
  endfacet
  facet normal 0 -1 0
    outer loop
      vertex -19.65 -2 49.4918
      vertex -21.1334 -2 51.0219
      vertex -21.3151 -2 50.75
    endloop
  endfacet
  facet normal 0 -1 0
    outer loop
      vertex 19.3802 -2 49.6249
      vertex 20.1067 -2 51.8097
      vertex 19.0953 -2 49.7216
    endloop
  endfacet
  facet normal 0 -1 0
    outer loop
      vertex -19.9001 -2 49.3247
      vertex -21.3151 -2 50.75
      vertex -21.4597 -2 50.4567
    endloop
  endfacet
  facet normal 0 -1 -0
    outer loop
      vertex 20.1067 -2 51.8097
      vertex 19.3802 -2 49.6249
      vertex 20.4 -2 51.6651
    endloop
  endfacet
  facet normal 0 -1 0
    outer loop
      vertex -19.9001 -2 49.3247
      vertex -21.4597 -2 50.4567
      vertex -21.5648 -2 50.147
    endloop
  endfacet
  facet normal 0 -1 -0
    outer loop
      vertex 20.4 -2 51.6651
      vertex 19.3802 -2 49.6249
      vertex 20.6719 -2 51.4834
    endloop
  endfacet
  facet normal 0 -1 0
    outer loop
      vertex -20.1263 -2 49.1263
      vertex -21.5648 -2 50.147
      vertex -21.6286 -2 49.8263
    endloop
  endfacet
  facet normal 0 -1 0
    outer loop
      vertex 19.65 -2 49.4918
      vertex 20.6719 -2 51.4834
      vertex 19.3802 -2 49.6249
    endloop
  endfacet
  facet normal 0 -1 -0
    outer loop
      vertex 20.6719 -2 51.4834
      vertex 19.65 -2 49.4918
      vertex 20.9178 -2 51.2678
    endloop
  endfacet
  facet normal 0 -1 0
    outer loop
      vertex -19.15 -2 52
      vertex -18.8002 -2 49.7803
      vertex -18.5 -2 49.8
    endloop
  endfacet
  facet normal 0 -1 0
    outer loop
      vertex -19.15 -2 52
      vertex -19.0953 -2 49.7216
      vertex -18.8002 -2 49.7803
    endloop
  endfacet
  facet normal 0 -1 0
    outer loop
      vertex -20.1067 -2 51.8097
      vertex -19.3802 -2 49.6249
      vertex -19.0953 -2 49.7216
    endloop
  endfacet
  facet normal 0 -1 0
    outer loop
      vertex -20.1263 -2 49.1263
      vertex -21.6286 -2 49.8263
      vertex -21.65 -2 49.5
    endloop
  endfacet
  facet normal 0 -1 0
    outer loop
      vertex -20.6719 -2 51.4834
      vertex -19.65 -2 49.4918
      vertex -19.3802 -2 49.6249
    endloop
  endfacet
  facet normal 0 -1 0
    outer loop
      vertex -21.3151 -2 50.75
      vertex -19.9001 -2 49.3247
      vertex -19.65 -2 49.4918
    endloop
  endfacet
  facet normal 0 -1 0
    outer loop
      vertex -21.5648 -2 50.147
      vertex -20.1263 -2 49.1263
      vertex -19.9001 -2 49.3247
    endloop
  endfacet
  facet normal 0 -1 0
    outer loop
      vertex -21.65 -2 49.5
      vertex -20.3247 -2 48.9001
      vertex -20.1263 -2 49.1263
    endloop
  endfacet
  facet normal 0 -1 0
    outer loop
      vertex -21.65 -2 49.5
      vertex -20.4919 -2 48.65
      vertex -20.3247 -2 48.9001
    endloop
  endfacet
  facet normal 0 -1 0
    outer loop
      vertex -21.65 -2 49.5
      vertex -20.6249 -2 48.3802
      vertex -20.4919 -2 48.65
    endloop
  endfacet
  facet normal 0 -1 0
    outer loop
      vertex -21.65 -2 49.5
      vertex -20.7216 -2 48.0953
      vertex -20.6249 -2 48.3802
    endloop
  endfacet
  facet normal 0 -1 0
    outer loop
      vertex -21.65 -2 49.5
      vertex -20.7803 -2 47.8002
      vertex -20.7216 -2 48.0953
    endloop
  endfacet
  facet normal 0 -1 0
    outer loop
      vertex -21.65 -2 49.5
      vertex -20.8 -2 47.5
      vertex -20.7803 -2 47.8002
    endloop
  endfacet
  facet normal 0 -1 0
    outer loop
      vertex -21.65 -2 28.6
      vertex -20.8 -2 47.5
      vertex -21.65 -2 49.5
    endloop
  endfacet
  facet normal 0 -1 -0
    outer loop
      vertex -20.8 -2 47.5
      vertex -21.65 -2 28.6
      vertex -20.8 -2 29.3
    endloop
  endfacet
  facet normal 0 -1 0
    outer loop
      vertex -21.65 -2 28.6
      vertex -20.7803 -2 28.9998
      vertex -20.8 -2 29.3
    endloop
  endfacet
  facet normal 0 -1 0
    outer loop
      vertex -21.65 -2 28.6
      vertex -20.7216 -2 28.7047
      vertex -20.7803 -2 28.9998
    endloop
  endfacet
  facet normal 0 -1 0
    outer loop
      vertex -21.6286 -2 28.2737
      vertex -20.7216 -2 28.7047
      vertex -21.65 -2 28.6
    endloop
  endfacet
  facet normal 0 -1 -0
    outer loop
      vertex -20.7216 -2 28.7047
      vertex -21.6286 -2 28.2737
      vertex -20.6249 -2 28.4198
    endloop
  endfacet
  facet normal 0 -1 0
    outer loop
      vertex -21.5648 -2 27.953
      vertex -20.6249 -2 28.4198
      vertex -21.6286 -2 28.2737
    endloop
  endfacet
  facet normal 0 -1 -0
    outer loop
      vertex -20.6249 -2 28.4198
      vertex -21.5648 -2 27.953
      vertex -20.4919 -2 28.15
    endloop
  endfacet
  facet normal 0 -1 0
    outer loop
      vertex -21.4597 -2 27.6433
      vertex -20.4919 -2 28.15
      vertex -21.5648 -2 27.953
    endloop
  endfacet
  facet normal 0 -1 0
    outer loop
      vertex -21.3151 -2 27.35
      vertex -20.4919 -2 28.15
      vertex -21.4597 -2 27.6433
    endloop
  endfacet
  facet normal 0 -1 -0
    outer loop
      vertex -20.4919 -2 28.15
      vertex -21.3151 -2 27.35
      vertex -20.3247 -2 27.8999
    endloop
  endfacet
  facet normal 0 -1 0
    outer loop
      vertex -21.1334 -2 27.0781
      vertex -20.3247 -2 27.8999
      vertex -21.3151 -2 27.35
    endloop
  endfacet
  facet normal 0 -1 -0
    outer loop
      vertex -20.3247 -2 27.8999
      vertex -21.1334 -2 27.0781
      vertex -20.1263 -2 27.6737
    endloop
  endfacet
  facet normal 0 -1 0
    outer loop
      vertex -20.9178 -2 26.8322
      vertex -20.1263 -2 27.6737
      vertex -21.1334 -2 27.0781
    endloop
  endfacet
  facet normal 0 -1 0
    outer loop
      vertex -20.6719 -2 26.6166
      vertex -20.1263 -2 27.6737
      vertex -20.9178 -2 26.8322
    endloop
  endfacet
  facet normal 0 -1 -0
    outer loop
      vertex -20.1263 -2 27.6737
      vertex -20.6719 -2 26.6166
      vertex -19.9001 -2 27.4753
    endloop
  endfacet
  facet normal 0 -1 0
    outer loop
      vertex -20.4 -2 26.4349
      vertex -19.9001 -2 27.4753
      vertex -20.6719 -2 26.6166
    endloop
  endfacet
  facet normal 0 -1 -0
    outer loop
      vertex -19.9001 -2 27.4753
      vertex -20.4 -2 26.4349
      vertex -19.65 -2 27.3082
    endloop
  endfacet
  facet normal 0 -1 0
    outer loop
      vertex -20.1067 -2 26.2903
      vertex -19.65 -2 27.3082
      vertex -20.4 -2 26.4349
    endloop
  endfacet
  facet normal 0 -1 -0
    outer loop
      vertex -19.65 -2 27.3082
      vertex -19.797 -2 26.1852
      vertex -19.3802 -2 27.1751
    endloop
  endfacet
  facet normal 0 -1 0
    outer loop
      vertex -19.797 -2 26.1852
      vertex -19.65 -2 27.3082
      vertex -20.1067 -2 26.2903
    endloop
  endfacet
  facet normal 0 -1 -0
    outer loop
      vertex 20.9178 -2 51.2678
      vertex 19.65 -2 49.4918
      vertex 21.1334 -2 51.0219
    endloop
  endfacet
  facet normal 0 -1 -0
    outer loop
      vertex 21.1334 -2 51.0219
      vertex 19.65 -2 49.4918
      vertex 21.3151 -2 50.75
    endloop
  endfacet
  facet normal 0 -1 0
    outer loop
      vertex 19.9001 -2 49.3247
      vertex 21.3151 -2 50.75
      vertex 19.65 -2 49.4918
    endloop
  endfacet
  facet normal 0 -1 -0
    outer loop
      vertex 21.3151 -2 50.75
      vertex 19.9001 -2 49.3247
      vertex 21.4597 -2 50.4567
    endloop
  endfacet
  facet normal 0 -1 -0
    outer loop
      vertex 21.4597 -2 50.4567
      vertex 19.9001 -2 49.3247
      vertex 21.5648 -2 50.147
    endloop
  endfacet
  facet normal 0 -1 0
    outer loop
      vertex 20.1263 -2 49.1263
      vertex 21.5648 -2 50.147
      vertex 19.9001 -2 49.3247
    endloop
  endfacet
  facet normal 0 -1 -0
    outer loop
      vertex 21.5648 -2 50.147
      vertex 20.1263 -2 49.1263
      vertex 21.6286 -2 49.8263
    endloop
  endfacet
  facet normal 0 -1 -0
    outer loop
      vertex 21.6286 -2 49.8263
      vertex 20.1263 -2 49.1263
      vertex 21.65 -2 49.5
    endloop
  endfacet
  facet normal 0 -1 0
    outer loop
      vertex 20.3247 -2 48.9001
      vertex 21.65 -2 49.5
      vertex 20.1263 -2 49.1263
    endloop
  endfacet
  facet normal 0 -1 0
    outer loop
      vertex 20.4919 -2 48.65
      vertex 21.65 -2 49.5
      vertex 20.3247 -2 48.9001
    endloop
  endfacet
  facet normal 0 -1 0
    outer loop
      vertex 20.6249 -2 48.3802
      vertex 21.65 -2 49.5
      vertex 20.4919 -2 48.65
    endloop
  endfacet
  facet normal 0 -1 0
    outer loop
      vertex 20.7216 -2 48.0953
      vertex 21.65 -2 49.5
      vertex 20.6249 -2 48.3802
    endloop
  endfacet
  facet normal 0 -1 0
    outer loop
      vertex 20.7803 -2 47.8002
      vertex 21.65 -2 49.5
      vertex 20.7216 -2 48.0953
    endloop
  endfacet
  facet normal 0 -1 0
    outer loop
      vertex 20.8 -2 47.5
      vertex 21.65 -2 49.5
      vertex 20.7803 -2 47.8002
    endloop
  endfacet
  facet normal 0 -1 0
    outer loop
      vertex 21.65 -2 28.6
      vertex 20.8 -2 47.5
      vertex 20.8 -2 29.3
    endloop
  endfacet
  facet normal 0 -1 0
    outer loop
      vertex 20.8 -2 47.5
      vertex 21.65 -2 28.6
      vertex 21.65 -2 49.5
    endloop
  endfacet
  facet normal 0 -1 0
    outer loop
      vertex 20.7803 -2 28.9998
      vertex 21.65 -2 28.6
      vertex 20.8 -2 29.3
    endloop
  endfacet
  facet normal 0 -1 0
    outer loop
      vertex 20.7216 -2 28.7047
      vertex 21.65 -2 28.6
      vertex 20.7803 -2 28.9998
    endloop
  endfacet
  facet normal 0 -1 0
    outer loop
      vertex 21.6286 -2 28.2737
      vertex 20.7216 -2 28.7047
      vertex 20.6249 -2 28.4198
    endloop
  endfacet
  facet normal 0 -1 0
    outer loop
      vertex 20.7216 -2 28.7047
      vertex 21.6286 -2 28.2737
      vertex 21.65 -2 28.6
    endloop
  endfacet
  facet normal 0 -1 0
    outer loop
      vertex 21.5648 -2 27.953
      vertex 20.6249 -2 28.4198
      vertex 20.4919 -2 28.15
    endloop
  endfacet
  facet normal 0 -1 0
    outer loop
      vertex 20.6249 -2 28.4198
      vertex 21.5648 -2 27.953
      vertex 21.6286 -2 28.2737
    endloop
  endfacet
  facet normal 0 -1 0
    outer loop
      vertex 21.3151 -2 27.35
      vertex 20.4919 -2 28.15
      vertex 20.3247 -2 27.8999
    endloop
  endfacet
  facet normal 0 -1 0
    outer loop
      vertex 21.1334 -2 27.0781
      vertex 20.3247 -2 27.8999
      vertex 20.1263 -2 27.6737
    endloop
  endfacet
  facet normal 0 -1 0
    outer loop
      vertex 20.4919 -2 28.15
      vertex 21.4597 -2 27.6433
      vertex 21.5648 -2 27.953
    endloop
  endfacet
  facet normal 0 -1 0
    outer loop
      vertex 20.6719 -2 26.6166
      vertex 20.1263 -2 27.6737
      vertex 19.9001 -2 27.4753
    endloop
  endfacet
  facet normal 0 -1 0
    outer loop
      vertex 20.4919 -2 28.15
      vertex 21.3151 -2 27.35
      vertex 21.4597 -2 27.6433
    endloop
  endfacet
  facet normal 0 -1 0
    outer loop
      vertex 20.4 -2 26.4349
      vertex 19.9001 -2 27.4753
      vertex 19.65 -2 27.3082
    endloop
  endfacet
  facet normal 0 -1 0
    outer loop
      vertex 19.797 -2 26.1852
      vertex 19.65 -2 27.3082
      vertex 19.3802 -2 27.1751
    endloop
  endfacet
  facet normal 0 -1 0
    outer loop
      vertex 19.4763 -2 26.1214
      vertex 19.3802 -2 27.1751
      vertex 19.0953 -2 27.0784
    endloop
  endfacet
  facet normal 0 -1 0
    outer loop
      vertex 20.3247 -2 27.8999
      vertex 21.1334 -2 27.0781
      vertex 21.3151 -2 27.35
    endloop
  endfacet
  facet normal 0 -1 0
    outer loop
      vertex 19.15 -2 26.1
      vertex 19.0953 -2 27.0784
      vertex 18.8002 -2 27.0197
    endloop
  endfacet
  facet normal 0 -1 0
    outer loop
      vertex 19.15 -2 26.1
      vertex 18.8002 -2 27.0197
      vertex 18.5 -2 27
    endloop
  endfacet
  facet normal 0 -1 0
    outer loop
      vertex 20.1263 -2 27.6737
      vertex 20.9178 -2 26.8322
      vertex 21.1334 -2 27.0781
    endloop
  endfacet
  facet normal 0 -1 -0
    outer loop
      vertex -18.5 -2 27
      vertex -19.15 -2 26.1
      vertex 18.5 -2 27
    endloop
  endfacet
  facet normal 0 -1 0
    outer loop
      vertex -19.4763 -2 26.1214
      vertex -19.3802 -2 27.1751
      vertex -19.797 -2 26.1852
    endloop
  endfacet
  facet normal 0 -1 0
    outer loop
      vertex 19.15 -2 26.1
      vertex 18.5 -2 27
      vertex -19.15 -2 26.1
    endloop
  endfacet
  facet normal 0 -1 -0
    outer loop
      vertex -19.3802 -2 27.1751
      vertex -19.4763 -2 26.1214
      vertex -19.0953 -2 27.0784
    endloop
  endfacet
  facet normal 0 -1 0
    outer loop
      vertex 19.0953 -2 27.0784
      vertex 19.15 -2 26.1
      vertex 19.4763 -2 26.1214
    endloop
  endfacet
  facet normal 0 -1 0
    outer loop
      vertex -19.15 -2 26.1
      vertex -19.0953 -2 27.0784
      vertex -19.4763 -2 26.1214
    endloop
  endfacet
  facet normal 0 -1 0
    outer loop
      vertex 20.1263 -2 27.6737
      vertex 20.6719 -2 26.6166
      vertex 20.9178 -2 26.8322
    endloop
  endfacet
  facet normal 0 -1 -0
    outer loop
      vertex -19.0953 -2 27.0784
      vertex -19.15 -2 26.1
      vertex -18.8002 -2 27.0197
    endloop
  endfacet
  facet normal 0 -1 0
    outer loop
      vertex 19.9001 -2 27.4753
      vertex 20.4 -2 26.4349
      vertex 20.6719 -2 26.6166
    endloop
  endfacet
  facet normal 0 -1 -0
    outer loop
      vertex -18.8002 -2 27.0197
      vertex -19.15 -2 26.1
      vertex -18.5 -2 27
    endloop
  endfacet
  facet normal 0 -1 0
    outer loop
      vertex 19.65 -2 27.3082
      vertex 20.1067 -2 26.2903
      vertex 20.4 -2 26.4349
    endloop
  endfacet
  facet normal 0 -1 0
    outer loop
      vertex 19.65 -2 27.3082
      vertex 19.797 -2 26.1852
      vertex 20.1067 -2 26.2903
    endloop
  endfacet
  facet normal 0 -1 0
    outer loop
      vertex 19.3802 -2 27.1751
      vertex 19.4763 -2 26.1214
      vertex 19.797 -2 26.1852
    endloop
  endfacet
  facet normal -0.946953 0 -0.321371
    outer loop
      vertex -29.4945 -2 1.66675
      vertex -29.608 0 2.00119
      vertex -29.4945 0 1.66675
    endloop
  endfacet
  facet normal -0.946953 -0 -0.321371
    outer loop
      vertex -29.608 0 2.00119
      vertex -29.4945 -2 1.66675
      vertex -29.608 -2 2.00119
    endloop
  endfacet
  facet normal -0.896883 0 -0.442269
    outer loop
      vertex -29.3383 -2 1.34999
      vertex -29.4945 0 1.66675
      vertex -29.3383 0 1.34999
    endloop
  endfacet
  facet normal -0.896883 -0 -0.442269
    outer loop
      vertex -29.4945 0 1.66675
      vertex -29.3383 -2 1.34999
      vertex -29.4945 -2 1.66675
    endloop
  endfacet
  facet normal -0.997859 0 -0.0654064
    outer loop
      vertex -29.6769 -2 2.34758
      vertex -29.7 0 2.7
      vertex -29.6769 0 2.34758
    endloop
  endfacet
  facet normal -0.997859 -0 -0.0654064
    outer loop
      vertex -29.7 0 2.7
      vertex -29.6769 -2 2.34758
      vertex -29.7 -2 2.7
    endloop
  endfacet
  facet normal 0.555507 0 -0.831512
    outer loop
      vertex 28.35 -2 0.361728
      vertex 28.6437 0 0.55794
      vertex 28.6437 -2 0.55794
    endloop
  endfacet
  facet normal 0.555507 0 -0.831512
    outer loop
      vertex 28.6437 0 0.55794
      vertex 28.35 -2 0.361728
      vertex 28.35 0 0.361728
    endloop
  endfacet
  facet normal 0.831484 0 -0.555549
    outer loop
      vertex 29.3383 -2 1.34999
      vertex 29.1421 0 1.05634
      vertex 29.3383 0 1.34999
    endloop
  endfacet
  facet normal 0.831484 0 -0.555549
    outer loop
      vertex 29.1421 0 1.05634
      vertex 29.3383 -2 1.34999
      vertex 29.1421 -2 1.05634
    endloop
  endfacet
  facet normal 0.997859 0 -0.0654064
    outer loop
      vertex 29.7 -2 2.7
      vertex 29.6769 0 2.34758
      vertex 29.7 0 2.7
    endloop
  endfacet
  facet normal 0.997859 0 -0.0654064
    outer loop
      vertex 29.6769 0 2.34758
      vertex 29.7 -2 2.7
      vertex 29.6769 -2 2.34758
    endloop
  endfacet
  facet normal -0.997858 0 0.0654101
    outer loop
      vertex -29.7 -2 56.7
      vertex -29.6769 0 57.0524
      vertex -29.7 0 56.7
    endloop
  endfacet
  facet normal -0.997858 0 0.0654101
    outer loop
      vertex -29.6769 0 57.0524
      vertex -29.7 -2 56.7
      vertex -29.6769 -2 57.0524
    endloop
  endfacet
  facet normal 0.980786 0 -0.195087
    outer loop
      vertex 29.6769 -2 2.34758
      vertex 29.608 0 2.00119
      vertex 29.6769 0 2.34758
    endloop
  endfacet
  facet normal 0.980786 0 -0.195087
    outer loop
      vertex 29.608 0 2.00119
      vertex 29.6769 -2 2.34758
      vertex 29.608 -2 2.00119
    endloop
  endfacet
  facet normal 0.442235 0 -0.896899
    outer loop
      vertex 28.0332 -2 0.205523
      vertex 28.35 0 0.361728
      vertex 28.35 -2 0.361728
    endloop
  endfacet
  facet normal 0.442235 0 -0.896899
    outer loop
      vertex 28.35 0 0.361728
      vertex 28.0332 -2 0.205523
      vertex 28.0332 0 0.205523
    endloop
  endfacet
  facet normal 0 0 -1
    outer loop
      vertex 27 -16 3
      vertex -2 -2.5 3
      vertex 27 -2 3
    endloop
  endfacet
  facet normal 0 0 -1
    outer loop
      vertex -27 -16 3
      vertex -2 -2.5 3
      vertex 27 -16 3
    endloop
  endfacet
  facet normal -0 0 -1
    outer loop
      vertex -2 -2.5 3
      vertex -27 -16 3
      vertex -14 -2.5 3
    endloop
  endfacet
  facet normal 0 0 -1
    outer loop
      vertex -27 -2 3
      vertex -14 -2.5 3
      vertex -27 -16 3
    endloop
  endfacet
  facet normal 0 0 -1
    outer loop
      vertex -14 -2.5 3
      vertex -27 -2 3
      vertex -14 -2 3
    endloop
  endfacet
  facet normal -0 0 -1
    outer loop
      vertex 27 -2 3
      vertex -2 -2.5 3
      vertex -2 -2 3
    endloop
  endfacet
  facet normal 0 -0.569215 0.822188
    outer loop
      vertex -16.6 -5.75441 14.4008
      vertex -13.55 -6.39559 13.9569
      vertex -13 -5.75441 14.4008
    endloop
  endfacet
  facet normal 0 -0.569215 0.822188
    outer loop
      vertex -13.55 -6.39559 13.9569
      vertex -16.6 -5.75441 14.4008
      vertex -17.15 -6.39559 13.9569
    endloop
  endfacet
  facet normal 0 -0.569215 0.822188
    outer loop
      vertex -11.9 -5.75441 14.4008
      vertex -8.85 -6.39559 13.9569
      vertex -8.3 -5.75441 14.4008
    endloop
  endfacet
  facet normal 0 -0.569215 0.822188
    outer loop
      vertex -8.85 -6.39559 13.9569
      vertex -11.9 -5.75441 14.4008
      vertex -12.45 -6.39559 13.9569
    endloop
  endfacet
  facet normal 0 -0.569194 0.822203
    outer loop
      vertex -8.3 -5.75441 14.4008
      vertex -7.2 -5.75441 14.4008
      vertex -7.2 -4.33663 15.3823
    endloop
  endfacet
  facet normal 0 -0.569215 0.822188
    outer loop
      vertex -7.2 -5.75441 14.4008
      vertex -8.3 -5.75441 14.4008
      vertex -7.75 -6.39559 13.9569
    endloop
  endfacet
  facet normal 0 -0.569194 0.822203
    outer loop
      vertex -8.3 -5.75441 14.4008
      vertex -7.2 -4.33663 15.3823
      vertex -8.3 -4.33663 15.3823
    endloop
  endfacet
  facet normal 0 -0.569215 0.822188
    outer loop
      vertex -7.2 -5.75441 14.4008
      vertex -4.15 -6.39559 13.9569
      vertex -3.6 -5.75441 14.4008
    endloop
  endfacet
  facet normal 0 -0.569215 0.822188
    outer loop
      vertex -4.15 -6.39559 13.9569
      vertex -7.2 -5.75441 14.4008
      vertex -7.75 -6.39559 13.9569
    endloop
  endfacet
  facet normal 0 -0.569194 0.822203
    outer loop
      vertex -3.6 -5.75441 14.4008
      vertex -2.5 -5.75441 14.4008
      vertex -2.5 -4.33663 15.3823
    endloop
  endfacet
  facet normal 0 -0.569215 0.822188
    outer loop
      vertex -2.5 -5.75441 14.4008
      vertex -3.6 -5.75441 14.4008
      vertex -3.05 -6.39559 13.9569
    endloop
  endfacet
  facet normal 0 -0.569194 0.822203
    outer loop
      vertex -3.6 -5.75441 14.4008
      vertex -2.5 -4.33663 15.3823
      vertex -3.6 -4.33663 15.3823
    endloop
  endfacet
  facet normal 0 -0.569215 0.822188
    outer loop
      vertex -2.5 -5.75441 14.4008
      vertex 0.549999 -6.39559 13.9569
      vertex 1.1 -5.75441 14.4008
    endloop
  endfacet
  facet normal 0 -0.569215 0.822188
    outer loop
      vertex 0.549999 -6.39559 13.9569
      vertex -2.5 -5.75441 14.4008
      vertex -3.05 -6.39559 13.9569
    endloop
  endfacet
  facet normal 0 -0.569194 0.822203
    outer loop
      vertex 1.1 -5.75441 14.4008
      vertex 2.2 -5.75441 14.4008
      vertex 2.2 -4.33663 15.3823
    endloop
  endfacet
  facet normal 0 -0.569215 0.822188
    outer loop
      vertex 2.2 -5.75441 14.4008
      vertex 1.1 -5.75441 14.4008
      vertex 1.65 -6.39559 13.9569
    endloop
  endfacet
  facet normal 0 -0.569194 0.822203
    outer loop
      vertex 1.1 -5.75441 14.4008
      vertex 2.2 -4.33663 15.3823
      vertex 1.1 -4.33663 15.3823
    endloop
  endfacet
  facet normal 0 -0.569215 0.822188
    outer loop
      vertex 2.2 -5.75441 14.4008
      vertex 5.25 -6.39559 13.9569
      vertex 5.8 -5.75441 14.4008
    endloop
  endfacet
  facet normal 0 -0.569215 0.822188
    outer loop
      vertex 5.25 -6.39559 13.9569
      vertex 2.2 -5.75441 14.4008
      vertex 1.65 -6.39559 13.9569
    endloop
  endfacet
  facet normal 5.08066e-06 -0.569194 0.822203
    outer loop
      vertex 2.35 -10.6544 11.0085
      vertex 4.15 -11.2956 10.5646
      vertex 2.35 -8.84559 12.2607
    endloop
  endfacet
  facet normal 0 -0.569203 0.822197
    outer loop
      vertex 2.35 -10.6544 11.0085
      vertex 0.549999 -11.2956 10.5646
      vertex 4.15 -11.2956 10.5646
    endloop
  endfacet
  facet normal 0 -0.569217 0.822187
    outer loop
      vertex 0.549999 -11.2956 10.5646
      vertex -0.549999 -11.2956 10.5646
      vertex 0.549999 -13.1044 9.31233
    endloop
  endfacet
  facet normal 0 -0.569203 0.822197
    outer loop
      vertex -1.25 -10.6544 11.0085
      vertex 0.549999 -11.2956 10.5646
      vertex 2.35 -10.6544 11.0085
    endloop
  endfacet
  facet normal 0 -0.569203 0.822197
    outer loop
      vertex 0.549999 -11.2956 10.5646
      vertex -1.25 -10.6544 11.0085
      vertex -0.549999 -11.2956 10.5646
    endloop
  endfacet
  facet normal 0 -0.569194 0.822203
    outer loop
      vertex -2.35 -10.6544 11.0085
      vertex -1.25 -10.6544 11.0085
      vertex -2.35 -8.84559 12.2607
    endloop
  endfacet
  facet normal 0 -0.569203 0.822197
    outer loop
      vertex -2.35 -10.6544 11.0085
      vertex -0.549999 -11.2956 10.5646
      vertex -1.25 -10.6544 11.0085
    endloop
  endfacet
  facet normal 0 -0.569203 0.822197
    outer loop
      vertex -2.35 -10.6544 11.0085
      vertex -4.15 -11.2956 10.5646
      vertex -0.549999 -11.2956 10.5646
    endloop
  endfacet
  facet normal 0 -0.569217 0.822187
    outer loop
      vertex -4.15 -11.2956 10.5646
      vertex -5.25 -11.2956 10.5646
      vertex -4.15 -13.1044 9.31233
    endloop
  endfacet
  facet normal 0 -0.569203 0.822197
    outer loop
      vertex -5.95 -10.6544 11.0085
      vertex -4.15 -11.2956 10.5646
      vertex -2.35 -10.6544 11.0085
    endloop
  endfacet
  facet normal 0 -0.569203 0.822197
    outer loop
      vertex -4.15 -11.2956 10.5646
      vertex -5.95 -10.6544 11.0085
      vertex -5.25 -11.2956 10.5646
    endloop
  endfacet
  facet normal 0 -0.569194 0.822203
    outer loop
      vertex -7.05 -10.6544 11.0085
      vertex -5.95 -10.6544 11.0085
      vertex -7.05 -8.84559 12.2607
    endloop
  endfacet
  facet normal 0 -0.569203 0.822197
    outer loop
      vertex -7.05 -10.6544 11.0085
      vertex -5.25 -11.2956 10.5646
      vertex -5.95 -10.6544 11.0085
    endloop
  endfacet
  facet normal 0 -0.569203 0.822197
    outer loop
      vertex -7.05 -10.6544 11.0085
      vertex -8.85 -11.2956 10.5646
      vertex -5.25 -11.2956 10.5646
    endloop
  endfacet
  facet normal 0 -0.569217 0.822187
    outer loop
      vertex -8.85 -11.2956 10.5646
      vertex -9.95 -11.2956 10.5646
      vertex -8.85 -13.1044 9.31233
    endloop
  endfacet
  facet normal 0 -0.569203 0.822197
    outer loop
      vertex -10.65 -10.6544 11.0085
      vertex -8.85 -11.2956 10.5646
      vertex -7.05 -10.6544 11.0085
    endloop
  endfacet
  facet normal 0 -0.569203 0.822197
    outer loop
      vertex -8.85 -11.2956 10.5646
      vertex -10.65 -10.6544 11.0085
      vertex -9.95 -11.2956 10.5646
    endloop
  endfacet
  facet normal 0 -0.569194 0.822203
    outer loop
      vertex -11.75 -10.6544 11.0085
      vertex -10.65 -10.6544 11.0085
      vertex -11.75 -8.84559 12.2607
    endloop
  endfacet
  facet normal 0 -0.569203 0.822197
    outer loop
      vertex -11.75 -10.6544 11.0085
      vertex -9.95 -11.2956 10.5646
      vertex -10.65 -10.6544 11.0085
    endloop
  endfacet
  facet normal 0 -0.569203 0.822197
    outer loop
      vertex -11.75 -10.6544 11.0085
      vertex -13.55 -11.2956 10.5646
      vertex -9.95 -11.2956 10.5646
    endloop
  endfacet
  facet normal 0 -0.569217 0.822187
    outer loop
      vertex -13.55 -11.2956 10.5646
      vertex -14.65 -11.2956 10.5646
      vertex -13.55 -13.1044 9.31233
    endloop
  endfacet
  facet normal 0 -0.569203 0.822197
    outer loop
      vertex -15.35 -10.6544 11.0085
      vertex -13.55 -11.2956 10.5646
      vertex -11.75 -10.6544 11.0085
    endloop
  endfacet
  facet normal 0 -0.569203 0.822197
    outer loop
      vertex -13.55 -11.2956 10.5646
      vertex -15.35 -10.6544 11.0085
      vertex -14.65 -11.2956 10.5646
    endloop
  endfacet
  facet normal 0 -0.569194 0.822203
    outer loop
      vertex -16.45 -10.6544 11.0085
      vertex -15.35 -10.6544 11.0085
      vertex -16.45 -8.84559 12.2607
    endloop
  endfacet
  facet normal 0 -0.569203 0.822197
    outer loop
      vertex -16.45 -10.6544 11.0085
      vertex -14.65 -11.2956 10.5646
      vertex -15.35 -10.6544 11.0085
    endloop
  endfacet
  facet normal 0 -0.569203 0.822197
    outer loop
      vertex -16.45 -10.6544 11.0085
      vertex -18.25 -11.2956 10.5646
      vertex -14.65 -11.2956 10.5646
    endloop
  endfacet
  facet normal 0 -0.569217 0.822187
    outer loop
      vertex -18.25 -11.2956 10.5646
      vertex -19.35 -11.2956 10.5646
      vertex -18.25 -13.1044 9.31233
    endloop
  endfacet
  facet normal 0 -0.569203 0.822197
    outer loop
      vertex -20.05 -10.6544 11.0085
      vertex -18.25 -11.2956 10.5646
      vertex -16.45 -10.6544 11.0085
    endloop
  endfacet
  facet normal 0 -0.569203 0.822197
    outer loop
      vertex -18.25 -11.2956 10.5646
      vertex -20.05 -10.6544 11.0085
      vertex -19.35 -11.2956 10.5646
    endloop
  endfacet
  facet normal 0 -0.569203 0.822197
    outer loop
      vertex -19.35 -11.2956 10.5646
      vertex -20.05 -10.6544 11.0085
      vertex -22.95 -11.2956 10.5646
    endloop
  endfacet
  facet normal 0 -0.569194 0.822203
    outer loop
      vertex 5.8 -5.75441 14.4008
      vertex 6.9 -5.75441 14.4008
      vertex 6.9 -4.33663 15.3823
    endloop
  endfacet
  facet normal 0 -0.569215 0.822188
    outer loop
      vertex 6.9 -5.75441 14.4008
      vertex 5.8 -5.75441 14.4008
      vertex 6.35 -6.39559 13.9569
    endloop
  endfacet
  facet normal 0 -0.569194 0.822203
    outer loop
      vertex 5.8 -5.75441 14.4008
      vertex 6.9 -4.33663 15.3823
      vertex 5.8 -4.33663 15.3823
    endloop
  endfacet
  facet normal 0 -0.569215 0.822188
    outer loop
      vertex 6.9 -5.75441 14.4008
      vertex 9.95 -6.39559 13.9569
      vertex 10.5 -5.75441 14.4008
    endloop
  endfacet
  facet normal 0 -0.569215 0.822188
    outer loop
      vertex 9.95 -6.39559 13.9569
      vertex 6.9 -5.75441 14.4008
      vertex 6.35 -6.39559 13.9569
    endloop
  endfacet
  facet normal 0 -0.569215 0.822188
    outer loop
      vertex 11.6 -5.75441 14.4008
      vertex 14.65 -6.39559 13.9569
      vertex 15.2 -5.75441 14.4008
    endloop
  endfacet
  facet normal 0 -0.569215 0.822188
    outer loop
      vertex 14.65 -6.39559 13.9569
      vertex 11.6 -5.75441 14.4008
      vertex 11.05 -6.39559 13.9569
    endloop
  endfacet
  facet normal 0 -0.569215 0.822188
    outer loop
      vertex 16.3 -5.75441 14.4008
      vertex 19.35 -6.39559 13.9569
      vertex 19.9 -5.75441 14.4008
    endloop
  endfacet
  facet normal 0 -0.569215 0.822188
    outer loop
      vertex 19.35 -6.39559 13.9569
      vertex 16.3 -5.75441 14.4008
      vertex 15.75 -6.39559 13.9569
    endloop
  endfacet
  facet normal 3.12324e-06 -0.56921 0.822192
    outer loop
      vertex 27 -2 17
      vertex 22.95 -11.2956 10.5646
      vertex 27 -15 8
    endloop
  endfacet
  facet normal -1.6262e-05 -0.569204 0.822196
    outer loop
      vertex 27 -2 17
      vertex 21.15 -8.84559 12.2607
      vertex 22.95 -11.2956 10.5646
    endloop
  endfacet
  facet normal 1.0416e-05 -0.569222 0.822184
    outer loop
      vertex 19.9 -5.75441 14.4008
      vertex 27 -2 17
      vertex 19.9 -3.94559 15.6531
    endloop
  endfacet
  facet normal 0 -0.569197 0.822201
    outer loop
      vertex 27 -2 17
      vertex 16.3 -3.94559 15.6531
      vertex 19.9 -3.94559 15.6531
    endloop
  endfacet
  facet normal 0 -0.569222 0.822184
    outer loop
      vertex 15.2 -5.75441 14.4008
      vertex 16.3 -5.75441 14.4008
      vertex 16.3 -3.94559 15.6531
    endloop
  endfacet
  facet normal 0 -0.569215 0.822188
    outer loop
      vertex 16.3 -5.75441 14.4008
      vertex 15.2 -5.75441 14.4008
      vertex 15.75 -6.39559 13.9569
    endloop
  endfacet
  facet normal 0 -0.569222 0.822184
    outer loop
      vertex 15.2 -5.75441 14.4008
      vertex 16.3 -3.94559 15.6531
      vertex 15.2 -3.94559 15.6531
    endloop
  endfacet
  facet normal -2.30799e-06 -0.569188 0.822207
    outer loop
      vertex 9 -2.36337 16.7484
      vertex 16.3 -3.94559 15.6531
      vertex 27 -2 17
    endloop
  endfacet
  facet normal 0 -0.569181 0.822212
    outer loop
      vertex 16.3 -3.94559 15.6531
      vertex 9 -2.36337 16.7484
      vertex 15.2 -3.94559 15.6531
    endloop
  endfacet
  facet normal 0 -0.569222 0.822184
    outer loop
      vertex 10.5 -5.75441 14.4008
      vertex 11.6 -5.75441 14.4008
      vertex 11.6 -3.94559 15.6531
    endloop
  endfacet
  facet normal 0 -0.569215 0.822188
    outer loop
      vertex 11.6 -5.75441 14.4008
      vertex 10.5 -5.75441 14.4008
      vertex 11.05 -6.39559 13.9569
    endloop
  endfacet
  facet normal 0 -0.569222 0.822184
    outer loop
      vertex 10.5 -5.75441 14.4008
      vertex 11.6 -3.94559 15.6531
      vertex 10.5 -3.94559 15.6531
    endloop
  endfacet
  facet normal 0 -0.569181 0.822212
    outer loop
      vertex 15.2 -3.94559 15.6531
      vertex 9 -2.36337 16.7484
      vertex 11.6 -3.94559 15.6531
    endloop
  endfacet
  facet normal 0 -0.569181 0.822212
    outer loop
      vertex 11.6 -3.94559 15.6531
      vertex 9 -2.36337 16.7484
      vertex 10.5 -3.94559 15.6531
    endloop
  endfacet
  facet normal 0 -0.569265 0.822154
    outer loop
      vertex 27 -2 17
      vertex -9 -2.36337 16.7484
      vertex 9 -2.36337 16.7484
    endloop
  endfacet
  facet normal 0 -0.569181 0.822212
    outer loop
      vertex -9 -2.36337 16.7484
      vertex -11.9 -3.94559 15.6531
      vertex -9 -3.94559 15.6531
    endloop
  endfacet
  facet normal 0 -0.569222 0.822184
    outer loop
      vertex -13 -5.75441 14.4008
      vertex -11.9 -5.75441 14.4008
      vertex -11.9 -3.94559 15.6531
    endloop
  endfacet
  facet normal 0 -0.569215 0.822188
    outer loop
      vertex -11.9 -5.75441 14.4008
      vertex -13 -5.75441 14.4008
      vertex -12.45 -6.39559 13.9569
    endloop
  endfacet
  facet normal 0 -0.569222 0.822184
    outer loop
      vertex -13 -5.75441 14.4008
      vertex -11.9 -3.94559 15.6531
      vertex -13 -3.94559 15.6531
    endloop
  endfacet
  facet normal 0 -0.569181 0.822212
    outer loop
      vertex -9 -2.36337 16.7484
      vertex -13 -3.94559 15.6531
      vertex -11.9 -3.94559 15.6531
    endloop
  endfacet
  facet normal 0 -0.569181 0.822212
    outer loop
      vertex -9 -2.36337 16.7484
      vertex -16.6 -3.94559 15.6531
      vertex -13 -3.94559 15.6531
    endloop
  endfacet
  facet normal 1.19966e-05 -0.569222 0.822184
    outer loop
      vertex -16.6 -3.94559 15.6531
      vertex -17.15 -6.39559 13.9569
      vertex -16.6 -5.75441 14.4008
    endloop
  endfacet
  facet normal 2.27522e-06 -0.569222 0.822184
    outer loop
      vertex -17.15 -6.39559 13.9569
      vertex -20.05 -8.84559 12.2607
      vertex -17.15 -8.20441 12.7046
    endloop
  endfacet
  facet normal 2.53668e-16 -0.56922 0.822185
    outer loop
      vertex -16.6 -3.94559 15.6531
      vertex -20.05 -8.84559 12.2607
      vertex -17.15 -6.39559 13.9569
    endloop
  endfacet
  facet normal -3.15351e-06 -0.569194 0.822203
    outer loop
      vertex -20.05 -8.84559 12.2607
      vertex -22.95 -11.2956 10.5646
      vertex -20.05 -10.6544 11.0085
    endloop
  endfacet
  facet normal -5.83814e-06 -0.569218 0.822187
    outer loop
      vertex -27 -2 17
      vertex -20.05 -8.84559 12.2607
      vertex -16.6 -3.94559 15.6531
    endloop
  endfacet
  facet normal -3.12324e-06 -0.56921 0.822192
    outer loop
      vertex -27 -15 8
      vertex -22.95 -11.2956 10.5646
      vertex -27 -2 17
    endloop
  endfacet
  facet normal 1.17532e-05 -0.569206 0.822195
    outer loop
      vertex -20.05 -8.84559 12.2607
      vertex -27 -2 17
      vertex -22.95 -11.2956 10.5646
    endloop
  endfacet
  facet normal 2.29993e-06 -0.569188 0.822207
    outer loop
      vertex -9 -2.36337 16.7484
      vertex -27 -2 17
      vertex -16.6 -3.94559 15.6531
    endloop
  endfacet
  facet normal 0 -0.569265 0.822154
    outer loop
      vertex -27 -2 17
      vertex -9 -2.36337 16.7484
      vertex 27 -2 17
    endloop
  endfacet
  facet normal -6.79107e-06 -0.569217 0.822187
    outer loop
      vertex 22.95 -13.1044 9.31233
      vertex 27 -15 8
      vertex 22.95 -11.2956 10.5646
    endloop
  endfacet
  facet normal 0 -0.569207 0.822194
    outer loop
      vertex 19.35 -13.1044 9.31233
      vertex 27 -15 8
      vertex 22.95 -13.1044 9.31233
    endloop
  endfacet
  facet normal 0 -0.569217 0.822187
    outer loop
      vertex 18.25 -13.1044 9.31233
      vertex 19.35 -13.1044 9.31233
      vertex 18.25 -11.2956 10.5646
    endloop
  endfacet
  facet normal 0 -0.569207 0.822194
    outer loop
      vertex 18.25 -13.1044 9.31233
      vertex 27 -15 8
      vertex 19.35 -13.1044 9.31233
    endloop
  endfacet
  facet normal 0 -0.569207 0.822194
    outer loop
      vertex 14.65 -13.1044 9.31233
      vertex 27 -15 8
      vertex 18.25 -13.1044 9.31233
    endloop
  endfacet
  facet normal 0 -0.569217 0.822187
    outer loop
      vertex 13.55 -13.1044 9.31233
      vertex 14.65 -13.1044 9.31233
      vertex 13.55 -11.2956 10.5646
    endloop
  endfacet
  facet normal 0 -0.569207 0.822194
    outer loop
      vertex 13.55 -13.1044 9.31233
      vertex 27 -15 8
      vertex 14.65 -13.1044 9.31233
    endloop
  endfacet
  facet normal 0 -0.569207 0.822194
    outer loop
      vertex 9.95 -13.1044 9.31233
      vertex 27 -15 8
      vertex 13.55 -13.1044 9.31233
    endloop
  endfacet
  facet normal 0 -0.569217 0.822187
    outer loop
      vertex 8.85 -13.1044 9.31233
      vertex 9.95 -13.1044 9.31233
      vertex 8.85 -11.2956 10.5646
    endloop
  endfacet
  facet normal 0 -0.569207 0.822194
    outer loop
      vertex 8.85 -13.1044 9.31233
      vertex 27 -15 8
      vertex 9.95 -13.1044 9.31233
    endloop
  endfacet
  facet normal 0 -0.569207 0.822194
    outer loop
      vertex 5.25 -13.1044 9.31233
      vertex 27 -15 8
      vertex 8.85 -13.1044 9.31233
    endloop
  endfacet
  facet normal 0 -0.569217 0.822187
    outer loop
      vertex 4.15 -13.1044 9.31233
      vertex 5.25 -13.1044 9.31233
      vertex 4.15 -11.2956 10.5646
    endloop
  endfacet
  facet normal 0 -0.569207 0.822194
    outer loop
      vertex 4.15 -13.1044 9.31233
      vertex 27 -15 8
      vertex 5.25 -13.1044 9.31233
    endloop
  endfacet
  facet normal 0 -0.569207 0.822194
    outer loop
      vertex 0.549999 -13.1044 9.31233
      vertex 27 -15 8
      vertex 4.15 -13.1044 9.31233
    endloop
  endfacet
  facet normal 0 -0.569217 0.822187
    outer loop
      vertex -0.549999 -13.1044 9.31233
      vertex 0.549999 -13.1044 9.31233
      vertex -0.549999 -11.2956 10.5646
    endloop
  endfacet
  facet normal 0 -0.569207 0.822194
    outer loop
      vertex -0.549999 -13.1044 9.31233
      vertex 27 -15 8
      vertex 0.549999 -13.1044 9.31233
    endloop
  endfacet
  facet normal 0 -0.569207 0.822194
    outer loop
      vertex -27 -15 8
      vertex -0.549999 -13.1044 9.31233
      vertex -4.15 -13.1044 9.31233
    endloop
  endfacet
  facet normal 0 -0.569217 0.822187
    outer loop
      vertex -5.25 -13.1044 9.31233
      vertex -4.15 -13.1044 9.31233
      vertex -5.25 -11.2956 10.5646
    endloop
  endfacet
  facet normal 0 -0.569207 0.822194
    outer loop
      vertex -27 -15 8
      vertex -4.15 -13.1044 9.31233
      vertex -5.25 -13.1044 9.31233
    endloop
  endfacet
  facet normal 0 -0.569207 0.822194
    outer loop
      vertex -27 -15 8
      vertex -5.25 -13.1044 9.31233
      vertex -8.85 -13.1044 9.31233
    endloop
  endfacet
  facet normal 0 -0.569217 0.822187
    outer loop
      vertex -9.95 -13.1044 9.31233
      vertex -8.85 -13.1044 9.31233
      vertex -9.95 -11.2956 10.5646
    endloop
  endfacet
  facet normal 0 -0.569207 0.822194
    outer loop
      vertex -27 -15 8
      vertex -8.85 -13.1044 9.31233
      vertex -9.95 -13.1044 9.31233
    endloop
  endfacet
  facet normal 0 -0.569207 0.822194
    outer loop
      vertex -27 -15 8
      vertex -9.95 -13.1044 9.31233
      vertex -13.55 -13.1044 9.31233
    endloop
  endfacet
  facet normal 0 -0.569217 0.822187
    outer loop
      vertex -14.65 -13.1044 9.31233
      vertex -13.55 -13.1044 9.31233
      vertex -14.65 -11.2956 10.5646
    endloop
  endfacet
  facet normal 0 -0.569207 0.822194
    outer loop
      vertex -27 -15 8
      vertex -13.55 -13.1044 9.31233
      vertex -14.65 -13.1044 9.31233
    endloop
  endfacet
  facet normal 0 -0.569207 0.822194
    outer loop
      vertex -27 -15 8
      vertex -14.65 -13.1044 9.31233
      vertex -18.25 -13.1044 9.31233
    endloop
  endfacet
  facet normal 0 -0.569217 0.822187
    outer loop
      vertex -19.35 -13.1044 9.31233
      vertex -18.25 -13.1044 9.31233
      vertex -19.35 -11.2956 10.5646
    endloop
  endfacet
  facet normal 0 -0.569207 0.822194
    outer loop
      vertex -27 -15 8
      vertex -18.25 -13.1044 9.31233
      vertex -19.35 -13.1044 9.31233
    endloop
  endfacet
  facet normal 0 -0.569207 0.822194
    outer loop
      vertex -27 -15 8
      vertex -19.35 -13.1044 9.31233
      vertex -22.95 -13.1044 9.31233
    endloop
  endfacet
  facet normal 0 -0.569207 0.822194
    outer loop
      vertex -0.549999 -13.1044 9.31233
      vertex -27 -15 8
      vertex 27 -15 8
    endloop
  endfacet
  facet normal 6.79107e-06 -0.569217 0.822187
    outer loop
      vertex -22.95 -11.2956 10.5646
      vertex -27 -15 8
      vertex -22.95 -13.1044 9.31233
    endloop
  endfacet
  facet normal 5.08066e-06 -0.569194 0.822203
    outer loop
      vertex 21.15 -10.6544 11.0085
      vertex 22.95 -11.2956 10.5646
      vertex 21.15 -8.84559 12.2607
    endloop
  endfacet
  facet normal 0 -0.569203 0.822197
    outer loop
      vertex 21.15 -10.6544 11.0085
      vertex 19.35 -11.2956 10.5646
      vertex 22.95 -11.2956 10.5646
    endloop
  endfacet
  facet normal 0 -0.569217 0.822187
    outer loop
      vertex 19.35 -11.2956 10.5646
      vertex 18.25 -11.2956 10.5646
      vertex 19.35 -13.1044 9.31233
    endloop
  endfacet
  facet normal 0 -0.569203 0.822197
    outer loop
      vertex 17.55 -10.6544 11.0085
      vertex 19.35 -11.2956 10.5646
      vertex 21.15 -10.6544 11.0085
    endloop
  endfacet
  facet normal 0 -0.569203 0.822197
    outer loop
      vertex 19.35 -11.2956 10.5646
      vertex 17.55 -10.6544 11.0085
      vertex 18.25 -11.2956 10.5646
    endloop
  endfacet
  facet normal 0 -0.569194 0.822203
    outer loop
      vertex 16.45 -10.6544 11.0085
      vertex 17.55 -10.6544 11.0085
      vertex 16.45 -8.84559 12.2607
    endloop
  endfacet
  facet normal 0 -0.569203 0.822197
    outer loop
      vertex 16.45 -10.6544 11.0085
      vertex 18.25 -11.2956 10.5646
      vertex 17.55 -10.6544 11.0085
    endloop
  endfacet
  facet normal 0 -0.569203 0.822197
    outer loop
      vertex 16.45 -10.6544 11.0085
      vertex 14.65 -11.2956 10.5646
      vertex 18.25 -11.2956 10.5646
    endloop
  endfacet
  facet normal 0 -0.569217 0.822187
    outer loop
      vertex 14.65 -11.2956 10.5646
      vertex 13.55 -11.2956 10.5646
      vertex 14.65 -13.1044 9.31233
    endloop
  endfacet
  facet normal 0 -0.569203 0.822197
    outer loop
      vertex 12.85 -10.6544 11.0085
      vertex 14.65 -11.2956 10.5646
      vertex 16.45 -10.6544 11.0085
    endloop
  endfacet
  facet normal 0 -0.569203 0.822197
    outer loop
      vertex 14.65 -11.2956 10.5646
      vertex 12.85 -10.6544 11.0085
      vertex 13.55 -11.2956 10.5646
    endloop
  endfacet
  facet normal 0 -0.569194 0.822203
    outer loop
      vertex 11.75 -10.6544 11.0085
      vertex 12.85 -10.6544 11.0085
      vertex 11.75 -8.84559 12.2607
    endloop
  endfacet
  facet normal 0 -0.569203 0.822197
    outer loop
      vertex 11.75 -10.6544 11.0085
      vertex 13.55 -11.2956 10.5646
      vertex 12.85 -10.6544 11.0085
    endloop
  endfacet
  facet normal 0 -0.569203 0.822197
    outer loop
      vertex 11.75 -10.6544 11.0085
      vertex 9.95 -11.2956 10.5646
      vertex 13.55 -11.2956 10.5646
    endloop
  endfacet
  facet normal 0 -0.569217 0.822187
    outer loop
      vertex 9.95 -11.2956 10.5646
      vertex 8.85 -11.2956 10.5646
      vertex 9.95 -13.1044 9.31233
    endloop
  endfacet
  facet normal 0 -0.569203 0.822197
    outer loop
      vertex 8.15 -10.6544 11.0085
      vertex 9.95 -11.2956 10.5646
      vertex 11.75 -10.6544 11.0085
    endloop
  endfacet
  facet normal 0 -0.569203 0.822197
    outer loop
      vertex 9.95 -11.2956 10.5646
      vertex 8.15 -10.6544 11.0085
      vertex 8.85 -11.2956 10.5646
    endloop
  endfacet
  facet normal 0 -0.569215 0.822188
    outer loop
      vertex 5.25 -6.39559 13.9569
      vertex 6.35 -6.39559 13.9569
      vertex 5.8 -5.75441 14.4008
    endloop
  endfacet
  facet normal 0 -0.569222 0.822184
    outer loop
      vertex 6.35 -6.39559 13.9569
      vertex 5.25 -6.39559 13.9569
      vertex 6.35 -8.20441 12.7046
    endloop
  endfacet
  facet normal 0 -0.569222 0.822184
    outer loop
      vertex 5.25 -8.20441 12.7046
      vertex 6.35 -8.20441 12.7046
      vertex 5.25 -6.39559 13.9569
    endloop
  endfacet
  facet normal 0 -0.5692 0.822199
    outer loop
      vertex 5.25 -11.2956 10.5646
      vertex 6.35 -8.20441 12.7046
      vertex 5.25 -8.20441 12.7046
    endloop
  endfacet
  facet normal -1.11905e-06 -0.5692 0.822199
    outer loop
      vertex 6.35 -8.20441 12.7046
      vertex 5.25 -11.2956 10.5646
      vertex 8.15 -10.6544 11.0085
    endloop
  endfacet
  facet normal 0 -0.569203 0.822197
    outer loop
      vertex 8.15 -10.6544 11.0085
      vertex 5.25 -11.2956 10.5646
      vertex 8.85 -11.2956 10.5646
    endloop
  endfacet
  facet normal 0 -0.5692 0.822199
    outer loop
      vertex 4.15 -11.2956 10.5646
      vertex 5.25 -11.2956 10.5646
      vertex 5.25 -8.20441 12.7046
    endloop
  endfacet
  facet normal 0 -0.569217 0.822187
    outer loop
      vertex 5.25 -11.2956 10.5646
      vertex 4.15 -11.2956 10.5646
      vertex 5.25 -13.1044 9.31233
    endloop
  endfacet
  facet normal -5.37979e-06 -0.569199 0.8222
    outer loop
      vertex 5.25 -8.20441 12.7046
      vertex 2.35 -8.84559 12.2607
      vertex 4.15 -11.2956 10.5646
    endloop
  endfacet
  facet normal 0 -0.569215 0.822188
    outer loop
      vertex 1.65 -8.20441 12.7046
      vertex 2.35 -8.84559 12.2607
      vertex 5.25 -8.20441 12.7046
    endloop
  endfacet
  facet normal 0 -0.569215 0.822188
    outer loop
      vertex 0.549999 -6.39559 13.9569
      vertex 1.65 -6.39559 13.9569
      vertex 1.1 -5.75441 14.4008
    endloop
  endfacet
  facet normal 0 -0.569222 0.822184
    outer loop
      vertex 1.65 -6.39559 13.9569
      vertex 0.549999 -6.39559 13.9569
      vertex 1.65 -8.20441 12.7046
    endloop
  endfacet
  facet normal 0 -0.569222 0.822184
    outer loop
      vertex 0.549999 -8.20441 12.7046
      vertex 1.65 -8.20441 12.7046
      vertex 0.549999 -6.39559 13.9569
    endloop
  endfacet
  facet normal 0 -0.569215 0.822188
    outer loop
      vertex 0.549999 -8.20441 12.7046
      vertex 2.35 -8.84559 12.2607
      vertex 1.65 -8.20441 12.7046
    endloop
  endfacet
  facet normal 0 -0.569215 0.822188
    outer loop
      vertex 0.549999 -8.20441 12.7046
      vertex -1.25 -8.84559 12.2607
      vertex 2.35 -8.84559 12.2607
    endloop
  endfacet
  facet normal 0 -0.569194 0.822203
    outer loop
      vertex -1.25 -8.84559 12.2607
      vertex -2.35 -8.84559 12.2607
      vertex -1.25 -10.6544 11.0085
    endloop
  endfacet
  facet normal 0 -0.569215 0.822188
    outer loop
      vertex -3.05 -8.20441 12.7046
      vertex -1.25 -8.84559 12.2607
      vertex 0.549999 -8.20441 12.7046
    endloop
  endfacet
  facet normal 0 -0.569215 0.822188
    outer loop
      vertex -1.25 -8.84559 12.2607
      vertex -3.05 -8.20441 12.7046
      vertex -2.35 -8.84559 12.2607
    endloop
  endfacet
  facet normal 0 -0.569215 0.822188
    outer loop
      vertex -4.15 -6.39559 13.9569
      vertex -3.05 -6.39559 13.9569
      vertex -3.6 -5.75441 14.4008
    endloop
  endfacet
  facet normal 0 -0.569222 0.822184
    outer loop
      vertex -3.05 -6.39559 13.9569
      vertex -4.15 -6.39559 13.9569
      vertex -3.05 -8.20441 12.7046
    endloop
  endfacet
  facet normal 0 -0.569222 0.822184
    outer loop
      vertex -4.15 -8.20441 12.7046
      vertex -3.05 -8.20441 12.7046
      vertex -4.15 -6.39559 13.9569
    endloop
  endfacet
  facet normal 0 -0.569215 0.822188
    outer loop
      vertex -4.15 -8.20441 12.7046
      vertex -2.35 -8.84559 12.2607
      vertex -3.05 -8.20441 12.7046
    endloop
  endfacet
  facet normal 0 -0.569215 0.822188
    outer loop
      vertex -4.15 -8.20441 12.7046
      vertex -5.95 -8.84559 12.2607
      vertex -2.35 -8.84559 12.2607
    endloop
  endfacet
  facet normal 0 -0.569194 0.822203
    outer loop
      vertex -5.95 -8.84559 12.2607
      vertex -7.05 -8.84559 12.2607
      vertex -5.95 -10.6544 11.0085
    endloop
  endfacet
  facet normal 0 -0.569215 0.822188
    outer loop
      vertex -7.75 -8.20441 12.7046
      vertex -5.95 -8.84559 12.2607
      vertex -4.15 -8.20441 12.7046
    endloop
  endfacet
  facet normal 0 -0.569215 0.822188
    outer loop
      vertex -5.95 -8.84559 12.2607
      vertex -7.75 -8.20441 12.7046
      vertex -7.05 -8.84559 12.2607
    endloop
  endfacet
  facet normal 0 -0.569215 0.822188
    outer loop
      vertex -8.85 -6.39559 13.9569
      vertex -7.75 -6.39559 13.9569
      vertex -8.3 -5.75441 14.4008
    endloop
  endfacet
  facet normal 0 -0.569222 0.822184
    outer loop
      vertex -7.75 -6.39559 13.9569
      vertex -8.85 -6.39559 13.9569
      vertex -7.75 -8.20441 12.7046
    endloop
  endfacet
  facet normal 0 -0.569222 0.822184
    outer loop
      vertex -8.85 -8.20441 12.7046
      vertex -7.75 -8.20441 12.7046
      vertex -8.85 -6.39559 13.9569
    endloop
  endfacet
  facet normal 0 -0.569215 0.822188
    outer loop
      vertex -8.85 -8.20441 12.7046
      vertex -7.05 -8.84559 12.2607
      vertex -7.75 -8.20441 12.7046
    endloop
  endfacet
  facet normal 0 -0.569215 0.822188
    outer loop
      vertex -8.85 -8.20441 12.7046
      vertex -10.65 -8.84559 12.2607
      vertex -7.05 -8.84559 12.2607
    endloop
  endfacet
  facet normal 0 -0.569194 0.822203
    outer loop
      vertex -10.65 -8.84559 12.2607
      vertex -11.75 -8.84559 12.2607
      vertex -10.65 -10.6544 11.0085
    endloop
  endfacet
  facet normal 0 -0.569215 0.822188
    outer loop
      vertex -12.45 -8.20441 12.7046
      vertex -10.65 -8.84559 12.2607
      vertex -8.85 -8.20441 12.7046
    endloop
  endfacet
  facet normal 0 -0.569215 0.822188
    outer loop
      vertex -10.65 -8.84559 12.2607
      vertex -12.45 -8.20441 12.7046
      vertex -11.75 -8.84559 12.2607
    endloop
  endfacet
  facet normal 0 -0.569215 0.822188
    outer loop
      vertex -13.55 -6.39559 13.9569
      vertex -12.45 -6.39559 13.9569
      vertex -13 -5.75441 14.4008
    endloop
  endfacet
  facet normal 0 -0.569222 0.822184
    outer loop
      vertex -12.45 -6.39559 13.9569
      vertex -13.55 -6.39559 13.9569
      vertex -12.45 -8.20441 12.7046
    endloop
  endfacet
  facet normal 0 -0.569222 0.822184
    outer loop
      vertex -13.55 -8.20441 12.7046
      vertex -12.45 -8.20441 12.7046
      vertex -13.55 -6.39559 13.9569
    endloop
  endfacet
  facet normal 0 -0.569215 0.822188
    outer loop
      vertex -13.55 -8.20441 12.7046
      vertex -11.75 -8.84559 12.2607
      vertex -12.45 -8.20441 12.7046
    endloop
  endfacet
  facet normal 0 -0.569215 0.822188
    outer loop
      vertex -13.55 -8.20441 12.7046
      vertex -15.35 -8.84559 12.2607
      vertex -11.75 -8.84559 12.2607
    endloop
  endfacet
  facet normal 0 -0.569194 0.822203
    outer loop
      vertex -15.35 -8.84559 12.2607
      vertex -16.45 -8.84559 12.2607
      vertex -15.35 -10.6544 11.0085
    endloop
  endfacet
  facet normal 0 -0.569215 0.822188
    outer loop
      vertex -17.15 -8.20441 12.7046
      vertex -15.35 -8.84559 12.2607
      vertex -13.55 -8.20441 12.7046
    endloop
  endfacet
  facet normal 0 -0.569215 0.822188
    outer loop
      vertex -15.35 -8.84559 12.2607
      vertex -17.15 -8.20441 12.7046
      vertex -16.45 -8.84559 12.2607
    endloop
  endfacet
  facet normal 0 -0.569215 0.822188
    outer loop
      vertex -16.45 -8.84559 12.2607
      vertex -17.15 -8.20441 12.7046
      vertex -20.05 -8.84559 12.2607
    endloop
  endfacet
  facet normal 6.72137e-06 -0.569218 0.822187
    outer loop
      vertex 27 -2 17
      vertex 19.9 -5.75441 14.4008
      vertex 21.15 -8.84559 12.2607
    endloop
  endfacet
  facet normal 4.77085e-06 -0.569218 0.822187
    outer loop
      vertex 19.35 -6.39559 13.9569
      vertex 21.15 -8.84559 12.2607
      vertex 19.9 -5.75441 14.4008
    endloop
  endfacet
  facet normal -3.66562e-06 -0.569222 0.822184
    outer loop
      vertex 19.35 -8.20441 12.7046
      vertex 21.15 -8.84559 12.2607
      vertex 19.35 -6.39559 13.9569
    endloop
  endfacet
  facet normal 0 -0.569215 0.822188
    outer loop
      vertex 19.35 -8.20441 12.7046
      vertex 17.55 -8.84559 12.2607
      vertex 21.15 -8.84559 12.2607
    endloop
  endfacet
  facet normal 0 -0.569194 0.822203
    outer loop
      vertex 17.55 -8.84559 12.2607
      vertex 16.45 -8.84559 12.2607
      vertex 17.55 -10.6544 11.0085
    endloop
  endfacet
  facet normal 0 -0.569215 0.822188
    outer loop
      vertex 15.75 -8.20441 12.7046
      vertex 17.55 -8.84559 12.2607
      vertex 19.35 -8.20441 12.7046
    endloop
  endfacet
  facet normal 0 -0.569215 0.822188
    outer loop
      vertex 17.55 -8.84559 12.2607
      vertex 15.75 -8.20441 12.7046
      vertex 16.45 -8.84559 12.2607
    endloop
  endfacet
  facet normal 0 -0.569215 0.822188
    outer loop
      vertex 14.65 -6.39559 13.9569
      vertex 15.75 -6.39559 13.9569
      vertex 15.2 -5.75441 14.4008
    endloop
  endfacet
  facet normal 0 -0.569222 0.822184
    outer loop
      vertex 15.75 -6.39559 13.9569
      vertex 14.65 -6.39559 13.9569
      vertex 15.75 -8.20441 12.7046
    endloop
  endfacet
  facet normal 0 -0.569222 0.822184
    outer loop
      vertex 14.65 -8.20441 12.7046
      vertex 15.75 -8.20441 12.7046
      vertex 14.65 -6.39559 13.9569
    endloop
  endfacet
  facet normal 0 -0.569215 0.822188
    outer loop
      vertex 14.65 -8.20441 12.7046
      vertex 16.45 -8.84559 12.2607
      vertex 15.75 -8.20441 12.7046
    endloop
  endfacet
  facet normal 0 -0.569215 0.822188
    outer loop
      vertex 14.65 -8.20441 12.7046
      vertex 12.85 -8.84559 12.2607
      vertex 16.45 -8.84559 12.2607
    endloop
  endfacet
  facet normal 0 -0.569194 0.822203
    outer loop
      vertex 12.85 -8.84559 12.2607
      vertex 11.75 -8.84559 12.2607
      vertex 12.85 -10.6544 11.0085
    endloop
  endfacet
  facet normal 0 -0.569215 0.822188
    outer loop
      vertex 11.05 -8.20441 12.7046
      vertex 12.85 -8.84559 12.2607
      vertex 14.65 -8.20441 12.7046
    endloop
  endfacet
  facet normal 0 -0.569215 0.822188
    outer loop
      vertex 12.85 -8.84559 12.2607
      vertex 11.05 -8.20441 12.7046
      vertex 11.75 -8.84559 12.2607
    endloop
  endfacet
  facet normal 0 -0.569215 0.822188
    outer loop
      vertex 9.95 -6.39559 13.9569
      vertex 11.05 -6.39559 13.9569
      vertex 10.5 -5.75441 14.4008
    endloop
  endfacet
  facet normal 0 -0.569222 0.822184
    outer loop
      vertex 11.05 -6.39559 13.9569
      vertex 9.95 -6.39559 13.9569
      vertex 11.05 -8.20441 12.7046
    endloop
  endfacet
  facet normal 0 -0.569222 0.822184
    outer loop
      vertex 9.95 -8.20441 12.7046
      vertex 11.05 -8.20441 12.7046
      vertex 9.95 -6.39559 13.9569
    endloop
  endfacet
  facet normal 0 -0.569215 0.822188
    outer loop
      vertex 9.95 -8.20441 12.7046
      vertex 11.75 -8.84559 12.2607
      vertex 11.05 -8.20441 12.7046
    endloop
  endfacet
  facet normal 0 -0.569215 0.822188
    outer loop
      vertex 9.95 -8.20441 12.7046
      vertex 8.15 -8.84559 12.2607
      vertex 11.75 -8.84559 12.2607
    endloop
  endfacet
  facet normal 1.1405e-05 -0.569194 0.822203
    outer loop
      vertex 8.15 -8.84559 12.2607
      vertex 6.35 -8.20441 12.7046
      vertex 8.15 -10.6544 11.0085
    endloop
  endfacet
  facet normal 0 -0.569215 0.822188
    outer loop
      vertex 6.35 -8.20441 12.7046
      vertex 8.15 -8.84559 12.2607
      vertex 9.95 -8.20441 12.7046
    endloop
  endfacet
  facet normal 0 -0.569181 0.822212
    outer loop
      vertex 10.5 -3.94559 15.6531
      vertex 9 -2.36337 16.7484
      vertex 9 -3.94559 15.6531
    endloop
  endfacet
  facet normal 1 -0 0
    outer loop
      vertex 27 -15 8
      vertex 27 -2 3
      vertex 27 -2 17
    endloop
  endfacet
  facet normal 1 -0 0
    outer loop
      vertex 27 -15 5.2
      vertex 27 -2 3
      vertex 27 -15 8
    endloop
  endfacet
  facet normal 1 0 0
    outer loop
      vertex 27 -16 3
      vertex 27 -15 5.2
      vertex 27 -16 5.2
    endloop
  endfacet
  facet normal 1 0 0
    outer loop
      vertex 27 -15 5.2
      vertex 27 -16 3
      vertex 27 -2 3
    endloop
  endfacet
  facet normal 0 -1 0
    outer loop
      vertex -27 -15 5.2
      vertex 27 -15 8
      vertex -27 -15 8
    endloop
  endfacet
  facet normal 0 -1 -0
    outer loop
      vertex 27 -15 8
      vertex -27 -15 5.2
      vertex 27 -15 5.2
    endloop
  endfacet
  facet normal -1 0 0
    outer loop
      vertex -27 -15 8
      vertex -27 -2 3
      vertex -27 -15 5.2
    endloop
  endfacet
  facet normal -1 0 0
    outer loop
      vertex -27 -16 3
      vertex -27 -15 5.2
      vertex -27 -2 3
    endloop
  endfacet
  facet normal -1 -0 0
    outer loop
      vertex -27 -15 5.2
      vertex -27 -16 3
      vertex -27 -16 5.2
    endloop
  endfacet
  facet normal -1 0 0
    outer loop
      vertex -27 -2 3
      vertex -27 -15 8
      vertex -27 -2 17
    endloop
  endfacet
  facet normal -0 0 1
    outer loop
      vertex -27 -15 5.2
      vertex 27 -16 5.2
      vertex 27 -15 5.2
    endloop
  endfacet
  facet normal 0 0 1
    outer loop
      vertex 27 -16 5.2
      vertex -27 -15 5.2
      vertex -27 -16 5.2
    endloop
  endfacet
  facet normal 0 -1 0
    outer loop
      vertex -27 -16 3
      vertex 27 -16 5.2
      vertex -27 -16 5.2
    endloop
  endfacet
  facet normal 0 -1 -0
    outer loop
      vertex 27 -16 5.2
      vertex -27 -16 3
      vertex 27 -16 3
    endloop
  endfacet
  facet normal -0.0654821 0 0.997854
    outer loop
      vertex 18.5 -1.1 27
      vertex 18.8002 -2 27.0197
      vertex 18.8002 -1.1 27.0197
    endloop
  endfacet
  facet normal -0.0654821 0 0.997854
    outer loop
      vertex 18.8002 -2 27.0197
      vertex 18.5 -1.1 27
      vertex 18.5 -2 27
    endloop
  endfacet
  facet normal -0.0654821 0 -0.997854
    outer loop
      vertex 18.5 -2 49.8
      vertex 18.8002 -1.1 49.7803
      vertex 18.8002 -2 49.7803
    endloop
  endfacet
  facet normal -0.0654821 0 -0.997854
    outer loop
      vertex 18.8002 -1.1 49.7803
      vertex 18.5 -2 49.8
      vertex 18.5 -1.1 49.8
    endloop
  endfacet
  facet normal 0.997854 -0 0.0654821
    outer loop
      vertex -20.8 -2 29.3
      vertex -20.7803 -1.1 28.9998
      vertex -20.8 -1.1 29.3
    endloop
  endfacet
  facet normal 0.997854 0 0.0654821
    outer loop
      vertex -20.7803 -1.1 28.9998
      vertex -20.8 -2 29.3
      vertex -20.7803 -2 28.9998
    endloop
  endfacet
  facet normal -0.321408 0 0.946941
    outer loop
      vertex 19.0953 -1.1 27.0784
      vertex 19.3802 -2 27.1751
      vertex 19.3802 -1.1 27.1751
    endloop
  endfacet
  facet normal -0.321408 0 0.946941
    outer loop
      vertex 19.3802 -2 27.1751
      vertex 19.0953 -1.1 27.0784
      vertex 19.0953 -2 27.0784
    endloop
  endfacet
  facet normal -0.195093 0 0.980785
    outer loop
      vertex 18.8002 -1.1 27.0197
      vertex 19.0953 -2 27.0784
      vertex 19.0953 -1.1 27.0784
    endloop
  endfacet
  facet normal -0.195093 0 0.980785
    outer loop
      vertex 19.0953 -2 27.0784
      vertex 18.8002 -1.1 27.0197
      vertex 18.8002 -2 27.0197
    endloop
  endfacet
  facet normal -0.442421 0 0.896808
    outer loop
      vertex 19.3802 -1.1 27.1751
      vertex 19.65 -2 27.3082
      vertex 19.65 -1.1 27.3082
    endloop
  endfacet
  facet normal -0.442421 0 0.896808
    outer loop
      vertex 19.65 -2 27.3082
      vertex 19.3802 -1.1 27.1751
      vertex 19.3802 -2 27.1751
    endloop
  endfacet
  facet normal -0 0 1
    outer loop
      vertex -18.5 -1.1 27
      vertex 18.5 -2 27
      vertex 18.5 -1.1 27
    endloop
  endfacet
  facet normal 0 0 1
    outer loop
      vertex 18.5 -2 27
      vertex -18.5 -1.1 27
      vertex -18.5 -2 27
    endloop
  endfacet
  facet normal 0.555544 0 0.831487
    outer loop
      vertex -19.9001 -1.1 27.4753
      vertex -19.65 -2 27.3082
      vertex -19.65 -1.1 27.3082
    endloop
  endfacet
  facet normal 0.555544 0 0.831487
    outer loop
      vertex -19.65 -2 27.3082
      vertex -19.9001 -1.1 27.4753
      vertex -19.9001 -2 27.4753
    endloop
  endfacet
  facet normal 0.195093 0 -0.980785
    outer loop
      vertex -19.0953 -2 49.7216
      vertex -18.8002 -1.1 49.7803
      vertex -18.8002 -2 49.7803
    endloop
  endfacet
  facet normal 0.195093 0 -0.980785
    outer loop
      vertex -18.8002 -1.1 49.7803
      vertex -19.0953 -2 49.7216
      vertex -19.0953 -1.1 49.7216
    endloop
  endfacet
  facet normal -1 0 0
    outer loop
      vertex 20.8 -2 29.3
      vertex 20.8 -1.1 47.5
      vertex 20.8 -1.1 29.3
    endloop
  endfacet
  facet normal -1 -0 0
    outer loop
      vertex 20.8 -1.1 47.5
      vertex 20.8 -2 29.3
      vertex 20.8 -2 47.5
    endloop
  endfacet
  facet normal 0.0654821 0 -0.997854
    outer loop
      vertex -18.8002 -2 49.7803
      vertex -18.5 -1.1 49.8
      vertex -18.5 -2 49.8
    endloop
  endfacet
  facet normal 0.0654821 0 -0.997854
    outer loop
      vertex -18.5 -1.1 49.8
      vertex -18.8002 -2 49.7803
      vertex -18.8002 -1.1 49.7803
    endloop
  endfacet
  facet normal 0.831334 0 -0.555774
    outer loop
      vertex -20.3247 -2 48.9001
      vertex -20.4919 -1.1 48.65
      vertex -20.3247 -1.1 48.9001
    endloop
  endfacet
  facet normal 0.831334 0 -0.555774
    outer loop
      vertex -20.4919 -1.1 48.65
      vertex -20.3247 -2 48.9001
      vertex -20.4919 -2 48.65
    endloop
  endfacet
  facet normal 1 -0 0
    outer loop
      vertex -20.8 -2 47.5
      vertex -20.8 -1.1 29.3
      vertex -20.8 -1.1 47.5
    endloop
  endfacet
  facet normal 1 0 0
    outer loop
      vertex -20.8 -1.1 29.3
      vertex -20.8 -2 47.5
      vertex -20.8 -2 29.3
    endloop
  endfacet
  facet normal 0 0 -1
    outer loop
      vertex -18.5 -2 49.8
      vertex 18.5 -1.1 49.8
      vertex 18.5 -2 49.8
    endloop
  endfacet
  facet normal -0 0 -1
    outer loop
      vertex 18.5 -1.1 49.8
      vertex -18.5 -2 49.8
      vertex -18.5 -1.1 49.8
    endloop
  endfacet
  facet normal -0.321408 0 -0.946941
    outer loop
      vertex 19.0953 -2 49.7216
      vertex 19.3802 -1.1 49.6249
      vertex 19.3802 -2 49.6249
    endloop
  endfacet
  facet normal -0.321408 0 -0.946941
    outer loop
      vertex 19.3802 -1.1 49.6249
      vertex 19.0953 -2 49.7216
      vertex 19.0953 -1.1 49.7216
    endloop
  endfacet
  facet normal 0.659398 0 -0.751794
    outer loop
      vertex -20.1263 -2 49.1263
      vertex -19.9001 -1.1 49.3247
      vertex -19.9001 -2 49.3247
    endloop
  endfacet
  facet normal 0.659398 0 -0.751794
    outer loop
      vertex -19.9001 -1.1 49.3247
      vertex -20.1263 -2 49.1263
      vertex -20.1263 -1.1 49.1263
    endloop
  endfacet
  facet normal 0.0654821 0 0.997854
    outer loop
      vertex -18.8002 -1.1 27.0197
      vertex -18.5 -2 27
      vertex -18.5 -1.1 27
    endloop
  endfacet
  facet normal 0.0654821 0 0.997854
    outer loop
      vertex -18.5 -2 27
      vertex -18.8002 -1.1 27.0197
      vertex -18.8002 -2 27.0197
    endloop
  endfacet
  facet normal 0.555544 0 -0.831487
    outer loop
      vertex -19.9001 -2 49.3247
      vertex -19.65 -1.1 49.4918
      vertex -19.65 -2 49.4918
    endloop
  endfacet
  facet normal 0.555544 0 -0.831487
    outer loop
      vertex -19.65 -1.1 49.4918
      vertex -19.9001 -2 49.3247
      vertex -19.9001 -1.1 49.3247
    endloop
  endfacet
  facet normal 0.321408 0 0.946941
    outer loop
      vertex -19.3802 -1.1 27.1751
      vertex -19.0953 -2 27.0784
      vertex -19.0953 -1.1 27.0784
    endloop
  endfacet
  facet normal 0.321408 0 0.946941
    outer loop
      vertex -19.0953 -2 27.0784
      vertex -19.3802 -1.1 27.1751
      vertex -19.3802 -2 27.1751
    endloop
  endfacet
  facet normal -0.89694 0 0.442153
    outer loop
      vertex 20.4919 -2 28.15
      vertex 20.6249 -1.1 28.4198
      vertex 20.4919 -1.1 28.15
    endloop
  endfacet
  facet normal -0.89694 0 0.442153
    outer loop
      vertex 20.6249 -1.1 28.4198
      vertex 20.4919 -2 28.15
      vertex 20.6249 -2 28.4198
    endloop
  endfacet
  facet normal 0.321408 0 -0.946941
    outer loop
      vertex -19.3802 -2 49.6249
      vertex -19.0953 -1.1 49.7216
      vertex -19.0953 -2 49.7216
    endloop
  endfacet
  facet normal 0.321408 0 -0.946941
    outer loop
      vertex -19.0953 -1.1 49.7216
      vertex -19.3802 -2 49.6249
      vertex -19.3802 -1.1 49.6249
    endloop
  endfacet
  facet normal 0.442421 0 0.896808
    outer loop
      vertex -19.65 -1.1 27.3082
      vertex -19.3802 -2 27.1751
      vertex -19.3802 -1.1 27.1751
    endloop
  endfacet
  facet normal 0.442421 0 0.896808
    outer loop
      vertex -19.3802 -2 27.1751
      vertex -19.65 -1.1 27.3082
      vertex -19.65 -2 27.3082
    endloop
  endfacet
  facet normal 0.946941 0 -0.321408
    outer loop
      vertex -20.6249 -2 48.3802
      vertex -20.7216 -1.1 48.0953
      vertex -20.6249 -1.1 48.3802
    endloop
  endfacet
  facet normal 0.946941 0 -0.321408
    outer loop
      vertex -20.7216 -1.1 48.0953
      vertex -20.6249 -2 48.3802
      vertex -20.7216 -2 48.0953
    endloop
  endfacet
  facet normal 0.195093 0 0.980785
    outer loop
      vertex -19.0953 -1.1 27.0784
      vertex -18.8002 -2 27.0197
      vertex -18.8002 -1.1 27.0197
    endloop
  endfacet
  facet normal 0.195093 0 0.980785
    outer loop
      vertex -18.8002 -2 27.0197
      vertex -19.0953 -1.1 27.0784
      vertex -19.0953 -2 27.0784
    endloop
  endfacet
  facet normal -0.555544 0 0.831487
    outer loop
      vertex 19.65 -1.1 27.3082
      vertex 19.9001 -2 27.4753
      vertex 19.9001 -1.1 27.4753
    endloop
  endfacet
  facet normal -0.555544 0 0.831487
    outer loop
      vertex 19.9001 -2 27.4753
      vertex 19.65 -1.1 27.3082
      vertex 19.65 -2 27.3082
    endloop
  endfacet
  facet normal -0.751794 0 -0.659398
    outer loop
      vertex 20.3247 -2 48.9001
      vertex 20.1263 -1.1 49.1263
      vertex 20.3247 -1.1 48.9001
    endloop
  endfacet
  facet normal -0.751794 -0 -0.659398
    outer loop
      vertex 20.1263 -1.1 49.1263
      vertex 20.3247 -2 48.9001
      vertex 20.1263 -2 49.1263
    endloop
  endfacet
  facet normal -0.831334 0 -0.555774
    outer loop
      vertex 20.4919 -2 48.65
      vertex 20.3247 -1.1 48.9001
      vertex 20.4919 -1.1 48.65
    endloop
  endfacet
  facet normal -0.831334 -0 -0.555774
    outer loop
      vertex 20.3247 -1.1 48.9001
      vertex 20.4919 -2 48.65
      vertex 20.3247 -2 48.9001
    endloop
  endfacet
  facet normal 0.89694 -0 0.442153
    outer loop
      vertex -20.6249 -2 28.4198
      vertex -20.4919 -1.1 28.15
      vertex -20.6249 -1.1 28.4198
    endloop
  endfacet
  facet normal 0.89694 0 0.442153
    outer loop
      vertex -20.4919 -1.1 28.15
      vertex -20.6249 -2 28.4198
      vertex -20.4919 -2 28.15
    endloop
  endfacet
  facet normal -0.555544 0 -0.831487
    outer loop
      vertex 19.65 -2 49.4918
      vertex 19.9001 -1.1 49.3247
      vertex 19.9001 -2 49.3247
    endloop
  endfacet
  facet normal -0.555544 0 -0.831487
    outer loop
      vertex 19.9001 -1.1 49.3247
      vertex 19.65 -2 49.4918
      vertex 19.65 -1.1 49.4918
    endloop
  endfacet
  facet normal -0.946941 0 0.321408
    outer loop
      vertex 20.6249 -2 28.4198
      vertex 20.7216 -1.1 28.7047
      vertex 20.6249 -1.1 28.4198
    endloop
  endfacet
  facet normal -0.946941 0 0.321408
    outer loop
      vertex 20.7216 -1.1 28.7047
      vertex 20.6249 -2 28.4198
      vertex 20.7216 -2 28.7047
    endloop
  endfacet
  facet normal 0.946941 -0 0.321408
    outer loop
      vertex -20.7216 -2 28.7047
      vertex -20.6249 -1.1 28.4198
      vertex -20.7216 -1.1 28.7047
    endloop
  endfacet
  facet normal 0.946941 0 0.321408
    outer loop
      vertex -20.6249 -1.1 28.4198
      vertex -20.7216 -2 28.7047
      vertex -20.6249 -2 28.4198
    endloop
  endfacet
  facet normal 0.442421 0 -0.896808
    outer loop
      vertex -19.65 -2 49.4918
      vertex -19.3802 -1.1 49.6249
      vertex -19.3802 -2 49.6249
    endloop
  endfacet
  facet normal 0.442421 0 -0.896808
    outer loop
      vertex -19.3802 -1.1 49.6249
      vertex -19.65 -2 49.4918
      vertex -19.65 -1.1 49.4918
    endloop
  endfacet
  facet normal 0.980785 0 -0.195093
    outer loop
      vertex -20.7216 -2 48.0953
      vertex -20.7803 -1.1 47.8002
      vertex -20.7216 -1.1 48.0953
    endloop
  endfacet
  facet normal 0.980785 0 -0.195093
    outer loop
      vertex -20.7803 -1.1 47.8002
      vertex -20.7216 -2 48.0953
      vertex -20.7803 -2 47.8002
    endloop
  endfacet
  facet normal 0.997854 0 -0.0654821
    outer loop
      vertex -20.7803 -2 47.8002
      vertex -20.8 -1.1 47.5
      vertex -20.7803 -1.1 47.8002
    endloop
  endfacet
  facet normal 0.997854 0 -0.0654821
    outer loop
      vertex -20.8 -1.1 47.5
      vertex -20.7803 -2 47.8002
      vertex -20.8 -2 47.5
    endloop
  endfacet
  facet normal -0.997854 0 -0.0654821
    outer loop
      vertex 20.8 -2 47.5
      vertex 20.7803 -1.1 47.8002
      vertex 20.8 -1.1 47.5
    endloop
  endfacet
  facet normal -0.997854 -0 -0.0654821
    outer loop
      vertex 20.7803 -1.1 47.8002
      vertex 20.8 -2 47.5
      vertex 20.7803 -2 47.8002
    endloop
  endfacet
  facet normal -0.195093 0 -0.980785
    outer loop
      vertex 18.8002 -2 49.7803
      vertex 19.0953 -1.1 49.7216
      vertex 19.0953 -2 49.7216
    endloop
  endfacet
  facet normal -0.195093 0 -0.980785
    outer loop
      vertex 19.0953 -1.1 49.7216
      vertex 18.8002 -2 49.7803
      vertex 18.8002 -1.1 49.7803
    endloop
  endfacet
  facet normal -0.442421 0 -0.896808
    outer loop
      vertex 19.3802 -2 49.6249
      vertex 19.65 -1.1 49.4918
      vertex 19.65 -2 49.4918
    endloop
  endfacet
  facet normal -0.442421 0 -0.896808
    outer loop
      vertex 19.65 -1.1 49.4918
      vertex 19.3802 -2 49.6249
      vertex 19.3802 -1.1 49.6249
    endloop
  endfacet
  facet normal 0.89694 0 -0.442153
    outer loop
      vertex -20.4919 -2 48.65
      vertex -20.6249 -1.1 48.3802
      vertex -20.4919 -1.1 48.65
    endloop
  endfacet
  facet normal 0.89694 0 -0.442153
    outer loop
      vertex -20.6249 -1.1 48.3802
      vertex -20.4919 -2 48.65
      vertex -20.6249 -2 48.3802
    endloop
  endfacet
  facet normal -0.831334 0 0.555774
    outer loop
      vertex 20.3247 -2 27.8999
      vertex 20.4919 -1.1 28.15
      vertex 20.3247 -1.1 27.8999
    endloop
  endfacet
  facet normal -0.831334 0 0.555774
    outer loop
      vertex 20.4919 -1.1 28.15
      vertex 20.3247 -2 27.8999
      vertex 20.4919 -2 28.15
    endloop
  endfacet
  facet normal 0.751794 0 -0.659398
    outer loop
      vertex -20.1263 -2 49.1263
      vertex -20.3247 -1.1 48.9001
      vertex -20.1263 -1.1 49.1263
    endloop
  endfacet
  facet normal 0.751794 0 -0.659398
    outer loop
      vertex -20.3247 -1.1 48.9001
      vertex -20.1263 -2 49.1263
      vertex -20.3247 -2 48.9001
    endloop
  endfacet
  facet normal 0 -1 0
    outer loop
      vertex -20.8 -1.1 47.5
      vertex -18.5 -1.1 49.8
      vertex -18.8002 -1.1 49.7803
    endloop
  endfacet
  facet normal 0 -1 0
    outer loop
      vertex -18.5 -1.1 49.8
      vertex -18.5 -1.1 27
      vertex 18.5 -1.1 49.8
    endloop
  endfacet
  facet normal 0 -1 0
    outer loop
      vertex -20.8 -1.1 47.5
      vertex -18.8002 -1.1 49.7803
      vertex -19.0953 -1.1 49.7216
    endloop
  endfacet
  facet normal 0 -1 0
    outer loop
      vertex 18.5 -1.1 27
      vertex 18.5 -1.1 49.8
      vertex -18.5 -1.1 27
    endloop
  endfacet
  facet normal 0 -1 0
    outer loop
      vertex -20.8 -1.1 47.5
      vertex -19.0953 -1.1 49.7216
      vertex -19.3802 -1.1 49.6249
    endloop
  endfacet
  facet normal -0 -1 0
    outer loop
      vertex 20.8 -1.1 47.5
      vertex 18.5 -1.1 49.8
      vertex 18.5 -1.1 27
    endloop
  endfacet
  facet normal 0 -1 0
    outer loop
      vertex -20.8 -1.1 47.5
      vertex -19.3802 -1.1 49.6249
      vertex -19.65 -1.1 49.4918
    endloop
  endfacet
  facet normal 0 -1 0
    outer loop
      vertex 18.5 -1.1 49.8
      vertex 20.8 -1.1 47.5
      vertex 18.8002 -1.1 49.7803
    endloop
  endfacet
  facet normal 0 -1 0
    outer loop
      vertex -20.8 -1.1 47.5
      vertex -19.65 -1.1 49.4918
      vertex -19.9001 -1.1 49.3247
    endloop
  endfacet
  facet normal 0 -1 0
    outer loop
      vertex 18.8002 -1.1 49.7803
      vertex 20.8 -1.1 47.5
      vertex 19.0953 -1.1 49.7216
    endloop
  endfacet
  facet normal 0 -1 0
    outer loop
      vertex -20.8 -1.1 47.5
      vertex -19.9001 -1.1 49.3247
      vertex -20.1263 -1.1 49.1263
    endloop
  endfacet
  facet normal 0 -1 -0
    outer loop
      vertex -18.5 -1.1 49.8
      vertex -20.8 -1.1 47.5
      vertex -18.5 -1.1 27
    endloop
  endfacet
  facet normal 0 -1 0
    outer loop
      vertex -20.8 -1.1 47.5
      vertex -20.1263 -1.1 49.1263
      vertex -20.3247 -1.1 48.9001
    endloop
  endfacet
  facet normal 0 -1 0
    outer loop
      vertex 19.0953 -1.1 49.7216
      vertex 20.8 -1.1 47.5
      vertex 19.3802 -1.1 49.6249
    endloop
  endfacet
  facet normal 0 -1 0
    outer loop
      vertex -20.8 -1.1 47.5
      vertex -20.3247 -1.1 48.9001
      vertex -20.4919 -1.1 48.65
    endloop
  endfacet
  facet normal 0 -1 0
    outer loop
      vertex 19.9001 -1.1 49.3247
      vertex 20.8 -1.1 47.5
      vertex 20.1263 -1.1 49.1263
    endloop
  endfacet
  facet normal 0 -1 0
    outer loop
      vertex -20.8 -1.1 47.5
      vertex -20.4919 -1.1 48.65
      vertex -20.6249 -1.1 48.3802
    endloop
  endfacet
  facet normal 0 -1 0
    outer loop
      vertex 20.1263 -1.1 49.1263
      vertex 20.8 -1.1 47.5
      vertex 20.3247 -1.1 48.9001
    endloop
  endfacet
  facet normal 0 -1 0
    outer loop
      vertex -20.8 -1.1 47.5
      vertex -20.6249 -1.1 48.3802
      vertex -20.7216 -1.1 48.0953
    endloop
  endfacet
  facet normal 0 -1 0
    outer loop
      vertex 20.3247 -1.1 48.9001
      vertex 20.8 -1.1 47.5
      vertex 20.4919 -1.1 48.65
    endloop
  endfacet
  facet normal 0 -1 0
    outer loop
      vertex -20.8 -1.1 47.5
      vertex -20.7216 -1.1 48.0953
      vertex -20.7803 -1.1 47.8002
    endloop
  endfacet
  facet normal 0 -1 0
    outer loop
      vertex 20.4919 -1.1 48.65
      vertex 20.8 -1.1 47.5
      vertex 20.6249 -1.1 48.3802
    endloop
  endfacet
  facet normal 0 -1 0
    outer loop
      vertex 20.6249 -1.1 48.3802
      vertex 20.8 -1.1 47.5
      vertex 20.7216 -1.1 48.0953
    endloop
  endfacet
  facet normal 0 -1 0
    outer loop
      vertex 20.7216 -1.1 48.0953
      vertex 20.8 -1.1 47.5
      vertex 20.7803 -1.1 47.8002
    endloop
  endfacet
  facet normal 0 -1 0
    outer loop
      vertex -18.5 -1.1 27
      vertex -20.8 -1.1 47.5
      vertex -20.8 -1.1 29.3
    endloop
  endfacet
  facet normal 0 -1 0
    outer loop
      vertex 19.3802 -1.1 49.6249
      vertex 20.8 -1.1 47.5
      vertex 19.65 -1.1 49.4918
    endloop
  endfacet
  facet normal 0 -1 0
    outer loop
      vertex -18.5 -1.1 27
      vertex -20.8 -1.1 29.3
      vertex -20.7803 -1.1 28.9998
    endloop
  endfacet
  facet normal 0 -1 0
    outer loop
      vertex 19.65 -1.1 49.4918
      vertex 20.8 -1.1 47.5
      vertex 19.9001 -1.1 49.3247
    endloop
  endfacet
  facet normal 0 -1 0
    outer loop
      vertex -18.5 -1.1 27
      vertex -20.7803 -1.1 28.9998
      vertex -20.7216 -1.1 28.7047
    endloop
  endfacet
  facet normal 0 -1 -0
    outer loop
      vertex 20.8 -1.1 47.5
      vertex 18.5 -1.1 27
      vertex 20.8 -1.1 29.3
    endloop
  endfacet
  facet normal 0 -1 0
    outer loop
      vertex -18.5 -1.1 27
      vertex -20.7216 -1.1 28.7047
      vertex -20.6249 -1.1 28.4198
    endloop
  endfacet
  facet normal 0 -1 0
    outer loop
      vertex 20.8 -1.1 29.3
      vertex 18.5 -1.1 27
      vertex 20.7803 -1.1 28.9998
    endloop
  endfacet
  facet normal 0 -1 0
    outer loop
      vertex -18.5 -1.1 27
      vertex -20.6249 -1.1 28.4198
      vertex -20.4919 -1.1 28.15
    endloop
  endfacet
  facet normal 0 -1 0
    outer loop
      vertex 20.7803 -1.1 28.9998
      vertex 18.5 -1.1 27
      vertex 20.7216 -1.1 28.7047
    endloop
  endfacet
  facet normal 0 -1 0
    outer loop
      vertex -18.5 -1.1 27
      vertex -20.4919 -1.1 28.15
      vertex -20.3247 -1.1 27.8999
    endloop
  endfacet
  facet normal 0 -1 0
    outer loop
      vertex 20.7216 -1.1 28.7047
      vertex 18.5 -1.1 27
      vertex 20.6249 -1.1 28.4198
    endloop
  endfacet
  facet normal 0 -1 0
    outer loop
      vertex -18.5 -1.1 27
      vertex -20.3247 -1.1 27.8999
      vertex -20.1263 -1.1 27.6737
    endloop
  endfacet
  facet normal 0 -1 0
    outer loop
      vertex 20.6249 -1.1 28.4198
      vertex 18.5 -1.1 27
      vertex 20.4919 -1.1 28.15
    endloop
  endfacet
  facet normal 0 -1 0
    outer loop
      vertex -18.5 -1.1 27
      vertex -20.1263 -1.1 27.6737
      vertex -19.9001 -1.1 27.4753
    endloop
  endfacet
  facet normal 0 -1 0
    outer loop
      vertex 20.4919 -1.1 28.15
      vertex 18.5 -1.1 27
      vertex 20.3247 -1.1 27.8999
    endloop
  endfacet
  facet normal 0 -1 0
    outer loop
      vertex -18.5 -1.1 27
      vertex -19.9001 -1.1 27.4753
      vertex -19.65 -1.1 27.3082
    endloop
  endfacet
  facet normal 0 -1 0
    outer loop
      vertex 20.3247 -1.1 27.8999
      vertex 18.5 -1.1 27
      vertex 20.1263 -1.1 27.6737
    endloop
  endfacet
  facet normal 0 -1 0
    outer loop
      vertex -18.5 -1.1 27
      vertex -19.65 -1.1 27.3082
      vertex -19.3802 -1.1 27.1751
    endloop
  endfacet
  facet normal 0 -1 0
    outer loop
      vertex 20.1263 -1.1 27.6737
      vertex 18.5 -1.1 27
      vertex 19.9001 -1.1 27.4753
    endloop
  endfacet
  facet normal 0 -1 0
    outer loop
      vertex -18.5 -1.1 27
      vertex -19.3802 -1.1 27.1751
      vertex -19.0953 -1.1 27.0784
    endloop
  endfacet
  facet normal 0 -1 0
    outer loop
      vertex 19.9001 -1.1 27.4753
      vertex 18.5 -1.1 27
      vertex 19.65 -1.1 27.3082
    endloop
  endfacet
  facet normal 0 -1 0
    outer loop
      vertex -18.5 -1.1 27
      vertex -19.0953 -1.1 27.0784
      vertex -18.8002 -1.1 27.0197
    endloop
  endfacet
  facet normal 0 -1 0
    outer loop
      vertex 19.65 -1.1 27.3082
      vertex 18.5 -1.1 27
      vertex 19.3802 -1.1 27.1751
    endloop
  endfacet
  facet normal 0 -1 0
    outer loop
      vertex 19.3802 -1.1 27.1751
      vertex 18.5 -1.1 27
      vertex 19.0953 -1.1 27.0784
    endloop
  endfacet
  facet normal 0 -1 0
    outer loop
      vertex 19.0953 -1.1 27.0784
      vertex 18.5 -1.1 27
      vertex 18.8002 -1.1 27.0197
    endloop
  endfacet
  facet normal 0.831334 -0 0.555774
    outer loop
      vertex -20.4919 -2 28.15
      vertex -20.3247 -1.1 27.8999
      vertex -20.4919 -1.1 28.15
    endloop
  endfacet
  facet normal 0.831334 0 0.555774
    outer loop
      vertex -20.3247 -1.1 27.8999
      vertex -20.4919 -2 28.15
      vertex -20.3247 -2 27.8999
    endloop
  endfacet
  facet normal -0.659398 0 0.751794
    outer loop
      vertex 19.9001 -1.1 27.4753
      vertex 20.1263 -2 27.6737
      vertex 20.1263 -1.1 27.6737
    endloop
  endfacet
  facet normal -0.659398 0 0.751794
    outer loop
      vertex 20.1263 -2 27.6737
      vertex 19.9001 -1.1 27.4753
      vertex 19.9001 -2 27.4753
    endloop
  endfacet
  facet normal -0.751794 0 0.659398
    outer loop
      vertex 20.1263 -2 27.6737
      vertex 20.3247 -1.1 27.8999
      vertex 20.1263 -1.1 27.6737
    endloop
  endfacet
  facet normal -0.751794 0 0.659398
    outer loop
      vertex 20.3247 -1.1 27.8999
      vertex 20.1263 -2 27.6737
      vertex 20.3247 -2 27.8999
    endloop
  endfacet
  facet normal -0.89694 0 -0.442153
    outer loop
      vertex 20.6249 -2 48.3802
      vertex 20.4919 -1.1 48.65
      vertex 20.6249 -1.1 48.3802
    endloop
  endfacet
  facet normal -0.89694 -0 -0.442153
    outer loop
      vertex 20.4919 -1.1 48.65
      vertex 20.6249 -2 48.3802
      vertex 20.4919 -2 48.65
    endloop
  endfacet
  facet normal -0.980785 0 -0.195093
    outer loop
      vertex 20.7803 -2 47.8002
      vertex 20.7216 -1.1 48.0953
      vertex 20.7803 -1.1 47.8002
    endloop
  endfacet
  facet normal -0.980785 -0 -0.195093
    outer loop
      vertex 20.7216 -1.1 48.0953
      vertex 20.7803 -2 47.8002
      vertex 20.7216 -2 48.0953
    endloop
  endfacet
  facet normal -0.946941 0 -0.321408
    outer loop
      vertex 20.7216 -2 48.0953
      vertex 20.6249 -1.1 48.3802
      vertex 20.7216 -1.1 48.0953
    endloop
  endfacet
  facet normal -0.946941 -0 -0.321408
    outer loop
      vertex 20.6249 -1.1 48.3802
      vertex 20.7216 -2 48.0953
      vertex 20.6249 -2 48.3802
    endloop
  endfacet
  facet normal 0.751794 -0 0.659398
    outer loop
      vertex -20.3247 -2 27.8999
      vertex -20.1263 -1.1 27.6737
      vertex -20.3247 -1.1 27.8999
    endloop
  endfacet
  facet normal 0.751794 0 0.659398
    outer loop
      vertex -20.1263 -1.1 27.6737
      vertex -20.3247 -2 27.8999
      vertex -20.1263 -2 27.6737
    endloop
  endfacet
  facet normal -0.997854 0 0.0654821
    outer loop
      vertex 20.7803 -2 28.9998
      vertex 20.8 -1.1 29.3
      vertex 20.7803 -1.1 28.9998
    endloop
  endfacet
  facet normal -0.997854 0 0.0654821
    outer loop
      vertex 20.8 -1.1 29.3
      vertex 20.7803 -2 28.9998
      vertex 20.8 -2 29.3
    endloop
  endfacet
  facet normal -0.659398 0 -0.751794
    outer loop
      vertex 19.9001 -2 49.3247
      vertex 20.1263 -1.1 49.1263
      vertex 20.1263 -2 49.1263
    endloop
  endfacet
  facet normal -0.659398 0 -0.751794
    outer loop
      vertex 20.1263 -1.1 49.1263
      vertex 19.9001 -2 49.3247
      vertex 19.9001 -1.1 49.3247
    endloop
  endfacet
  facet normal -0.980785 0 0.195093
    outer loop
      vertex 20.7216 -2 28.7047
      vertex 20.7803 -1.1 28.9998
      vertex 20.7216 -1.1 28.7047
    endloop
  endfacet
  facet normal -0.980785 0 0.195093
    outer loop
      vertex 20.7803 -1.1 28.9998
      vertex 20.7216 -2 28.7047
      vertex 20.7803 -2 28.9998
    endloop
  endfacet
  facet normal 0.659398 0 0.751794
    outer loop
      vertex -20.1263 -1.1 27.6737
      vertex -19.9001 -2 27.4753
      vertex -19.9001 -1.1 27.4753
    endloop
  endfacet
  facet normal 0.659398 0 0.751794
    outer loop
      vertex -19.9001 -2 27.4753
      vertex -20.1263 -1.1 27.6737
      vertex -20.1263 -2 27.6737
    endloop
  endfacet
  facet normal 0.980785 -0 0.195093
    outer loop
      vertex -20.7803 -2 28.9998
      vertex -20.7216 -1.1 28.7047
      vertex -20.7803 -1.1 28.9998
    endloop
  endfacet
  facet normal 0.980785 0 0.195093
    outer loop
      vertex -20.7216 -1.1 28.7047
      vertex -20.7803 -2 28.9998
      vertex -20.7216 -2 28.7047
    endloop
  endfacet
  facet normal -1 0 0
    outer loop
      vertex -2 -2 3
      vertex -2 0 2.86102e-06
      vertex -2 -2 2.86102e-06
    endloop
  endfacet
  facet normal -1 0 0
    outer loop
      vertex -2 0 2.86102e-06
      vertex -2 -2 3
      vertex -2 0 8
    endloop
  endfacet
  facet normal -1 0 0
    outer loop
      vertex -2 -2.5 8
      vertex -2 -2 3
      vertex -2 -2.5 3
    endloop
  endfacet
  facet normal -1 0 0
    outer loop
      vertex -2 -2 3
      vertex -2 -2.5 8
      vertex -2 0 8
    endloop
  endfacet
  facet normal 0 0 -1
    outer loop
      vertex -2 -2.5 8
      vertex -12.74 0 8
      vertex -2 0 8
    endloop
  endfacet
  facet normal 0 0 -1
    outer loop
      vertex -14 -2.5 8
      vertex -12.74 0 8
      vertex -2 -2.5 8
    endloop
  endfacet
  facet normal 0 0 -1
    outer loop
      vertex -14 2.5 8
      vertex -12.74 0 8
      vertex -14 -2.5 8
    endloop
  endfacet
  facet normal 0 0 -1
    outer loop
      vertex -12.74 0 8
      vertex -14 2.5 8
      vertex -12.74 2.5 8
    endloop
  endfacet
  facet normal 1 0 0
    outer loop
      vertex -14 2.5 8
      vertex -14 0 5.94798
      vertex -14 2.5 5.94798
    endloop
  endfacet
  facet normal 1 0 0
    outer loop
      vertex -14 0 5.94798
      vertex -14 -2 3
      vertex -14 0 2.86102e-06
    endloop
  endfacet
  facet normal 1 -0 0
    outer loop
      vertex -14 -2.5 8
      vertex -14 0 5.94798
      vertex -14 2.5 8
    endloop
  endfacet
  facet normal 1 0 0
    outer loop
      vertex -14 -2.5 3
      vertex -14 0 5.94798
      vertex -14 -2.5 8
    endloop
  endfacet
  facet normal 1 0 0
    outer loop
      vertex -14 0 5.94798
      vertex -14 -2.5 3
      vertex -14 -2 3
    endloop
  endfacet
  facet normal 1 0 0
    outer loop
      vertex -14 0 2.86102e-06
      vertex -14 -2 3
      vertex -14 -2 2.86102e-06
    endloop
  endfacet
  facet normal 0 -1 0
    outer loop
      vertex -14 2.5 8
      vertex -12.7045 2.5 7.82189
      vertex -12.74 2.5 8
    endloop
  endfacet
  facet normal 0 -1 0
    outer loop
      vertex -14 2.5 8
      vertex -12.69 2.5 7.6
      vertex -12.7045 2.5 7.82189
    endloop
  endfacet
  facet normal 0 -1 0
    outer loop
      vertex -14 2.5 8
      vertex -12.7045 2.5 7.37811
      vertex -12.69 2.5 7.6
    endloop
  endfacet
  facet normal 0 -1 0
    outer loop
      vertex -14 2.5 8
      vertex -12.7479 2.5 7.16001
      vertex -12.7045 2.5 7.37811
    endloop
  endfacet
  facet normal 0 -1 0
    outer loop
      vertex -14 2.5 8
      vertex -12.8194 2.5 6.94944
      vertex -12.7479 2.5 7.16001
    endloop
  endfacet
  facet normal 0 -1 0
    outer loop
      vertex -14 2.5 8
      vertex -12.9178 2.5 6.75
      vertex -12.8194 2.5 6.94944
    endloop
  endfacet
  facet normal 0 -1 0
    outer loop
      vertex -14 2.5 8
      vertex -13.0413 2.5 6.56511
      vertex -12.9178 2.5 6.75
    endloop
  endfacet
  facet normal 0 -1 0
    outer loop
      vertex -14 2.5 8
      vertex -13.1879 2.5 6.39792
      vertex -13.0413 2.5 6.56511
    endloop
  endfacet
  facet normal 0 -1 0
    outer loop
      vertex -14 2.5 8
      vertex -13.3551 2.5 6.2513
      vertex -13.1879 2.5 6.39792
    endloop
  endfacet
  facet normal 0 -1 0
    outer loop
      vertex -14 2.5 8
      vertex -13.54 2.5 6.12776
      vertex -13.3551 2.5 6.2513
    endloop
  endfacet
  facet normal 0 -1 0
    outer loop
      vertex -14 2.5 8
      vertex -13.7394 2.5 6.0294
      vertex -13.54 2.5 6.12776
    endloop
  endfacet
  facet normal 0 -1 0
    outer loop
      vertex -14 2.5 8
      vertex -13.95 2.5 5.95793
      vertex -13.7394 2.5 6.0294
    endloop
  endfacet
  facet normal -0 -1 0
    outer loop
      vertex -13.95 2.5 5.95793
      vertex -14 2.5 8
      vertex -14 2.5 5.94798
    endloop
  endfacet
  facet normal 0 1 -0
    outer loop
      vertex -2 -2.5 3
      vertex -14 -2.5 8
      vertex -2 -2.5 8
    endloop
  endfacet
  facet normal 0 1 0
    outer loop
      vertex -14 -2.5 8
      vertex -2 -2.5 3
      vertex -14 -2.5 3
    endloop
  endfacet
endsolid OpenSCAD_Model
