solid OpenSCAD_Model
  facet normal 0 0 -1
    outer loop
      vertex 31.6 7.2 48.25
      vertex 33.9914 16.2 48.25
      vertex 33.9914 7.2 48.25
    endloop
  endfacet
  facet normal -0 0 -1
    outer loop
      vertex 33.9914 16.2 48.25
      vertex 31.6 7.2 48.25
      vertex 31.6 16.2 48.25
    endloop
  endfacet
  facet normal -0 0 1
    outer loop
      vertex 31.6 16.2 36.75
      vertex 33.9914 7.2 36.75
      vertex 33.9914 16.2 36.75
    endloop
  endfacet
  facet normal 0 0 1
    outer loop
      vertex 33.9914 7.2 36.75
      vertex 31.6 16.2 36.75
      vertex 31.6 7.2 36.75
    endloop
  endfacet
  facet normal 0 -1 0
    outer loop
      vertex 31.6 16.2 36.75
      vertex 33.9914 16.2 48.25
      vertex 31.6 16.2 48.25
    endloop
  endfacet
  facet normal 0 -1 -0
    outer loop
      vertex 33.9914 16.2 48.25
      vertex 31.6 16.2 36.75
      vertex 33.9914 16.2 36.75
    endloop
  endfacet
  facet normal 0 1 -0
    outer loop
      vertex 33.9914 7.2 36.75
      vertex 31.6 7.2 48.25
      vertex 33.9914 7.2 48.25
    endloop
  endfacet
  facet normal 0 1 0
    outer loop
      vertex 31.6 7.2 48.25
      vertex 33.9914 7.2 36.75
      vertex 31.6 7.2 36.75
    endloop
  endfacet
  facet normal 0 0.751925 -0.659248
    outer loop
      vertex 33.9914 10.4306 51.274
      vertex 31.6 10.5686 51.4314
      vertex 33.9914 10.5686 51.4314
    endloop
  endfacet
  facet normal 0 0.751925 -0.659248
    outer loop
      vertex 31.6 10.5686 51.4314
      vertex 33.9914 10.4306 51.274
      vertex 31.6 10.4306 51.274
    endloop
  endfacet
  facet normal 0 -0.194922 0.980819
    outer loop
      vertex 31.6 12.1141 48.7545
      vertex 33.9914 11.9088 48.7137
      vertex 33.9914 12.1141 48.7545
    endloop
  endfacet
  facet normal 0 -0.194922 0.980819
    outer loop
      vertex 33.9914 11.9088 48.7137
      vertex 31.6 12.1141 48.7545
      vertex 31.6 11.9088 48.7137
    endloop
  endfacet
  facet normal 0 -0.997854 -0.0654722
    outer loop
      vertex 31.6 13.3 50.3
      vertex 33.9914 13.2863 50.5088
      vertex 31.6 13.2863 50.5088
    endloop
  endfacet
  facet normal 0 -0.997854 -0.0654722
    outer loop
      vertex 33.9914 13.2863 50.5088
      vertex 31.6 13.3 50.3
      vertex 33.9914 13.3 50.3
    endloop
  endfacet
  facet normal 0 -0.659248 0.751925
    outer loop
      vertex 31.6 12.8314 49.1686
      vertex 33.9914 12.674 49.0306
      vertex 33.9914 12.8314 49.1686
    endloop
  endfacet
  facet normal 0 -0.659248 0.751925
    outer loop
      vertex 33.9914 12.674 49.0306
      vertex 31.6 12.8314 49.1686
      vertex 31.6 12.674 49.0306
    endloop
  endfacet
  facet normal 0 -0.0654722 0.997854
    outer loop
      vertex 31.6 11.9088 48.7137
      vertex 33.9914 11.7 48.7
      vertex 33.9914 11.9088 48.7137
    endloop
  endfacet
  facet normal 0 -0.0654722 0.997854
    outer loop
      vertex 33.9914 11.7 48.7
      vertex 31.6 11.9088 48.7137
      vertex 31.6 11.7 48.7
    endloop
  endfacet
  facet normal 0 -0.946901 0.321526
    outer loop
      vertex 31.6 13.1782 49.6877
      vertex 33.9914 13.2455 49.8859
      vertex 31.6 13.2455 49.8859
    endloop
  endfacet
  facet normal 0 -0.946901 0.321526
    outer loop
      vertex 33.9914 13.2455 49.8859
      vertex 31.6 13.1782 49.6877
      vertex 33.9914 13.1782 49.6877
    endloop
  endfacet
  facet normal -0 0.555362 0.831609
    outer loop
      vertex 31.6 10.9 48.9144
      vertex 33.9914 10.726 49.0306
      vertex 33.9914 10.9 48.9144
    endloop
  endfacet
  facet normal 0 0.555362 0.831609
    outer loop
      vertex 33.9914 10.726 49.0306
      vertex 31.6 10.9 48.9144
      vertex 31.6 10.726 49.0306
    endloop
  endfacet
  facet normal 0 -0.321526 0.946901
    outer loop
      vertex 31.6 12.3123 48.8218
      vertex 33.9914 12.1141 48.7545
      vertex 33.9914 12.3123 48.8218
    endloop
  endfacet
  facet normal 0 -0.321526 0.946901
    outer loop
      vertex 33.9914 12.1141 48.7545
      vertex 31.6 12.3123 48.8218
      vertex 31.6 12.1141 48.7545
    endloop
  endfacet
  facet normal 0 -0.659248 -0.751925
    outer loop
      vertex 31.6 12.674 51.5694
      vertex 33.9914 12.8314 51.4314
      vertex 33.9914 12.674 51.5694
    endloop
  endfacet
  facet normal -0 -0.659248 -0.751925
    outer loop
      vertex 33.9914 12.8314 51.4314
      vertex 31.6 12.674 51.5694
      vertex 31.6 12.8314 51.4314
    endloop
  endfacet
  facet normal 0 -0.896803 0.442429
    outer loop
      vertex 31.6 13.0856 49.5
      vertex 33.9914 13.1782 49.6877
      vertex 31.6 13.1782 49.6877
    endloop
  endfacet
  facet normal 0 -0.896803 0.442429
    outer loop
      vertex 33.9914 13.1782 49.6877
      vertex 31.6 13.0856 49.5
      vertex 33.9914 13.0856 49.5
    endloop
  endfacet
  facet normal 0 0.831609 -0.555362
    outer loop
      vertex 33.9914 10.3144 51.1
      vertex 31.6 10.4306 51.274
      vertex 33.9914 10.4306 51.274
    endloop
  endfacet
  facet normal 0 0.831609 -0.555362
    outer loop
      vertex 31.6 10.4306 51.274
      vertex 33.9914 10.3144 51.1
      vertex 31.6 10.3144 51.1
    endloop
  endfacet
  facet normal 0 0.997854 0.0654722
    outer loop
      vertex 33.9914 10.1137 50.0912
      vertex 31.6 10.1 50.3
      vertex 33.9914 10.1 50.3
    endloop
  endfacet
  facet normal 0 0.997854 0.0654722
    outer loop
      vertex 31.6 10.1 50.3
      vertex 33.9914 10.1137 50.0912
      vertex 31.6 10.1137 50.0912
    endloop
  endfacet
  facet normal 0 -0.980819 0.194922
    outer loop
      vertex 31.6 13.2455 49.8859
      vertex 33.9914 13.2863 50.0912
      vertex 31.6 13.2863 50.0912
    endloop
  endfacet
  facet normal 0 -0.980819 0.194922
    outer loop
      vertex 33.9914 13.2863 50.0912
      vertex 31.6 13.2455 49.8859
      vertex 33.9914 13.2455 49.8859
    endloop
  endfacet
  facet normal 0 0.980819 0.194922
    outer loop
      vertex 33.9914 10.1545 49.8859
      vertex 31.6 10.1137 50.0912
      vertex 33.9914 10.1137 50.0912
    endloop
  endfacet
  facet normal 0 0.980819 0.194922
    outer loop
      vertex 31.6 10.1137 50.0912
      vertex 33.9914 10.1545 49.8859
      vertex 31.6 10.1545 49.8859
    endloop
  endfacet
  facet normal 0 -0.442429 0.896803
    outer loop
      vertex 31.6 12.5 48.9144
      vertex 33.9914 12.3123 48.8218
      vertex 33.9914 12.5 48.9144
    endloop
  endfacet
  facet normal 0 -0.442429 0.896803
    outer loop
      vertex 33.9914 12.3123 48.8218
      vertex 31.6 12.5 48.9144
      vertex 31.6 12.3123 48.8218
    endloop
  endfacet
  facet normal -0 0.321526 0.946901
    outer loop
      vertex 31.6 11.2859 48.7545
      vertex 33.9914 11.0877 48.8218
      vertex 33.9914 11.2859 48.7545
    endloop
  endfacet
  facet normal 0 0.321526 0.946901
    outer loop
      vertex 33.9914 11.0877 48.8218
      vertex 31.6 11.2859 48.7545
      vertex 31.6 11.0877 48.8218
    endloop
  endfacet
  facet normal 0 -0.321526 -0.946901
    outer loop
      vertex 31.6 12.1141 51.8455
      vertex 33.9914 12.3123 51.7782
      vertex 33.9914 12.1141 51.8455
    endloop
  endfacet
  facet normal -0 -0.321526 -0.946901
    outer loop
      vertex 33.9914 12.3123 51.7782
      vertex 31.6 12.1141 51.8455
      vertex 31.6 12.3123 51.7782
    endloop
  endfacet
  facet normal 0 -0.831609 -0.555362
    outer loop
      vertex 31.6 13.0856 51.1
      vertex 33.9914 12.9694 51.274
      vertex 31.6 12.9694 51.274
    endloop
  endfacet
  facet normal 0 -0.831609 -0.555362
    outer loop
      vertex 33.9914 12.9694 51.274
      vertex 31.6 13.0856 51.1
      vertex 33.9914 13.0856 51.1
    endloop
  endfacet
  facet normal 0 -0.751925 0.659248
    outer loop
      vertex 31.6 12.8314 49.1686
      vertex 33.9914 12.9694 49.326
      vertex 31.6 12.9694 49.326
    endloop
  endfacet
  facet normal 0 -0.751925 0.659248
    outer loop
      vertex 33.9914 12.9694 49.326
      vertex 31.6 12.8314 49.1686
      vertex 33.9914 12.8314 49.1686
    endloop
  endfacet
  facet normal -0 0.0654722 0.997854
    outer loop
      vertex 31.6 11.7 48.7
      vertex 33.9914 11.4912 48.7137
      vertex 33.9914 11.7 48.7
    endloop
  endfacet
  facet normal 0 0.0654722 0.997854
    outer loop
      vertex 33.9914 11.4912 48.7137
      vertex 31.6 11.7 48.7
      vertex 31.6 11.4912 48.7137
    endloop
  endfacet
  facet normal 0 -0.555362 0.831609
    outer loop
      vertex 31.6 12.674 49.0306
      vertex 33.9914 12.5 48.9144
      vertex 33.9914 12.674 49.0306
    endloop
  endfacet
  facet normal 0 -0.555362 0.831609
    outer loop
      vertex 33.9914 12.5 48.9144
      vertex 31.6 12.674 49.0306
      vertex 31.6 12.5 48.9144
    endloop
  endfacet
  facet normal 0 -0.946901 -0.321526
    outer loop
      vertex 31.6 13.2455 50.7141
      vertex 33.9914 13.1782 50.9123
      vertex 31.6 13.1782 50.9123
    endloop
  endfacet
  facet normal 0 -0.946901 -0.321526
    outer loop
      vertex 33.9914 13.1782 50.9123
      vertex 31.6 13.2455 50.7141
      vertex 33.9914 13.2455 50.7141
    endloop
  endfacet
  facet normal 0 0.896803 0.442429
    outer loop
      vertex 33.9914 10.3144 49.5
      vertex 31.6 10.2218 49.6877
      vertex 33.9914 10.2218 49.6877
    endloop
  endfacet
  facet normal 0 0.896803 0.442429
    outer loop
      vertex 31.6 10.2218 49.6877
      vertex 33.9914 10.3144 49.5
      vertex 31.6 10.3144 49.5
    endloop
  endfacet
  facet normal 0 0.321526 -0.946901
    outer loop
      vertex 31.6 11.0877 51.7782
      vertex 33.9914 11.2859 51.8455
      vertex 33.9914 11.0877 51.7782
    endloop
  endfacet
  facet normal 0 0.321526 -0.946901
    outer loop
      vertex 33.9914 11.2859 51.8455
      vertex 31.6 11.0877 51.7782
      vertex 31.6 11.2859 51.8455
    endloop
  endfacet
  facet normal 0 -0.751925 -0.659248
    outer loop
      vertex 31.6 12.9694 51.274
      vertex 33.9914 12.8314 51.4314
      vertex 31.6 12.8314 51.4314
    endloop
  endfacet
  facet normal 0 -0.751925 -0.659248
    outer loop
      vertex 33.9914 12.8314 51.4314
      vertex 31.6 12.9694 51.274
      vertex 33.9914 12.9694 51.274
    endloop
  endfacet
  facet normal -0 0.194922 0.980819
    outer loop
      vertex 31.6 11.4912 48.7137
      vertex 33.9914 11.2859 48.7545
      vertex 33.9914 11.4912 48.7137
    endloop
  endfacet
  facet normal 0 0.194922 0.980819
    outer loop
      vertex 33.9914 11.2859 48.7545
      vertex 31.6 11.4912 48.7137
      vertex 31.6 11.2859 48.7545
    endloop
  endfacet
  facet normal 0 -0.194922 -0.980819
    outer loop
      vertex 31.6 11.9088 51.8863
      vertex 33.9914 12.1141 51.8455
      vertex 33.9914 11.9088 51.8863
    endloop
  endfacet
  facet normal -0 -0.194922 -0.980819
    outer loop
      vertex 33.9914 12.1141 51.8455
      vertex 31.6 11.9088 51.8863
      vertex 31.6 12.1141 51.8455
    endloop
  endfacet
  facet normal 0 0.442429 -0.896803
    outer loop
      vertex 31.6 10.9 51.6856
      vertex 33.9914 11.0877 51.7782
      vertex 33.9914 10.9 51.6856
    endloop
  endfacet
  facet normal 0 0.442429 -0.896803
    outer loop
      vertex 33.9914 11.0877 51.7782
      vertex 31.6 10.9 51.6856
      vertex 31.6 11.0877 51.7782
    endloop
  endfacet
  facet normal -0 0.659248 0.751925
    outer loop
      vertex 31.6 10.726 49.0306
      vertex 33.9914 10.5686 49.1686
      vertex 33.9914 10.726 49.0306
    endloop
  endfacet
  facet normal 0 0.659248 0.751925
    outer loop
      vertex 33.9914 10.5686 49.1686
      vertex 31.6 10.726 49.0306
      vertex 31.6 10.5686 49.1686
    endloop
  endfacet
  facet normal 0 -0.896803 -0.442429
    outer loop
      vertex 31.6 13.1782 50.9123
      vertex 33.9914 13.0856 51.1
      vertex 31.6 13.0856 51.1
    endloop
  endfacet
  facet normal 0 -0.896803 -0.442429
    outer loop
      vertex 33.9914 13.0856 51.1
      vertex 31.6 13.1782 50.9123
      vertex 33.9914 13.1782 50.9123
    endloop
  endfacet
  facet normal 0 0.946901 0.321526
    outer loop
      vertex 33.9914 10.2218 49.6877
      vertex 31.6 10.1545 49.8859
      vertex 33.9914 10.1545 49.8859
    endloop
  endfacet
  facet normal 0 0.946901 0.321526
    outer loop
      vertex 31.6 10.1545 49.8859
      vertex 33.9914 10.2218 49.6877
      vertex 31.6 10.2218 49.6877
    endloop
  endfacet
  facet normal -0 0.442429 0.896803
    outer loop
      vertex 31.6 11.0877 48.8218
      vertex 33.9914 10.9 48.9144
      vertex 33.9914 11.0877 48.8218
    endloop
  endfacet
  facet normal 0 0.442429 0.896803
    outer loop
      vertex 33.9914 10.9 48.9144
      vertex 31.6 11.0877 48.8218
      vertex 31.6 10.9 48.9144
    endloop
  endfacet
  facet normal 0 0.751925 0.659248
    outer loop
      vertex 33.9914 10.5686 49.1686
      vertex 31.6 10.4306 49.326
      vertex 33.9914 10.4306 49.326
    endloop
  endfacet
  facet normal 0 0.751925 0.659248
    outer loop
      vertex 31.6 10.4306 49.326
      vertex 33.9914 10.5686 49.1686
      vertex 31.6 10.5686 49.1686
    endloop
  endfacet
  facet normal 0 -0.997854 0.0654722
    outer loop
      vertex 31.6 13.2863 50.0912
      vertex 33.9914 13.3 50.3
      vertex 31.6 13.3 50.3
    endloop
  endfacet
  facet normal 0 -0.997854 0.0654722
    outer loop
      vertex 33.9914 13.3 50.3
      vertex 31.6 13.2863 50.0912
      vertex 33.9914 13.2863 50.0912
    endloop
  endfacet
  facet normal 0 -0.831609 0.555362
    outer loop
      vertex 31.6 12.9694 49.326
      vertex 33.9914 13.0856 49.5
      vertex 31.6 13.0856 49.5
    endloop
  endfacet
  facet normal 0 -0.831609 0.555362
    outer loop
      vertex 33.9914 13.0856 49.5
      vertex 31.6 12.9694 49.326
      vertex 33.9914 12.9694 49.326
    endloop
  endfacet
  facet normal 0 -0.555362 -0.831609
    outer loop
      vertex 31.6 12.5 51.6856
      vertex 33.9914 12.674 51.5694
      vertex 33.9914 12.5 51.6856
    endloop
  endfacet
  facet normal -0 -0.555362 -0.831609
    outer loop
      vertex 33.9914 12.674 51.5694
      vertex 31.6 12.5 51.6856
      vertex 31.6 12.674 51.5694
    endloop
  endfacet
  facet normal 0 0.896803 -0.442429
    outer loop
      vertex 33.9914 10.2218 50.9123
      vertex 31.6 10.3144 51.1
      vertex 33.9914 10.3144 51.1
    endloop
  endfacet
  facet normal 0 0.896803 -0.442429
    outer loop
      vertex 31.6 10.3144 51.1
      vertex 33.9914 10.2218 50.9123
      vertex 31.6 10.2218 50.9123
    endloop
  endfacet
  facet normal 0 0.980819 -0.194922
    outer loop
      vertex 33.9914 10.1137 50.5088
      vertex 31.6 10.1545 50.7141
      vertex 33.9914 10.1545 50.7141
    endloop
  endfacet
  facet normal 0 0.980819 -0.194922
    outer loop
      vertex 31.6 10.1545 50.7141
      vertex 33.9914 10.1137 50.5088
      vertex 31.6 10.1137 50.5088
    endloop
  endfacet
  facet normal 0 0.194922 -0.980819
    outer loop
      vertex 31.6 11.2859 51.8455
      vertex 33.9914 11.4912 51.8863
      vertex 33.9914 11.2859 51.8455
    endloop
  endfacet
  facet normal 0 0.194922 -0.980819
    outer loop
      vertex 33.9914 11.4912 51.8863
      vertex 31.6 11.2859 51.8455
      vertex 31.6 11.4912 51.8863
    endloop
  endfacet
  facet normal 0 -0.980819 -0.194922
    outer loop
      vertex 31.6 13.2863 50.5088
      vertex 33.9914 13.2455 50.7141
      vertex 31.6 13.2455 50.7141
    endloop
  endfacet
  facet normal 0 -0.980819 -0.194922
    outer loop
      vertex 33.9914 13.2455 50.7141
      vertex 31.6 13.2863 50.5088
      vertex 33.9914 13.2863 50.5088
    endloop
  endfacet
  facet normal 0 0.659248 -0.751925
    outer loop
      vertex 31.6 10.5686 51.4314
      vertex 33.9914 10.726 51.5694
      vertex 33.9914 10.5686 51.4314
    endloop
  endfacet
  facet normal 0 0.659248 -0.751925
    outer loop
      vertex 33.9914 10.726 51.5694
      vertex 31.6 10.5686 51.4314
      vertex 31.6 10.726 51.5694
    endloop
  endfacet
  facet normal 0 -0.442429 -0.896803
    outer loop
      vertex 31.6 12.3123 51.7782
      vertex 33.9914 12.5 51.6856
      vertex 33.9914 12.3123 51.7782
    endloop
  endfacet
  facet normal -0 -0.442429 -0.896803
    outer loop
      vertex 33.9914 12.5 51.6856
      vertex 31.6 12.3123 51.7782
      vertex 31.6 12.5 51.6856
    endloop
  endfacet
  facet normal 0 0.946901 -0.321526
    outer loop
      vertex 33.9914 10.1545 50.7141
      vertex 31.6 10.2218 50.9123
      vertex 33.9914 10.2218 50.9123
    endloop
  endfacet
  facet normal 0 0.946901 -0.321526
    outer loop
      vertex 31.6 10.2218 50.9123
      vertex 33.9914 10.1545 50.7141
      vertex 31.6 10.1545 50.7141
    endloop
  endfacet
  facet normal 0 0.997854 -0.0654722
    outer loop
      vertex 33.9914 10.1 50.3
      vertex 31.6 10.1137 50.5088
      vertex 33.9914 10.1137 50.5088
    endloop
  endfacet
  facet normal 0 0.997854 -0.0654722
    outer loop
      vertex 31.6 10.1137 50.5088
      vertex 33.9914 10.1 50.3
      vertex 31.6 10.1 50.3
    endloop
  endfacet
  facet normal 0 0.555362 -0.831609
    outer loop
      vertex 31.6 10.726 51.5694
      vertex 33.9914 10.9 51.6856
      vertex 33.9914 10.726 51.5694
    endloop
  endfacet
  facet normal 0 0.555362 -0.831609
    outer loop
      vertex 33.9914 10.9 51.6856
      vertex 31.6 10.726 51.5694
      vertex 31.6 10.9 51.6856
    endloop
  endfacet
  facet normal 0 0.831609 0.555362
    outer loop
      vertex 33.9914 10.4306 49.326
      vertex 31.6 10.3144 49.5
      vertex 33.9914 10.3144 49.5
    endloop
  endfacet
  facet normal 0 0.831609 0.555362
    outer loop
      vertex 31.6 10.3144 49.5
      vertex 33.9914 10.4306 49.326
      vertex 31.6 10.4306 49.326
    endloop
  endfacet
  facet normal 0 -0.0654722 -0.997854
    outer loop
      vertex 31.6 11.7 51.9
      vertex 33.9914 11.9088 51.8863
      vertex 33.9914 11.7 51.9
    endloop
  endfacet
  facet normal -0 -0.0654722 -0.997854
    outer loop
      vertex 33.9914 11.9088 51.8863
      vertex 31.6 11.7 51.9
      vertex 31.6 11.9088 51.8863
    endloop
  endfacet
  facet normal 0 0.0654722 -0.997854
    outer loop
      vertex 31.6 11.4912 51.8863
      vertex 33.9914 11.7 51.9
      vertex 33.9914 11.4912 51.8863
    endloop
  endfacet
  facet normal 0 0.0654722 -0.997854
    outer loop
      vertex 33.9914 11.7 51.9
      vertex 31.6 11.4912 51.8863
      vertex 31.6 11.7 51.9
    endloop
  endfacet
  facet normal 0 0 -1
    outer loop
      vertex 31.6 43 35.25
      vertex 33.9914 52 35.25
      vertex 33.9914 43 35.25
    endloop
  endfacet
  facet normal -0 0 -1
    outer loop
      vertex 33.9914 52 35.25
      vertex 31.6 43 35.25
      vertex 31.6 52 35.25
    endloop
  endfacet
  facet normal -0 0 1
    outer loop
      vertex 31.6 52 34
      vertex 33.9914 43 34
      vertex 33.9914 52 34
    endloop
  endfacet
  facet normal 0 0 1
    outer loop
      vertex 33.9914 43 34
      vertex 31.6 52 34
      vertex 31.6 43 34
    endloop
  endfacet
  facet normal 0 -1 0
    outer loop
      vertex 31.6 52 34
      vertex 33.9914 52 35.25
      vertex 31.6 52 35.25
    endloop
  endfacet
  facet normal 0 -1 -0
    outer loop
      vertex 33.9914 52 35.25
      vertex 31.6 52 34
      vertex 33.9914 52 34
    endloop
  endfacet
  facet normal 0 1 -0
    outer loop
      vertex 33.9914 43 34
      vertex 31.6 43 35.25
      vertex 33.9914 43 35.25
    endloop
  endfacet
  facet normal 0 1 0
    outer loop
      vertex 31.6 43 35.25
      vertex 33.9914 43 34
      vertex 31.6 43 34
    endloop
  endfacet
  facet normal 0 0 -1
    outer loop
      vertex 31.6 43 38.25
      vertex 33.9914 52 38.25
      vertex 33.9914 43 38.25
    endloop
  endfacet
  facet normal -0 0 -1
    outer loop
      vertex 33.9914 52 38.25
      vertex 31.6 43 38.25
      vertex 31.6 52 38.25
    endloop
  endfacet
  facet normal -0 0 1
    outer loop
      vertex 31.6 52 37
      vertex 33.9914 43 37
      vertex 33.9914 52 37
    endloop
  endfacet
  facet normal 0 0 1
    outer loop
      vertex 33.9914 43 37
      vertex 31.6 52 37
      vertex 31.6 43 37
    endloop
  endfacet
  facet normal 0 -1 0
    outer loop
      vertex 31.6 52 37
      vertex 33.9914 52 38.25
      vertex 31.6 52 38.25
    endloop
  endfacet
  facet normal 0 -1 -0
    outer loop
      vertex 33.9914 52 38.25
      vertex 31.6 52 37
      vertex 33.9914 52 37
    endloop
  endfacet
  facet normal 0 1 -0
    outer loop
      vertex 33.9914 43 37
      vertex 31.6 43 38.25
      vertex 33.9914 43 38.25
    endloop
  endfacet
  facet normal 0 1 0
    outer loop
      vertex 31.6 43 38.25
      vertex 33.9914 43 37
      vertex 31.6 43 37
    endloop
  endfacet
  facet normal 0 0 -1
    outer loop
      vertex 31.6 43 41.25
      vertex 33.9914 52 41.25
      vertex 33.9914 43 41.25
    endloop
  endfacet
  facet normal -0 0 -1
    outer loop
      vertex 33.9914 52 41.25
      vertex 31.6 43 41.25
      vertex 31.6 52 41.25
    endloop
  endfacet
  facet normal -0 0 1
    outer loop
      vertex 31.6 52 40
      vertex 33.9914 43 40
      vertex 33.9914 52 40
    endloop
  endfacet
  facet normal 0 0 1
    outer loop
      vertex 33.9914 43 40
      vertex 31.6 52 40
      vertex 31.6 43 40
    endloop
  endfacet
  facet normal 0 -1 0
    outer loop
      vertex 31.6 52 40
      vertex 33.9914 52 41.25
      vertex 31.6 52 41.25
    endloop
  endfacet
  facet normal 0 -1 -0
    outer loop
      vertex 33.9914 52 41.25
      vertex 31.6 52 40
      vertex 33.9914 52 40
    endloop
  endfacet
  facet normal 0 1 -0
    outer loop
      vertex 33.9914 43 40
      vertex 31.6 43 41.25
      vertex 33.9914 43 41.25
    endloop
  endfacet
  facet normal 0 1 0
    outer loop
      vertex 31.6 43 41.25
      vertex 33.9914 43 40
      vertex 31.6 43 40
    endloop
  endfacet
  facet normal 0 0 -1
    outer loop
      vertex 31.6 43 44.25
      vertex 33.9914 52 44.25
      vertex 33.9914 43 44.25
    endloop
  endfacet
  facet normal -0 0 -1
    outer loop
      vertex 33.9914 52 44.25
      vertex 31.6 43 44.25
      vertex 31.6 52 44.25
    endloop
  endfacet
  facet normal -0 0 1
    outer loop
      vertex 31.6 52 43
      vertex 33.9914 43 43
      vertex 33.9914 52 43
    endloop
  endfacet
  facet normal 0 0 1
    outer loop
      vertex 33.9914 43 43
      vertex 31.6 52 43
      vertex 31.6 43 43
    endloop
  endfacet
  facet normal 0 -1 0
    outer loop
      vertex 31.6 52 43
      vertex 33.9914 52 44.25
      vertex 31.6 52 44.25
    endloop
  endfacet
  facet normal 0 -1 -0
    outer loop
      vertex 33.9914 52 44.25
      vertex 31.6 52 43
      vertex 33.9914 52 43
    endloop
  endfacet
  facet normal 0 1 -0
    outer loop
      vertex 33.9914 43 43
      vertex 31.6 43 44.25
      vertex 33.9914 43 44.25
    endloop
  endfacet
  facet normal 0 1 0
    outer loop
      vertex 31.6 43 44.25
      vertex 33.9914 43 43
      vertex 31.6 43 43
    endloop
  endfacet
  facet normal 0 0 -1
    outer loop
      vertex 31.6 43 47.25
      vertex 33.9914 52 47.25
      vertex 33.9914 43 47.25
    endloop
  endfacet
  facet normal -0 0 -1
    outer loop
      vertex 33.9914 52 47.25
      vertex 31.6 43 47.25
      vertex 31.6 52 47.25
    endloop
  endfacet
  facet normal -0 0 1
    outer loop
      vertex 31.6 52 46
      vertex 33.9914 43 46
      vertex 33.9914 52 46
    endloop
  endfacet
  facet normal 0 0 1
    outer loop
      vertex 33.9914 43 46
      vertex 31.6 52 46
      vertex 31.6 43 46
    endloop
  endfacet
  facet normal 0 -1 0
    outer loop
      vertex 31.6 52 46
      vertex 33.9914 52 47.25
      vertex 31.6 52 47.25
    endloop
  endfacet
  facet normal 0 -1 -0
    outer loop
      vertex 33.9914 52 47.25
      vertex 31.6 52 46
      vertex 33.9914 52 46
    endloop
  endfacet
  facet normal 0 1 -0
    outer loop
      vertex 33.9914 43 46
      vertex 31.6 43 47.25
      vertex 33.9914 43 47.25
    endloop
  endfacet
  facet normal 0 1 0
    outer loop
      vertex 31.6 43 47.25
      vertex 33.9914 43 46
      vertex 31.6 43 46
    endloop
  endfacet
  facet normal 0 0 -1
    outer loop
      vertex 31.6 43 50.25
      vertex 33.9914 52 50.25
      vertex 33.9914 43 50.25
    endloop
  endfacet
  facet normal -0 0 -1
    outer loop
      vertex 33.9914 52 50.25
      vertex 31.6 43 50.25
      vertex 31.6 52 50.25
    endloop
  endfacet
  facet normal -0 0 1
    outer loop
      vertex 31.6 52 49
      vertex 33.9914 43 49
      vertex 33.9914 52 49
    endloop
  endfacet
  facet normal 0 0 1
    outer loop
      vertex 33.9914 43 49
      vertex 31.6 52 49
      vertex 31.6 43 49
    endloop
  endfacet
  facet normal 0 -1 0
    outer loop
      vertex 31.6 52 49
      vertex 33.9914 52 50.25
      vertex 31.6 52 50.25
    endloop
  endfacet
  facet normal 0 -1 -0
    outer loop
      vertex 33.9914 52 50.25
      vertex 31.6 52 49
      vertex 33.9914 52 49
    endloop
  endfacet
  facet normal 0 1 -0
    outer loop
      vertex 33.9914 43 49
      vertex 31.6 43 50.25
      vertex 33.9914 43 50.25
    endloop
  endfacet
  facet normal 0 1 0
    outer loop
      vertex 31.6 43 50.25
      vertex 33.9914 43 49
      vertex 31.6 43 49
    endloop
  endfacet
  facet normal 0.193497 0.97242 -0.130226
    outer loop
      vertex 31.0331 57.8554 3.73839
      vertex 30.5121 57.8896 3.21964
      vertex 30.521 57.9573 3.73839
    endloop
  endfacet
  facet normal 0.318655 0.938873 -0.130297
    outer loop
      vertex 31.5013 57.6245 3.21964
      vertex 31.0331 57.8554 3.73839
      vertex 31.5275 57.6876 3.73839
    endloop
  endfacet
  facet normal 0.0647552 0.989369 0.130217
    outer loop
      vertex 30.521 57.9573 56.2616
      vertex 30 57.9914 56.2616
      vertex 30.5121 57.8896 56.7804
    endloop
  endfacet
  facet normal -0.906401 -0.180394 -0.381961
    outer loop
      vertex -33.4652 3.07149 2.23085
      vertex -33.7553 3.5056 2.71424
      vertex -33.5568 3.53174 2.23085
    endloop
  endfacet
  facet normal 0.0328918 0.499653 0.865601
    outer loop
      vertex 30.2901 56.2033 59.3259
      vertex 30 55.7692 59.5875
      vertex 30.2309 55.754 59.5875
    endloop
  endfacet
  facet normal 0.0647212 0.989365 -0.130262
    outer loop
      vertex 30.5121 57.8896 3.21964
      vertex 30 57.9231 3.21964
      vertex 30 57.9914 3.73839
    endloop
  endfacet
  facet normal -0.128283 0.0255029 -0.99141
    outer loop
      vertex -30.2527 54.0677 0.00856495
      vertex -30.7737 54.1019 0.0768595
      vertex -30.7538 54.202 0.0768595
    endloop
  endfacet
  facet normal 0.318833 -0.212931 -0.923583
    outer loop
      vertex 31.4036 2.92301 0.41251
      vertex 31.1135 3.35712 0.21228
      vertex 31.5321 3.11542 0.41251
    endloop
  endfacet
  facet normal -0.0420509 -0.123859 -0.991408
    outer loop
      vertex -30.0677 3.7473 0.00856495
      vertex -30.2986 3.27904 0.0768595
      vertex -30.1001 3.7583 0.00856495
    endloop
  endfacet
  facet normal 0.060436 0.922209 -0.38194
    outer loop
      vertex 30.4944 57.7553 2.71424
      vertex 30 57.5875 2.23085
      vertex 30 57.7877 2.71424
    endloop
  endfacet
  facet normal -0.694786 -0.60936 0.382037
    outer loop
      vertex -32.8461 1.81607 57.7692
      vertex -33.005 1.69418 57.2858
      vertex -32.6783 1.32168 57.2858
    endloop
  endfacet
  facet normal -0 0.382633 0.9239
    outer loop
      vertex -30 55.7692 59.5875
      vertex 30 55.2858 59.7877
      vertex 30 55.7692 59.5875
    endloop
  endfacet
  facet normal 0 0.382633 0.9239
    outer loop
      vertex 30 55.2858 59.7877
      vertex -30 55.7692 59.5875
      vertex -30 55.2858 59.7877
    endloop
  endfacet
  facet normal 0.653672 -0.745485 0.130246
    outer loop
      vertex 32.7741 1.22592 56.7804
      vertex 32.4298 0.833382 56.2616
      vertex 32.8224 1.17763 56.2616
    endloop
  endfacet
  facet normal -0.947527 -0.188363 0.258288
    outer loop
      vertex -33.7553 3.5056 57.2858
      vertex -33.7895 2.98462 56.7804
      vertex -33.6587 3.01967 57.2858
    endloop
  endfacet
  facet normal -0.408818 -0.82886 0.381915
    outer loop
      vertex -31.7937 0.893142 57.7692
      vertex -31.6 0.719641 57.6
      vertex -31.3729 0.685591 57.7692
    endloop
  endfacet
  facet normal -0.40889 -0.828862 0.381834
    outer loop
      vertex -31.7937 0.893142 57.7692
      vertex -31.6 0.700477 57.5584
      vertex -31.6 0.719641 57.6
    endloop
  endfacet
  facet normal -0.408675 -0.828872 0.382042
    outer loop
      vertex -31.6 0.700477 57.5584
      vertex -31.7937 0.893142 57.7692
      vertex -31.8939 0.719738 57.2858
    endloop
  endfacet
  facet normal -0.408868 -0.828799 0.381994
    outer loop
      vertex -31.3729 0.685591 57.7692
      vertex -31.6 0.719641 57.6
      vertex -31.5552 0.69754 57.6
    endloop
  endfacet
  facet normal 0.188443 0.947487 -0.258375
    outer loop
      vertex 31.0154 57.7895 3.21964
      vertex 30.4944 57.7553 2.71424
      vertex 30.5121 57.8896 3.21964
    endloop
  endfacet
  facet normal -0.651508 0.571362 -0.499082
    outer loop
      vertex -32.6386 56.0247 1.77772
      vertex -32.8461 56.1839 2.23085
      vertex -32.5367 56.5367 2.23085
    endloop
  endfacet
  facet normal 0.0862704 -0.09832 -0.991408
    outer loop
      vertex 30.4751 3.3809 0.0768595
      vertex 30.1593 3.79245 0.00856495
      vertex 30.5518 3.4482 0.0768595
    endloop
  endfacet
  facet normal -0.144069 0.21564 -0.965786
    outer loop
      vertex -30.4751 54.6191 0.0768595
      vertex -30.7827 55.0201 0.21228
      vertex -30.6429 55.1135 0.21228
    endloop
  endfacet
  facet normal -0.636965 -0.726305 0.258372
    outer loop
      vertex -32.3058 0.995 57.2858
      vertex -32.6783 1.32168 57.2858
      vertex -32.3883 0.887564 56.7804
    endloop
  endfacet
  facet normal 0.523576 -0.59689 0.607939
    outer loop
      vertex 32.1265 1.87348 58.6374
      vertex 31.8308 1.6141 58.6374
      vertex 32.0247 1.3614 58.2223
    endloop
  endfacet
  facet normal 0.056682 0.864631 0.4992
    outer loop
      vertex 30 57.5875 57.7692
      vertex 30 57.3259 58.2223
      vertex 30.4683 57.5568 57.7692
    endloop
  endfacet
  facet normal -0.29697 0.875155 0.381985
    outer loop
      vertex -30.9285 57.4652 57.7692
      vertex -31.4495 57.4994 57.2858
      vertex -31.3729 57.3144 57.7692
    endloop
  endfacet
  facet normal 0.427303 0.866465 -0.258168
    outer loop
      vertex 31.8939 57.2803 2.71424
      vertex 31.5013 57.6245 3.21964
      vertex 31.9616 57.3975 3.21964
    endloop
  endfacet
  facet normal 0.278626 0.820542 0.499077
    outer loop
      vertex 30.9285 57.4652 57.7692
      vertex 30.8608 57.2126 58.2223
      vertex 31.2728 57.0727 58.2223
    endloop
  endfacet
  facet normal -0.188373 0.94752 -0.258305
    outer loop
      vertex -30.9803 57.6587 2.71424
      vertex -31.0154 57.7895 3.21964
      vertex -30.4944 57.7553 2.71424
    endloop
  endfacet
  facet normal -0.694783 0.609357 0.382047
    outer loop
      vertex -32.6783 56.6783 57.2858
      vertex -33.005 56.3058 57.2858
      vertex -32.8461 56.1839 57.7692
    endloop
  endfacet
  facet normal 0.571343 -0.651465 0.49916
    outer loop
      vertex 32.5367 1.46326 57.7692
      vertex 32.0247 1.3614 58.2223
      vertex 32.1839 1.15385 57.7692
    endloop
  endfacet
  facet normal -0.0566732 -0.864618 0.499224
    outer loop
      vertex -30.4341 0.702576 58.2223
      vertex -30.4683 0.443201 57.7692
      vertex -30 0.674122 58.2223
    endloop
  endfacet
  facet normal 0.660117 -0.441181 0.607952
    outer loop
      vertex 32.6045 2.49632 58.6374
      vertex 32.3859 2.16924 58.6374
      vertex 32.6386 1.97533 58.2223
    endloop
  endfacet
  facet normal -0.170938 -0.195001 0.965792
    outer loop
      vertex -30.4751 3.3809 59.9231
      vertex -30.9092 3.09083 59.7877
      vertex -30.7827 2.97994 59.7877
    endloop
  endfacet
  facet normal 0.38331 -0.777094 -0.499198
    outer loop
      vertex 31.7937 0.893142 2.23085
      vertex 31.2728 0.927289 1.77772
      vertex 31.6629 1.11971 1.77772
    endloop
  endfacet
  facet normal 0.0420553 0.123858 0.991408
    outer loop
      vertex 30.202 54.7538 59.9231
      vertex 30.0677 54.2527 59.9914
      vertex 30.2986 54.721 59.9231
    endloop
  endfacet
  facet normal 0.383288 -0.777099 0.499206
    outer loop
      vertex 31.7937 0.893142 57.7692
      vertex 31.2728 0.927289 58.2223
      vertex 31.3729 0.685591 57.7692
    endloop
  endfacet
  facet normal -0.98077 -0.195169 0
    outer loop
      vertex -33.8554 2.96694 3.73839
      vertex -33.9573 3.47901 56.2616
      vertex -33.9573 3.47901 3.73839
    endloop
  endfacet
  facet normal -0.98077 -0.195169 0
    outer loop
      vertex -33.9573 3.47901 56.2616
      vertex -33.8554 2.96694 3.73839
      vertex -33.8554 2.96694 56.2616
    endloop
  endfacet
  facet normal 0 0.793369 -0.60874
    outer loop
      vertex 30 57.0074 1.36262
      vertex -2 57.3259 1.77772
      vertex 30 57.3259 1.77772
    endloop
  endfacet
  facet normal 0 0.793369 -0.60874
    outer loop
      vertex -2 57.3259 1.77772
      vertex 30 57.0074 1.36262
      vertex -2 57.0074 1.36262
    endloop
  endfacet
  facet normal 0 0.793369 -0.60874
    outer loop
      vertex -14 57.0074 1.36262
      vertex -30 57.3259 1.77772
      vertex -14 57.3259 1.77772
    endloop
  endfacet
  facet normal 0 0.793369 -0.60874
    outer loop
      vertex -30 57.3259 1.77772
      vertex -14 57.0074 1.36262
      vertex -30 57.0074 1.36262
    endloop
  endfacet
  facet normal 0 0.866038 -0.499979
    outer loop
      vertex -14 57.3259 1.77772
      vertex -30 57.5875 2.23085
      vertex -14 57.5875 2.23085
    endloop
  endfacet
  facet normal 0 0.866038 -0.499979
    outer loop
      vertex -30 57.5875 2.23085
      vertex -14 57.3259 1.77772
      vertex -30 57.3259 1.77772
    endloop
  endfacet
  facet normal 0 0.866038 -0.499979
    outer loop
      vertex 30 57.3259 1.77772
      vertex -2 57.5875 2.23085
      vertex 30 57.5875 2.23085
    endloop
  endfacet
  facet normal 0 0.866038 -0.499979
    outer loop
      vertex -2 57.5875 2.23085
      vertex 30 57.3259 1.77772
      vertex -2 57.3259 1.77772
    endloop
  endfacet
  facet normal -0.382592 0.0251858 -0.923574
    outer loop
      vertex -31.2748 54.1678 0.21228
      vertex -31.7692 54 0.41251
      vertex -31.754 54.2309 0.41251
    endloop
  endfacet
  facet normal 0.712138 0.351231 -0.607862
    outer loop
      vertex 33.0727 55.2728 1.77772
      vertex 32.6045 55.5037 1.36262
      vertex 32.8803 55.6629 1.77772
    endloop
  endfacet
  facet normal -0.550855 -0.824385 0.13019
    outer loop
      vertex -31.9616 0.602461 56.7804
      vertex -32.4298 0.833382 56.2616
      vertex -31.9957 0.543316 56.2616
    endloop
  endfacet
  facet normal -0.171035 -0.194924 -0.965791
    outer loop
      vertex -30.4751 3.3809 0.0768595
      vertex -30.9092 3.09083 0.21228
      vertex -30.5518 3.4482 0.0768595
    endloop
  endfacet
  facet normal -0.060436 0.922209 -0.38194
    outer loop
      vertex -30 57.5875 2.23085
      vertex -30.4944 57.7553 2.71424
      vertex -30 57.7877 2.71424
    endloop
  endfacet
  facet normal -0.532202 0.466754 -0.706329
    outer loop
      vertex -32.0924 55.6055 0.992641
      vertex -32.1265 56.1265 1.36262
      vertex -31.8649 55.8649 0.992641
    endloop
  endfacet
  facet normal 0.196113 0.577223 0.792688
    outer loop
      vertex 30.6826 56.5475 59.0074
      vertex 30.5752 56.1466 59.3259
      vertex 30.8504 56.0531 59.3259
    endloop
  endfacet
  facet normal 0.707087 0 -0.707127
    outer loop
      vertex 33.0074 4 1.36262
      vertex 32.6374 54 0.992641
      vertex 33.0074 54 1.36262
    endloop
  endfacet
  facet normal 0.707087 0 -0.707127
    outer loop
      vertex 32.6374 54 0.992641
      vertex 33.0074 4 1.36262
      vertex 32.6374 4 0.992641
    endloop
  endfacet
  facet normal -0.596905 -0.523579 -0.607923
    outer loop
      vertex -32.3517 1.64825 1.77772
      vertex -32.6386 1.97533 1.77772
      vertex -32.1265 1.87348 1.36262
    endloop
  endfacet
  facet normal -0.53217 -0.46678 -0.706337
    outer loop
      vertex -31.8649 2.13509 0.992641
      vertex -32.1265 1.87348 1.36262
      vertex -32.0924 2.39446 0.992641
    endloop
  endfacet
  facet normal -0.97242 0.193497 -0.130226
    outer loop
      vertex -33.8896 54.5121 3.21964
      vertex -33.9573 54.521 3.73839
      vertex -33.8554 55.0331 3.73839
    endloop
  endfacet
  facet normal -0.154777 0.778728 0.60797
    outer loop
      vertex -30.3925 56.9816 58.6374
      vertex -30.8608 57.2126 58.2223
      vertex -30.7784 56.9049 58.6374
    endloop
  endfacet
  facet normal 0.056763 0.864589 0.499262
    outer loop
      vertex 30.4683 57.5568 57.7692
      vertex 30 57.3259 58.2223
      vertex 30.4341 57.2974 58.2223
    endloop
  endfacet
  facet normal -0.154762 0.778739 0.607959
    outer loop
      vertex -30.4341 57.2974 58.2223
      vertex -30.8608 57.2126 58.2223
      vertex -30.3925 56.9816 58.6374
    endloop
  endfacet
  facet normal 0.636996 0.726296 0.258323
    outer loop
      vertex 32.3883 57.1124 56.7804
      vertex 32.3058 57.005 57.2858
      vertex 32.6783 56.6783 57.2858
    endloop
  endfacet
  facet normal -0.338641 -0.506808 0.79276
    outer loop
      vertex -31.1111 2.07545 59.3259
      vertex -31.3528 2.23695 59.3259
      vertex -31.3187 1.71596 59.0074
    endloop
  endfacet
  facet normal 0.726296 0.636996 -0.258323
    outer loop
      vertex 33.005 56.3058 2.71424
      vertex 32.6783 56.6783 2.71424
      vertex 33.1124 56.3883 3.21964
    endloop
  endfacet
  facet normal -0.123272 0.363021 -0.923591
    outer loop
      vertex -30.492 55.1879 0.21228
      vertex -30.677 55.6345 0.41251
      vertex -30.4579 55.7089 0.41251
    endloop
  endfacet
  facet normal 0.408691 -0.828855 0.382061
    outer loop
      vertex 31.6 0.700477 57.5584
      vertex 31.6 0.574822 57.2858
      vertex 31.8939 0.719738 57.2858
    endloop
  endfacet
  facet normal 0.408761 -0.828908 0.381871
    outer loop
      vertex 31.5552 0.69754 57.6
      vertex 31.3729 0.685591 57.7692
      vertex 31.3997 0.620858 57.6
    endloop
  endfacet
  facet normal 0.9222 0.060456 -0.381958
    outer loop
      vertex 33.5875 54 2.23085
      vertex 33.5568 54.4683 2.23085
      vertex 33.7553 54.4944 2.71424
    endloop
  endfacet
  facet normal 0.513489 -0.768381 -0.381993
    outer loop
      vertex 32.3058 0.995 2.71424
      vertex 31.8939 0.719738 2.71424
      vertex 32.1839 1.15385 2.23085
    endloop
  endfacet
  facet normal -0.0505784 -0.254356 -0.965787
    outer loop
      vertex -30.1678 2.72524 0.21228
      vertex -30.3328 2.75805 0.21228
      vertex -30.202 3.24623 0.0768595
    endloop
  endfacet
  facet normal 0.608763 0 -0.793352
    outer loop
      vertex 32.2223 4 0.674122
      vertex 32.6374 54 0.992641
      vertex 32.6374 4 0.992641
    endloop
  endfacet
  facet normal 0.608763 0 -0.793352
    outer loop
      vertex 32.6374 54 0.992641
      vertex 32.2223 4 0.674122
      vertex 32.2223 54 0.674122
    endloop
  endfacet
  facet normal 0.938843 0.318809 0.130132
    outer loop
      vertex 33.8554 55.0331 56.2616
      vertex 33.6245 55.5013 56.7804
      vertex 33.7895 55.0154 56.7804
    endloop
  endfacet
  facet normal 0.694278 0.138076 -0.706338
    outer loop
      vertex 32.6148 54.3442 0.992641
      vertex 32.5475 54.6826 0.992641
      vertex 32.9816 54.3925 1.36262
    endloop
  endfacet
  facet normal 0.169143 0.849779 0.499266
    outer loop
      vertex 30.4683 57.5568 57.7692
      vertex 30.4341 57.2974 58.2223
      vertex 30.9285 57.4652 57.7692
    endloop
  endfacet
  facet normal -0.588535 0.393316 0.706349
    outer loop
      vertex -32.3859 55.8308 58.6374
      vertex -32.6045 55.5037 58.6374
      vertex -32.0924 55.6055 59.0074
    endloop
  endfacet
  facet normal -0.297048 -0.875176 0.381877
    outer loop
      vertex -31.1108 0.522801 57.6
      vertex -31.3729 0.685591 57.7692
      vertex -31.3997 0.620858 57.6
    endloop
  endfacet
  facet normal -0.297058 -0.875178 0.381863
    outer loop
      vertex -31.3729 0.685591 57.7692
      vertex -31.1108 0.522801 57.6
      vertex -30.9285 0.53475 57.7692
    endloop
  endfacet
  facet normal 0.221545 0.449148 0.865554
    outer loop
      vertex 30.8504 56.0531 59.3259
      vertex 30.677 55.6345 59.5875
      vertex 30.8846 55.5321 59.5875
    endloop
  endfacet
  facet normal -0.571352 -0.651476 -0.499135
    outer loop
      vertex -32.1839 1.15385 2.23085
      vertex -32.5367 1.46326 2.23085
      vertex -32.0247 1.3614 1.77772
    endloop
  endfacet
  facet normal -0.768365 -0.513475 0.382045
    outer loop
      vertex -32.8461 1.81607 57.7692
      vertex -33.2803 2.10614 57.2858
      vertex -33.005 1.69418 57.2858
    endloop
  endfacet
  facet normal -0.659237 0.751936 0
    outer loop
      vertex -32.4298 57.1666 3.73839
      vertex -32.8224 56.8224 56.2616
      vertex -32.4298 57.1666 56.2616
    endloop
  endfacet
  facet normal -0.659237 0.751936 0
    outer loop
      vertex -32.8224 56.8224 56.2616
      vertex -32.4298 57.1666 3.73839
      vertex -32.8224 56.8224 3.73839
    endloop
  endfacet
  facet normal 0.408668 0.828899 -0.38199
    outer loop
      vertex 31.8939 57.2803 2.71424
      vertex 31.3729 57.3144 2.23085
      vertex 31.4495 57.4994 2.71424
    endloop
  endfacet
  facet normal 0.376068 -0.0747265 -0.923574
    outer loop
      vertex 31.7089 3.54211 0.41251
      vertex 31.2748 3.83218 0.21228
      vertex 31.754 3.76908 0.41251
    endloop
  endfacet
  facet normal -0.938853 -0.318786 0.130121
    outer loop
      vertex -33.7895 2.98462 56.7804
      vertex -33.8554 2.96694 56.2616
      vertex -33.6245 2.49868 56.7804
    endloop
  endfacet
  facet normal 0.0462964 -0.706349 -0.706349
    outer loop
      vertex 30.3442 1.38518 0.992641
      vertex 30 0.992641 1.36262
      vertex 30 1.36262 0.992641
    endloop
  endfacet
  facet normal 0 0.991444 -0.130536
    outer loop
      vertex 30 57.9231 3.21964
      vertex -2 57.9914 3.73839
      vertex 30 57.9914 3.73839
    endloop
  endfacet
  facet normal 0 0.991444 -0.130536
    outer loop
      vertex -2 57.9914 3.73839
      vertex 30 57.9231 3.21964
      vertex -2 57.9231 3.21964
    endloop
  endfacet
  facet normal 0 0.991444 -0.130536
    outer loop
      vertex -14 57.9231 3.21964
      vertex -30 57.9914 3.73839
      vertex -14 57.9914 3.73839
    endloop
  endfacet
  facet normal 0 0.991444 -0.130536
    outer loop
      vertex -30 57.9914 3.73839
      vertex -14 57.9231 3.21964
      vertex -30 57.9231 3.21964
    endloop
  endfacet
  facet normal -0.0631752 0.964007 -0.258264
    outer loop
      vertex -30 57.7877 2.71424
      vertex -30.4944 57.7553 2.71424
      vertex -30 57.9231 3.21964
    endloop
  endfacet
  facet normal -0.00857382 -0.130521 -0.991408
    outer loop
      vertex -30 3.21964 0.0768595
      vertex -30.0341 3.74063 0.00856495
      vertex -30 3.73839 0.00856495
    endloop
  endfacet
  facet normal -0.964007 0.0631752 -0.258264
    outer loop
      vertex -33.7877 54 2.71424
      vertex -33.9231 54 3.21964
      vertex -33.7553 54.4944 2.71424
    endloop
  endfacet
  facet normal 0.00858173 0.130519 -0.991409
    outer loop
      vertex 30.0341 54.2594 0.00856495
      vertex 30 54.7804 0.0768595
      vertex 30.1019 54.7737 0.0768595
    endloop
  endfacet
  facet normal 0.0520147 0.792267 -0.607954
    outer loop
      vertex 30.3925 56.9816 1.36262
      vertex 30 57.3259 1.77772
      vertex 30.4341 57.2974 1.77772
    endloop
  endfacet
  facet normal -0.0520794 0.792293 -0.607914
    outer loop
      vertex -30 57.0074 1.36262
      vertex -30.3925 56.9816 1.36262
      vertex -30 57.3259 1.77772
    endloop
  endfacet
  facet normal -0.195158 0.980772 0
    outer loop
      vertex -30.521 57.9573 3.73839
      vertex -31.0331 57.8554 56.2616
      vertex -30.521 57.9573 56.2616
    endloop
  endfacet
  facet normal -0.195158 0.980772 0
    outer loop
      vertex -31.0331 57.8554 56.2616
      vertex -30.521 57.9573 3.73839
      vertex -31.0331 57.8554 3.73839
    endloop
  endfacet
  facet normal 0.063061 0.963986 0.258369
    outer loop
      vertex 30.5121 57.8896 56.7804
      vertex 30 57.9231 56.7804
      vertex 30.4944 57.7553 57.2858
    endloop
  endfacet
  facet normal 0.137991 0.694273 0.706359
    outer loop
      vertex 30.7784 56.9049 58.6374
      vertex 30.3925 56.9816 58.6374
      vertex 30.6826 56.5475 59.0074
    endloop
  endfacet
  facet normal -0.0631752 0.964007 0.258264
    outer loop
      vertex -30 57.9231 56.7804
      vertex -30.4944 57.7553 57.2858
      vertex -30 57.7877 57.2858
    endloop
  endfacet
  facet normal 0.278257 -0.4164 0.865554
    outer loop
      vertex 31.077 2.59644 59.5875
      vertex 30.8846 2.46787 59.5875
      vertex 31.1111 2.07545 59.3259
    endloop
  endfacet
  facet normal -0.382633 0 0.9239
    outer loop
      vertex -31.7692 54 59.5875
      vertex -31.2858 4 59.7877
      vertex -31.2858 54 59.7877
    endloop
  endfacet
  facet normal -0.382633 0 0.9239
    outer loop
      vertex -31.2858 4 59.7877
      vertex -31.7692 54 59.5875
      vertex -31.7692 4 59.5875
    endloop
  endfacet
  facet normal 0.180414 0.906403 -0.381948
    outer loop
      vertex 30.9285 57.4652 2.23085
      vertex 30.4683 57.5568 2.23085
      vertex 30.4944 57.7553 2.71424
    endloop
  endfacet
  facet normal 0.27863 0.820556 -0.499052
    outer loop
      vertex 31.2728 57.0727 1.77772
      vertex 30.8608 57.2126 1.77772
      vertex 30.9285 57.4652 2.23085
    endloop
  endfacet
  facet normal 0.550892 0.824344 -0.130287
    outer loop
      vertex 32.4298 57.1666 3.73839
      vertex 31.9616 57.3975 3.21964
      vertex 31.9957 57.4567 3.73839
    endloop
  endfacet
  facet normal 0.330205 0.376512 0.865566
    outer loop
      vertex 31.5714 55.5714 59.3259
      vertex 31.077 55.4036 59.5875
      vertex 31.251 55.251 59.5875
    endloop
  endfacet
  facet normal 0.269531 0.546823 -0.792677
    outer loop
      vertex 31.1111 55.9246 0.674122
      vertex 30.8504 56.0531 0.674122
      vertex 31.3187 56.284 0.992641
    endloop
  endfacet
  facet normal 0.25878 0.0169641 -0.965787
    outer loop
      vertex 31.2858 54 0.21228
      vertex 30.7804 54 0.0768595
      vertex 31.2748 54.1678 0.21228
    endloop
  endfacet
  facet normal 0.0567639 0.864604 -0.499238
    outer loop
      vertex 30.4341 57.2974 1.77772
      vertex 30 57.3259 1.77772
      vertex 30.4683 57.5568 2.23085
    endloop
  endfacet
  facet normal 0.653694 0.745477 -0.130184
    outer loop
      vertex 32.7741 56.7741 3.21964
      vertex 32.3883 57.1124 3.21964
      vertex 32.4298 57.1666 3.73839
    endloop
  endfacet
  facet normal 0.297094 0.875057 0.382112
    outer loop
      vertex 30.9803 57.6587 57.2858
      vertex 30.9285 57.4652 57.7692
      vertex 31.4495 57.4994 57.2858
    endloop
  endfacet
  facet normal -0.803232 -0.536775 -0.258248
    outer loop
      vertex -33.1124 1.61174 3.21964
      vertex -33.2803 2.10614 2.71424
      vertex -33.005 1.69418 2.71424
    endloop
  endfacet
  facet normal -0.828899 0.408668 -0.38199
    outer loop
      vertex -33.3144 55.3729 2.23085
      vertex -33.4994 55.4495 2.71424
      vertex -33.2803 55.8939 2.71424
    endloop
  endfacet
  facet normal 0.351247 -0.712092 0.607907
    outer loop
      vertex 31.5037 1.39555 58.6374
      vertex 31.2728 0.927289 58.2223
      vertex 31.6629 1.11971 58.2223
    endloop
  endfacet
  facet normal 0.636965 -0.726305 -0.258372
    outer loop
      vertex 32.3883 0.887564 3.21964
      vertex 32.3058 0.995 2.71424
      vertex 32.6783 1.32168 2.71424
    endloop
  endfacet
  facet normal 0.768365 -0.513475 0.382045
    outer loop
      vertex 33.2803 2.10614 57.2858
      vertex 32.8461 1.81607 57.7692
      vertex 33.005 1.69418 57.2858
    endloop
  endfacet
  facet normal 0.803284 -0.536727 0.258185
    outer loop
      vertex 33.2803 2.10614 57.2858
      vertex 33.1124 1.61174 56.7804
      vertex 33.3975 2.03843 56.7804
    endloop
  endfacet
  facet normal 0.991444 0 -0.130536
    outer loop
      vertex 33.9914 4 3.73839
      vertex 33.9231 54 3.21964
      vertex 33.9914 54 3.73839
    endloop
  endfacet
  facet normal 0.991444 0 -0.130536
    outer loop
      vertex 33.9231 54 3.21964
      vertex 33.9914 4 3.73839
      vertex 33.9231 4 3.21964
    endloop
  endfacet
  facet normal 0.438539 -0.889226 0.130235
    outer loop
      vertex 31.9957 0.543316 56.2616
      vertex 31.6 0.360867 56.3483
      vertex 31.6 0.348169 56.2616
    endloop
  endfacet
  facet normal 0.438534 -0.889233 0.1302
    outer loop
      vertex 31.6 0.360867 56.3483
      vertex 31.9957 0.543316 56.2616
      vertex 31.9616 0.602461 56.7804
    endloop
  endfacet
  facet normal 0.694276 -0.138096 -0.706335
    outer loop
      vertex 32.9816 3.60746 1.36262
      vertex 32.5475 3.3174 0.992641
      vertex 32.6148 3.65575 0.992641
    endloop
  endfacet
  facet normal 0.138074 -0.694269 -0.706347
    outer loop
      vertex 30.3925 1.01837 1.36262
      vertex 30.3442 1.38518 0.992641
      vertex 30.6826 1.45248 0.992641
    endloop
  endfacet
  facet normal 0.555583 -0.831461 0
    outer loop
      vertex 31.9957 0.543316 3.73839
      vertex 32.4298 0.833382 56.2616
      vertex 31.9957 0.543316 56.2616
    endloop
  endfacet
  facet normal 0.555583 -0.831461 0
    outer loop
      vertex 32.4298 0.833382 56.2616
      vertex 31.9957 0.543316 3.73839
      vertex 32.4298 0.833382 3.73839
    endloop
  endfacet
  facet normal 0.118911 0.59791 0.792694
    outer loop
      vertex 30.6826 56.5475 59.0074
      vertex 30.2901 56.2033 59.3259
      vertex 30.5752 56.1466 59.3259
    endloop
  endfacet
  facet normal 0.180193 0.906374 0.382121
    outer loop
      vertex 30.9803 57.6587 57.2858
      vertex 30.4944 57.7553 57.2858
      vertex 30.9285 57.4652 57.7692
    endloop
  endfacet
  facet normal -0.169036 -0.84983 0.499216
    outer loop
      vertex -30.8608 0.787449 58.2223
      vertex -30.9285 0.53475 57.7692
      vertex -30.4341 0.702576 58.2223
    endloop
  endfacet
  facet normal -0.427237 -0.866466 0.258273
    outer loop
      vertex -31.6 0.574822 57.2858
      vertex -31.8939 0.719738 57.2858
      vertex -31.6 0.46203 56.9074
    endloop
  endfacet
  facet normal -0.94749 -0.18844 0.258365
    outer loop
      vertex -33.7553 3.5056 57.2858
      vertex -33.8896 3.48793 56.7804
      vertex -33.7895 2.98462 56.7804
    endloop
  endfacet
  facet normal -0.720399 -0.481522 0.499161
    outer loop
      vertex -32.6386 1.97533 58.2223
      vertex -33.1069 2.20625 57.7692
      vertex -32.8461 1.81607 57.7692
    endloop
  endfacet
  facet normal -0.555583 -0.831461 0
    outer loop
      vertex -32.4298 0.833382 3.73839
      vertex -31.9957 0.543316 56.2616
      vertex -32.4298 0.833382 56.2616
    endloop
  endfacet
  facet normal -0.555583 -0.831461 -0
    outer loop
      vertex -31.9957 0.543316 56.2616
      vertex -32.4298 0.833382 3.73839
      vertex -31.9957 0.543316 3.73839
    endloop
  endfacet
  facet normal -0.660117 -0.441181 0.607952
    outer loop
      vertex -32.6045 2.49632 58.6374
      vertex -32.6386 1.97533 58.2223
      vertex -32.3859 2.16924 58.6374
    endloop
  endfacet
  facet normal -0.964007 0.0631752 0.258264
    outer loop
      vertex -33.7553 54.4944 57.2858
      vertex -33.9231 54 56.7804
      vertex -33.7877 54 57.2858
    endloop
  endfacet
  facet normal -0.849952 0.168915 -0.499048
    outer loop
      vertex -33.2974 54.4341 1.77772
      vertex -33.4652 54.9285 2.23085
      vertex -33.2126 54.8608 1.77772
    endloop
  endfacet
  facet normal -0.896888 -0.442257 0
    outer loop
      vertex -33.4567 2.00428 3.73839
      vertex -33.6876 2.47254 56.2616
      vertex -33.6876 2.47254 3.73839
    endloop
  endfacet
  facet normal -0.896888 -0.442257 0
    outer loop
      vertex -33.6876 2.47254 56.2616
      vertex -33.4567 2.00428 3.73839
      vertex -33.4567 2.00428 56.2616
    endloop
  endfacet
  facet normal -0.849804 -0.16913 -0.499228
    outer loop
      vertex -33.4652 3.07149 2.23085
      vertex -33.5568 3.53174 2.23085
      vertex -33.2974 3.56589 1.77772
    endloop
  endfacet
  facet normal -0.536761 -0.803205 -0.258361
    outer loop
      vertex -31.8939 0.719738 2.71424
      vertex -32.3883 0.887564 3.21964
      vertex -32.3058 0.995 2.71424
    endloop
  endfacet
  facet normal -0.438534 -0.889233 0.1302
    outer loop
      vertex -31.9957 0.543316 56.2616
      vertex -31.6 0.360867 56.3483
      vertex -31.9616 0.602461 56.7804
    endloop
  endfacet
  facet normal -0.438539 -0.889226 0.130235
    outer loop
      vertex -31.6 0.360867 56.3483
      vertex -31.9957 0.543316 56.2616
      vertex -31.6 0.348169 56.2616
    endloop
  endfacet
  facet normal 0.0169641 0.25878 -0.965787
    outer loop
      vertex 30.1678 55.2748 0.21228
      vertex 30 54.7804 0.0768595
      vertex 30 55.2858 0.21228
    endloop
  endfacet
  facet normal 0.922209 -0.060436 -0.38194
    outer loop
      vertex 33.7553 3.5056 2.71424
      vertex 33.5875 4 2.23085
      vertex 33.7877 4 2.71424
    endloop
  endfacet
  facet normal -0.597916 -0.118929 -0.792687
    outer loop
      vertex -32.5475 3.3174 0.992641
      vertex -32.6148 3.65575 0.992641
      vertex -32.2033 3.70993 0.674122
    endloop
  endfacet
  facet normal -0.588518 0.393305 -0.706369
    outer loop
      vertex -32.0924 55.6055 0.992641
      vertex -32.6045 55.5037 1.36262
      vertex -32.3859 55.8308 1.36262
    endloop
  endfacet
  facet normal -0.255197 -0.751868 -0.607922
    outer loop
      vertex -30.8608 0.787449 1.77772
      vertex -31.2728 0.927289 1.77772
      vertex -30.7784 1.09511 1.36262
    endloop
  endfacet
  facet normal -0.636996 0.726296 0.258323
    outer loop
      vertex -32.3883 57.1124 56.7804
      vertex -32.6783 56.6783 57.2858
      vertex -32.3058 57.005 57.2858
    endloop
  endfacet
  facet normal -0.255304 0.751785 0.607979
    outer loop
      vertex -30.7784 56.9049 58.6374
      vertex -31.2728 57.0727 58.2223
      vertex -31.1509 56.7784 58.6374
    endloop
  endfacet
  facet normal -0.063061 0.963986 -0.258369
    outer loop
      vertex -30.4944 57.7553 2.71424
      vertex -30.5121 57.8896 3.21964
      vertex -30 57.9231 3.21964
    endloop
  endfacet
  facet normal -0.258764 0.0170139 -0.965791
    outer loop
      vertex -30.7804 54 0.0768595
      vertex -31.2748 54.1678 0.21228
      vertex -30.7737 54.1019 0.0768595
    endloop
  endfacet
  facet normal 0 0.500021 -0.866013
    outer loop
      vertex -30 55.7692 0.41251
      vertex -14 56.2223 0.674122
      vertex -14 55.7692 0.41251
    endloop
  endfacet
  facet normal 0 0.500021 -0.866013
    outer loop
      vertex -14 56.2223 0.674122
      vertex -30 55.7692 0.41251
      vertex -30 56.2223 0.674122
    endloop
  endfacet
  facet normal 0 0.500021 -0.866013
    outer loop
      vertex -2 55.7692 0.41251
      vertex 30 56.2223 0.674122
      vertex 30 55.7692 0.41251
    endloop
  endfacet
  facet normal 0 0.500021 -0.866013
    outer loop
      vertex 30 56.2223 0.674122
      vertex -2 55.7692 0.41251
      vertex -2 56.2223 0.674122
    endloop
  endfacet
  facet normal 0 0.608763 -0.793352
    outer loop
      vertex -30 56.2223 0.674122
      vertex -14 56.6374 0.992641
      vertex -14 56.2223 0.674122
    endloop
  endfacet
  facet normal 0 0.608763 -0.793352
    outer loop
      vertex -14 56.6374 0.992641
      vertex -30 56.2223 0.674122
      vertex -30 56.6374 0.992641
    endloop
  endfacet
  facet normal 0 0.608763 -0.793352
    outer loop
      vertex -2 56.2223 0.674122
      vertex 30 56.6374 0.992641
      vertex 30 56.2223 0.674122
    endloop
  endfacet
  facet normal 0 0.608763 -0.793352
    outer loop
      vertex 30 56.6374 0.992641
      vertex -2 56.2223 0.674122
      vertex -2 56.6374 0.992641
    endloop
  endfacet
  facet normal 0.889236 -0.438484 -0.130346
    outer loop
      vertex 33.4567 2.00428 3.73839
      vertex 33.3975 2.03843 3.21964
      vertex 33.6876 2.47254 3.73839
    endloop
  endfacet
  facet normal 0 1 0
    outer loop
      vertex 30 57.9914 56.2616
      vertex -2 57.9914 8
      vertex -30 57.9914 56.2616
    endloop
  endfacet
  facet normal 0 1 -0
    outer loop
      vertex 30 57.9914 3.73839
      vertex -2 57.9914 8
      vertex 30 57.9914 56.2616
    endloop
  endfacet
  facet normal 0 1 0
    outer loop
      vertex -2 57.9914 8
      vertex 30 57.9914 3.73839
      vertex -2 57.9914 3.73839
    endloop
  endfacet
  facet normal 0 1 -0
    outer loop
      vertex -14 57.9914 8
      vertex -30 57.9914 56.2616
      vertex -2 57.9914 8
    endloop
  endfacet
  facet normal 0 1 0
    outer loop
      vertex -30 57.9914 3.73839
      vertex -14 57.9914 8
      vertex -14 57.9914 3.73839
    endloop
  endfacet
  facet normal 0 1 0
    outer loop
      vertex -14 57.9914 8
      vertex -30 57.9914 3.73839
      vertex -30 57.9914 56.2616
    endloop
  endfacet
  facet normal 0.188373 0.94752 0.258305
    outer loop
      vertex 31.0154 57.7895 56.7804
      vertex 30.4944 57.7553 57.2858
      vertex 30.9803 57.6587 57.2858
    endloop
  endfacet
  facet normal 0.180415 0.906406 0.381941
    outer loop
      vertex 30.4944 57.7553 57.2858
      vertex 30.4683 57.5568 57.7692
      vertex 30.9285 57.4652 57.7692
    endloop
  endfacet
  facet normal 0.03273 0.499736 0.865559
    outer loop
      vertex 30 56.2223 59.3259
      vertex 30 55.7692 59.5875
      vertex 30.2901 56.2033 59.3259
    endloop
  endfacet
  facet normal 0.123858 0.0420553 0.991408
    outer loop
      vertex 30.721 54.2986 59.9231
      vertex 30.2527 54.0677 59.9914
      vertex 30.7538 54.202 59.9231
    endloop
  endfacet
  facet normal -0.0327312 0.499753 -0.865549
    outer loop
      vertex -30 55.7692 0.41251
      vertex -30.2901 56.2033 0.674122
      vertex -30 56.2223 0.674122
    endloop
  endfacet
  facet normal -0.91477 0.310634 -0.258268
    outer loop
      vertex -33.4994 55.4495 2.71424
      vertex -33.7895 55.0154 3.21964
      vertex -33.6245 55.5013 3.21964
    endloop
  endfacet
  facet normal -0.22139 0.449155 0.86559
    outer loop
      vertex -30.8504 56.0531 59.3259
      vertex -31.1111 55.9246 59.3259
      vertex -30.8846 55.5321 59.5875
    endloop
  endfacet
  facet normal -0.057888 0.117313 0.991406
    outer loop
      vertex -30.2986 54.721 59.9231
      vertex -30.3902 54.6758 59.9231
      vertex -30.1308 54.2266 59.9914
    endloop
  endfacet
  facet normal -0.609357 0.694783 0.382047
    outer loop
      vertex -32.3058 57.005 57.2858
      vertex -32.6783 56.6783 57.2858
      vertex -32.1839 56.8461 57.7692
    endloop
  endfacet
  facet normal -0.499656 -0.0328892 0.865599
    outer loop
      vertex -31.7692 4 59.5875
      vertex -32.2033 3.70993 59.3259
      vertex -31.754 3.76908 59.5875
    endloop
  endfacet
  facet normal 0.313118 0.634855 -0.70634
    outer loop
      vertex 31.3187 56.284 0.992641
      vertex 31.0093 56.4366 0.992641
      vertex 31.1509 56.7784 1.36262
    endloop
  endfacet
  facet normal 0.608322 0.0399421 -0.792685
    outer loop
      vertex 32.6374 54 0.992641
      vertex 32.2033 54.2901 0.674122
      vertex 32.6148 54.3442 0.992641
    endloop
  endfacet
  facet normal 0.77709 0.383266 -0.499238
    outer loop
      vertex 33.0727 55.2728 1.77772
      vertex 32.8803 55.6629 1.77772
      vertex 33.1069 55.7937 2.23085
    endloop
  endfacet
  facet normal 0.866465 0.427303 0.258168
    outer loop
      vertex 33.3975 55.9616 56.7804
      vertex 33.2803 55.8939 57.2858
      vertex 33.6245 55.5013 56.7804
    endloop
  endfacet
  facet normal 0.318808 0.938842 -0.130145
    outer loop
      vertex 31.5013 57.6245 3.21964
      vertex 31.0154 57.7895 3.21964
      vertex 31.0331 57.8554 3.73839
    endloop
  endfacet
  facet normal 0.310634 0.91477 -0.258268
    outer loop
      vertex 31.4495 57.4994 2.71424
      vertex 31.0154 57.7895 3.21964
      vertex 31.5013 57.6245 3.21964
    endloop
  endfacet
  facet normal 0.427199 0.866487 -0.258264
    outer loop
      vertex 31.8939 57.2803 2.71424
      vertex 31.4495 57.4994 2.71424
      vertex 31.5013 57.6245 3.21964
    endloop
  endfacet
  facet normal 0.745477 0.653694 -0.130184
    outer loop
      vertex 33.1124 56.3883 3.21964
      vertex 32.7741 56.7741 3.21964
      vertex 33.1666 56.4298 3.73839
    endloop
  endfacet
  facet normal 0.401948 0.458309 -0.792711
    outer loop
      vertex 31.8649 55.8649 0.992641
      vertex 31.3528 55.7631 0.674122
      vertex 31.6055 56.0924 0.992641
    endloop
  endfacet
  facet normal 0.168915 0.849952 -0.499048
    outer loop
      vertex 30.8608 57.2126 1.77772
      vertex 30.4341 57.2974 1.77772
      vertex 30.9285 57.4652 2.23085
    endloop
  endfacet
  facet normal 0.442303 0.896866 -0
    outer loop
      vertex 31.9957 57.4567 3.73839
      vertex 31.5275 57.6876 56.2616
      vertex 31.9957 57.4567 56.2616
    endloop
  endfacet
  facet normal 0.442303 0.896866 0
    outer loop
      vertex 31.5275 57.6876 56.2616
      vertex 31.9957 57.4567 3.73839
      vertex 31.5275 57.6876 3.73839
    endloop
  endfacet
  facet normal -0.118902 -0.597866 0.792729
    outer loop
      vertex -30.2901 1.79673 59.3259
      vertex -30.6826 1.45248 59.0074
      vertex -30.3442 1.38518 59.0074
    endloop
  endfacet
  facet normal -0.427199 0.866487 -0.258264
    outer loop
      vertex -31.4495 57.4994 2.71424
      vertex -31.8939 57.2803 2.71424
      vertex -31.5013 57.6245 3.21964
    endloop
  endfacet
  facet normal -1 0 0
    outer loop
      vertex -33.9914 4 3.73839
      vertex -33.9914 54 56.2616
      vertex -33.9914 54 3.73839
    endloop
  endfacet
  facet normal -1 -0 0
    outer loop
      vertex -33.9914 54 56.2616
      vertex -33.9914 4 3.73839
      vertex -33.9914 4 56.2616
    endloop
  endfacet
  facet normal -0.438493 -0.889247 0.130243
    outer loop
      vertex -31.6 0.424154 56.7804
      vertex -31.9616 0.602461 56.7804
      vertex -31.6 0.360867 56.3483
    endloop
  endfacet
  facet normal 0.0566741 -0.864632 -0.499199
    outer loop
      vertex 30.4683 0.443201 2.23085
      vertex 30 0.674122 1.77772
      vertex 30.4341 0.702576 1.77772
    endloop
  endfacet
  facet normal 0.745486 -0.653667 -0.130271
    outer loop
      vertex 33.1666 1.57017 3.73839
      vertex 32.7741 1.22592 3.21964
      vertex 33.1124 1.61174 3.21964
    endloop
  endfacet
  facet normal 0.169056 -0.849815 0.499233
    outer loop
      vertex 30.9285 0.53475 57.7692
      vertex 30.4341 0.702576 58.2223
      vertex 30.4683 0.443201 57.7692
    endloop
  endfacet
  facet normal 0.180351 -0.906449 0.381867
    outer loop
      vertex 30.9285 0.53475 57.7692
      vertex 30.7766 0.433247 57.6
      vertex 30.9466 0.467071 57.6
    endloop
  endfacet
  facet normal 0.438493 -0.889247 0.130243
    outer loop
      vertex 31.6 0.424154 56.7804
      vertex 31.6 0.360867 56.3483
      vertex 31.9616 0.602461 56.7804
    endloop
  endfacet
  facet normal 0.634854 0.312928 -0.706425
    outer loop
      vertex 32.7784 55.1509 1.36262
      vertex 32.284 55.3187 0.992641
      vertex 32.6045 55.5037 1.36262
    endloop
  endfacet
  facet normal 0.532202 0.466754 -0.706329
    outer loop
      vertex 32.0924 55.6055 0.992641
      vertex 31.8649 55.8649 0.992641
      vertex 32.1265 56.1265 1.36262
    endloop
  endfacet
  facet normal 0.130509 0.00841993 -0.991411
    outer loop
      vertex 30.2616 54 0.00856495
      vertex 30.2594 54.0341 0.00856495
      vertex 30.7804 54 0.0768595
    endloop
  endfacet
  facet normal 0.596918 -0.523534 -0.607949
    outer loop
      vertex 32.6386 1.97533 1.77772
      vertex 32.1265 1.87348 1.36262
      vertex 32.3859 2.16924 1.36262
    endloop
  endfacet
  facet normal 0.720411 -0.48153 -0.499136
    outer loop
      vertex 32.8461 1.81607 2.23085
      vertex 32.6386 1.97533 1.77772
      vertex 33.1069 2.20625 2.23085
    endloop
  endfacet
  facet normal 0.694827 -0.609335 -0.382004
    outer loop
      vertex 32.6783 1.32168 2.71424
      vertex 32.5367 1.46326 2.23085
      vertex 32.8461 1.81607 2.23085
    endloop
  endfacet
  facet normal 0.922198 -0.060461 -0.381962
    outer loop
      vertex 33.7553 3.5056 2.71424
      vertex 33.5568 3.53174 2.23085
      vertex 33.5875 4 2.23085
    endloop
  endfacet
  facet normal 0.706368 0.0464313 0.70632
    outer loop
      vertex 32.9816 54.3925 58.6374
      vertex 32.6148 54.3442 59.0074
      vertex 33.0074 54 58.6374
    endloop
  endfacet
  facet normal 0.726365 -0.636901 -0.258361
    outer loop
      vertex 32.7741 1.22592 3.21964
      vertex 32.6783 1.32168 2.71424
      vertex 33.1124 1.61174 3.21964
    endloop
  endfacet
  facet normal 0.441097 -0.660182 0.607942
    outer loop
      vertex 31.8308 1.6141 58.6374
      vertex 31.5037 1.39555 58.6374
      vertex 32.0247 1.3614 58.2223
    endloop
  endfacet
  facet normal 0.393315 -0.588557 0.706332
    outer loop
      vertex 31.6055 1.90762 59.0074
      vertex 31.3187 1.71596 59.0074
      vertex 31.5037 1.39555 58.6374
    endloop
  endfacet
  facet normal -0.751886 -0.659293 0
    outer loop
      vertex -32.8224 1.17763 3.73839
      vertex -33.1666 1.57017 56.2616
      vertex -33.1666 1.57017 3.73839
    endloop
  endfacet
  facet normal -0.751886 -0.659293 0
    outer loop
      vertex -33.1666 1.57017 56.2616
      vertex -32.8224 1.17763 3.73839
      vertex -32.8224 1.17763 56.2616
    endloop
  endfacet
  facet normal -0.653671 -0.745484 -0.130259
    outer loop
      vertex -32.4298 0.833382 3.73839
      vertex -32.8224 1.17763 3.73839
      vertex -32.7741 1.22592 3.21964
    endloop
  endfacet
  facet normal -0.60934 0.694813 0.382019
    outer loop
      vertex -32.1839 56.8461 57.7692
      vertex -32.6783 56.6783 57.2858
      vertex -32.5367 56.5367 57.7692
    endloop
  endfacet
  facet normal -0.965936 0 0.258781
    outer loop
      vertex -33.9231 4 56.7804
      vertex -33.7877 54 57.2858
      vertex -33.9231 54 56.7804
    endloop
  endfacet
  facet normal -0.965936 0 0.258781
    outer loop
      vertex -33.7877 54 57.2858
      vertex -33.9231 4 56.7804
      vertex -33.7877 4 57.2858
    endloop
  endfacet
  facet normal -0.536707 -0.803264 0.258289
    outer loop
      vertex -31.8939 0.719738 57.2858
      vertex -32.3883 0.887564 56.7804
      vertex -31.9616 0.602461 56.7804
    endloop
  endfacet
  facet normal -0.636981 -0.726297 0.258356
    outer loop
      vertex -32.6783 1.32168 57.2858
      vertex -32.7741 1.22592 56.7804
      vertex -32.3883 0.887564 56.7804
    endloop
  endfacet
  facet normal -0.745486 -0.653667 -0.130271
    outer loop
      vertex -32.7741 1.22592 3.21964
      vertex -33.1666 1.57017 3.73839
      vertex -33.1124 1.61174 3.21964
    endloop
  endfacet
  facet normal -0.726365 -0.636901 -0.258361
    outer loop
      vertex -32.7741 1.22592 3.21964
      vertex -33.1124 1.61174 3.21964
      vertex -32.6783 1.32168 2.71424
    endloop
  endfacet
  facet normal -0.938877 -0.318656 -0.130261
    outer loop
      vertex -33.6876 2.47254 3.73839
      vertex -33.8554 2.96694 3.73839
      vertex -33.6245 2.49868 3.21964
    endloop
  endfacet
  facet normal 0.0862889 -0.098299 -0.991409
    outer loop
      vertex 30.5518 3.4482 0.0768595
      vertex 30.1593 3.79245 0.00856495
      vertex 30.185 3.81501 0.00856495
    endloop
  endfacet
  facet normal -0.278266 -0.416415 -0.865544
    outer loop
      vertex -30.8846 2.46787 0.41251
      vertex -31.1111 2.07545 0.674122
      vertex -31.077 2.59644 0.41251
    endloop
  endfacet
  facet normal 0 -0.130526 -0.991445
    outer loop
      vertex -30 3.21964 0.0768595
      vertex -14 3.73839 0.00856495
      vertex -14 3.21964 0.0768595
    endloop
  endfacet
  facet normal -0 -0.130526 -0.991445
    outer loop
      vertex -14 3.73839 0.00856495
      vertex -30 3.21964 0.0768595
      vertex -30 3.73839 0.00856495
    endloop
  endfacet
  facet normal 0 -0.130526 -0.991445
    outer loop
      vertex -2 3.21964 0.0768595
      vertex 30 3.73839 0.00856495
      vertex 30 3.21964 0.0768595
    endloop
  endfacet
  facet normal -0 -0.130526 -0.991445
    outer loop
      vertex 30 3.73839 0.00856495
      vertex -2 3.21964 0.0768595
      vertex -2 3.73839 0.00856495
    endloop
  endfacet
  facet normal -0.720411 -0.48153 -0.499136
    outer loop
      vertex -32.8461 1.81607 2.23085
      vertex -33.1069 2.20625 2.23085
      vertex -32.6386 1.97533 1.77772
    endloop
  endfacet
  facet normal -0.221519 -0.449171 -0.865549
    outer loop
      vertex -30.8504 1.94688 0.674122
      vertex -31.1111 2.07545 0.674122
      vertex -30.8846 2.46787 0.41251
    endloop
  endfacet
  facet normal -0.653619 0.745528 -0.130272
    outer loop
      vertex -32.7741 56.7741 3.21964
      vertex -32.8224 56.8224 3.73839
      vertex -32.4298 57.1666 3.73839
    endloop
  endfacet
  facet normal 0.188443 0.947487 0.258375
    outer loop
      vertex 30.5121 57.8896 56.7804
      vertex 30.4944 57.7553 57.2858
      vertex 31.0154 57.7895 56.7804
    endloop
  endfacet
  facet normal 0.0647551 0.989367 -0.130229
    outer loop
      vertex 30.5121 57.8896 3.21964
      vertex 30 57.9914 3.73839
      vertex 30.521 57.9573 3.73839
    endloop
  endfacet
  facet normal 0.00841993 0.130509 -0.991411
    outer loop
      vertex 30.0341 54.2594 0.00856495
      vertex 30 54.2616 0.00856495
      vertex 30 54.7804 0.0768595
    endloop
  endfacet
  facet normal -0.0250785 0.382562 -0.92359
    outer loop
      vertex -30 55.2858 0.21228
      vertex -30.1678 55.2748 0.21228
      vertex -30 55.7692 0.41251
    endloop
  endfacet
  facet normal -0.254359 0.0507176 -0.965779
    outer loop
      vertex -30.7538 54.202 0.0768595
      vertex -31.2748 54.1678 0.21228
      vertex -31.2419 54.3328 0.21228
    endloop
  endfacet
  facet normal -0.170962 -0.195029 -0.965782
    outer loop
      vertex -30.7827 2.97994 0.21228
      vertex -30.9092 3.09083 0.21228
      vertex -30.4751 3.3809 0.0768595
    endloop
  endfacet
  facet normal -0.866038 0 -0.499979
    outer loop
      vertex -33.3259 4 1.77772
      vertex -33.5875 54 2.23085
      vertex -33.3259 54 1.77772
    endloop
  endfacet
  facet normal -0.866038 -0 -0.499979
    outer loop
      vertex -33.5875 54 2.23085
      vertex -33.3259 4 1.77772
      vertex -33.5875 4 2.23085
    endloop
  endfacet
  facet normal -0.449171 0.221398 -0.86558
    outer loop
      vertex -31.5321 54.8846 0.41251
      vertex -32.0531 54.8504 0.674122
      vertex -31.9246 55.1111 0.674122
    endloop
  endfacet
  facet normal -0.577222 0.195941 -0.792731
    outer loop
      vertex -32.0531 54.8504 0.674122
      vertex -32.5475 54.6826 0.992641
      vertex -32.4366 55.0093 0.992641
    endloop
  endfacet
  facet normal -0.212976 0.31878 -0.923591
    outer loop
      vertex -30.7827 55.0201 0.21228
      vertex -31.077 55.4036 0.41251
      vertex -30.6429 55.1135 0.21228
    endloop
  endfacet
  facet normal -0.506884 0.338692 -0.792689
    outer loop
      vertex -31.9246 55.1111 0.674122
      vertex -32.284 55.3187 0.992641
      vertex -31.7631 55.3528 0.674122
    endloop
  endfacet
  facet normal 0.118911 0.59791 0.792694
    outer loop
      vertex 30.3442 56.6148 59.0074
      vertex 30.2901 56.2033 59.3259
      vertex 30.6826 56.5475 59.0074
    endloop
  endfacet
  facet normal 0.114671 0.232579 0.965794
    outer loop
      vertex 30.492 55.1879 59.7877
      vertex 30.2986 54.721 59.9231
      vertex 30.6429 55.1135 59.7877
    endloop
  endfacet
  facet normal 0.278433 0.820527 0.499211
    outer loop
      vertex 31.3729 57.3144 57.7692
      vertex 30.9285 57.4652 57.7692
      vertex 31.2728 57.0727 58.2223
    endloop
  endfacet
  facet normal 0.321394 0.946945 -0
    outer loop
      vertex 31.5275 57.6876 3.73839
      vertex 31.0331 57.8554 56.2616
      vertex 31.5275 57.6876 56.2616
    endloop
  endfacet
  facet normal 0.321394 0.946945 0
    outer loop
      vertex 31.0331 57.8554 56.2616
      vertex 31.5275 57.6876 3.73839
      vertex 31.0331 57.8554 3.73839
    endloop
  endfacet
  facet normal 0.193408 0.972451 0.130123
    outer loop
      vertex 31.0331 57.8554 56.2616
      vertex 30.5121 57.8896 56.7804
      vertex 31.0154 57.7895 56.7804
    endloop
  endfacet
  facet normal 0.0647213 0.989367 0.13025
    outer loop
      vertex 30 57.9914 56.2616
      vertex 30 57.9231 56.7804
      vertex 30.5121 57.8896 56.7804
    endloop
  endfacet
  facet normal -0.550893 0.824345 0.130275
    outer loop
      vertex -31.9957 57.4567 56.2616
      vertex -32.4298 57.1666 56.2616
      vertex -31.9616 57.3975 56.7804
    endloop
  endfacet
  facet normal -0.0463783 0.706346 0.706346
    outer loop
      vertex -30 57.0074 58.6374
      vertex -30.3442 56.6148 59.0074
      vertex -30 56.6374 59.0074
    endloop
  endfacet
  facet normal -0.188373 0.94752 0.258305
    outer loop
      vertex -30.4944 57.7553 57.2858
      vertex -31.0154 57.7895 56.7804
      vertex -30.9803 57.6587 57.2858
    endloop
  endfacet
  facet normal -0.297094 0.875057 0.382112
    outer loop
      vertex -30.9803 57.6587 57.2858
      vertex -31.4495 57.4994 57.2858
      vertex -30.9285 57.4652 57.7692
    endloop
  endfacet
  facet normal 0.0863784 0.0982268 0.991408
    outer loop
      vertex 30.5518 54.5518 59.9231
      vertex 30.1593 54.2076 59.9914
      vertex 30.185 54.185 59.9914
    endloop
  endfacet
  facet normal -0.232579 0.114671 0.965794
    outer loop
      vertex -31.1135 54.6429 59.7877
      vertex -31.1879 54.492 59.7877
      vertex -30.721 54.2986 59.9231
    endloop
  endfacet
  facet normal 0 0.965936 0.258781
    outer loop
      vertex 30 57.9231 56.7804
      vertex -30 57.7877 57.2858
      vertex 30 57.7877 57.2858
    endloop
  endfacet
  facet normal 0 0.965936 0.258781
    outer loop
      vertex -30 57.7877 57.2858
      vertex 30 57.9231 56.7804
      vertex -30 57.9231 56.7804
    endloop
  endfacet
  facet normal -0.188443 0.947487 -0.258375
    outer loop
      vertex -30.4944 57.7553 2.71424
      vertex -31.0154 57.7895 3.21964
      vertex -30.5121 57.8896 3.21964
    endloop
  endfacet
  facet normal -0.51353 0.768326 0.382051
    outer loop
      vertex -31.8939 57.2803 57.2858
      vertex -32.1839 56.8461 57.7692
      vertex -31.7937 57.1069 57.7692
    endloop
  endfacet
  facet normal -0.441165 0.660134 0.607945
    outer loop
      vertex -31.5037 56.6045 58.6374
      vertex -32.0247 56.6386 58.2223
      vertex -31.8308 56.3859 58.6374
    endloop
  endfacet
  facet normal 0.128288 0.0255813 0.991407
    outer loop
      vertex 30.7737 54.1019 59.9231
      vertex 30.2527 54.0677 59.9914
      vertex 30.2594 54.0341 59.9914
    endloop
  endfacet
  facet normal -0.706346 -0.0463716 0.706346
    outer loop
      vertex -32.6374 4 59.0074
      vertex -33.0074 4 58.6374
      vertex -32.6148 3.65575 59.0074
    endloop
  endfacet
  facet normal -0.45827 -0.40196 0.792727
    outer loop
      vertex -31.7631 2.64716 59.3259
      vertex -32.0924 2.39446 59.0074
      vertex -31.8649 2.13509 59.0074
    endloop
  endfacet
  facet normal -0.651481 -0.571322 0.499163
    outer loop
      vertex -32.6386 1.97533 58.2223
      vertex -32.8461 1.81607 57.7692
      vertex -32.5367 1.46326 57.7692
    endloop
  endfacet
  facet normal 0 -0.130536 0.991444
    outer loop
      vertex -30 3.73839 59.9914
      vertex 30 3.21964 59.9231
      vertex 30 3.73839 59.9914
    endloop
  endfacet
  facet normal 0 -0.130536 0.991444
    outer loop
      vertex 30 3.21964 59.9231
      vertex -30 3.73839 59.9914
      vertex -30 3.21964 59.9231
    endloop
  endfacet
  facet normal 0.254315 0.0505582 0.965799
    outer loop
      vertex 31.2748 54.1678 59.7877
      vertex 30.7538 54.202 59.9231
      vertex 30.7737 54.1019 59.9231
    endloop
  endfacet
  facet normal 0 0.707087 -0.707127
    outer loop
      vertex -14 56.6374 0.992641
      vertex -30 57.0074 1.36262
      vertex -14 57.0074 1.36262
    endloop
  endfacet
  facet normal 0 0.707087 -0.707127
    outer loop
      vertex -30 57.0074 1.36262
      vertex -14 56.6374 0.992641
      vertex -30 56.6374 0.992641
    endloop
  endfacet
  facet normal 0 0.707087 -0.707127
    outer loop
      vertex 30 56.6374 0.992641
      vertex -2 57.0074 1.36262
      vertex 30 57.0074 1.36262
    endloop
  endfacet
  facet normal 0 0.707087 -0.707127
    outer loop
      vertex -2 57.0074 1.36262
      vertex 30 56.6374 0.992641
      vertex -2 56.6374 0.992641
    endloop
  endfacet
  facet normal 0.0726508 0.108784 -0.991407
    outer loop
      vertex 30.4751 54.6191 0.0768595
      vertex 30.1593 54.2076 0.00856495
      vertex 30.3902 54.6758 0.0768595
    endloop
  endfacet
  facet normal 0.660264 0.441089 -0.607859
    outer loop
      vertex 32.8803 55.6629 1.77772
      vertex 32.6045 55.5037 1.36262
      vertex 32.6386 56.0247 1.77772
    endloop
  endfacet
  facet normal 0.751785 0.255304 -0.607979
    outer loop
      vertex 32.9049 54.7784 1.36262
      vertex 32.7784 55.1509 1.36262
      vertex 33.0727 55.2728 1.77772
    endloop
  endfacet
  facet normal 0.636912 0.726339 -0.258408
    outer loop
      vertex 32.6783 56.6783 2.71424
      vertex 32.3883 57.1124 3.21964
      vertex 32.7741 56.7741 3.21964
    endloop
  endfacet
  facet normal 0.963987 -0.0630647 -0.258365
    outer loop
      vertex 33.8896 3.48793 3.21964
      vertex 33.7553 3.5056 2.71424
      vertex 33.9231 4 3.21964
    endloop
  endfacet
  facet normal 0.938877 -0.318656 -0.130261
    outer loop
      vertex 33.6876 2.47254 3.73839
      vertex 33.6245 2.49868 3.21964
      vertex 33.8554 2.96694 3.73839
    endloop
  endfacet
  facet normal 0.438525 0.889221 -0.130312
    outer loop
      vertex 31.9616 57.3975 3.21964
      vertex 31.5013 57.6245 3.21964
      vertex 31.5275 57.6876 3.73839
    endloop
  endfacet
  facet normal 0.438532 0.889219 -0.130305
    outer loop
      vertex 31.9616 57.3975 3.21964
      vertex 31.5275 57.6876 3.73839
      vertex 31.9957 57.4567 3.73839
    endloop
  endfacet
  facet normal 0.0566829 0.864645 -0.499175
    outer loop
      vertex 30.4683 57.5568 2.23085
      vertex 30 57.3259 1.77772
      vertex 30 57.5875 2.23085
    endloop
  endfacet
  facet normal 0.193408 0.97245 -0.130135
    outer loop
      vertex 31.0154 57.7895 3.21964
      vertex 30.5121 57.8896 3.21964
      vertex 31.0331 57.8554 3.73839
    endloop
  endfacet
  facet normal 0.636996 0.726296 -0.258323
    outer loop
      vertex 32.6783 56.6783 2.71424
      vertex 32.3058 57.005 2.71424
      vertex 32.3883 57.1124 3.21964
    endloop
  endfacet
  facet normal 0.653619 0.745528 -0.130272
    outer loop
      vertex 32.7741 56.7741 3.21964
      vertex 32.4298 57.1666 3.73839
      vertex 32.8224 56.8224 3.73839
    endloop
  endfacet
  facet normal 0.060456 0.9222 -0.381958
    outer loop
      vertex 30.4683 57.5568 2.23085
      vertex 30 57.5875 2.23085
      vertex 30.4944 57.7553 2.71424
    endloop
  endfacet
  facet normal 0.351023 0.71214 -0.60798
    outer loop
      vertex 31.5037 56.6045 1.36262
      vertex 31.1509 56.7784 1.36262
      vertex 31.2728 57.0727 1.77772
    endloop
  endfacet
  facet normal 0.828852 0.408714 -0.382044
    outer loop
      vertex 33.3144 55.3729 2.23085
      vertex 33.1069 55.7937 2.23085
      vertex 33.2803 55.8939 2.71424
    endloop
  endfacet
  facet normal 0.720446 0.481528 -0.499088
    outer loop
      vertex 33.1069 55.7937 2.23085
      vertex 32.6386 56.0247 1.77772
      vertex 32.8461 56.1839 2.23085
    endloop
  endfacet
  facet normal 0.659237 0.751936 -0
    outer loop
      vertex 32.8224 56.8224 3.73839
      vertex 32.4298 57.1666 56.2616
      vertex 32.8224 56.8224 56.2616
    endloop
  endfacet
  facet normal 0.659237 0.751936 0
    outer loop
      vertex 32.4298 57.1666 56.2616
      vertex 32.8224 56.8224 3.73839
      vertex 32.4298 57.1666 3.73839
    endloop
  endfacet
  facet normal -0 0.130524 0.991445
    outer loop
      vertex -30 54.7804 59.9231
      vertex 30 54.2616 59.9914
      vertex 30 54.7804 59.9231
    endloop
  endfacet
  facet normal 0 0.130524 0.991445
    outer loop
      vertex 30 54.2616 59.9914
      vertex -30 54.7804 59.9231
      vertex -30 54.2616 59.9914
    endloop
  endfacet
  facet normal -0.751785 0.255304 0.607979
    outer loop
      vertex -32.7784 55.1509 58.6374
      vertex -33.0727 55.2728 58.2223
      vertex -32.9049 54.7784 58.6374
    endloop
  endfacet
  facet normal -0.768325 0.513522 -0.382062
    outer loop
      vertex -32.8461 56.1839 2.23085
      vertex -33.2803 55.8939 2.71424
      vertex -33.005 56.3058 2.71424
    endloop
  endfacet
  facet normal -0.866465 0.427303 0.258168
    outer loop
      vertex -33.3975 55.9616 56.7804
      vertex -33.6245 55.5013 56.7804
      vertex -33.2803 55.8939 57.2858
    endloop
  endfacet
  facet normal -0.989368 -0.0647564 0.130219
    outer loop
      vertex -33.8896 3.48793 56.7804
      vertex -33.9914 4 56.2616
      vertex -33.9573 3.47901 56.2616
    endloop
  endfacet
  facet normal -0.427218 -0.86647 0.25829
    outer loop
      vertex -31.9616 0.602461 56.7804
      vertex -31.6 0.46203 56.9074
      vertex -31.8939 0.719738 57.2858
    endloop
  endfacet
  facet normal -0.42724 -0.866427 0.2584
    outer loop
      vertex -31.6 0.46203 56.9074
      vertex -31.9616 0.602461 56.7804
      vertex -31.6 0.424154 56.7804
    endloop
  endfacet
  facet normal -0.0604432 -0.922187 -0.381992
    outer loop
      vertex -30 0.342444 2.4
      vertex -30.173 0.353783 2.4
      vertex -30 0.41251 2.23085
    endloop
  endfacet
  facet normal -0.278505 -0.820518 -0.499185
    outer loop
      vertex -30.9285 0.53475 2.23085
      vertex -31.3729 0.685591 2.23085
      vertex -31.2728 0.927289 1.77772
    endloop
  endfacet
  facet normal -0.513401 -0.768404 -0.382066
    outer loop
      vertex -31.8939 0.719738 2.71424
      vertex -32.1839 1.15385 2.23085
      vertex -31.7937 0.893142 2.23085
    endloop
  endfacet
  facet normal 0.169059 -0.849829 -0.499208
    outer loop
      vertex 30.4683 0.443201 2.23085
      vertex 30.4341 0.702576 1.77772
      vertex 30.9285 0.53475 2.23085
    endloop
  endfacet
  facet normal 0.180295 -0.906427 -0.381948
    outer loop
      vertex 30.4683 0.443201 2.23085
      vertex 30.7766 0.433248 2.4
      vertex 30.4774 0.373735 2.4
    endloop
  endfacet
  facet normal 0.180315 -0.906408 -0.381983
    outer loop
      vertex 30.7766 0.433248 2.4
      vertex 30.4683 0.443201 2.23085
      vertex 30.9285 0.53475 2.23085
    endloop
  endfacet
  facet normal 0 -0.258817 -0.965926
    outer loop
      vertex -30 2.71424 0.21228
      vertex -14 3.21964 0.0768595
      vertex -14 2.71424 0.21228
    endloop
  endfacet
  facet normal -0 -0.258817 -0.965926
    outer loop
      vertex -14 3.21964 0.0768595
      vertex -30 2.71424 0.21228
      vertex -30 3.21964 0.0768595
    endloop
  endfacet
  facet normal 0 -0.258817 -0.965926
    outer loop
      vertex -2 2.71424 0.21228
      vertex 30 3.21964 0.0768595
      vertex 30 2.71424 0.21228
    endloop
  endfacet
  facet normal -0 -0.258817 -0.965926
    outer loop
      vertex 30 3.21964 0.0768595
      vertex -2 2.71424 0.21228
      vertex -2 3.21964 0.0768595
    endloop
  endfacet
  facet normal 0.0519353 -0.792281 -0.607942
    outer loop
      vertex 30.3925 1.01837 1.36262
      vertex 30 0.674122 1.77772
      vertex 30 0.992641 1.36262
    endloop
  endfacet
  facet normal 0.474227 -0.161004 0.865556
    outer loop
      vertex 31.7089 3.54211 59.5875
      vertex 31.6345 3.32297 59.5875
      vertex 32.0531 3.14957 59.3259
    endloop
  endfacet
  facet normal 0.118902 -0.597866 0.792729
    outer loop
      vertex 30.6826 1.45248 59.0074
      vertex 30.2901 1.79673 59.3259
      vertex 30.3442 1.38518 59.0074
    endloop
  endfacet
  facet normal 0.393247 -0.588565 0.706363
    outer loop
      vertex 31.6055 1.90762 59.0074
      vertex 31.5037 1.39555 58.6374
      vertex 31.8308 1.6141 58.6374
    endloop
  endfacet
  facet normal 0.255197 -0.751868 0.607922
    outer loop
      vertex 31.2728 0.927289 58.2223
      vertex 30.7784 1.09511 58.6374
      vertex 30.8608 0.787449 58.2223
    endloop
  endfacet
  facet normal 0 -0.866013 0.500021
    outer loop
      vertex -30 0.41251 57.7692
      vertex 30 0.674122 58.2223
      vertex -30 0.674122 58.2223
    endloop
  endfacet
  facet normal 0 -0.866013 0.500021
    outer loop
      vertex 30 0.674122 58.2223
      vertex -30 0.41251 57.7692
      vertex 30 0.41251 57.7692
    endloop
  endfacet
  facet normal 0.169036 -0.84983 0.499216
    outer loop
      vertex 30.8608 0.787449 58.2223
      vertex 30.4341 0.702576 58.2223
      vertex 30.9285 0.53475 57.7692
    endloop
  endfacet
  facet normal 0.532113 0.466791 -0.706373
    outer loop
      vertex 32.3859 55.8308 1.36262
      vertex 32.0924 55.6055 0.992641
      vertex 32.1265 56.1265 1.36262
    endloop
  endfacet
  facet normal 0.866038 0 -0.499979
    outer loop
      vertex 33.5875 4 2.23085
      vertex 33.3259 54 1.77772
      vertex 33.5875 54 2.23085
    endloop
  endfacet
  facet normal 0.866038 0 -0.499979
    outer loop
      vertex 33.3259 54 1.77772
      vertex 33.5875 4 2.23085
      vertex 33.3259 4 1.77772
    endloop
  endfacet
  facet normal 0.03986 -0.60828 -0.792721
    outer loop
      vertex 30.2901 1.79673 0.674122
      vertex 30 1.36262 0.992641
      vertex 30 1.77772 0.674122
    endloop
  endfacet
  facet normal -0.098327 0.0862765 -0.991407
    outer loop
      vertex -30.2076 54.1593 0.00856495
      vertex -30.6191 54.4751 0.0768595
      vertex -30.5518 54.5518 0.0768595
    endloop
  endfacet
  facet normal -0.25878 -0.0169621 -0.965787
    outer loop
      vertex -31.2748 3.83218 0.21228
      vertex -31.2858 4 0.21228
      vertex -30.7804 4 0.0768595
    endloop
  endfacet
  facet normal 0.108782 -0.0726487 -0.991407
    outer loop
      vertex 30.6758 3.60982 0.0768595
      vertex 30.2076 3.84074 0.00856495
      vertex 30.2266 3.86919 0.00856495
    endloop
  endfacet
  facet normal 0.0983541 -0.086244 -0.991407
    outer loop
      vertex 30.5518 3.4482 0.0768595
      vertex 30.2076 3.84074 0.00856495
      vertex 30.6191 3.52495 0.0768595
    endloop
  endfacet
  facet normal -0.0169642 -0.25878 -0.965787
    outer loop
      vertex -30 3.21964 0.0768595
      vertex -30.1678 2.72524 0.21228
      vertex -30.1019 3.22632 0.0768595
    endloop
  endfacet
  facet normal 0.427251 -0.86645 -0.258305
    outer loop
      vertex 31.6 0.46203 3.09259
      vertex 31.9616 0.602461 3.21964
      vertex 31.6 0.424154 3.21964
    endloop
  endfacet
  facet normal 0.427248 -0.866455 -0.25829
    outer loop
      vertex 31.9616 0.602461 3.21964
      vertex 31.6 0.46203 3.09259
      vertex 31.8939 0.719738 2.71424
    endloop
  endfacet
  facet normal 0.72631 -0.637008 -0.258252
    outer loop
      vertex 33.1124 1.61174 3.21964
      vertex 32.6783 1.32168 2.71424
      vertex 33.005 1.69418 2.71424
    endloop
  endfacet
  facet normal 0.964007 -0.0631752 0.258264
    outer loop
      vertex 33.7877 4 57.2858
      vertex 33.7553 3.5056 57.2858
      vertex 33.9231 4 56.7804
    endloop
  endfacet
  facet normal 0.94749 -0.18844 0.258365
    outer loop
      vertex 33.8896 3.48793 56.7804
      vertex 33.7553 3.5056 57.2858
      vertex 33.7895 2.98462 56.7804
    endloop
  endfacet
  facet normal 0.88921 -0.438567 0.130249
    outer loop
      vertex 33.6245 2.49868 56.7804
      vertex 33.3975 2.03843 56.7804
      vertex 33.6876 2.47254 56.2616
    endloop
  endfacet
  facet normal 0.609353 -0.69482 0.381987
    outer loop
      vertex 32.6783 1.32168 57.2858
      vertex 32.1839 1.15385 57.7692
      vertex 32.3058 0.995 57.2858
    endloop
  endfacet
  facet normal 0.82439 -0.55083 0.130262
    outer loop
      vertex 33.3975 2.03843 56.7804
      vertex 33.1124 1.61174 56.7804
      vertex 33.1666 1.57017 56.2616
    endloop
  endfacet
  facet normal 0.313099 -0.634873 0.706332
    outer loop
      vertex 31.3187 1.71596 59.0074
      vertex 31.1509 1.22156 58.6374
      vertex 31.5037 1.39555 58.6374
    endloop
  endfacet
  facet normal 0.466774 -0.532134 0.706368
    outer loop
      vertex 32.1265 1.87348 58.6374
      vertex 31.6055 1.90762 59.0074
      vertex 31.8308 1.6141 58.6374
    endloop
  endfacet
  facet normal 0.278493 -0.820503 0.499215
    outer loop
      vertex 31.2728 0.927289 58.2223
      vertex 30.8608 0.787449 58.2223
      vertex 30.9285 0.53475 57.7692
    endloop
  endfacet
  facet normal 0.42724 -0.866427 0.2584
    outer loop
      vertex 31.9616 0.602461 56.7804
      vertex 31.6 0.46203 56.9074
      vertex 31.6 0.424154 56.7804
    endloop
  endfacet
  facet normal 0.427218 -0.86647 0.25829
    outer loop
      vertex 31.6 0.46203 56.9074
      vertex 31.9616 0.602461 56.7804
      vertex 31.8939 0.719738 57.2858
    endloop
  endfacet
  facet normal -0.866469 -0.427229 0.258279
    outer loop
      vertex -33.4994 2.5505 57.2858
      vertex -33.6245 2.49868 56.7804
      vertex -33.2803 2.10614 57.2858
    endloop
  endfacet
  facet normal -0.660201 -0.441131 0.607897
    outer loop
      vertex -32.6045 2.49632 58.6374
      vertex -32.8803 2.33706 58.2223
      vertex -32.6386 1.97533 58.2223
    endloop
  endfacet
  facet normal -0.946945 -0.321394 0
    outer loop
      vertex -33.6876 2.47254 3.73839
      vertex -33.8554 2.96694 56.2616
      vertex -33.8554 2.96694 3.73839
    endloop
  endfacet
  facet normal -0.946945 -0.321394 0
    outer loop
      vertex -33.8554 2.96694 56.2616
      vertex -33.6876 2.47254 3.73839
      vertex -33.6876 2.47254 56.2616
    endloop
  endfacet
  facet normal -0.499736 0.03273 0.865559
    outer loop
      vertex -32.2033 54.2901 59.3259
      vertex -32.2223 54 59.3259
      vertex -31.7692 54 59.5875
    endloop
  endfacet
  facet normal -0.906404 -0.180395 0.381954
    outer loop
      vertex -33.5568 3.53174 57.7692
      vertex -33.7553 3.5056 57.2858
      vertex -33.4652 3.07149 57.7692
    endloop
  endfacet
  facet normal -0.768342 -0.513567 0.381969
    outer loop
      vertex -33.1069 2.20625 57.7692
      vertex -33.2803 2.10614 57.2858
      vertex -32.8461 1.81607 57.7692
    endloop
  endfacet
  facet normal -0.383304 -0.777081 0.499223
    outer loop
      vertex -31.6629 1.11971 58.2223
      vertex -31.7937 0.893142 57.7692
      vertex -31.2728 0.927289 58.2223
    endloop
  endfacet
  facet normal -0.745487 -0.653668 0.130259
    outer loop
      vertex -33.1124 1.61174 56.7804
      vertex -33.1666 1.57017 56.2616
      vertex -32.7741 1.22592 56.7804
    endloop
  endfacet
  facet normal -0.726365 -0.636901 0.258361
    outer loop
      vertex -32.6783 1.32168 57.2858
      vertex -33.1124 1.61174 56.7804
      vertex -32.7741 1.22592 56.7804
    endloop
  endfacet
  facet normal -0.401903 -0.458318 -0.792728
    outer loop
      vertex -31.6055 1.90762 0.992641
      vertex -31.8649 2.13509 0.992641
      vertex -31.3528 2.23695 0.674122
    endloop
  endfacet
  facet normal -0.597927 -0.118914 -0.792681
    outer loop
      vertex -32.1466 3.42483 0.674122
      vertex -32.5475 3.3174 0.992641
      vertex -32.2033 3.70993 0.674122
    endloop
  endfacet
  facet normal -0.989369 0.0647552 0.130217
    outer loop
      vertex -33.9573 54.521 56.2616
      vertex -33.9914 54 56.2616
      vertex -33.8896 54.5121 56.7804
    endloop
  endfacet
  facet normal -0.84995 -0.168918 -0.499051
    outer loop
      vertex -33.2126 3.1392 1.77772
      vertex -33.4652 3.07149 2.23085
      vertex -33.2974 3.56589 1.77772
    endloop
  endfacet
  facet normal -0.313091 -0.634855 -0.706352
    outer loop
      vertex -31.1509 1.22156 1.36262
      vertex -31.5037 1.39555 1.36262
      vertex -31.3187 1.71596 0.992641
    endloop
  endfacet
  facet normal -0.94752 0.188373 0.258305
    outer loop
      vertex -33.6587 54.9803 57.2858
      vertex -33.7895 55.0154 56.7804
      vertex -33.7553 54.4944 57.2858
    endloop
  endfacet
  facet normal 0.12385 0.0420479 -0.99141
    outer loop
      vertex 30.2527 54.0677 0.00856495
      vertex 30.2417 54.1001 0.00856495
      vertex 30.721 54.2986 0.0768595
    endloop
  endfacet
  facet normal -0.0863716 0.0982191 -0.99141
    outer loop
      vertex -30.185 54.185 0.00856495
      vertex -30.5518 54.5518 0.0768595
      vertex -30.1593 54.2076 0.00856495
    endloop
  endfacet
  facet normal 0.0725545 0.108832 -0.991409
    outer loop
      vertex 30.1593 54.2076 0.00856495
      vertex 30.1308 54.2266 0.00856495
      vertex 30.3902 54.6758 0.0768595
    endloop
  endfacet
  facet normal 0.0578543 -0.117314 -0.991408
    outer loop
      vertex 30.2986 3.27904 0.0768595
      vertex 30.1001 3.7583 0.00856495
      vertex 30.1308 3.77344 0.00856495
    endloop
  endfacet
  facet normal 0.0170139 0.258764 -0.965791
    outer loop
      vertex 30.1019 54.7737 0.0768595
      vertex 30 54.7804 0.0768595
      vertex 30.1678 55.2748 0.21228
    endloop
  endfacet
  facet normal -0.130509 0.00841993 -0.991411
    outer loop
      vertex -30.2616 54 0.00856495
      vertex -30.7804 54 0.0768595
      vertex -30.2594 54.0341 0.00856495
    endloop
  endfacet
  facet normal 0.382682 0 -0.92388
    outer loop
      vertex 31.2858 4 0.21228
      vertex 31.7692 54 0.41251
      vertex 31.7692 4 0.41251
    endloop
  endfacet
  facet normal 0.382682 0 -0.92388
    outer loop
      vertex 31.7692 54 0.41251
      vertex 31.2858 4 0.21228
      vertex 31.2858 54 0.21228
    endloop
  endfacet
  facet normal 0.232527 -0.114803 -0.965791
    outer loop
      vertex 31.1135 3.35712 0.21228
      vertex 30.6758 3.60982 0.0768595
      vertex 30.721 3.70137 0.0768595
    endloop
  endfacet
  facet normal -0.0169641 -0.25878 -0.965787
    outer loop
      vertex -30 2.71424 0.21228
      vertex -30.1678 2.72524 0.21228
      vertex -30 3.21964 0.0768595
    endloop
  endfacet
  facet normal -0.154892 -0.778722 -0.607948
    outer loop
      vertex -30.4341 0.702576 1.77772
      vertex -30.8608 0.787449 1.77772
      vertex -30.3925 1.01837 1.36262
    endloop
  endfacet
  facet normal -0.875045 -0.297109 -0.382129
    outer loop
      vertex -33.4994 2.5505 2.71424
      vertex -33.6587 3.01967 2.71424
      vertex -33.4652 3.07149 2.23085
    endloop
  endfacet
  facet normal -0.161036 0.474233 -0.865547
    outer loop
      vertex -30.677 55.6345 0.41251
      vertex -30.8504 56.0531 0.674122
      vertex -30.4579 55.7089 0.41251
    endloop
  endfacet
  facet normal -0.318655 0.938874 0.130285
    outer loop
      vertex -31.0331 57.8554 56.2616
      vertex -31.5275 57.6876 56.2616
      vertex -31.5013 57.6245 56.7804
    endloop
  endfacet
  facet normal 0 0.923898 -0.38264
    outer loop
      vertex 30 57.5875 2.23085
      vertex -2 57.7877 2.71424
      vertex 30 57.7877 2.71424
    endloop
  endfacet
  facet normal 0 0.923898 -0.38264
    outer loop
      vertex -2 57.7877 2.71424
      vertex 30 57.5875 2.23085
      vertex -2 57.5875 2.23085
    endloop
  endfacet
  facet normal 0 0.923898 -0.38264
    outer loop
      vertex -14 57.5875 2.23085
      vertex -30 57.7877 2.71424
      vertex -14 57.7877 2.71424
    endloop
  endfacet
  facet normal 0 0.923898 -0.38264
    outer loop
      vertex -30 57.7877 2.71424
      vertex -14 57.5875 2.23085
      vertex -30 57.5875 2.23085
    endloop
  endfacet
  facet normal -0.634855 0.313118 -0.70634
    outer loop
      vertex -32.4366 55.0093 0.992641
      vertex -32.7784 55.1509 1.36262
      vertex -32.284 55.3187 0.992641
    endloop
  endfacet
  facet normal -0.964007 -0.0631752 -0.258264
    outer loop
      vertex -33.7553 3.5056 2.71424
      vertex -33.9231 4 3.21964
      vertex -33.7877 4 2.71424
    endloop
  endfacet
  facet normal 0.195158 0.980772 -0
    outer loop
      vertex 31.0331 57.8554 3.73839
      vertex 30.521 57.9573 56.2616
      vertex 31.0331 57.8554 56.2616
    endloop
  endfacet
  facet normal 0.195158 0.980772 0
    outer loop
      vertex 30.521 57.9573 56.2616
      vertex 31.0331 57.8554 3.73839
      vertex 30.521 57.9573 3.73839
    endloop
  endfacet
  facet normal 0.0653113 0.997865 -0
    outer loop
      vertex 30.521 57.9573 3.73839
      vertex 30 57.9914 56.2616
      vertex 30.521 57.9573 56.2616
    endloop
  endfacet
  facet normal 0.0653113 0.997865 0
    outer loop
      vertex 30 57.9914 56.2616
      vertex 30.521 57.9573 3.73839
      vertex 30 57.9914 3.73839
    endloop
  endfacet
  facet normal -0.12385 0.0420479 -0.99141
    outer loop
      vertex -30.2527 54.0677 0.00856495
      vertex -30.721 54.2986 0.0768595
      vertex -30.2417 54.1001 0.00856495
    endloop
  endfacet
  facet normal -0.474233 0.161036 -0.865547
    outer loop
      vertex -31.7089 54.4579 0.41251
      vertex -32.0531 54.8504 0.674122
      vertex -31.6345 54.677 0.41251
    endloop
  endfacet
  facet normal -0.37607 0.0747169 -0.923574
    outer loop
      vertex -31.2748 54.1678 0.21228
      vertex -31.754 54.2309 0.41251
      vertex -31.7089 54.4579 0.41251
    endloop
  endfacet
  facet normal -0.382682 0 -0.92388
    outer loop
      vertex -31.7692 4 0.41251
      vertex -31.2858 54 0.21228
      vertex -31.2858 4 0.21228
    endloop
  endfacet
  facet normal -0.382682 0 -0.92388
    outer loop
      vertex -31.2858 54 0.21228
      vertex -31.7692 4 0.41251
      vertex -31.7692 54 0.41251
    endloop
  endfacet
  facet normal -0.506892 0.338635 -0.792708
    outer loop
      vertex -31.7631 55.3528 0.674122
      vertex -32.284 55.3187 0.992641
      vertex -32.0924 55.6055 0.992641
    endloop
  endfacet
  facet normal -0.634854 0.312928 -0.706425
    outer loop
      vertex -32.284 55.3187 0.992641
      vertex -32.7784 55.1509 1.36262
      vertex -32.6045 55.5037 1.36262
    endloop
  endfacet
  facet normal -0.82054 0.278437 -0.499186
    outer loop
      vertex -33.0727 55.2728 1.77772
      vertex -33.4652 54.9285 2.23085
      vertex -33.3144 55.3729 2.23085
    endloop
  endfacet
  facet normal -0.49117 0.0976827 -0.865569
    outer loop
      vertex -31.7089 54.4579 0.41251
      vertex -32.2033 54.2901 0.674122
      vertex -32.1466 54.5752 0.674122
    endloop
  endfacet
  facet normal -0.670235 0.22761 -0.706384
    outer loop
      vertex -32.5475 54.6826 0.992641
      vertex -32.9049 54.7784 1.36262
      vertex -32.7784 55.1509 1.36262
    endloop
  endfacet
  facet normal -0.408668 0.828899 -0.38199
    outer loop
      vertex -31.3729 57.3144 2.23085
      vertex -31.8939 57.2803 2.71424
      vertex -31.4495 57.4994 2.71424
    endloop
  endfacet
  facet normal -0.193497 0.97242 -0.130226
    outer loop
      vertex -30.5121 57.8896 3.21964
      vertex -31.0331 57.8554 3.73839
      vertex -30.521 57.9573 3.73839
    endloop
  endfacet
  facet normal 0.19612 0.577244 -0.79267
    outer loop
      vertex 30.8504 56.0531 0.674122
      vertex 30.5752 56.1466 0.674122
      vertex 30.6826 56.5475 0.992641
    endloop
  endfacet
  facet normal 0 0.382682 -0.92388
    outer loop
      vertex -30 55.2858 0.21228
      vertex -14 55.7692 0.41251
      vertex -14 55.2858 0.21228
    endloop
  endfacet
  facet normal 0 0.382682 -0.92388
    outer loop
      vertex -14 55.7692 0.41251
      vertex -30 55.2858 0.21228
      vertex -30 55.7692 0.41251
    endloop
  endfacet
  facet normal 0 0.382682 -0.92388
    outer loop
      vertex -2 55.2858 0.21228
      vertex 30 55.7692 0.41251
      vertex 30 55.2858 0.21228
    endloop
  endfacet
  facet normal 0 0.382682 -0.92388
    outer loop
      vertex 30 55.7692 0.41251
      vertex -2 55.2858 0.21228
      vertex -2 55.7692 0.41251
    endloop
  endfacet
  facet normal 0.866487 0.427199 0.258264
    outer loop
      vertex 33.6245 55.5013 56.7804
      vertex 33.2803 55.8939 57.2858
      vertex 33.4994 55.4495 57.2858
    endloop
  endfacet
  facet normal 0.906374 0.180193 0.382121
    outer loop
      vertex 33.6587 54.9803 57.2858
      vertex 33.4652 54.9285 57.7692
      vertex 33.7553 54.4944 57.2858
    endloop
  endfacet
  facet normal 0.980772 0.195158 0
    outer loop
      vertex 33.9573 54.521 56.2616
      vertex 33.8554 55.0331 3.73839
      vertex 33.8554 55.0331 56.2616
    endloop
  endfacet
  facet normal 0.980772 0.195158 0
    outer loop
      vertex 33.8554 55.0331 3.73839
      vertex 33.9573 54.521 56.2616
      vertex 33.9573 54.521 3.73839
    endloop
  endfacet
  facet normal 0.0604562 0.922203 0.381951
    outer loop
      vertex 30.4944 57.7553 57.2858
      vertex 30 57.5875 57.7692
      vertex 30.4683 57.5568 57.7692
    endloop
  endfacet
  facet normal 0.13808 0.694298 0.706318
    outer loop
      vertex 30.3925 56.9816 58.6374
      vertex 30.3442 56.6148 59.0074
      vertex 30.6826 56.5475 59.0074
    endloop
  endfacet
  facet normal 0.441089 0.660264 0.607859
    outer loop
      vertex 31.6629 56.8803 58.2223
      vertex 31.5037 56.6045 58.6374
      vertex 32.0247 56.6386 58.2223
    endloop
  endfacet
  facet normal 0.48152 0.720434 0.499113
    outer loop
      vertex 32.1839 56.8461 57.7692
      vertex 31.7937 57.1069 57.7692
      vertex 32.0247 56.6386 58.2223
    endloop
  endfacet
  facet normal -0.310634 0.91477 0.258268
    outer loop
      vertex -31.0154 57.7895 56.7804
      vertex -31.5013 57.6245 56.7804
      vertex -31.4495 57.4994 57.2858
    endloop
  endfacet
  facet normal -0.0647552 0.989369 0.130217
    outer loop
      vertex -30 57.9914 56.2616
      vertex -30.521 57.9573 56.2616
      vertex -30.5121 57.8896 56.7804
    endloop
  endfacet
  facet normal -0.427303 0.866465 0.258168
    outer loop
      vertex -31.5013 57.6245 56.7804
      vertex -31.9616 57.3975 56.7804
      vertex -31.8939 57.2803 57.2858
    endloop
  endfacet
  facet normal -0.427199 0.866487 0.258264
    outer loop
      vertex -31.5013 57.6245 56.7804
      vertex -31.8939 57.2803 57.2858
      vertex -31.4495 57.4994 57.2858
    endloop
  endfacet
  facet normal 0 0.991445 0.130524
    outer loop
      vertex 30 57.9914 56.2616
      vertex -30 57.9231 56.7804
      vertex 30 57.9231 56.7804
    endloop
  endfacet
  facet normal 0 0.991445 0.130524
    outer loop
      vertex -30 57.9231 56.7804
      vertex 30 57.9914 56.2616
      vertex -30 57.9914 56.2616
    endloop
  endfacet
  facet normal 0 0.793369 0.60874
    outer loop
      vertex 30 57.3259 58.2223
      vertex -30 57.0074 58.6374
      vertex 30 57.0074 58.6374
    endloop
  endfacet
  facet normal 0 0.793369 0.60874
    outer loop
      vertex -30 57.0074 58.6374
      vertex 30 57.3259 58.2223
      vertex -30 57.3259 58.2223
    endloop
  endfacet
  facet normal -0.0604362 0.922212 0.381934
    outer loop
      vertex -30 57.7877 57.2858
      vertex -30.4944 57.7553 57.2858
      vertex -30 57.5875 57.7692
    endloop
  endfacet
  facet normal -0.523661 0.596854 0.607902
    outer loop
      vertex -32.0247 56.6386 58.2223
      vertex -32.3517 56.3517 58.2223
      vertex -32.1265 56.1265 58.6374
    endloop
  endfacet
  facet normal -0.481311 0.720472 0.499259
    outer loop
      vertex -31.7937 57.1069 57.7692
      vertex -32.0247 56.6386 58.2223
      vertex -31.6629 56.8803 58.2223
    endloop
  endfacet
  facet normal 0.252765 0.288211 0.923604
    outer loop
      vertex 31.077 55.4036 59.5875
      vertex 30.9092 54.9092 59.7877
      vertex 31.251 55.251 59.5875
    endloop
  endfacet
  facet normal 0.506865 0.338679 0.792707
    outer loop
      vertex 32.284 55.3187 59.0074
      vertex 31.7631 55.3528 59.3259
      vertex 31.9246 55.1111 59.3259
    endloop
  endfacet
  facet normal 0.252694 0.28824 0.923615
    outer loop
      vertex 31.077 55.4036 59.5875
      vertex 30.7827 55.0201 59.7877
      vertex 30.9092 54.9092 59.7877
    endloop
  endfacet
  facet normal -0.513524 0.768327 0.382056
    outer loop
      vertex -31.8939 57.2803 57.2858
      vertex -32.3058 57.005 57.2858
      vertex -32.1839 56.8461 57.7692
    endloop
  endfacet
  facet normal -0.555628 0.831431 0
    outer loop
      vertex -31.9957 57.4567 3.73839
      vertex -32.4298 57.1666 56.2616
      vertex -31.9957 57.4567 56.2616
    endloop
  endfacet
  facet normal -0.555628 0.831431 0
    outer loop
      vertex -32.4298 57.1666 56.2616
      vertex -31.9957 57.4567 3.73839
      vertex -32.4298 57.1666 3.73839
    endloop
  endfacet
  facet normal -0.712138 0.351231 0.607862
    outer loop
      vertex -32.8803 55.6629 58.2223
      vertex -33.0727 55.2728 58.2223
      vertex -32.6045 55.5037 58.6374
    endloop
  endfacet
  facet normal -0.48152 0.720434 0.499113
    outer loop
      vertex -31.7937 57.1069 57.7692
      vertex -32.1839 56.8461 57.7692
      vertex -32.0247 56.6386 58.2223
    endloop
  endfacet
  facet normal -0.694813 0.60934 0.382019
    outer loop
      vertex -32.6783 56.6783 57.2858
      vertex -32.8461 56.1839 57.7692
      vertex -32.5367 56.5367 57.7692
    endloop
  endfacet
  facet normal -0.824344 0.550892 -0.130287
    outer loop
      vertex -33.3975 55.9616 3.21964
      vertex -33.4567 55.9957 3.73839
      vertex -33.1666 56.4298 3.73839
    endloop
  endfacet
  facet normal -0.571353 0.651497 0.499106
    outer loop
      vertex -32.1839 56.8461 57.7692
      vertex -32.5367 56.5367 57.7692
      vertex -32.0247 56.6386 58.2223
    endloop
  endfacet
  facet normal -0.571441 0.651311 0.499248
    outer loop
      vertex -32.0247 56.6386 58.2223
      vertex -32.5367 56.5367 57.7692
      vertex -32.3517 56.3517 58.2223
    endloop
  endfacet
  facet normal -0.60874 0 0.793369
    outer loop
      vertex -32.6374 54 59.0074
      vertex -32.2223 4 59.3259
      vertex -32.2223 54 59.3259
    endloop
  endfacet
  facet normal -0.60874 0 0.793369
    outer loop
      vertex -32.2223 4 59.3259
      vertex -32.6374 54 59.0074
      vertex -32.6374 4 59.0074
    endloop
  endfacet
  facet normal -0.91477 0.310634 0.258268
    outer loop
      vertex -33.6245 55.5013 56.7804
      vertex -33.7895 55.0154 56.7804
      vertex -33.4994 55.4495 57.2858
    endloop
  endfacet
  facet normal -0 0.500004 0.866023
    outer loop
      vertex -30 56.2223 59.3259
      vertex 30 55.7692 59.5875
      vertex 30 56.2223 59.3259
    endloop
  endfacet
  facet normal 0 0.500004 0.866023
    outer loop
      vertex 30 55.7692 59.5875
      vertex -30 56.2223 59.3259
      vertex -30 55.7692 59.5875
    endloop
  endfacet
  facet normal -0.59791 0.118911 0.792694
    outer loop
      vertex -32.5475 54.6826 59.0074
      vertex -32.6148 54.3442 59.0074
      vertex -32.2033 54.2901 59.3259
    endloop
  endfacet
  facet normal -0.213009 -0.318693 0.923613
    outer loop
      vertex -30.7827 2.97994 59.7877
      vertex -31.077 2.59644 59.5875
      vertex -30.6429 2.8865 59.7877
    endloop
  endfacet
  facet normal -0.651386 -0.571367 0.499235
    outer loop
      vertex -32.3517 1.64825 58.2223
      vertex -32.6386 1.97533 58.2223
      vertex -32.5367 1.46326 57.7692
    endloop
  endfacet
  facet normal 0.160984 -0.474209 0.865569
    outer loop
      vertex 30.677 2.36551 59.5875
      vertex 30.4579 2.29113 59.5875
      vertex 30.8504 1.94688 59.3259
    endloop
  endfacet
  facet normal -0.22754 -0.670309 0.706337
    outer loop
      vertex -31.0093 1.56338 59.0074
      vertex -31.1509 1.22156 58.6374
      vertex -30.6826 1.45248 59.0074
    endloop
  endfacet
  facet normal 0.362975 0.123256 0.923611
    outer loop
      vertex 31.6345 54.677 59.5875
      vertex 31.1879 54.492 59.7877
      vertex 31.7089 54.4579 59.5875
    endloop
  endfacet
  facet normal 0.161036 0.474233 -0.865547
    outer loop
      vertex 30.677 55.6345 0.41251
      vertex 30.4579 55.7089 0.41251
      vertex 30.8504 56.0531 0.674122
    endloop
  endfacet
  facet normal 0.04643 0.706348 -0.70634
    outer loop
      vertex 30.3442 56.6148 0.992641
      vertex 30 57.0074 1.36262
      vertex 30.3925 56.9816 1.36262
    endloop
  endfacet
  facet normal -0.04643 0.706348 -0.70634
    outer loop
      vertex -30.3442 56.6148 0.992641
      vertex -30.3925 56.9816 1.36262
      vertex -30 57.0074 1.36262
    endloop
  endfacet
  facet normal 0.338635 0.506892 -0.792708
    outer loop
      vertex 31.3528 55.7631 0.674122
      vertex 31.3187 56.284 0.992641
      vertex 31.6055 56.0924 0.992641
    endloop
  endfacet
  facet normal 0.221552 0.449163 -0.865544
    outer loop
      vertex 30.8846 55.5321 0.41251
      vertex 30.677 55.6345 0.41251
      vertex 30.8504 56.0531 0.674122
    endloop
  endfacet
  facet normal 0.71214 0.351023 -0.60798
    outer loop
      vertex 32.7784 55.1509 1.36262
      vertex 32.6045 55.5037 1.36262
      vertex 33.0727 55.2728 1.77772
    endloop
  endfacet
  facet normal 0.597932 0.118915 -0.792676
    outer loop
      vertex 32.6148 54.3442 0.992641
      vertex 32.2033 54.2901 0.674122
      vertex 32.5475 54.6826 0.992641
    endloop
  endfacet
  facet normal 0.922209 0.060436 -0.38194
    outer loop
      vertex 33.7877 54 2.71424
      vertex 33.5875 54 2.23085
      vertex 33.7553 54.4944 2.71424
    endloop
  endfacet
  facet normal 0.778739 0.154762 -0.607959
    outer loop
      vertex 33.2974 54.4341 1.77772
      vertex 32.9816 54.3925 1.36262
      vertex 33.2126 54.8608 1.77772
    endloop
  endfacet
  facet normal 0.889221 0.438525 -0.130312
    outer loop
      vertex 33.6245 55.5013 3.21964
      vertex 33.3975 55.9616 3.21964
      vertex 33.6876 55.5275 3.73839
    endloop
  endfacet
  facet normal 0.745528 0.653619 -0.130272
    outer loop
      vertex 33.1666 56.4298 3.73839
      vertex 32.7741 56.7741 3.21964
      vertex 32.8224 56.8224 3.73839
    endloop
  endfacet
  facet normal 0.965936 0 -0.258781
    outer loop
      vertex 33.9231 4 3.21964
      vertex 33.7877 54 2.71424
      vertex 33.9231 54 3.21964
    endloop
  endfacet
  facet normal 0.965936 0 -0.258781
    outer loop
      vertex 33.7877 54 2.71424
      vertex 33.9231 4 3.21964
      vertex 33.7877 4 2.71424
    endloop
  endfacet
  facet normal 0.938842 0.318808 -0.130145
    outer loop
      vertex 33.7895 55.0154 3.21964
      vertex 33.6245 55.5013 3.21964
      vertex 33.8554 55.0331 3.73839
    endloop
  endfacet
  facet normal 0.609338 0.694811 -0.382026
    outer loop
      vertex 32.5367 56.5367 2.23085
      vertex 32.1839 56.8461 2.23085
      vertex 32.6783 56.6783 2.71424
    endloop
  endfacet
  facet normal 0.296969 0.875152 -0.381992
    outer loop
      vertex 31.3729 57.3144 2.23085
      vertex 30.9285 57.4652 2.23085
      vertex 31.4495 57.4994 2.71424
    endloop
  endfacet
  facet normal 0.0631752 0.964007 -0.258264
    outer loop
      vertex 30.4944 57.7553 2.71424
      vertex 30 57.7877 2.71424
      vertex 30 57.9231 3.21964
    endloop
  endfacet
  facet normal 0.063061 0.963986 -0.258369
    outer loop
      vertex 30.4944 57.7553 2.71424
      vertex 30 57.9231 3.21964
      vertex 30.5121 57.8896 3.21964
    endloop
  endfacet
  facet normal 0.169146 0.849793 -0.499241
    outer loop
      vertex 30.9285 57.4652 2.23085
      vertex 30.4341 57.2974 1.77772
      vertex 30.4683 57.5568 2.23085
    endloop
  endfacet
  facet normal 0.278437 0.82054 -0.499186
    outer loop
      vertex 31.2728 57.0727 1.77772
      vertex 30.9285 57.4652 2.23085
      vertex 31.3729 57.3144 2.23085
    endloop
  endfacet
  facet normal 0.154762 0.778739 -0.607959
    outer loop
      vertex 30.8608 57.2126 1.77772
      vertex 30.3925 56.9816 1.36262
      vertex 30.4341 57.2974 1.77772
    endloop
  endfacet
  facet normal 0.137987 0.694254 -0.706379
    outer loop
      vertex 30.6826 56.5475 0.992641
      vertex 30.3925 56.9816 1.36262
      vertex 30.7784 56.9049 1.36262
    endloop
  endfacet
  facet normal 0.481528 0.720446 -0.499088
    outer loop
      vertex 32.0247 56.6386 1.77772
      vertex 31.7937 57.1069 2.23085
      vertex 32.1839 56.8461 2.23085
    endloop
  endfacet
  facet normal 0.720484 0.481318 -0.499235
    outer loop
      vertex 32.8803 55.6629 1.77772
      vertex 32.6386 56.0247 1.77772
      vertex 33.1069 55.7937 2.23085
    endloop
  endfacet
  facet normal 0.169584 0.343805 0.923601
    outer loop
      vertex 30.677 55.6345 59.5875
      vertex 30.6429 55.1135 59.7877
      vertex 30.8846 55.5321 59.5875
    endloop
  endfacet
  facet normal -0.0169617 0.258743 0.965797
    outer loop
      vertex -30 55.2858 59.7877
      vertex -30.1678 55.2748 59.7877
      vertex -30 54.7804 59.9231
    endloop
  endfacet
  facet normal -0.991445 0 0.130524
    outer loop
      vertex -33.9914 4 56.2616
      vertex -33.9231 54 56.7804
      vertex -33.9914 54 56.2616
    endloop
  endfacet
  facet normal -0.991445 0 0.130524
    outer loop
      vertex -33.9231 54 56.7804
      vertex -33.9914 4 56.2616
      vertex -33.9231 4 56.7804
    endloop
  endfacet
  facet normal -0.751786 -0.255304 0.607978
    outer loop
      vertex -32.9049 3.22164 58.6374
      vertex -33.2126 3.1392 58.2223
      vertex -33.0727 2.72724 58.2223
    endloop
  endfacet
  facet normal -0.896866 0.442303 0
    outer loop
      vertex -33.6876 55.5275 3.73839
      vertex -33.4567 55.9957 56.2616
      vertex -33.4567 55.9957 3.73839
    endloop
  endfacet
  facet normal -0.896866 0.442303 0
    outer loop
      vertex -33.4567 55.9957 56.2616
      vertex -33.6876 55.5275 3.73839
      vertex -33.6876 55.5275 56.2616
    endloop
  endfacet
  facet normal -0.438538 -0.889224 -0.13025
    outer loop
      vertex -31.9957 0.543316 3.73839
      vertex -31.6 0.360867 3.6517
      vertex -31.6 0.348169 3.73839
    endloop
  endfacet
  facet normal -0.438533 -0.889232 -0.130212
    outer loop
      vertex -31.6 0.360867 3.6517
      vertex -31.9957 0.543316 3.73839
      vertex -31.9616 0.602461 3.21964
    endloop
  endfacet
  facet normal -0.0462964 -0.706349 -0.706349
    outer loop
      vertex -30 0.992641 1.36262
      vertex -30.3442 1.38518 0.992641
      vertex -30 1.36262 0.992641
    endloop
  endfacet
  facet normal -0.0566657 -0.864636 -0.499193
    outer loop
      vertex -30 0.41251 2.23085
      vertex -30.4683 0.443201 2.23085
      vertex -30 0.674122 1.77772
    endloop
  endfacet
  facet normal -0.383295 -0.777112 -0.499182
    outer loop
      vertex -31.3729 0.685591 2.23085
      vertex -31.7937 0.893142 2.23085
      vertex -31.2728 0.927289 1.77772
    endloop
  endfacet
  facet normal -0.180315 -0.906408 -0.381983
    outer loop
      vertex -30.4683 0.443201 2.23085
      vertex -30.7766 0.433248 2.4
      vertex -30.9285 0.53475 2.23085
    endloop
  endfacet
  facet normal -0.180295 -0.906427 -0.381948
    outer loop
      vertex -30.7766 0.433248 2.4
      vertex -30.4683 0.443201 2.23085
      vertex -30.4774 0.373735 2.4
    endloop
  endfacet
  facet normal 0.0566657 -0.864636 -0.499193
    outer loop
      vertex 30.4683 0.443201 2.23085
      vertex 30 0.41251 2.23085
      vertex 30 0.674122 1.77772
    endloop
  endfacet
  facet normal 0 -0.793352 -0.608763
    outer loop
      vertex -2 0.992641 1.36262
      vertex 30 0.674122 1.77772
      vertex -2 0.674122 1.77772
    endloop
  endfacet
  facet normal 0 -0.793352 -0.608763
    outer loop
      vertex 30 0.674122 1.77772
      vertex -2 0.992641 1.36262
      vertex 30 0.992641 1.36262
    endloop
  endfacet
  facet normal 0 -0.793352 -0.608763
    outer loop
      vertex -30 0.992641 1.36262
      vertex -14 0.674122 1.77772
      vertex -30 0.674122 1.77772
    endloop
  endfacet
  facet normal 0 -0.793352 -0.608763
    outer loop
      vertex -14 0.674122 1.77772
      vertex -30 0.992641 1.36262
      vertex -14 0.992641 1.36262
    endloop
  endfacet
  facet normal 0 -0.866028 -0.499996
    outer loop
      vertex -30 0.674122 1.77772
      vertex -14 0.41251 2.23085
      vertex -30 0.41251 2.23085
    endloop
  endfacet
  facet normal 0 -0.866028 -0.499996
    outer loop
      vertex -14 0.41251 2.23085
      vertex -30 0.674122 1.77772
      vertex -14 0.674122 1.77772
    endloop
  endfacet
  facet normal 0 -0.866028 -0.499996
    outer loop
      vertex -2 0.674122 1.77772
      vertex 30 0.41251 2.23085
      vertex -2 0.41251 2.23085
    endloop
  endfacet
  facet normal 0 -0.866028 -0.499996
    outer loop
      vertex 30 0.41251 2.23085
      vertex -2 0.674122 1.77772
      vertex 30 0.674122 1.77772
    endloop
  endfacet
  facet normal 0.82053 -0.278459 -0.499191
    outer loop
      vertex 33.3144 2.62713 2.23085
      vertex 33.0727 2.72724 1.77772
      vertex 33.4652 3.07149 2.23085
    endloop
  endfacet
  facet normal 0.906401 -0.180394 -0.381961
    outer loop
      vertex 33.7553 3.5056 2.71424
      vertex 33.4652 3.07149 2.23085
      vertex 33.5568 3.53174 2.23085
    endloop
  endfacet
  facet normal 0.042066 -0.123852 -0.991409
    outer loop
      vertex 30.202 3.24623 0.0768595
      vertex 30.0677 3.7473 0.00856495
      vertex 30.2986 3.27904 0.0768595
    endloop
  endfacet
  facet normal 0.0463024 -0.706351 -0.706346
    outer loop
      vertex 30.3925 1.01837 1.36262
      vertex 30 0.992641 1.36262
      vertex 30.3442 1.38518 0.992641
    endloop
  endfacet
  facet normal 0.227544 -0.670305 0.706339
    outer loop
      vertex 31.1509 1.22156 58.6374
      vertex 30.6826 1.45248 59.0074
      vertex 30.7784 1.09511 58.6374
    endloop
  endfacet
  facet normal 0.138078 -0.694288 0.706327
    outer loop
      vertex 30.6826 1.45248 59.0074
      vertex 30.3442 1.38518 59.0074
      vertex 30.3925 1.01837 58.6374
    endloop
  endfacet
  facet normal 0.195982 -0.577206 0.792732
    outer loop
      vertex 30.8504 1.94688 59.3259
      vertex 30.5752 1.85344 59.3259
      vertex 30.6826 1.45248 59.0074
    endloop
  endfacet
  facet normal 0.11892 -0.597852 0.792737
    outer loop
      vertex 30.5752 1.85344 59.3259
      vertex 30.2901 1.79673 59.3259
      vertex 30.6826 1.45248 59.0074
    endloop
  endfacet
  facet normal 0.338641 -0.506808 0.79276
    outer loop
      vertex 31.3528 2.23695 59.3259
      vertex 31.1111 2.07545 59.3259
      vertex 31.3187 1.71596 59.0074
    endloop
  endfacet
  facet normal 0.0566732 -0.864618 0.499224
    outer loop
      vertex 30.4341 0.702576 58.2223
      vertex 30 0.674122 58.2223
      vertex 30.4683 0.443201 57.7692
    endloop
  endfacet
  facet normal -0.169056 -0.849815 0.499233
    outer loop
      vertex -30.4341 0.702576 58.2223
      vertex -30.9285 0.53475 57.7692
      vertex -30.4683 0.443201 57.7692
    endloop
  endfacet
  facet normal -0.0398585 -0.608257 0.792739
    outer loop
      vertex -30 1.77772 59.3259
      vertex -30.2901 1.79673 59.3259
      vertex -30 1.36262 59.0074
    endloop
  endfacet
  facet normal 0.513403 -0.768406 0.38206
    outer loop
      vertex 32.1839 1.15385 57.7692
      vertex 31.7937 0.893142 57.7692
      vertex 31.8939 0.719738 57.2858
    endloop
  endfacet
  facet normal 0.481385 -0.720486 0.499168
    outer loop
      vertex 32.0247 1.3614 58.2223
      vertex 31.7937 0.893142 57.7692
      vertex 32.1839 1.15385 57.7692
    endloop
  endfacet
  facet normal 0.180302 -0.906464 0.381856
    outer loop
      vertex 30.7766 0.433247 57.6
      vertex 30.4683 0.443201 57.7692
      vertex 30.4774 0.373734 57.6
    endloop
  endfacet
  facet normal 0.180322 -0.906445 0.381891
    outer loop
      vertex 30.4683 0.443201 57.7692
      vertex 30.7766 0.433247 57.6
      vertex 30.9285 0.53475 57.7692
    endloop
  endfacet
  facet normal 0.0604458 -0.922227 0.381896
    outer loop
      vertex 30 0.41251 57.7692
      vertex 30 0.342444 57.6
      vertex 30.173 0.353783 57.6
    endloop
  endfacet
  facet normal 0.609351 -0.694818 -0.381993
    outer loop
      vertex 32.3058 0.995 2.71424
      vertex 32.1839 1.15385 2.23085
      vertex 32.6783 1.32168 2.71424
    endloop
  endfacet
  facet normal 0.442306 -0.896864 0
    outer loop
      vertex 31.6 0.348169 3.73839
      vertex 31.9957 0.543316 56.2616
      vertex 31.6 0.348169 56.2616
    endloop
  endfacet
  facet normal 0.442306 -0.896864 0
    outer loop
      vertex 31.9957 0.543316 56.2616
      vertex 31.6 0.348169 3.73839
      vertex 31.9957 0.543316 3.73839
    endloop
  endfacet
  facet normal 0.0982191 0.0863716 -0.99141
    outer loop
      vertex 30.2076 54.1593 0.00856495
      vertex 30.185 54.185 0.00856495
      vertex 30.5518 54.5518 0.0768595
    endloop
  endfacet
  facet normal 0.706326 0.046377 -0.706366
    outer loop
      vertex 32.6374 54 0.992641
      vertex 32.6148 54.3442 0.992641
      vertex 33.0074 54 1.36262
    endloop
  endfacet
  facet normal 0.634855 0.313118 -0.70634
    outer loop
      vertex 32.4366 55.0093 0.992641
      vertex 32.284 55.3187 0.992641
      vertex 32.7784 55.1509 1.36262
    endloop
  endfacet
  facet normal 0.49967 0.032893 -0.865591
    outer loop
      vertex 31.7692 54 0.41251
      vertex 31.754 54.2309 0.41251
      vertex 32.2033 54.2901 0.674122
    endloop
  endfacet
  facet normal 0.269635 0.54669 -0.792734
    outer loop
      vertex 31.3187 56.284 0.992641
      vertex 30.8504 56.0531 0.674122
      vertex 31.0093 56.4366 0.992641
    endloop
  endfacet
  facet normal 0.22761 0.670235 -0.706384
    outer loop
      vertex 31.1509 56.7784 1.36262
      vertex 30.6826 56.5475 0.992641
      vertex 30.7784 56.9049 1.36262
    endloop
  endfacet
  facet normal 0.0725763 -0.108807 -0.99141
    outer loop
      vertex 30.3902 3.32419 0.0768595
      vertex 30.1308 3.77344 0.00856495
      vertex 30.1593 3.79245 0.00856495
    endloop
  endfacet
  facet normal 0.0169641 -0.25878 -0.965787
    outer loop
      vertex 30.1678 2.72524 0.21228
      vertex 30 2.71424 0.21228
      vertex 30 3.21964 0.0768595
    endloop
  endfacet
  facet normal 0.363021 0.123272 -0.923591
    outer loop
      vertex 31.7089 54.4579 0.41251
      vertex 31.1879 54.492 0.21228
      vertex 31.6345 54.677 0.41251
    endloop
  endfacet
  facet normal 0.60828 -0.0398432 -0.792722
    outer loop
      vertex 32.6374 4 0.992641
      vertex 32.2033 3.70993 0.674122
      vertex 32.2223 4 0.674122
    endloop
  endfacet
  facet normal 0.792293 -0.0520741 -0.607915
    outer loop
      vertex 33.3259 4 1.77772
      vertex 32.9816 3.60746 1.36262
      vertex 33.0074 4 1.36262
    endloop
  endfacet
  facet normal 0 -0.608763 -0.793352
    outer loop
      vertex -2 1.36262 0.992641
      vertex 30 1.77772 0.674122
      vertex 30 1.36262 0.992641
    endloop
  endfacet
  facet normal -0 -0.608763 -0.793352
    outer loop
      vertex 30 1.77772 0.674122
      vertex -2 1.36262 0.992641
      vertex -2 1.77772 0.674122
    endloop
  endfacet
  facet normal 0 -0.608763 -0.793352
    outer loop
      vertex -30 1.36262 0.992641
      vertex -14 1.77772 0.674122
      vertex -14 1.36262 0.992641
    endloop
  endfacet
  facet normal -0 -0.608763 -0.793352
    outer loop
      vertex -14 1.77772 0.674122
      vertex -30 1.36262 0.992641
      vertex -30 1.77772 0.674122
    endloop
  endfacet
  facet normal 0.0398689 -0.608283 -0.792718
    outer loop
      vertex 30.3442 1.38518 0.992641
      vertex 30 1.36262 0.992641
      vertex 30.2901 1.79673 0.674122
    endloop
  endfacet
  facet normal 0.408863 -0.828751 -0.382104
    outer loop
      vertex 31.5552 0.69754 2.4
      vertex 31.3729 0.685591 2.23085
      vertex 31.6 0.719642 2.4
    endloop
  endfacet
  facet normal 0.408789 -0.828826 -0.382021
    outer loop
      vertex 31.7937 0.893142 2.23085
      vertex 31.6 0.700477 2.44158
      vertex 31.6 0.719642 2.4
    endloop
  endfacet
  facet normal 0.408758 -0.828827 -0.382051
    outer loop
      vertex 31.6 0.700477 2.44158
      vertex 31.7937 0.893142 2.23085
      vertex 31.8939 0.719738 2.71424
    endloop
  endfacet
  facet normal 0.408801 -0.828826 -0.382007
    outer loop
      vertex 31.7937 0.893142 2.23085
      vertex 31.6 0.719642 2.4
      vertex 31.3729 0.685591 2.23085
    endloop
  endfacet
  facet normal 0.634862 -0.313112 -0.706336
    outer loop
      vertex 32.7784 2.84913 1.36262
      vertex 32.284 2.68131 0.992641
      vertex 32.4366 2.99072 0.992641
    endloop
  endfacet
  facet normal 0.875138 -0.296991 -0.382008
    outer loop
      vertex 33.4994 2.5505 2.71424
      vertex 33.3144 2.62713 2.23085
      vertex 33.4652 3.07149 2.23085
    endloop
  endfacet
  facet normal 0.438492 -0.889246 -0.130254
    outer loop
      vertex 31.9616 0.602461 3.21964
      vertex 31.6 0.360867 3.6517
      vertex 31.6 0.424154 3.21964
    endloop
  endfacet
  facet normal 0.866444 -0.427339 0.258177
    outer loop
      vertex 33.6245 2.49868 56.7804
      vertex 33.2803 2.10614 57.2858
      vertex 33.3975 2.03843 56.7804
    endloop
  endfacet
  facet normal 0.0327442 -0.499711 0.865573
    outer loop
      vertex 30.2309 2.24598 59.5875
      vertex 30 2.23085 59.5875
      vertex 30.2901 1.79673 59.3259
    endloop
  endfacet
  facet normal 0.57139 -0.651366 0.499235
    outer loop
      vertex 32.3517 1.64825 58.2223
      vertex 32.0247 1.3614 58.2223
      vertex 32.5367 1.46326 57.7692
    endloop
  endfacet
  facet normal 0.694786 -0.60936 0.382037
    outer loop
      vertex 32.8461 1.81607 57.7692
      vertex 32.6783 1.32168 57.2858
      vertex 33.005 1.69418 57.2858
    endloop
  endfacet
  facet normal 0.989367 -0.0647563 -0.130232
    outer loop
      vertex 33.9573 3.47901 3.73839
      vertex 33.8896 3.48793 3.21964
      vertex 33.9914 4 3.73839
    endloop
  endfacet
  facet normal 0.989368 -0.0647564 0.130219
    outer loop
      vertex 33.9914 4 56.2616
      vertex 33.8896 3.48793 56.7804
      vertex 33.9573 3.47901 56.2616
    endloop
  endfacet
  facet normal 0.513491 -0.768384 0.381987
    outer loop
      vertex 32.1839 1.15385 57.7692
      vertex 31.8939 0.719738 57.2858
      vertex 32.3058 0.995 57.2858
    endloop
  endfacet
  facet normal 0.609358 -0.694811 0.381995
    outer loop
      vertex 32.5367 1.46326 57.7692
      vertex 32.1839 1.15385 57.7692
      vertex 32.6783 1.32168 57.2858
    endloop
  endfacet
  facet normal 0.896888 -0.442257 0
    outer loop
      vertex 33.4567 2.00428 56.2616
      vertex 33.6876 2.47254 3.73839
      vertex 33.6876 2.47254 56.2616
    endloop
  endfacet
  facet normal 0.896888 -0.442257 0
    outer loop
      vertex 33.6876 2.47254 3.73839
      vertex 33.4567 2.00428 56.2616
      vertex 33.4567 2.00428 3.73839
    endloop
  endfacet
  facet normal 0.824346 -0.55088 0.130327
    outer loop
      vertex 33.3975 2.03843 56.7804
      vertex 33.1666 1.57017 56.2616
      vertex 33.4567 2.00428 56.2616
    endloop
  endfacet
  facet normal 0.383304 -0.777081 0.499223
    outer loop
      vertex 31.6629 1.11971 58.2223
      vertex 31.2728 0.927289 58.2223
      vertex 31.7937 0.893142 57.7692
    endloop
  endfacet
  facet normal 0.481309 -0.7205 0.499222
    outer loop
      vertex 32.0247 1.3614 58.2223
      vertex 31.6629 1.11971 58.2223
      vertex 31.7937 0.893142 57.7692
    endloop
  endfacet
  facet normal 0.22754 -0.670309 0.706337
    outer loop
      vertex 31.0093 1.56338 59.0074
      vertex 30.6826 1.45248 59.0074
      vertex 31.1509 1.22156 58.6374
    endloop
  endfacet
  facet normal 0.313086 -0.634873 0.706338
    outer loop
      vertex 31.3187 1.71596 59.0074
      vertex 31.0093 1.56338 59.0074
      vertex 31.1509 1.22156 58.6374
    endloop
  endfacet
  facet normal -0.659288 -0.75189 0
    outer loop
      vertex -32.8224 1.17763 3.73839
      vertex -32.4298 0.833382 56.2616
      vertex -32.8224 1.17763 56.2616
    endloop
  endfacet
  facet normal -0.659288 -0.75189 -0
    outer loop
      vertex -32.4298 0.833382 56.2616
      vertex -32.8224 1.17763 3.73839
      vertex -32.4298 0.833382 3.73839
    endloop
  endfacet
  facet normal -0.745479 -0.653676 -0.130261
    outer loop
      vertex -32.8224 1.17763 3.73839
      vertex -33.1666 1.57017 3.73839
      vertex -32.7741 1.22592 3.21964
    endloop
  endfacet
  facet normal -0.972418 -0.193508 0.130221
    outer loop
      vertex -33.8896 3.48793 56.7804
      vertex -33.9573 3.47901 56.2616
      vertex -33.8554 2.96694 56.2616
    endloop
  endfacet
  facet normal -0.972453 -0.193405 0.130116
    outer loop
      vertex -33.7895 2.98462 56.7804
      vertex -33.8896 3.48793 56.7804
      vertex -33.8554 2.96694 56.2616
    endloop
  endfacet
  facet normal -0.972417 -0.193507 -0.130234
    outer loop
      vertex -33.8554 2.96694 3.73839
      vertex -33.9573 3.47901 3.73839
      vertex -33.8896 3.48793 3.21964
    endloop
  endfacet
  facet normal -0.989367 -0.0647563 -0.130232
    outer loop
      vertex -33.9573 3.47901 3.73839
      vertex -33.9914 4 3.73839
      vertex -33.8896 3.48793 3.21964
    endloop
  endfacet
  facet normal -0.889238 -0.438485 0.130334
    outer loop
      vertex -33.3975 2.03843 56.7804
      vertex -33.6876 2.47254 56.2616
      vertex -33.4567 2.00428 56.2616
    endloop
  endfacet
  facet normal -0.866444 -0.427339 0.258177
    outer loop
      vertex -33.2803 2.10614 57.2858
      vertex -33.6245 2.49868 56.7804
      vertex -33.3975 2.03843 56.7804
    endloop
  endfacet
  facet normal -0.864592 -0.0567618 0.499258
    outer loop
      vertex -33.3259 4 58.2223
      vertex -33.5568 3.53174 57.7692
      vertex -33.2974 3.56589 58.2223
    endloop
  endfacet
  facet normal -0.922212 0.0604362 0.381934
    outer loop
      vertex -33.7553 54.4944 57.2858
      vertex -33.7877 54 57.2858
      vertex -33.5875 54 57.7692
    endloop
  endfacet
  facet normal -0.792293 0.0520794 0.607914
    outer loop
      vertex -32.9816 54.3925 58.6374
      vertex -33.3259 54 58.2223
      vertex -33.0074 54 58.6374
    endloop
  endfacet
  facet normal -0.466774 -0.532134 0.706368
    outer loop
      vertex -31.6055 1.90762 59.0074
      vertex -32.1265 1.87348 58.6374
      vertex -31.8308 1.6141 58.6374
    endloop
  endfacet
  facet normal -0.441097 -0.660182 0.607942
    outer loop
      vertex -31.8308 1.6141 58.6374
      vertex -32.0247 1.3614 58.2223
      vertex -31.5037 1.39555 58.6374
    endloop
  endfacet
  facet normal -0.57139 -0.651366 0.499235
    outer loop
      vertex -32.3517 1.64825 58.2223
      vertex -32.5367 1.46326 57.7692
      vertex -32.0247 1.3614 58.2223
    endloop
  endfacet
  facet normal -0.523576 -0.59689 0.607939
    outer loop
      vertex -31.8308 1.6141 58.6374
      vertex -32.1265 1.87348 58.6374
      vertex -32.0247 1.3614 58.2223
    endloop
  endfacet
  facet normal -0.536761 -0.803205 0.258361
    outer loop
      vertex -32.3058 0.995 57.2858
      vertex -32.3883 0.887564 56.7804
      vertex -31.8939 0.719738 57.2858
    endloop
  endfacet
  facet normal -0.513403 -0.768406 0.38206
    outer loop
      vertex -31.7937 0.893142 57.7692
      vertex -32.1839 1.15385 57.7692
      vertex -31.8939 0.719738 57.2858
    endloop
  endfacet
  facet normal -0.653672 -0.745485 0.130246
    outer loop
      vertex -32.7741 1.22592 56.7804
      vertex -32.8224 1.17763 56.2616
      vertex -32.4298 0.833382 56.2616
    endloop
  endfacet
  facet normal -0.745481 -0.653677 0.130248
    outer loop
      vertex -32.7741 1.22592 56.7804
      vertex -33.1666 1.57017 56.2616
      vertex -32.8224 1.17763 56.2616
    endloop
  endfacet
  facet normal -0.653758 -0.745428 0.130146
    outer loop
      vertex -32.3883 0.887564 56.7804
      vertex -32.7741 1.22592 56.7804
      vertex -32.4298 0.833382 56.2616
    endloop
  endfacet
  facet normal -0.550832 -0.824404 0.130161
    outer loop
      vertex -32.3883 0.887564 56.7804
      vertex -32.4298 0.833382 56.2616
      vertex -31.9616 0.602461 56.7804
    endloop
  endfacet
  facet normal -0.82439 -0.55083 0.130262
    outer loop
      vertex -33.1124 1.61174 56.7804
      vertex -33.3975 2.03843 56.7804
      vertex -33.1666 1.57017 56.2616
    endloop
  endfacet
  facet normal -0.803284 -0.536727 0.258185
    outer loop
      vertex -33.2803 2.10614 57.2858
      vertex -33.3975 2.03843 56.7804
      vertex -33.1124 1.61174 56.7804
    endloop
  endfacet
  facet normal -0.824388 -0.550829 -0.130274
    outer loop
      vertex -33.1666 1.57017 3.73839
      vertex -33.3975 2.03843 3.21964
      vertex -33.1124 1.61174 3.21964
    endloop
  endfacet
  facet normal -0.824344 -0.550879 -0.13034
    outer loop
      vertex -33.1666 1.57017 3.73839
      vertex -33.4567 2.00428 3.73839
      vertex -33.3975 2.03843 3.21964
    endloop
  endfacet
  facet normal -0.989365 -0.064725 -0.130262
    outer loop
      vertex -33.8896 3.48793 3.21964
      vertex -33.9914 4 3.73839
      vertex -33.9231 4 3.21964
    endloop
  endfacet
  facet normal -0.963987 -0.0630647 -0.258365
    outer loop
      vertex -33.8896 3.48793 3.21964
      vertex -33.9231 4 3.21964
      vertex -33.7553 3.5056 2.71424
    endloop
  endfacet
  facet normal -0.24563 -0.0832852 -0.965779
    outer loop
      vertex -31.1879 3.50796 0.21228
      vertex -31.2419 3.66722 0.21228
      vertex -30.7538 3.79803 0.0768595
    endloop
  endfacet
  facet normal -0.608763 0 -0.793352
    outer loop
      vertex -32.6374 4 0.992641
      vertex -32.2223 54 0.674122
      vertex -32.2223 4 0.674122
    endloop
  endfacet
  facet normal -0.608763 0 -0.793352
    outer loop
      vertex -32.2223 54 0.674122
      vertex -32.6374 4 0.992641
      vertex -32.6374 54 0.992641
    endloop
  endfacet
  facet normal 0.491173 -0.0976833 -0.865567
    outer loop
      vertex 32.1466 3.42483 0.674122
      vertex 31.7089 3.54211 0.41251
      vertex 32.2033 3.70993 0.674122
    endloop
  endfacet
  facet normal 0.123858 -0.0420291 -0.99141
    outer loop
      vertex 30.721 3.70137 0.0768595
      vertex 30.2527 3.93229 0.00856495
      vertex 30.7538 3.79803 0.0768595
    endloop
  endfacet
  facet normal 0.130513 0 -0.991447
    outer loop
      vertex 30.2616 4 0.00856495
      vertex 30.7804 54 0.0768595
      vertex 30.7804 4 0.0768595
    endloop
  endfacet
  facet normal 0.130513 0 -0.991447
    outer loop
      vertex 30.7804 54 0.0768595
      vertex 30.2616 4 0.00856495
      vertex 30.2616 54 0.00856495
    endloop
  endfacet
  facet normal 0.21564 0.144069 -0.965786
    outer loop
      vertex 31.1135 54.6429 0.21228
      vertex 30.6191 54.4751 0.0768595
      vertex 31.0201 54.7827 0.21228
    endloop
  endfacet
  facet normal -0.0255029 0.128283 -0.99141
    outer loop
      vertex -30.0677 54.2527 0.00856495
      vertex -30.202 54.7538 0.0768595
      vertex -30.1019 54.7737 0.0768595
    endloop
  endfacet
  facet normal -0.0254672 -0.128291 -0.99141
    outer loop
      vertex -30.0341 3.74063 0.00856495
      vertex -30.1019 3.22632 0.0768595
      vertex -30.0677 3.7473 0.00856495
    endloop
  endfacet
  facet normal -0.00855616 -0.13052 -0.991409
    outer loop
      vertex -30 3.21964 0.0768595
      vertex -30.1019 3.22632 0.0768595
      vertex -30.0341 3.74063 0.00856495
    endloop
  endfacet
  facet normal -0.169546 -0.343861 -0.923587
    outer loop
      vertex -30.677 2.36551 0.41251
      vertex -30.8846 2.46787 0.41251
      vertex -30.6429 2.8865 0.21228
    endloop
  endfacet
  facet normal -0.0833874 -0.245566 -0.965787
    outer loop
      vertex -30.3328 2.75805 0.21228
      vertex -30.492 2.81211 0.21228
      vertex -30.202 3.24623 0.0768595
    endloop
  endfacet
  facet normal -0.00858173 0.130519 -0.991409
    outer loop
      vertex -30.0341 54.2594 0.00856495
      vertex -30.1019 54.7737 0.0768595
      vertex -30 54.7804 0.0768595
    endloop
  endfacet
  facet normal 0.0255793 0.128278 -0.991408
    outer loop
      vertex 30.0677 54.2527 0.00856495
      vertex 30.0341 54.2594 0.00856495
      vertex 30.1019 54.7737 0.0768595
    endloop
  endfacet
  facet normal -0.636981 -0.726297 -0.258356
    outer loop
      vertex -32.3883 0.887564 3.21964
      vertex -32.7741 1.22592 3.21964
      vertex -32.6783 1.32168 2.71424
    endloop
  endfacet
  facet normal -0.550892 0.824344 -0.130287
    outer loop
      vertex -31.9616 57.3975 3.21964
      vertex -32.4298 57.1666 3.73839
      vertex -31.9957 57.4567 3.73839
    endloop
  endfacet
  facet normal -0.53682 0.803182 -0.258309
    outer loop
      vertex -32.3058 57.005 2.71424
      vertex -32.3883 57.1124 3.21964
      vertex -31.8939 57.2803 2.71424
    endloop
  endfacet
  facet normal -0.408714 0.828852 -0.382044
    outer loop
      vertex -31.7937 57.1069 2.23085
      vertex -31.8939 57.2803 2.71424
      vertex -31.3729 57.3144 2.23085
    endloop
  endfacet
  facet normal -0.154777 0.778728 -0.60797
    outer loop
      vertex -30.7784 56.9049 1.36262
      vertex -30.8608 57.2126 1.77772
      vertex -30.3925 56.9816 1.36262
    endloop
  endfacet
  facet normal 0 0.965936 -0.258781
    outer loop
      vertex 30 57.7877 2.71424
      vertex -2 57.9231 3.21964
      vertex 30 57.9231 3.21964
    endloop
  endfacet
  facet normal 0 0.965936 -0.258781
    outer loop
      vertex -2 57.9231 3.21964
      vertex 30 57.7877 2.71424
      vertex -2 57.7877 2.71424
    endloop
  endfacet
  facet normal 0 0.965936 -0.258781
    outer loop
      vertex -14 57.7877 2.71424
      vertex -30 57.9231 3.21964
      vertex -14 57.9231 3.21964
    endloop
  endfacet
  facet normal 0 0.965936 -0.258781
    outer loop
      vertex -30 57.9231 3.21964
      vertex -14 57.7877 2.71424
      vertex -30 57.7877 2.71424
    endloop
  endfacet
  facet normal 0.193497 0.972421 0.130214
    outer loop
      vertex 30.521 57.9573 56.2616
      vertex 30.5121 57.8896 56.7804
      vertex 31.0331 57.8554 56.2616
    endloop
  endfacet
  facet normal -0.130519 0.00858173 -0.991409
    outer loop
      vertex -30.2594 54.0341 0.00856495
      vertex -30.7804 54 0.0768595
      vertex -30.7737 54.1019 0.0768595
    endloop
  endfacet
  facet normal -0.128278 0.0255793 -0.991408
    outer loop
      vertex -30.2594 54.0341 0.00856495
      vertex -30.7737 54.1019 0.0768595
      vertex -30.2527 54.0677 0.00856495
    endloop
  endfacet
  facet normal -0.130513 0 -0.991447
    outer loop
      vertex -30.7804 4 0.0768595
      vertex -30.2616 54 0.00856495
      vertex -30.2616 4 0.00856495
    endloop
  endfacet
  facet normal -0.130513 0 -0.991447
    outer loop
      vertex -30.2616 54 0.00856495
      vertex -30.7804 4 0.0768595
      vertex -30.7804 54 0.0768595
    endloop
  endfacet
  facet normal -0.500021 0 -0.866013
    outer loop
      vertex -32.2223 4 0.674122
      vertex -31.7692 54 0.41251
      vertex -31.7692 4 0.41251
    endloop
  endfacet
  facet normal -0.500021 0 -0.866013
    outer loop
      vertex -31.7692 54 0.41251
      vertex -32.2223 4 0.674122
      vertex -32.2223 54 0.674122
    endloop
  endfacet
  facet normal -0.170962 0.195011 -0.965786
    outer loop
      vertex -30.4751 54.6191 0.0768595
      vertex -30.9092 54.9092 0.21228
      vertex -30.7827 55.0201 0.21228
    endloop
  endfacet
  facet normal -0.254351 0.0505653 -0.965789
    outer loop
      vertex -30.7737 54.1019 0.0768595
      vertex -31.2748 54.1678 0.21228
      vertex -30.7538 54.202 0.0768595
    endloop
  endfacet
  facet normal -0.588535 0.393177 -0.706427
    outer loop
      vertex -32.284 55.3187 0.992641
      vertex -32.6045 55.5037 1.36262
      vertex -32.0924 55.6055 0.992641
    endloop
  endfacet
  facet normal -0.707087 0 -0.707127
    outer loop
      vertex -32.6374 4 0.992641
      vertex -33.0074 54 1.36262
      vertex -32.6374 54 0.992641
    endloop
  endfacet
  facet normal -0.707087 -0 -0.707127
    outer loop
      vertex -33.0074 54 1.36262
      vertex -32.6374 4 0.992641
      vertex -33.0074 4 1.36262
    endloop
  endfacet
  facet normal -0.963986 0.063061 -0.258369
    outer loop
      vertex -33.7553 54.4944 2.71424
      vertex -33.9231 54 3.21964
      vertex -33.8896 54.5121 3.21964
    endloop
  endfacet
  facet normal -0.803292 0.53672 -0.258175
    outer loop
      vertex -33.2803 55.8939 2.71424
      vertex -33.3975 55.9616 3.21964
      vertex -33.1124 56.3883 3.21964
    endloop
  endfacet
  facet normal -0.608322 0.0399421 -0.792685
    outer loop
      vertex -32.2033 54.2901 0.674122
      vertex -32.6374 54 0.992641
      vertex -32.6148 54.3442 0.992641
    endloop
  endfacet
  facet normal -0.670307 0.227539 -0.706339
    outer loop
      vertex -32.5475 54.6826 0.992641
      vertex -32.7784 55.1509 1.36262
      vertex -32.4366 55.0093 0.992641
    endloop
  endfacet
  facet normal -0.474173 0.161102 -0.865567
    outer loop
      vertex -31.7089 54.4579 0.41251
      vertex -32.1466 54.5752 0.674122
      vertex -32.0531 54.8504 0.674122
    endloop
  endfacet
  facet normal -0.458309 0.401948 -0.792711
    outer loop
      vertex -31.7631 55.3528 0.674122
      vertex -32.0924 55.6055 0.992641
      vertex -31.8649 55.8649 0.992641
    endloop
  endfacet
  facet normal -0.777147 0.383218 -0.499187
    outer loop
      vertex -33.0727 55.2728 1.77772
      vertex -33.3144 55.3729 2.23085
      vertex -33.1069 55.7937 2.23085
    endloop
  endfacet
  facet normal -0.77709 0.383266 -0.499238
    outer loop
      vertex -33.0727 55.2728 1.77772
      vertex -33.1069 55.7937 2.23085
      vertex -32.8803 55.6629 1.77772
    endloop
  endfacet
  facet normal -0.491148 0.0975805 -0.865593
    outer loop
      vertex -31.754 54.2309 0.41251
      vertex -32.2033 54.2901 0.674122
      vertex -31.7089 54.4579 0.41251
    endloop
  endfacet
  facet normal -0.54669 0.269635 -0.792734
    outer loop
      vertex -32.0531 54.8504 0.674122
      vertex -32.4366 55.0093 0.992641
      vertex -32.284 55.3187 0.992641
    endloop
  endfacet
  facet normal -0.0567639 0.864604 -0.499238
    outer loop
      vertex -30.4341 57.2974 1.77772
      vertex -30.4683 57.5568 2.23085
      vertex -30 57.3259 1.77772
    endloop
  endfacet
  facet normal -0.227539 0.670307 -0.706339
    outer loop
      vertex -31.0093 56.4366 0.992641
      vertex -31.1509 56.7784 1.36262
      vertex -30.6826 56.5475 0.992641
    endloop
  endfacet
  facet normal 0.0833144 0.245623 -0.965778
    outer loop
      vertex 30.492 55.1879 0.21228
      vertex 30.202 54.7538 0.0768595
      vertex 30.3328 55.2419 0.21228
    endloop
  endfacet
  facet normal -0.0578286 -0.117322 -0.991409
    outer loop
      vertex -30.2986 3.27904 0.0768595
      vertex -30.3902 3.32419 0.0768595
      vertex -30.1308 3.77344 0.00856495
    endloop
  endfacet
  facet normal 0.0327312 0.499753 -0.865549
    outer loop
      vertex 30.2901 56.2033 0.674122
      vertex 30 55.7692 0.41251
      vertex 30 56.2223 0.674122
    endloop
  endfacet
  facet normal 0.154762 0.778739 0.607959
    outer loop
      vertex 30.4341 57.2974 58.2223
      vertex 30.3925 56.9816 58.6374
      vertex 30.8608 57.2126 58.2223
    endloop
  endfacet
  facet normal -0 0.60874 0.793369
    outer loop
      vertex -30 56.6374 59.0074
      vertex 30 56.2223 59.3259
      vertex 30 56.6374 59.0074
    endloop
  endfacet
  facet normal 0 0.60874 0.793369
    outer loop
      vertex 30 56.2223 59.3259
      vertex -30 56.6374 59.0074
      vertex -30 56.2223 59.3259
    endloop
  endfacet
  facet normal 0.375873 -0.074965 0.923634
    outer loop
      vertex 31.2748 3.83218 59.7877
      vertex 31.2419 3.66722 59.7877
      vertex 31.7089 3.54211 59.5875
    endloop
  endfacet
  facet normal 0 0.866023 0.500004
    outer loop
      vertex 30 57.5875 57.7692
      vertex -30 57.3259 58.2223
      vertex 30 57.3259 58.2223
    endloop
  endfacet
  facet normal 0 0.866023 0.500004
    outer loop
      vertex -30 57.3259 58.2223
      vertex 30 57.5875 57.7692
      vertex -30 57.5875 57.7692
    endloop
  endfacet
  facet normal 0.0464313 0.706368 0.70632
    outer loop
      vertex 30.3925 56.9816 58.6374
      vertex 30 57.0074 58.6374
      vertex 30.3442 56.6148 59.0074
    endloop
  endfacet
  facet normal 0.751936 0.659237 0
    outer loop
      vertex 33.1666 56.4298 56.2616
      vertex 32.8224 56.8224 3.73839
      vertex 32.8224 56.8224 56.2616
    endloop
  endfacet
  facet normal 0.751936 0.659237 0
    outer loop
      vertex 32.8224 56.8224 3.73839
      vertex 33.1666 56.4298 56.2616
      vertex 33.1666 56.4298 3.73839
    endloop
  endfacet
  facet normal 0.824404 0.550826 0.130189
    outer loop
      vertex 33.1666 56.4298 56.2616
      vertex 33.1124 56.3883 56.7804
      vertex 33.3975 55.9616 56.7804
    endloop
  endfacet
  facet normal 0.0631752 0.964007 0.258264
    outer loop
      vertex 30 57.9231 56.7804
      vertex 30 57.7877 57.2858
      vertex 30.4944 57.7553 57.2858
    endloop
  endfacet
  facet normal 0.0604362 0.922212 0.381934
    outer loop
      vertex 30 57.7877 57.2858
      vertex 30 57.5875 57.7692
      vertex 30.4944 57.7553 57.2858
    endloop
  endfacet
  facet normal -0.193497 0.972421 0.130214
    outer loop
      vertex -30.521 57.9573 56.2616
      vertex -31.0331 57.8554 56.2616
      vertex -30.5121 57.8896 56.7804
    endloop
  endfacet
  facet normal -0.193408 0.972451 0.130123
    outer loop
      vertex -30.5121 57.8896 56.7804
      vertex -31.0331 57.8554 56.2616
      vertex -31.0154 57.7895 56.7804
    endloop
  endfacet
  facet normal -0.0647551 0.989367 -0.130229
    outer loop
      vertex -30.5121 57.8896 3.21964
      vertex -30.521 57.9573 3.73839
      vertex -30 57.9914 3.73839
    endloop
  endfacet
  facet normal -0.310634 0.91477 -0.258268
    outer loop
      vertex -31.4495 57.4994 2.71424
      vertex -31.5013 57.6245 3.21964
      vertex -31.0154 57.7895 3.21964
    endloop
  endfacet
  facet normal -0.408669 0.828902 0.381984
    outer loop
      vertex -31.4495 57.4994 57.2858
      vertex -31.8939 57.2803 57.2858
      vertex -31.3729 57.3144 57.7692
    endloop
  endfacet
  facet normal -0.408715 0.828855 0.382037
    outer loop
      vertex -31.3729 57.3144 57.7692
      vertex -31.8939 57.2803 57.2858
      vertex -31.7937 57.1069 57.7692
    endloop
  endfacet
  facet normal -0.318809 0.938843 0.130132
    outer loop
      vertex -31.0331 57.8554 56.2616
      vertex -31.5013 57.6245 56.7804
      vertex -31.0154 57.7895 56.7804
    endloop
  endfacet
  facet normal -0.438525 0.889221 -0.130312
    outer loop
      vertex -31.5013 57.6245 3.21964
      vertex -31.9616 57.3975 3.21964
      vertex -31.5275 57.6876 3.73839
    endloop
  endfacet
  facet normal -0.169143 0.849779 0.499266
    outer loop
      vertex -30.4683 57.5568 57.7692
      vertex -30.9285 57.4652 57.7692
      vertex -30.4341 57.2974 58.2223
    endloop
  endfacet
  facet normal 0 0.9239 0.382633
    outer loop
      vertex 30 57.7877 57.2858
      vertex -30 57.5875 57.7692
      vertex 30 57.5875 57.7692
    endloop
  endfacet
  facet normal 0 0.9239 0.382633
    outer loop
      vertex -30 57.5875 57.7692
      vertex 30 57.7877 57.2858
      vertex -30 57.7877 57.2858
    endloop
  endfacet
  facet normal -0.063061 0.963986 0.258369
    outer loop
      vertex -30 57.9231 56.7804
      vertex -30.5121 57.8896 56.7804
      vertex -30.4944 57.7553 57.2858
    endloop
  endfacet
  facet normal -0.441089 0.660264 0.607859
    outer loop
      vertex -31.6629 56.8803 58.2223
      vertex -32.0247 56.6386 58.2223
      vertex -31.5037 56.6045 58.6374
    endloop
  endfacet
  facet normal -0.0520147 0.792267 0.607954
    outer loop
      vertex -30 57.3259 58.2223
      vertex -30.4341 57.2974 58.2223
      vertex -30.3925 56.9816 58.6374
    endloop
  endfacet
  facet normal -0.351023 0.71214 0.60798
    outer loop
      vertex -31.2728 57.0727 58.2223
      vertex -31.5037 56.6045 58.6374
      vertex -31.1509 56.7784 58.6374
    endloop
  endfacet
  facet normal 0.0250753 0.382513 0.92361
    outer loop
      vertex 30 55.7692 59.5875
      vertex 30 55.2858 59.7877
      vertex 30.1678 55.2748 59.7877
    endloop
  endfacet
  facet normal 0.212912 0.318788 0.923603
    outer loop
      vertex 30.8846 55.5321 59.5875
      vertex 30.6429 55.1135 59.7877
      vertex 31.077 55.4036 59.5875
    endloop
  endfacet
  facet normal -0.449148 0.221545 0.865554
    outer loop
      vertex -31.5321 54.8846 59.5875
      vertex -32.0531 54.8504 59.3259
      vertex -31.6345 54.677 59.5875
    endloop
  endfacet
  facet normal -0 0.258781 0.965936
    outer loop
      vertex -30 55.2858 59.7877
      vertex 30 54.7804 59.9231
      vertex 30 55.2858 59.7877
    endloop
  endfacet
  facet normal 0 0.258781 0.965936
    outer loop
      vertex 30 54.7804 59.9231
      vertex -30 55.2858 59.7877
      vertex -30 54.7804 59.9231
    endloop
  endfacet
  facet normal -0.118911 0.59791 0.792694
    outer loop
      vertex -30.2901 56.2033 59.3259
      vertex -30.6826 56.5475 59.0074
      vertex -30.5752 56.1466 59.3259
    endloop
  endfacet
  facet normal -0.393188 0.588551 0.706407
    outer loop
      vertex -31.5037 56.6045 58.6374
      vertex -31.6055 56.0924 59.0074
      vertex -31.3187 56.284 59.0074
    endloop
  endfacet
  facet normal -0.550826 0.824404 0.130189
    outer loop
      vertex -31.9616 57.3975 56.7804
      vertex -32.4298 57.1666 56.2616
      vertex -32.3883 57.1124 56.7804
    endloop
  endfacet
  facet normal -0.636912 0.726339 0.258408
    outer loop
      vertex -32.3883 57.1124 56.7804
      vertex -32.7741 56.7741 56.7804
      vertex -32.6783 56.6783 57.2858
    endloop
  endfacet
  facet normal -0.596871 0.523599 0.607938
    outer loop
      vertex -32.1265 56.1265 58.6374
      vertex -32.6386 56.0247 58.2223
      vertex -32.3859 55.8308 58.6374
    endloop
  endfacet
  facet normal -0.532217 0.466767 0.706309
    outer loop
      vertex -31.8649 55.8649 59.0074
      vertex -32.1265 56.1265 58.6374
      vertex -32.0924 55.6055 59.0074
    endloop
  endfacet
  facet normal -0.706368 0.0464313 0.70632
    outer loop
      vertex -32.9816 54.3925 58.6374
      vertex -33.0074 54 58.6374
      vertex -32.6148 54.3442 59.0074
    endloop
  endfacet
  facet normal -0.989367 0.0647213 0.13025
    outer loop
      vertex -33.8896 54.5121 56.7804
      vertex -33.9914 54 56.2616
      vertex -33.9231 54 56.7804
    endloop
  endfacet
  facet normal -0.393316 0.588535 0.706349
    outer loop
      vertex -31.5037 56.6045 58.6374
      vertex -31.8308 56.3859 58.6374
      vertex -31.6055 56.0924 59.0074
    endloop
  endfacet
  facet normal -0.255285 0.751804 0.607964
    outer loop
      vertex -30.8608 57.2126 58.2223
      vertex -31.2728 57.0727 58.2223
      vertex -30.7784 56.9049 58.6374
    endloop
  endfacet
  facet normal -0.577201 0.195934 0.792748
    outer loop
      vertex -32.4366 55.0093 59.0074
      vertex -32.5475 54.6826 59.0074
      vertex -32.0531 54.8504 59.3259
    endloop
  endfacet
  facet normal -0.608257 0.0398376 0.79274
    outer loop
      vertex -32.2033 54.2901 59.3259
      vertex -32.6374 54 59.0074
      vertex -32.2223 54 59.3259
    endloop
  endfacet
  facet normal -0.608299 0.0399406 0.792703
    outer loop
      vertex -32.6148 54.3442 59.0074
      vertex -32.6374 54 59.0074
      vertex -32.2033 54.2901 59.3259
    endloop
  endfacet
  facet normal -0.706346 0.0463783 0.706346
    outer loop
      vertex -32.6148 54.3442 59.0074
      vertex -33.0074 54 58.6374
      vertex -32.6374 54 59.0074
    endloop
  endfacet
  facet normal -0.0975772 0.491131 0.865603
    outer loop
      vertex -30.2901 56.2033 59.3259
      vertex -30.4579 55.7089 59.5875
      vertex -30.2309 55.754 59.5875
    endloop
  endfacet
  facet normal -0.499653 0.0328918 0.865601
    outer loop
      vertex -31.754 54.2309 59.5875
      vertex -32.2033 54.2901 59.3259
      vertex -31.7692 54 59.5875
    endloop
  endfacet
  facet normal -0.597905 -0.11891 0.792698
    outer loop
      vertex -32.2033 3.70993 59.3259
      vertex -32.5475 3.3174 59.0074
      vertex -32.1466 3.42483 59.3259
    endloop
  endfacet
  facet normal -0.875141 -0.296992 0.382001
    outer loop
      vertex -33.4652 3.07149 57.7692
      vertex -33.4994 2.5505 57.2858
      vertex -33.3144 2.62713 57.7692
    endloop
  endfacet
  facet normal -0.634879 -0.312932 0.7064
    outer loop
      vertex -32.284 2.68131 59.0074
      vertex -32.7784 2.84913 58.6374
      vertex -32.6045 2.49632 58.6374
    endloop
  endfacet
  facet normal -0.506902 -0.338583 0.792724
    outer loop
      vertex -31.7631 2.64716 59.3259
      vertex -32.284 2.68131 59.0074
      vertex -32.0924 2.39446 59.0074
    endloop
  endfacet
  facet normal -0.577225 -0.196071 0.792696
    outer loop
      vertex -32.1466 3.42483 59.3259
      vertex -32.5475 3.3174 59.0074
      vertex -32.0531 3.14957 59.3259
    endloop
  endfacet
  facet normal -0.474157 0.161096 0.865577
    outer loop
      vertex -32.0531 54.8504 59.3259
      vertex -32.1466 54.5752 59.3259
      vertex -31.7089 54.4579 59.5875
    endloop
  endfacet
  facet normal 0.215615 -0.144011 0.965801
    outer loop
      vertex 31.1135 3.35712 59.7877
      vertex 30.6191 3.52495 59.9231
      vertex 31.0201 3.21728 59.7877
    endloop
  endfacet
  facet normal 0.171004 0.194888 0.965803
    outer loop
      vertex 30.9092 54.9092 59.7877
      vertex 30.4751 54.6191 59.9231
      vertex 30.5518 54.5518 59.9231
    endloop
  endfacet
  facet normal 0.401921 0.45832 0.792718
    outer loop
      vertex 31.8649 55.8649 59.0074
      vertex 31.3528 55.7631 59.3259
      vertex 31.5714 55.5714 59.3259
    endloop
  endfacet
  facet normal 0.382513 0.0250753 0.92361
    outer loop
      vertex 31.7692 54 59.5875
      vertex 31.2748 54.1678 59.7877
      vertex 31.2858 54 59.7877
    endloop
  endfacet
  facet normal 0.154777 0.778728 -0.60797
    outer loop
      vertex 30.7784 56.9049 1.36262
      vertex 30.3925 56.9816 1.36262
      vertex 30.8608 57.2126 1.77772
    endloop
  endfacet
  facet normal 0.383266 0.77709 -0.499238
    outer loop
      vertex 31.6629 56.8803 1.77772
      vertex 31.2728 57.0727 1.77772
      vertex 31.7937 57.1069 2.23085
    endloop
  endfacet
  facet normal -0.046377 0.706326 -0.706366
    outer loop
      vertex -30 56.6374 0.992641
      vertex -30.3442 56.6148 0.992641
      vertex -30 57.0074 1.36262
    endloop
  endfacet
  facet normal -0.118915 0.597932 -0.792677
    outer loop
      vertex -30.5752 56.1466 0.674122
      vertex -30.6826 56.5475 0.992641
      vertex -30.2901 56.2033 0.674122
    endloop
  endfacet
  facet normal 0.849793 0.169146 -0.499241
    outer loop
      vertex 33.5568 54.4683 2.23085
      vertex 33.2974 54.4341 1.77772
      vertex 33.4652 54.9285 2.23085
    endloop
  endfacet
  facet normal 0.726339 0.636912 -0.258408
    outer loop
      vertex 33.1124 56.3883 3.21964
      vertex 32.6783 56.6783 2.71424
      vertex 32.7741 56.7741 3.21964
    endloop
  endfacet
  facet normal 0.792293 0.0520794 -0.607914
    outer loop
      vertex 33.0074 54 1.36262
      vertex 32.9816 54.3925 1.36262
      vertex 33.3259 54 1.77772
    endloop
  endfacet
  facet normal 0.792267 0.0520147 -0.607954
    outer loop
      vertex 33.3259 54 1.77772
      vertex 32.9816 54.3925 1.36262
      vertex 33.2974 54.4341 1.77772
    endloop
  endfacet
  facet normal 0.964007 0.0631752 -0.258264
    outer loop
      vertex 33.7877 54 2.71424
      vertex 33.7553 54.4944 2.71424
      vertex 33.9231 54 3.21964
    endloop
  endfacet
  facet normal 0.82054 0.278437 -0.499186
    outer loop
      vertex 33.4652 54.9285 2.23085
      vertex 33.0727 55.2728 1.77772
      vertex 33.3144 55.3729 2.23085
    endloop
  endfacet
  facet normal 0.989367 0.0647551 -0.130229
    outer loop
      vertex 33.9914 54 3.73839
      vertex 33.8896 54.5121 3.21964
      vertex 33.9573 54.521 3.73839
    endloop
  endfacet
  facet normal 0.947487 0.188443 -0.258375
    outer loop
      vertex 33.8896 54.5121 3.21964
      vertex 33.7553 54.4944 2.71424
      vertex 33.7895 55.0154 3.21964
    endloop
  endfacet
  facet normal 0.53672 0.803292 -0.258175
    outer loop
      vertex 32.3883 57.1124 3.21964
      vertex 31.8939 57.2803 2.71424
      vertex 31.9616 57.3975 3.21964
    endloop
  endfacet
  facet normal 0.550825 0.824402 -0.130201
    outer loop
      vertex 32.3883 57.1124 3.21964
      vertex 31.9616 57.3975 3.21964
      vertex 32.4298 57.1666 3.73839
    endloop
  endfacet
  facet normal 0.481318 0.720484 -0.499235
    outer loop
      vertex 32.0247 56.6386 1.77772
      vertex 31.6629 56.8803 1.77772
      vertex 31.7937 57.1069 2.23085
    endloop
  endfacet
  facet normal 0.609356 0.694781 -0.382054
    outer loop
      vertex 32.6783 56.6783 2.71424
      vertex 32.1839 56.8461 2.23085
      vertex 32.3058 57.005 2.71424
    endloop
  endfacet
  facet normal 0.188373 0.94752 -0.258305
    outer loop
      vertex 30.9803 57.6587 2.71424
      vertex 30.4944 57.7553 2.71424
      vertex 31.0154 57.7895 3.21964
    endloop
  endfacet
  facet normal 0.310579 0.914775 -0.258318
    outer loop
      vertex 31.4495 57.4994 2.71424
      vertex 30.9803 57.6587 2.71424
      vertex 31.0154 57.7895 3.21964
    endloop
  endfacet
  facet normal 0.180192 0.906371 -0.382128
    outer loop
      vertex 30.9285 57.4652 2.23085
      vertex 30.4944 57.7553 2.71424
      vertex 30.9803 57.6587 2.71424
    endloop
  endfacet
  facet normal 0.297093 0.875055 -0.382119
    outer loop
      vertex 31.4495 57.4994 2.71424
      vertex 30.9285 57.4652 2.23085
      vertex 30.9803 57.6587 2.71424
    endloop
  endfacet
  facet normal 0.138076 0.694278 -0.706338
    outer loop
      vertex 30.6826 56.5475 0.992641
      vertex 30.3442 56.6148 0.992641
      vertex 30.3925 56.9816 1.36262
    endloop
  endfacet
  facet normal 0.0520794 0.792293 -0.607914
    outer loop
      vertex 30.3925 56.9816 1.36262
      vertex 30 57.0074 1.36262
      vertex 30 57.3259 1.77772
    endloop
  endfacet
  facet normal 0.694811 0.609338 -0.382026
    outer loop
      vertex 32.8461 56.1839 2.23085
      vertex 32.5367 56.5367 2.23085
      vertex 32.6783 56.6783 2.71424
    endloop
  endfacet
  facet normal 0.694781 0.609356 -0.382054
    outer loop
      vertex 32.8461 56.1839 2.23085
      vertex 32.6783 56.6783 2.71424
      vertex 33.005 56.3058 2.71424
    endloop
  endfacet
  facet normal 0.660134 0.441165 -0.607945
    outer loop
      vertex 32.6045 55.5037 1.36262
      vertex 32.3859 55.8308 1.36262
      vertex 32.6386 56.0247 1.77772
    endloop
  endfacet
  facet normal 0.597932 0.118915 -0.792677
    outer loop
      vertex 32.2033 54.2901 0.674122
      vertex 32.1466 54.5752 0.674122
      vertex 32.5475 54.6826 0.992641
    endloop
  endfacet
  facet normal 0.651322 0.571451 -0.499223
    outer loop
      vertex 32.6386 56.0247 1.77772
      vertex 32.3517 56.3517 1.77772
      vertex 32.5367 56.5367 2.23085
    endloop
  endfacet
  facet normal 0.523661 0.596854 -0.607902
    outer loop
      vertex 32.1265 56.1265 1.36262
      vertex 32.0247 56.6386 1.77772
      vertex 32.3517 56.3517 1.77772
    endloop
  endfacet
  facet normal -0.694811 0.609338 -0.382026
    outer loop
      vertex -32.5367 56.5367 2.23085
      vertex -32.8461 56.1839 2.23085
      vertex -32.6783 56.6783 2.71424
    endloop
  endfacet
  facet normal -0.914776 -0.310599 0.258289
    outer loop
      vertex -33.6587 3.01967 57.2858
      vertex -33.7895 2.98462 56.7804
      vertex -33.4994 2.5505 57.2858
    endloop
  endfacet
  facet normal -0.922201 -0.0604612 0.381956
    outer loop
      vertex -33.5875 4 57.7692
      vertex -33.7553 3.5056 57.2858
      vertex -33.5568 3.53174 57.7692
    endloop
  endfacet
  facet normal -0.427233 -0.866459 -0.258305
    outer loop
      vertex -31.6 0.46203 3.09259
      vertex -31.8939 0.719738 2.71424
      vertex -31.6 0.574822 2.71424
    endloop
  endfacet
  facet normal -0.297035 -0.875138 -0.381974
    outer loop
      vertex -31.3729 0.685591 2.23085
      vertex -31.1108 0.522801 2.4
      vertex -31.3997 0.620858 2.4
    endloop
  endfacet
  facet normal -0.297046 -0.87514 -0.38196
    outer loop
      vertex -31.1108 0.522801 2.4
      vertex -31.3729 0.685591 2.23085
      vertex -30.9285 0.53475 2.23085
    endloop
  endfacet
  facet normal -0.0463024 -0.706351 -0.706346
    outer loop
      vertex -30 0.992641 1.36262
      vertex -30.3925 1.01837 1.36262
      vertex -30.3442 1.38518 0.992641
    endloop
  endfacet
  facet normal -0.0604455 -0.922194 -0.381975
    outer loop
      vertex -30.4683 0.443201 2.23085
      vertex -30.173 0.353783 2.4
      vertex -30.4774 0.373735 2.4
    endloop
  endfacet
  facet normal -0.0604376 -0.922189 -0.381987
    outer loop
      vertex -30.173 0.353783 2.4
      vertex -30.4683 0.443201 2.23085
      vertex -30 0.41251 2.23085
    endloop
  endfacet
  facet normal -0.0519353 -0.792281 -0.607942
    outer loop
      vertex -30 0.674122 1.77772
      vertex -30.3925 1.01837 1.36262
      vertex -30 0.992641 1.36262
    endloop
  endfacet
  facet normal -0.180344 -0.906412 -0.381959
    outer loop
      vertex -30.7766 0.433248 2.4
      vertex -30.9466 0.467072 2.4
      vertex -30.9285 0.53475 2.23085
    endloop
  endfacet
  facet normal -0.154861 -0.778745 -0.607926
    outer loop
      vertex -30.3925 1.01837 1.36262
      vertex -30.8608 0.787449 1.77772
      vertex -30.7784 1.09511 1.36262
    endloop
  endfacet
  facet normal -0.441097 -0.660182 -0.607942
    outer loop
      vertex -31.5037 1.39555 1.36262
      vertex -32.0247 1.3614 1.77772
      vertex -31.8308 1.6141 1.36262
    endloop
  endfacet
  facet normal 0.0519316 -0.79228 -0.607944
    outer loop
      vertex 30.4341 0.702576 1.77772
      vertex 30 0.674122 1.77772
      vertex 30.3925 1.01837 1.36262
    endloop
  endfacet
  facet normal 0.255223 -0.751842 -0.607943
    outer loop
      vertex 31.2728 0.927289 1.77772
      vertex 30.7784 1.09511 1.36262
      vertex 31.1509 1.22156 1.36262
    endloop
  endfacet
  facet normal -0.0747897 -0.376019 -0.923589
    outer loop
      vertex -30.2309 2.24598 0.41251
      vertex -30.4579 2.29113 0.41251
      vertex -30.1678 2.72524 0.21228
    endloop
  endfacet
  facet normal 0.169039 -0.849844 -0.499191
    outer loop
      vertex 30.9285 0.53475 2.23085
      vertex 30.4341 0.702576 1.77772
      vertex 30.8608 0.787449 1.77772
    endloop
  endfacet
  facet normal 0.278505 -0.820518 -0.499185
    outer loop
      vertex 31.3729 0.685591 2.23085
      vertex 30.9285 0.53475 2.23085
      vertex 31.2728 0.927289 1.77772
    endloop
  endfacet
  facet normal -0.0976935 -0.491172 -0.865567
    outer loop
      vertex -30.2901 1.79673 0.674122
      vertex -30.4579 2.29113 0.41251
      vertex -30.2309 2.24598 0.41251
    endloop
  endfacet
  facet normal -0.03986 -0.60828 -0.792721
    outer loop
      vertex -30 1.36262 0.992641
      vertex -30.2901 1.79673 0.674122
      vertex -30 1.77772 0.674122
    endloop
  endfacet
  facet normal -0.0977007 -0.491174 -0.865565
    outer loop
      vertex -30.2901 1.79673 0.674122
      vertex -30.5752 1.85344 0.674122
      vertex -30.4579 2.29113 0.41251
    endloop
  endfacet
  facet normal -0.0327467 -0.499728 -0.865563
    outer loop
      vertex -30 1.77772 0.674122
      vertex -30.2901 1.79673 0.674122
      vertex -30 2.23085 0.41251
    endloop
  endfacet
  facet normal 0.138065 -0.694285 0.706333
    outer loop
      vertex 30.6826 1.45248 59.0074
      vertex 30.3925 1.01837 58.6374
      vertex 30.7784 1.09511 58.6374
    endloop
  endfacet
  facet normal 0.154861 -0.778745 0.607926
    outer loop
      vertex 30.7784 1.09511 58.6374
      vertex 30.3925 1.01837 58.6374
      vertex 30.8608 0.787449 58.2223
    endloop
  endfacet
  facet normal 0.33016 -0.376567 0.865559
    outer loop
      vertex 31.5714 2.42861 59.3259
      vertex 31.077 2.59644 59.5875
      vertex 31.3528 2.23695 59.3259
    endloop
  endfacet
  facet normal 0.338681 -0.506802 0.792746
    outer loop
      vertex 31.3528 2.23695 59.3259
      vertex 31.3187 1.71596 59.0074
      vertex 31.6055 1.90762 59.0074
    endloop
  endfacet
  facet normal 0.506902 -0.338583 0.792724
    outer loop
      vertex 32.284 2.68131 59.0074
      vertex 31.7631 2.64716 59.3259
      vertex 32.0924 2.39446 59.0074
    endloop
  endfacet
  facet normal -0.408761 -0.828908 0.381871
    outer loop
      vertex -31.3729 0.685591 57.7692
      vertex -31.5552 0.69754 57.6
      vertex -31.3997 0.620858 57.6
    endloop
  endfacet
  facet normal -0.408691 -0.828855 0.382061
    outer loop
      vertex -31.6 0.700477 57.5584
      vertex -31.8939 0.719738 57.2858
      vertex -31.6 0.574822 57.2858
    endloop
  endfacet
  facet normal 0.25268 -0.28825 0.923615
    outer loop
      vertex 30.9092 3.09083 59.7877
      vertex 30.7827 2.97994 59.7877
      vertex 31.077 2.59644 59.5875
    endloop
  endfacet
  facet normal 0.245595 -0.0832734 0.965789
    outer loop
      vertex 31.2419 3.66722 59.7877
      vertex 30.7538 3.79803 59.9231
      vertex 31.1879 3.50796 59.7877
    endloop
  endfacet
  facet normal -0.0398674 -0.60826 0.792736
    outer loop
      vertex -30.2901 1.79673 59.3259
      vertex -30.3442 1.38518 59.0074
      vertex -30 1.36262 59.0074
    endloop
  endfacet
  facet normal -0.269596 -0.546683 0.792752
    outer loop
      vertex -30.8504 1.94688 59.3259
      vertex -31.3187 1.71596 59.0074
      vertex -31.0093 1.56338 59.0074
    endloop
  endfacet
  facet normal -0.138065 -0.694285 0.706333
    outer loop
      vertex -30.6826 1.45248 59.0074
      vertex -30.7784 1.09511 58.6374
      vertex -30.3925 1.01837 58.6374
    endloop
  endfacet
  facet normal 0.408868 -0.828799 0.381994
    outer loop
      vertex 31.6 0.719641 57.6
      vertex 31.3729 0.685591 57.7692
      vertex 31.5552 0.69754 57.6
    endloop
  endfacet
  facet normal 0.408818 -0.82886 0.381915
    outer loop
      vertex 31.3729 0.685591 57.7692
      vertex 31.6 0.719641 57.6
      vertex 31.7937 0.893142 57.7692
    endloop
  endfacet
  facet normal 0.40889 -0.828862 0.381834
    outer loop
      vertex 31.6 0.700477 57.5584
      vertex 31.7937 0.893142 57.7692
      vertex 31.6 0.719641 57.6
    endloop
  endfacet
  facet normal 0.408675 -0.828872 0.382042
    outer loop
      vertex 31.7937 0.893142 57.7692
      vertex 31.6 0.700477 57.5584
      vertex 31.8939 0.719738 57.2858
    endloop
  endfacet
  facet normal 0.154892 -0.778722 0.607948
    outer loop
      vertex 30.8608 0.787449 58.2223
      vertex 30.3925 1.01837 58.6374
      vertex 30.4341 0.702576 58.2223
    endloop
  endfacet
  facet normal 0.0566648 -0.864622 0.499218
    outer loop
      vertex 30 0.674122 58.2223
      vertex 30 0.41251 57.7692
      vertex 30.4683 0.443201 57.7692
    endloop
  endfacet
  facet normal 0.427237 -0.866466 0.258273
    outer loop
      vertex 31.6 0.574822 57.2858
      vertex 31.6 0.46203 56.9074
      vertex 31.8939 0.719738 57.2858
    endloop
  endfacet
  facet normal 0.180344 -0.906412 -0.381959
    outer loop
      vertex 30.9466 0.467072 2.4
      vertex 30.7766 0.433248 2.4
      vertex 30.9285 0.53475 2.23085
    endloop
  endfacet
  facet normal 0.670235 0.22761 -0.706384
    outer loop
      vertex 32.9049 54.7784 1.36262
      vertex 32.5475 54.6826 0.992641
      vertex 32.7784 55.1509 1.36262
    endloop
  endfacet
  facet normal 0.864604 0.0567639 -0.499238
    outer loop
      vertex 33.3259 54 1.77772
      vertex 33.2974 54.4341 1.77772
      vertex 33.5568 54.4683 2.23085
    endloop
  endfacet
  facet normal 0.36302 0.123135 -0.92361
    outer loop
      vertex 31.2419 54.3328 0.21228
      vertex 31.1879 54.492 0.21228
      vertex 31.7089 54.4579 0.41251
    endloop
  endfacet
  facet normal 0.588518 0.393305 -0.706369
    outer loop
      vertex 32.6045 55.5037 1.36262
      vertex 32.0924 55.6055 0.992641
      vertex 32.3859 55.8308 1.36262
    endloop
  endfacet
  facet normal 0.60828 0.0398391 -0.792722
    outer loop
      vertex 32.2223 54 0.674122
      vertex 32.2033 54.2901 0.674122
      vertex 32.6374 54 0.992641
    endloop
  endfacet
  facet normal 0.499753 0.0327312 -0.865549
    outer loop
      vertex 32.2223 54 0.674122
      vertex 31.7692 54 0.41251
      vertex 32.2033 54.2901 0.674122
    endloop
  endfacet
  facet normal 0.0578834 0.117304 -0.991408
    outer loop
      vertex 30.3902 54.6758 0.0768595
      vertex 30.1308 54.2266 0.00856495
      vertex 30.2986 54.721 0.0768595
    endloop
  endfacet
  facet normal 0.577244 0.19612 -0.79267
    outer loop
      vertex 32.1466 54.5752 0.674122
      vertex 32.0531 54.8504 0.674122
      vertex 32.5475 54.6826 0.992641
    endloop
  endfacet
  facet normal -0.123849 -0.0420474 -0.99141
    outer loop
      vertex -30.2417 3.89989 0.00856495
      vertex -30.721 3.70137 0.0768595
      vertex -30.2527 3.93229 0.00856495
    endloop
  endfacet
  facet normal 0.00857382 -0.130521 -0.991408
    outer loop
      vertex 30.0341 3.74063 0.00856495
      vertex 30 3.21964 0.0768595
      vertex 30 3.73839 0.00856495
    endloop
  endfacet
  facet normal 0.0975805 0.491148 -0.865593
    outer loop
      vertex 30.4579 55.7089 0.41251
      vertex 30.2309 55.754 0.41251
      vertex 30.2901 56.2033 0.674122
    endloop
  endfacet
  facet normal 0.706349 -0.0464254 -0.706339
    outer loop
      vertex 32.9816 3.60746 1.36262
      vertex 32.6148 3.65575 0.992641
      vertex 33.0074 4 1.36262
    endloop
  endfacet
  facet normal 0.577247 -0.196079 -0.792678
    outer loop
      vertex 32.5475 3.3174 0.992641
      vertex 32.0531 3.14957 0.674122
      vertex 32.1466 3.42483 0.674122
    endloop
  endfacet
  facet normal 0.338694 -0.506821 -0.792729
    outer loop
      vertex 31.6055 1.90762 0.992641
      vertex 31.3187 1.71596 0.992641
      vertex 31.3528 2.23695 0.674122
    endloop
  endfacet
  facet normal 0.864645 0.0566829 -0.499175
    outer loop
      vertex 33.5875 54 2.23085
      vertex 33.3259 54 1.77772
      vertex 33.5568 54.4683 2.23085
    endloop
  endfacet
  facet normal 0.706326 -0.0463703 -0.706366
    outer loop
      vertex 33.0074 4 1.36262
      vertex 32.6148 3.65575 0.992641
      vertex 32.6374 4 0.992641
    endloop
  endfacet
  facet normal 0.441059 -0.660247 -0.607899
    outer loop
      vertex 31.6629 1.11971 1.77772
      vertex 31.5037 1.39555 1.36262
      vertex 32.0247 1.3614 1.77772
    endloop
  endfacet
  facet normal 0.258764 0.0170139 -0.965791
    outer loop
      vertex 30.7804 54 0.0768595
      vertex 30.7737 54.1019 0.0768595
      vertex 31.2748 54.1678 0.21228
    endloop
  endfacet
  facet normal 0.118906 -0.597888 -0.792711
    outer loop
      vertex 30.3442 1.38518 0.992641
      vertex 30.2901 1.79673 0.674122
      vertex 30.6826 1.45248 0.992641
    endloop
  endfacet
  facet normal 0.513401 -0.768404 -0.382066
    outer loop
      vertex 31.8939 0.719738 2.71424
      vertex 31.7937 0.893142 2.23085
      vertex 32.1839 1.15385 2.23085
    endloop
  endfacet
  facet normal 0.550854 -0.824383 -0.130202
    outer loop
      vertex 31.9957 0.543316 3.73839
      vertex 31.9616 0.602461 3.21964
      vertex 32.4298 0.833382 3.73839
    endloop
  endfacet
  facet normal 0.609356 -0.694809 -0.382002
    outer loop
      vertex 32.6783 1.32168 2.71424
      vertex 32.1839 1.15385 2.23085
      vertex 32.5367 1.46326 2.23085
    endloop
  endfacet
  facet normal 0.466716 -0.532229 -0.706335
    outer loop
      vertex 32.1265 1.87348 1.36262
      vertex 31.6055 1.90762 0.992641
      vertex 31.8649 2.13509 0.992641
    endloop
  endfacet
  facet normal 0.653671 -0.745484 -0.130259
    outer loop
      vertex 32.8224 1.17763 3.73839
      vertex 32.4298 0.833382 3.73839
      vertex 32.7741 1.22592 3.21964
    endloop
  endfacet
  facet normal 0.745479 -0.653676 -0.130261
    outer loop
      vertex 32.8224 1.17763 3.73839
      vertex 32.7741 1.22592 3.21964
      vertex 33.1666 1.57017 3.73839
    endloop
  endfacet
  facet normal 0.914775 -0.31061 -0.258279
    outer loop
      vertex 33.6245 2.49868 3.21964
      vertex 33.4994 2.5505 2.71424
      vertex 33.7895 2.98462 3.21964
    endloop
  endfacet
  facet normal 0.803232 -0.536775 -0.258248
    outer loop
      vertex 33.1124 1.61174 3.21964
      vertex 33.005 1.69418 2.71424
      vertex 33.2803 2.10614 2.71424
    endloop
  endfacet
  facet normal 1 -0 0
    outer loop
      vertex 33.9914 43 37
      vertex 33.9914 52 35.25
      vertex 33.9914 52 37
    endloop
  endfacet
  facet normal 1 0 0
    outer loop
      vertex 33.9914 52 35.25
      vertex 33.9914 43 37
      vertex 33.9914 43 35.25
    endloop
  endfacet
  facet normal 1 -0 0
    outer loop
      vertex 33.9914 43 40
      vertex 33.9914 52 38.25
      vertex 33.9914 52 40
    endloop
  endfacet
  facet normal 1 0 0
    outer loop
      vertex 33.9914 52 38.25
      vertex 33.9914 43 40
      vertex 33.9914 43 38.25
    endloop
  endfacet
  facet normal 1 -0 0
    outer loop
      vertex 33.9914 43 43
      vertex 33.9914 52 41.25
      vertex 33.9914 52 43
    endloop
  endfacet
  facet normal 1 0 0
    outer loop
      vertex 33.9914 52 41.25
      vertex 33.9914 43 43
      vertex 33.9914 43 41.25
    endloop
  endfacet
  facet normal 1 -0 0
    outer loop
      vertex 33.9914 43 46
      vertex 33.9914 52 44.25
      vertex 33.9914 52 46
    endloop
  endfacet
  facet normal 1 0 0
    outer loop
      vertex 33.9914 52 44.25
      vertex 33.9914 43 46
      vertex 33.9914 43 44.25
    endloop
  endfacet
  facet normal 1 -0 0
    outer loop
      vertex 33.9914 43 49
      vertex 33.9914 52 47.25
      vertex 33.9914 52 49
    endloop
  endfacet
  facet normal 1 0 0
    outer loop
      vertex 33.9914 52 47.25
      vertex 33.9914 43 49
      vertex 33.9914 43 47.25
    endloop
  endfacet
  facet normal 1 0 0
    outer loop
      vertex 33.9914 52 49
      vertex 33.9914 54 56.2616
      vertex 33.9914 52 50.25
    endloop
  endfacet
  facet normal 1 0 0
    outer loop
      vertex 33.9914 54 56.2616
      vertex 33.9914 43 50.25
      vertex 33.9914 52 50.25
    endloop
  endfacet
  facet normal 1 0 0
    outer loop
      vertex 33.9914 16.2 48.25
      vertex 33.9914 43 49
      vertex 33.9914 43 50.25
    endloop
  endfacet
  facet normal 1 0 0
    outer loop
      vertex 33.9914 43 49
      vertex 33.9914 16.2 48.25
      vertex 33.9914 43 47.25
    endloop
  endfacet
  facet normal 1 0 0
    outer loop
      vertex 33.9914 43 47.25
      vertex 33.9914 16.2 48.25
      vertex 33.9914 43 46
    endloop
  endfacet
  facet normal 1 0 0
    outer loop
      vertex 33.9914 43 46
      vertex 33.9914 16.2 48.25
      vertex 33.9914 43 44.25
    endloop
  endfacet
  facet normal 1 0 0
    outer loop
      vertex 33.9914 43 44.25
      vertex 33.9914 16.2 48.25
      vertex 33.9914 43 43
    endloop
  endfacet
  facet normal 1 0 0
    outer loop
      vertex 33.9914 16.2 36.75
      vertex 33.9914 43 43
      vertex 33.9914 16.2 48.25
    endloop
  endfacet
  facet normal 1 0 0
    outer loop
      vertex 33.9914 43 43
      vertex 33.9914 16.2 36.75
      vertex 33.9914 43 41.25
    endloop
  endfacet
  facet normal 1 0 0
    outer loop
      vertex 33.9914 43 41.25
      vertex 33.9914 16.2 36.75
      vertex 33.9914 43 40
    endloop
  endfacet
  facet normal 1 0 0
    outer loop
      vertex 33.9914 43 40
      vertex 33.9914 16.2 36.75
      vertex 33.9914 43 38.25
    endloop
  endfacet
  facet normal 1 0 0
    outer loop
      vertex 33.9914 43 38.25
      vertex 33.9914 16.2 36.75
      vertex 33.9914 43 37
    endloop
  endfacet
  facet normal 1 0 0
    outer loop
      vertex 33.9914 43 37
      vertex 33.9914 16.2 36.75
      vertex 33.9914 43 35.25
    endloop
  endfacet
  facet normal 1 -0 0
    outer loop
      vertex 33.9914 12.3123 51.7782
      vertex 33.9914 43 50.25
      vertex 33.9914 54 56.2616
    endloop
  endfacet
  facet normal 1 0 0
    outer loop
      vertex 33.9914 43 50.25
      vertex 33.9914 12.9694 51.274
      vertex 33.9914 16.2 48.25
    endloop
  endfacet
  facet normal 1 0 0
    outer loop
      vertex 33.9914 16.2 48.25
      vertex 33.9914 13.2863 50.5088
      vertex 33.9914 13.3 50.3
    endloop
  endfacet
  facet normal 1 0 0
    outer loop
      vertex 33.9914 16.2 48.25
      vertex 33.9914 13.2455 50.7141
      vertex 33.9914 13.2863 50.5088
    endloop
  endfacet
  facet normal 1 0 0
    outer loop
      vertex 33.9914 16.2 48.25
      vertex 33.9914 13.1782 50.9123
      vertex 33.9914 13.2455 50.7141
    endloop
  endfacet
  facet normal 1 0 0
    outer loop
      vertex 33.9914 16.2 48.25
      vertex 33.9914 13.0856 51.1
      vertex 33.9914 13.1782 50.9123
    endloop
  endfacet
  facet normal 1 0 0
    outer loop
      vertex 33.9914 16.2 48.25
      vertex 33.9914 12.9694 51.274
      vertex 33.9914 13.0856 51.1
    endloop
  endfacet
  facet normal 1 0 0
    outer loop
      vertex 33.9914 43 50.25
      vertex 33.9914 12.8314 51.4314
      vertex 33.9914 12.9694 51.274
    endloop
  endfacet
  facet normal 1 0 0
    outer loop
      vertex 33.9914 43 50.25
      vertex 33.9914 12.674 51.5694
      vertex 33.9914 12.8314 51.4314
    endloop
  endfacet
  facet normal 1 0 0
    outer loop
      vertex 33.9914 43 50.25
      vertex 33.9914 12.5 51.6856
      vertex 33.9914 12.674 51.5694
    endloop
  endfacet
  facet normal 1 0 0
    outer loop
      vertex 33.9914 43 50.25
      vertex 33.9914 12.3123 51.7782
      vertex 33.9914 12.5 51.6856
    endloop
  endfacet
  facet normal 1 -0 0
    outer loop
      vertex 33.9914 4 56.2616
      vertex 33.9914 12.3123 51.7782
      vertex 33.9914 54 56.2616
    endloop
  endfacet
  facet normal 1 0 0
    outer loop
      vertex 33.9914 12.3123 51.7782
      vertex 33.9914 4 56.2616
      vertex 33.9914 12.1141 51.8455
    endloop
  endfacet
  facet normal 1 0 0
    outer loop
      vertex 33.9914 12.1141 51.8455
      vertex 33.9914 4 56.2616
      vertex 33.9914 11.9088 51.8863
    endloop
  endfacet
  facet normal 1 0 0
    outer loop
      vertex 33.9914 11.9088 51.8863
      vertex 33.9914 4 56.2616
      vertex 33.9914 11.7 51.9
    endloop
  endfacet
  facet normal 1 0 0
    outer loop
      vertex 33.9914 10.1137 50.5088
      vertex 33.9914 7.2 48.25
      vertex 33.9914 10.1 50.3
    endloop
  endfacet
  facet normal 1 0 0
    outer loop
      vertex 33.9914 10.1545 50.7141
      vertex 33.9914 7.2 48.25
      vertex 33.9914 10.1137 50.5088
    endloop
  endfacet
  facet normal 1 0 0
    outer loop
      vertex 33.9914 10.2218 50.9123
      vertex 33.9914 7.2 48.25
      vertex 33.9914 10.1545 50.7141
    endloop
  endfacet
  facet normal 1 0 0
    outer loop
      vertex 33.9914 4 56.2616
      vertex 33.9914 10.2218 50.9123
      vertex 33.9914 10.3144 51.1
    endloop
  endfacet
  facet normal 1 0 0
    outer loop
      vertex 33.9914 4 56.2616
      vertex 33.9914 10.3144 51.1
      vertex 33.9914 10.4306 51.274
    endloop
  endfacet
  facet normal 1 0 0
    outer loop
      vertex 33.9914 4 56.2616
      vertex 33.9914 10.4306 51.274
      vertex 33.9914 10.5686 51.4314
    endloop
  endfacet
  facet normal 1 0 0
    outer loop
      vertex 33.9914 7.2 48.25
      vertex 33.9914 4 56.2616
      vertex 33.9914 7.2 36.75
    endloop
  endfacet
  facet normal 1 0 0
    outer loop
      vertex 33.9914 10.2218 50.9123
      vertex 33.9914 4 56.2616
      vertex 33.9914 7.2 48.25
    endloop
  endfacet
  facet normal 1 0 0
    outer loop
      vertex 33.9914 10.726 51.5694
      vertex 33.9914 4 56.2616
      vertex 33.9914 10.5686 51.4314
    endloop
  endfacet
  facet normal 1 0 0
    outer loop
      vertex 33.9914 10.9 51.6856
      vertex 33.9914 4 56.2616
      vertex 33.9914 10.726 51.5694
    endloop
  endfacet
  facet normal 1 0 0
    outer loop
      vertex 33.9914 11.0877 51.7782
      vertex 33.9914 4 56.2616
      vertex 33.9914 10.9 51.6856
    endloop
  endfacet
  facet normal 1 0 0
    outer loop
      vertex 33.9914 11.2859 51.8455
      vertex 33.9914 4 56.2616
      vertex 33.9914 11.0877 51.7782
    endloop
  endfacet
  facet normal 1 0 0
    outer loop
      vertex 33.9914 11.4912 51.8863
      vertex 33.9914 4 56.2616
      vertex 33.9914 11.2859 51.8455
    endloop
  endfacet
  facet normal 1 0 0
    outer loop
      vertex 33.9914 11.7 51.9
      vertex 33.9914 4 56.2616
      vertex 33.9914 11.4912 51.8863
    endloop
  endfacet
  facet normal 1 0 0
    outer loop
      vertex 33.9914 52 47.25
      vertex 33.9914 54 56.2616
      vertex 33.9914 52 49
    endloop
  endfacet
  facet normal 1 0 0
    outer loop
      vertex 33.9914 52 46
      vertex 33.9914 54 56.2616
      vertex 33.9914 52 47.25
    endloop
  endfacet
  facet normal 1 0 0
    outer loop
      vertex 33.9914 52 44.25
      vertex 33.9914 54 56.2616
      vertex 33.9914 52 46
    endloop
  endfacet
  facet normal 1 0 0
    outer loop
      vertex 33.9914 52 43
      vertex 33.9914 54 56.2616
      vertex 33.9914 52 44.25
    endloop
  endfacet
  facet normal 1 0 0
    outer loop
      vertex 33.9914 52 41.25
      vertex 33.9914 54 56.2616
      vertex 33.9914 52 43
    endloop
  endfacet
  facet normal 1 0 0
    outer loop
      vertex 33.9914 52 40
      vertex 33.9914 54 56.2616
      vertex 33.9914 52 41.25
    endloop
  endfacet
  facet normal 1 0 0
    outer loop
      vertex 33.9914 52 38.25
      vertex 33.9914 54 56.2616
      vertex 33.9914 52 40
    endloop
  endfacet
  facet normal 1 0 0
    outer loop
      vertex 33.9914 52 37
      vertex 33.9914 54 56.2616
      vertex 33.9914 52 38.25
    endloop
  endfacet
  facet normal 1 0 0
    outer loop
      vertex 33.9914 52 35.25
      vertex 33.9914 54 56.2616
      vertex 33.9914 52 37
    endloop
  endfacet
  facet normal 1 0 0
    outer loop
      vertex 33.9914 52 34
      vertex 33.9914 54 56.2616
      vertex 33.9914 52 35.25
    endloop
  endfacet
  facet normal 1 0 0
    outer loop
      vertex 33.9914 54 56.2616
      vertex 33.9914 52 34
      vertex 33.9914 54 3.73839
    endloop
  endfacet
  facet normal 1 -0 0
    outer loop
      vertex 33.9914 43 34
      vertex 33.9914 54 3.73839
      vertex 33.9914 52 34
    endloop
  endfacet
  facet normal 1 0 0
    outer loop
      vertex 33.9914 43 35.25
      vertex 33.9914 16.2 36.75
      vertex 33.9914 43 34
    endloop
  endfacet
  facet normal 1 0 0
    outer loop
      vertex 33.9914 4 3.73839
      vertex 33.9914 43 34
      vertex 33.9914 16.2 36.75
    endloop
  endfacet
  facet normal 1 0 0
    outer loop
      vertex 33.9914 4 3.73839
      vertex 33.9914 16.2 36.75
      vertex 33.9914 7.2 36.75
    endloop
  endfacet
  facet normal 1 0 0
    outer loop
      vertex 33.9914 43 34
      vertex 33.9914 4 3.73839
      vertex 33.9914 54 3.73839
    endloop
  endfacet
  facet normal 1 0 0
    outer loop
      vertex 33.9914 4 3.73839
      vertex 33.9914 7.2 36.75
      vertex 33.9914 4 56.2616
    endloop
  endfacet
  facet normal 1 -0 0
    outer loop
      vertex 33.9914 13.2863 50.0912
      vertex 33.9914 16.2 48.25
      vertex 33.9914 13.3 50.3
    endloop
  endfacet
  facet normal 1 -0 0
    outer loop
      vertex 33.9914 13.2455 49.8859
      vertex 33.9914 16.2 48.25
      vertex 33.9914 13.2863 50.0912
    endloop
  endfacet
  facet normal 1 -0 0
    outer loop
      vertex 33.9914 13.1782 49.6877
      vertex 33.9914 16.2 48.25
      vertex 33.9914 13.2455 49.8859
    endloop
  endfacet
  facet normal 1 -0 0
    outer loop
      vertex 33.9914 13.0856 49.5
      vertex 33.9914 16.2 48.25
      vertex 33.9914 13.1782 49.6877
    endloop
  endfacet
  facet normal 1 -0 0
    outer loop
      vertex 33.9914 12.9694 49.326
      vertex 33.9914 16.2 48.25
      vertex 33.9914 13.0856 49.5
    endloop
  endfacet
  facet normal 1 -0 0
    outer loop
      vertex 33.9914 12.8314 49.1686
      vertex 33.9914 16.2 48.25
      vertex 33.9914 12.9694 49.326
    endloop
  endfacet
  facet normal 1 -0 0
    outer loop
      vertex 33.9914 12.674 49.0306
      vertex 33.9914 16.2 48.25
      vertex 33.9914 12.8314 49.1686
    endloop
  endfacet
  facet normal 1 -0 0
    outer loop
      vertex 33.9914 12.5 48.9144
      vertex 33.9914 16.2 48.25
      vertex 33.9914 12.674 49.0306
    endloop
  endfacet
  facet normal 1 -0 0
    outer loop
      vertex 33.9914 12.3123 48.8218
      vertex 33.9914 16.2 48.25
      vertex 33.9914 12.5 48.9144
    endloop
  endfacet
  facet normal 1 -0 0
    outer loop
      vertex 33.9914 12.1141 48.7545
      vertex 33.9914 16.2 48.25
      vertex 33.9914 12.3123 48.8218
    endloop
  endfacet
  facet normal 1 -0 0
    outer loop
      vertex 33.9914 11.9088 48.7137
      vertex 33.9914 16.2 48.25
      vertex 33.9914 12.1141 48.7545
    endloop
  endfacet
  facet normal 1 -0 0
    outer loop
      vertex 33.9914 11.7 48.7
      vertex 33.9914 16.2 48.25
      vertex 33.9914 11.9088 48.7137
    endloop
  endfacet
  facet normal 1 0 0
    outer loop
      vertex 33.9914 7.2 48.25
      vertex 33.9914 11.7 48.7
      vertex 33.9914 11.4912 48.7137
    endloop
  endfacet
  facet normal 1 0 0
    outer loop
      vertex 33.9914 11.7 48.7
      vertex 33.9914 7.2 48.25
      vertex 33.9914 16.2 48.25
    endloop
  endfacet
  facet normal 1 0 0
    outer loop
      vertex 33.9914 11.2859 48.7545
      vertex 33.9914 7.2 48.25
      vertex 33.9914 11.4912 48.7137
    endloop
  endfacet
  facet normal 1 0 0
    outer loop
      vertex 33.9914 11.0877 48.8218
      vertex 33.9914 7.2 48.25
      vertex 33.9914 11.2859 48.7545
    endloop
  endfacet
  facet normal 1 0 0
    outer loop
      vertex 33.9914 10.9 48.9144
      vertex 33.9914 7.2 48.25
      vertex 33.9914 11.0877 48.8218
    endloop
  endfacet
  facet normal 1 0 0
    outer loop
      vertex 33.9914 10.726 49.0306
      vertex 33.9914 7.2 48.25
      vertex 33.9914 10.9 48.9144
    endloop
  endfacet
  facet normal 1 0 0
    outer loop
      vertex 33.9914 10.5686 49.1686
      vertex 33.9914 7.2 48.25
      vertex 33.9914 10.726 49.0306
    endloop
  endfacet
  facet normal 1 0 0
    outer loop
      vertex 33.9914 10.4306 49.326
      vertex 33.9914 7.2 48.25
      vertex 33.9914 10.5686 49.1686
    endloop
  endfacet
  facet normal 1 0 0
    outer loop
      vertex 33.9914 10.3144 49.5
      vertex 33.9914 7.2 48.25
      vertex 33.9914 10.4306 49.326
    endloop
  endfacet
  facet normal 1 0 0
    outer loop
      vertex 33.9914 10.2218 49.6877
      vertex 33.9914 7.2 48.25
      vertex 33.9914 10.3144 49.5
    endloop
  endfacet
  facet normal 1 0 0
    outer loop
      vertex 33.9914 10.1545 49.8859
      vertex 33.9914 7.2 48.25
      vertex 33.9914 10.2218 49.6877
    endloop
  endfacet
  facet normal 1 0 0
    outer loop
      vertex 33.9914 10.1137 50.0912
      vertex 33.9914 7.2 48.25
      vertex 33.9914 10.1545 49.8859
    endloop
  endfacet
  facet normal 1 0 0
    outer loop
      vertex 33.9914 7.2 48.25
      vertex 33.9914 10.1137 50.0912
      vertex 33.9914 10.1 50.3
    endloop
  endfacet
  facet normal 0.997865 0.0653113 0
    outer loop
      vertex 33.9914 54 56.2616
      vertex 33.9573 54.521 3.73839
      vertex 33.9573 54.521 56.2616
    endloop
  endfacet
  facet normal 0.997865 0.0653113 0
    outer loop
      vertex 33.9573 54.521 3.73839
      vertex 33.9914 54 56.2616
      vertex 33.9914 54 3.73839
    endloop
  endfacet
  facet normal 0.914775 0.310579 -0.258318
    outer loop
      vertex 33.6587 54.9803 2.71424
      vertex 33.4994 55.4495 2.71424
      vertex 33.7895 55.0154 3.21964
    endloop
  endfacet
  facet normal 0.963986 0.063061 0.258369
    outer loop
      vertex 33.8896 54.5121 56.7804
      vertex 33.7553 54.4944 57.2858
      vertex 33.9231 54 56.7804
    endloop
  endfacet
  facet normal 0.458292 0.401933 0.792728
    outer loop
      vertex 31.8649 55.8649 59.0074
      vertex 31.7631 55.3528 59.3259
      vertex 32.0924 55.6055 59.0074
    endloop
  endfacet
  facet normal 0.651481 -0.571322 0.499163
    outer loop
      vertex 32.6386 1.97533 58.2223
      vertex 32.5367 1.46326 57.7692
      vertex 32.8461 1.81607 57.7692
    endloop
  endfacet
  facet normal 0.694829 -0.609336 0.381998
    outer loop
      vertex 32.8461 1.81607 57.7692
      vertex 32.5367 1.46326 57.7692
      vertex 32.6783 1.32168 57.2858
    endloop
  endfacet
  facet normal 0.922201 -0.0604612 0.381956
    outer loop
      vertex 33.5875 4 57.7692
      vertex 33.5568 3.53174 57.7692
      vertex 33.7553 3.5056 57.2858
    endloop
  endfacet
  facet normal 0.938853 -0.318786 0.130121
    outer loop
      vertex 33.7895 2.98462 56.7804
      vertex 33.6245 2.49868 56.7804
      vertex 33.8554 2.96694 56.2616
    endloop
  endfacet
  facet normal 0.577211 -0.195949 0.792737
    outer loop
      vertex 32.5475 3.3174 59.0074
      vertex 32.0531 3.14957 59.3259
      vertex 32.4366 2.99072 59.0074
    endloop
  endfacet
  facet normal 0.401866 -0.458353 0.792727
    outer loop
      vertex 31.5714 2.42861 59.3259
      vertex 31.3528 2.23695 59.3259
      vertex 31.8649 2.13509 59.0074
    endloop
  endfacet
  facet normal 0.972417 -0.193507 -0.130234
    outer loop
      vertex 33.9573 3.47901 3.73839
      vertex 33.8554 2.96694 3.73839
      vertex 33.8896 3.48793 3.21964
    endloop
  endfacet
  facet normal 0.972451 -0.193404 -0.130128
    outer loop
      vertex 33.8554 2.96694 3.73839
      vertex 33.7895 2.98462 3.21964
      vertex 33.8896 3.48793 3.21964
    endloop
  endfacet
  facet normal 0.550832 -0.824404 0.130161
    outer loop
      vertex 32.3883 0.887564 56.7804
      vertex 31.9616 0.602461 56.7804
      vertex 32.4298 0.833382 56.2616
    endloop
  endfacet
  facet normal 0.653758 -0.745428 0.130146
    outer loop
      vertex 32.7741 1.22592 56.7804
      vertex 32.3883 0.887564 56.7804
      vertex 32.4298 0.833382 56.2616
    endloop
  endfacet
  facet normal 0.278501 -0.820504 0.49921
    outer loop
      vertex 31.2728 0.927289 58.2223
      vertex 30.9285 0.53475 57.7692
      vertex 31.3729 0.685591 57.7692
    endloop
  endfacet
  facet normal 0.441059 -0.660247 0.607899
    outer loop
      vertex 32.0247 1.3614 58.2223
      vertex 31.5037 1.39555 58.6374
      vertex 31.6629 1.11971 58.2223
    endloop
  endfacet
  facet normal 0.351182 -0.712093 0.607943
    outer loop
      vertex 31.5037 1.39555 58.6374
      vertex 31.1509 1.22156 58.6374
      vertex 31.2728 0.927289 58.2223
    endloop
  endfacet
  facet normal 0.255223 -0.751842 0.607943
    outer loop
      vertex 31.1509 1.22156 58.6374
      vertex 30.7784 1.09511 58.6374
      vertex 31.2728 0.927289 58.2223
    endloop
  endfacet
  facet normal -0.963987 -0.0630647 0.258365
    outer loop
      vertex -33.7553 3.5056 57.2858
      vertex -33.9231 4 56.7804
      vertex -33.8896 3.48793 56.7804
    endloop
  endfacet
  facet normal -0.989366 -0.0647251 0.13025
    outer loop
      vertex -33.9231 4 56.7804
      vertex -33.9914 4 56.2616
      vertex -33.8896 3.48793 56.7804
    endloop
  endfacet
  facet normal -0.82888 -0.408695 0.382005
    outer loop
      vertex -33.3144 2.62713 57.7692
      vertex -33.4994 2.5505 57.2858
      vertex -33.2803 2.10614 57.2858
    endloop
  endfacet
  facet normal -0.82891 -0.408665 0.38197
    outer loop
      vertex -33.1069 2.20625 57.7692
      vertex -33.3144 2.62713 57.7692
      vertex -33.2803 2.10614 57.2858
    endloop
  endfacet
  facet normal -0.338681 -0.506802 0.792746
    outer loop
      vertex -31.3528 2.23695 59.3259
      vertex -31.6055 1.90762 59.0074
      vertex -31.3187 1.71596 59.0074
    endloop
  endfacet
  facet normal -0.523597 -0.596884 0.607927
    outer loop
      vertex -32.1265 1.87348 58.6374
      vertex -32.3517 1.64825 58.2223
      vertex -32.0247 1.3614 58.2223
    endloop
  endfacet
  facet normal -0.694829 -0.609336 0.381998
    outer loop
      vertex -32.5367 1.46326 57.7692
      vertex -32.8461 1.81607 57.7692
      vertex -32.6783 1.32168 57.2858
    endloop
  endfacet
  facet normal -0.481385 -0.720486 0.499168
    outer loop
      vertex -32.0247 1.3614 58.2223
      vertex -32.1839 1.15385 57.7692
      vertex -31.7937 0.893142 57.7692
    endloop
  endfacet
  facet normal -0.609358 -0.694811 0.381995
    outer loop
      vertex -32.5367 1.46326 57.7692
      vertex -32.6783 1.32168 57.2858
      vertex -32.1839 1.15385 57.7692
    endloop
  endfacet
  facet normal -0.571343 -0.651465 0.49916
    outer loop
      vertex -32.0247 1.3614 58.2223
      vertex -32.5367 1.46326 57.7692
      vertex -32.1839 1.15385 57.7692
    endloop
  endfacet
  facet normal -0.513491 -0.768384 0.381987
    outer loop
      vertex -32.1839 1.15385 57.7692
      vertex -32.3058 0.995 57.2858
      vertex -31.8939 0.719738 57.2858
    endloop
  endfacet
  facet normal -0.609353 -0.69482 0.381987
    outer loop
      vertex -32.1839 1.15385 57.7692
      vertex -32.6783 1.32168 57.2858
      vertex -32.3058 0.995 57.2858
    endloop
  endfacet
  facet normal -0.803232 -0.536775 0.258248
    outer loop
      vertex -33.005 1.69418 57.2858
      vertex -33.2803 2.10614 57.2858
      vertex -33.1124 1.61174 56.7804
    endloop
  endfacet
  facet normal -0.72631 -0.637008 0.258252
    outer loop
      vertex -33.005 1.69418 57.2858
      vertex -33.1124 1.61174 56.7804
      vertex -32.6783 1.32168 57.2858
    endloop
  endfacet
  facet normal -0.914775 -0.31061 0.258279
    outer loop
      vertex -33.4994 2.5505 57.2858
      vertex -33.7895 2.98462 56.7804
      vertex -33.6245 2.49868 56.7804
    endloop
  endfacet
  facet normal -0.824346 -0.55088 0.130327
    outer loop
      vertex -33.3975 2.03843 56.7804
      vertex -33.4567 2.00428 56.2616
      vertex -33.1666 1.57017 56.2616
    endloop
  endfacet
  facet normal -0.906371 -0.180181 -0.382134
    outer loop
      vertex -33.6587 3.01967 2.71424
      vertex -33.7553 3.5056 2.71424
      vertex -33.4652 3.07149 2.23085
    endloop
  endfacet
  facet normal -0.889236 -0.438484 -0.130346
    outer loop
      vertex -33.4567 2.00428 3.73839
      vertex -33.6876 2.47254 3.73839
      vertex -33.3975 2.03843 3.21964
    endloop
  endfacet
  facet normal -0.609356 -0.694809 -0.382002
    outer loop
      vertex -32.1839 1.15385 2.23085
      vertex -32.6783 1.32168 2.71424
      vertex -32.5367 1.46326 2.23085
    endloop
  endfacet
  facet normal -0.938851 -0.318785 -0.130133
    outer loop
      vertex -33.6245 2.49868 3.21964
      vertex -33.8554 2.96694 3.73839
      vertex -33.7895 2.98462 3.21964
    endloop
  endfacet
  facet normal -0.694255 -0.138016 -0.706373
    outer loop
      vertex -32.9049 3.22164 1.36262
      vertex -32.9816 3.60746 1.36262
      vertex -32.5475 3.3174 0.992641
    endloop
  endfacet
  facet normal -0.694784 -0.609358 -0.382043
    outer loop
      vertex -32.6783 1.32168 2.71424
      vertex -33.005 1.69418 2.71424
      vertex -32.8461 1.81607 2.23085
    endloop
  endfacet
  facet normal -0.972451 -0.193404 -0.130128
    outer loop
      vertex -33.8554 2.96694 3.73839
      vertex -33.8896 3.48793 3.21964
      vertex -33.7895 2.98462 3.21964
    endloop
  endfacet
  facet normal -0.997865 -0.0653126 0
    outer loop
      vertex -33.9573 3.47901 3.73839
      vertex -33.9914 4 56.2616
      vertex -33.9914 4 3.73839
    endloop
  endfacet
  facet normal -0.997865 -0.0653126 0
    outer loop
      vertex -33.9914 4 56.2616
      vertex -33.9573 3.47901 3.73839
      vertex -33.9573 3.47901 56.2616
    endloop
  endfacet
  facet normal -0.25878 0.0169641 -0.965787
    outer loop
      vertex -30.7804 54 0.0768595
      vertex -31.2858 54 0.21228
      vertex -31.2748 54.1678 0.21228
    endloop
  endfacet
  facet normal -0.49967 0.032893 -0.865591
    outer loop
      vertex -31.7692 54 0.41251
      vertex -32.2033 54.2901 0.674122
      vertex -31.754 54.2309 0.41251
    endloop
  endfacet
  facet normal -0.777119 -0.383202 -0.499242
    outer loop
      vertex -32.8803 2.33706 1.77772
      vertex -33.1069 2.20625 2.23085
      vertex -33.0727 2.72724 1.77772
    endloop
  endfacet
  facet normal -0.269614 -0.546693 -0.792739
    outer loop
      vertex -30.8504 1.94688 0.674122
      vertex -31.3187 1.71596 0.992641
      vertex -31.1111 2.07545 0.674122
    endloop
  endfacet
  facet normal 0.254355 -0.0507291 -0.96578
    outer loop
      vertex 31.2419 3.66722 0.21228
      vertex 30.7538 3.79803 0.0768595
      vertex 31.2748 3.83218 0.21228
    endloop
  endfacet
  facet normal 0.416417 -0.278102 -0.865596
    outer loop
      vertex 31.9246 2.88886 0.674122
      vertex 31.4036 2.92301 0.41251
      vertex 31.5321 3.11542 0.41251
    endloop
  endfacet
  facet normal 0.500021 0 -0.866013
    outer loop
      vertex 31.7692 4 0.41251
      vertex 32.2223 54 0.674122
      vertex 32.2223 4 0.674122
    endloop
  endfacet
  facet normal 0.500021 0 -0.866013
    outer loop
      vertex 32.2223 54 0.674122
      vertex 31.7692 4 0.41251
      vertex 31.7692 54 0.41251
    endloop
  endfacet
  facet normal 0.254346 -0.0505593 -0.965791
    outer loop
      vertex 31.2748 3.83218 0.21228
      vertex 30.7538 3.79803 0.0768595
      vertex 30.7737 3.89814 0.0768595
    endloop
  endfacet
  facet normal -0.0862704 -0.09832 -0.991408
    outer loop
      vertex -30.4751 3.3809 0.0768595
      vertex -30.5518 3.4482 0.0768595
      vertex -30.1593 3.79245 0.00856495
    endloop
  endfacet
  facet normal 0.288276 0.252726 -0.923594
    outer loop
      vertex 31.0201 54.7827 0.21228
      vertex 30.9092 54.9092 0.21228
      vertex 31.4036 55.077 0.41251
    endloop
  endfacet
  facet normal 0.195011 0.170962 -0.965786
    outer loop
      vertex 31.0201 54.7827 0.21228
      vertex 30.6191 54.4751 0.0768595
      vertex 30.9092 54.9092 0.21228
    endloop
  endfacet
  facet normal -0.144045 -0.215649 -0.965788
    outer loop
      vertex -30.3902 3.32419 0.0768595
      vertex -30.6429 2.8865 0.21228
      vertex -30.4751 3.3809 0.0768595
    endloop
  endfacet
  facet normal 0 -0.499996 -0.866028
    outer loop
      vertex -2 1.77772 0.674122
      vertex 30 2.23085 0.41251
      vertex 30 1.77772 0.674122
    endloop
  endfacet
  facet normal -0 -0.499996 -0.866028
    outer loop
      vertex 30 2.23085 0.41251
      vertex -2 1.77772 0.674122
      vertex -2 2.23085 0.41251
    endloop
  endfacet
  facet normal 0 -0.499996 -0.866028
    outer loop
      vertex -30 1.77772 0.674122
      vertex -14 2.23085 0.41251
      vertex -14 1.77772 0.674122
    endloop
  endfacet
  facet normal -0 -0.499996 -0.866028
    outer loop
      vertex -14 2.23085 0.41251
      vertex -30 1.77772 0.674122
      vertex -30 2.23085 0.41251
    endloop
  endfacet
  facet normal -0.195941 -0.577222 -0.792731
    outer loop
      vertex -30.6826 1.45248 0.992641
      vertex -31.0093 1.56338 0.992641
      vertex -30.8504 1.94688 0.674122
    endloop
  endfacet
  facet normal 0.123848 0.042052 -0.99141
    outer loop
      vertex 30.7538 54.202 0.0768595
      vertex 30.2527 54.0677 0.00856495
      vertex 30.721 54.2986 0.0768595
    endloop
  endfacet
  facet normal 0.130519 0.00858173 -0.991409
    outer loop
      vertex 30.7804 54 0.0768595
      vertex 30.2594 54.0341 0.00856495
      vertex 30.7737 54.1019 0.0768595
    endloop
  endfacet
  facet normal -0.792269 -0.0520137 -0.607951
    outer loop
      vertex -33.2974 3.56589 1.77772
      vertex -33.3259 4 1.77772
      vertex -32.9816 3.60746 1.36262
    endloop
  endfacet
  facet normal -0.232594 -0.114724 -0.965784
    outer loop
      vertex -31.1135 3.35712 0.21228
      vertex -31.1879 3.50796 0.21228
      vertex -30.721 3.70137 0.0768595
    endloop
  endfacet
  facet normal -0.318833 -0.212931 -0.923583
    outer loop
      vertex -31.4036 2.92301 0.41251
      vertex -31.5321 3.11542 0.41251
      vertex -31.1135 3.35712 0.21228
    endloop
  endfacet
  facet normal -0.254346 -0.0505593 -0.965791
    outer loop
      vertex -30.7538 3.79803 0.0768595
      vertex -31.2748 3.83218 0.21228
      vertex -30.7737 3.89814 0.0768595
    endloop
  endfacet
  facet normal -0.442306 -0.896864 0
    outer loop
      vertex -31.9957 0.543316 3.73839
      vertex -31.6 0.348169 56.2616
      vertex -31.9957 0.543316 56.2616
    endloop
  endfacet
  facet normal -0.442306 -0.896864 -0
    outer loop
      vertex -31.6 0.348169 56.2616
      vertex -31.9957 0.543316 3.73839
      vertex -31.6 0.348169 3.73839
    endloop
  endfacet
  facet normal -0.636965 -0.726305 -0.258372
    outer loop
      vertex -32.3883 0.887564 3.21964
      vertex -32.6783 1.32168 2.71424
      vertex -32.3058 0.995 2.71424
    endloop
  endfacet
  facet normal -0.427303 0.866465 -0.258168
    outer loop
      vertex -31.8939 57.2803 2.71424
      vertex -31.9616 57.3975 3.21964
      vertex -31.5013 57.6245 3.21964
    endloop
  endfacet
  facet normal -0.53672 0.803292 -0.258175
    outer loop
      vertex -31.8939 57.2803 2.71424
      vertex -32.3883 57.1124 3.21964
      vertex -31.9616 57.3975 3.21964
    endloop
  endfacet
  facet normal -0.258817 0 -0.965926
    outer loop
      vertex -31.2858 4 0.21228
      vertex -30.7804 54 0.0768595
      vertex -30.7804 4 0.0768595
    endloop
  endfacet
  facet normal -0.258817 0 -0.965926
    outer loop
      vertex -30.7804 54 0.0768595
      vertex -31.2858 4 0.21228
      vertex -31.2858 54 0.21228
    endloop
  endfacet
  facet normal -0.0862765 0.098327 -0.991407
    outer loop
      vertex -30.1593 54.2076 0.00856495
      vertex -30.5518 54.5518 0.0768595
      vertex -30.4751 54.6191 0.0768595
    endloop
  endfacet
  facet normal -0.245623 0.0833144 -0.965778
    outer loop
      vertex -30.7538 54.202 0.0768595
      vertex -31.2419 54.3328 0.21228
      vertex -31.1879 54.492 0.21228
    endloop
  endfacet
  facet normal -0.363021 0.123272 -0.923591
    outer loop
      vertex -31.1879 54.492 0.21228
      vertex -31.7089 54.4579 0.41251
      vertex -31.6345 54.677 0.41251
    endloop
  endfacet
  facet normal -0.312928 0.634854 -0.706425
    outer loop
      vertex -31.3187 56.284 0.992641
      vertex -31.5037 56.6045 1.36262
      vertex -31.1509 56.7784 1.36262
    endloop
  endfacet
  facet normal -0.0251858 0.382592 -0.923574
    outer loop
      vertex -30.1678 55.2748 0.21228
      vertex -30.2309 55.754 0.41251
      vertex -30 55.7692 0.41251
    endloop
  endfacet
  facet normal -0.597932 0.118915 -0.792676
    outer loop
      vertex -32.2033 54.2901 0.674122
      vertex -32.6148 54.3442 0.992641
      vertex -32.5475 54.6826 0.992641
    endloop
  endfacet
  facet normal -0.706326 0.046377 -0.706366
    outer loop
      vertex -32.6374 54 0.992641
      vertex -33.0074 54 1.36262
      vertex -32.6148 54.3442 0.992641
    endloop
  endfacet
  facet normal -0.792293 -0.0520741 -0.607915
    outer loop
      vertex -32.9816 3.60746 1.36262
      vertex -33.3259 4 1.77772
      vertex -33.0074 4 1.36262
    endloop
  endfacet
  facet normal -0.596918 -0.523534 -0.607949
    outer loop
      vertex -32.1265 1.87348 1.36262
      vertex -32.6386 1.97533 1.77772
      vertex -32.3859 2.16924 1.36262
    endloop
  endfacet
  facet normal -0.989365 0.0647212 -0.130262
    outer loop
      vertex -33.9231 54 3.21964
      vertex -33.9914 54 3.73839
      vertex -33.8896 54.5121 3.21964
    endloop
  endfacet
  facet normal -0.94752 0.188373 -0.258305
    outer loop
      vertex -33.7553 54.4944 2.71424
      vertex -33.7895 55.0154 3.21964
      vertex -33.6587 54.9803 2.71424
    endloop
  endfacet
  facet normal -0.875152 0.296969 -0.381992
    outer loop
      vertex -33.4652 54.9285 2.23085
      vertex -33.4994 55.4495 2.71424
      vertex -33.3144 55.3729 2.23085
    endloop
  endfacet
  facet normal -0.965936 0 -0.258781
    outer loop
      vertex -33.7877 4 2.71424
      vertex -33.9231 54 3.21964
      vertex -33.7877 54 2.71424
    endloop
  endfacet
  facet normal -0.965936 -0 -0.258781
    outer loop
      vertex -33.9231 54 3.21964
      vertex -33.7877 4 2.71424
      vertex -33.9231 4 3.21964
    endloop
  endfacet
  facet normal -0.922209 -0.060436 -0.38194
    outer loop
      vertex -33.7553 3.5056 2.71424
      vertex -33.7877 4 2.71424
      vertex -33.5875 4 2.23085
    endloop
  endfacet
  facet normal -0.499753 0.0327312 -0.865549
    outer loop
      vertex -31.7692 54 0.41251
      vertex -32.2223 54 0.674122
      vertex -32.2033 54.2901 0.674122
    endloop
  endfacet
  facet normal -0.60828 0.0398391 -0.792722
    outer loop
      vertex -32.2223 54 0.674122
      vertex -32.6374 54 0.992641
      vertex -32.2033 54.2901 0.674122
    endloop
  endfacet
  facet normal -0.343849 0.169605 -0.923581
    outer loop
      vertex -31.1135 54.6429 0.21228
      vertex -31.6345 54.677 0.41251
      vertex -31.5321 54.8846 0.41251
    endloop
  endfacet
  facet normal -0.288248 0.252797 -0.923584
    outer loop
      vertex -30.9092 54.9092 0.21228
      vertex -31.4036 55.077 0.41251
      vertex -31.251 55.251 0.41251
    endloop
  endfacet
  facet normal -0.401936 0.458337 -0.792701
    outer loop
      vertex -31.5714 55.5714 0.674122
      vertex -31.8649 55.8649 0.992641
      vertex -31.3528 55.7631 0.674122
    endloop
  endfacet
  facet normal -0.195011 0.170962 -0.965786
    outer loop
      vertex -30.6191 54.4751 0.0768595
      vertex -31.0201 54.7827 0.21228
      vertex -30.9092 54.9092 0.21228
    endloop
  endfacet
  facet normal -0.546823 0.269531 -0.792677
    outer loop
      vertex -32.0531 54.8504 0.674122
      vertex -32.284 55.3187 0.992641
      vertex -31.9246 55.1111 0.674122
    endloop
  endfacet
  facet normal -0.449163 0.221552 -0.865544
    outer loop
      vertex -31.6345 54.677 0.41251
      vertex -32.0531 54.8504 0.674122
      vertex -31.5321 54.8846 0.41251
    endloop
  endfacet
  facet normal -0.751785 0.255304 -0.607979
    outer loop
      vertex -32.9049 54.7784 1.36262
      vertex -33.0727 55.2728 1.77772
      vertex -32.7784 55.1509 1.36262
    endloop
  endfacet
  facet normal -0.71214 0.351023 -0.60798
    outer loop
      vertex -32.7784 55.1509 1.36262
      vertex -33.0727 55.2728 1.77772
      vertex -32.6045 55.5037 1.36262
    endloop
  endfacet
  facet normal -0.694278 0.138076 -0.706338
    outer loop
      vertex -32.6148 54.3442 0.992641
      vertex -32.9816 54.3925 1.36262
      vertex -32.5475 54.6826 0.992641
    endloop
  endfacet
  facet normal -0.778739 0.154762 -0.607959
    outer loop
      vertex -32.9816 54.3925 1.36262
      vertex -33.2974 54.4341 1.77772
      vertex -33.2126 54.8608 1.77772
    endloop
  endfacet
  facet normal -0.751804 0.255285 -0.607964
    outer loop
      vertex -32.9049 54.7784 1.36262
      vertex -33.2126 54.8608 1.77772
      vertex -33.0727 55.2728 1.77772
    endloop
  endfacet
  facet normal -0.820556 0.27863 -0.499052
    outer loop
      vertex -33.2126 54.8608 1.77772
      vertex -33.4652 54.9285 2.23085
      vertex -33.0727 55.2728 1.77772
    endloop
  endfacet
  facet normal -0.297093 0.875055 -0.382119
    outer loop
      vertex -30.9285 57.4652 2.23085
      vertex -31.4495 57.4994 2.71424
      vertex -30.9803 57.6587 2.71424
    endloop
  endfacet
  facet normal -0.180414 0.906403 -0.381948
    outer loop
      vertex -30.4683 57.5568 2.23085
      vertex -30.9285 57.4652 2.23085
      vertex -30.4944 57.7553 2.71424
    endloop
  endfacet
  facet normal -0.19612 0.577244 -0.79267
    outer loop
      vertex -30.5752 56.1466 0.674122
      vertex -30.8504 56.0531 0.674122
      vertex -30.6826 56.5475 0.992641
    endloop
  endfacet
  facet normal -0.313118 0.634855 -0.70634
    outer loop
      vertex -31.0093 56.4366 0.992641
      vertex -31.3187 56.284 0.992641
      vertex -31.1509 56.7784 1.36262
    endloop
  endfacet
  facet normal 0.0250785 0.382562 -0.92359
    outer loop
      vertex 30.1678 55.2748 0.21228
      vertex 30 55.2858 0.21228
      vertex 30 55.7692 0.41251
    endloop
  endfacet
  facet normal 0.161102 0.474173 -0.865567
    outer loop
      vertex 30.8504 56.0531 0.674122
      vertex 30.4579 55.7089 0.41251
      vertex 30.5752 56.1466 0.674122
    endloop
  endfacet
  facet normal 0.0398391 0.60828 -0.792722
    outer loop
      vertex 30.2901 56.2033 0.674122
      vertex 30 56.2223 0.674122
      vertex 30 56.6374 0.992641
    endloop
  endfacet
  facet normal 0.118915 0.597932 -0.792676
    outer loop
      vertex 30.6826 56.5475 0.992641
      vertex 30.2901 56.2033 0.674122
      vertex 30.3442 56.6148 0.992641
    endloop
  endfacet
  facet normal 0.118915 0.597932 -0.792677
    outer loop
      vertex 30.5752 56.1466 0.674122
      vertex 30.2901 56.2033 0.674122
      vertex 30.6826 56.5475 0.992641
    endloop
  endfacet
  facet normal 0.824345 0.550893 0.130275
    outer loop
      vertex 33.4567 55.9957 56.2616
      vertex 33.1666 56.4298 56.2616
      vertex 33.3975 55.9616 56.7804
    endloop
  endfacet
  facet normal 0.94752 0.188373 0.258305
    outer loop
      vertex 33.7895 55.0154 56.7804
      vertex 33.6587 54.9803 57.2858
      vertex 33.7553 54.4944 57.2858
    endloop
  endfacet
  facet normal 0.972418 -0.193508 0.130221
    outer loop
      vertex 33.8896 3.48793 56.7804
      vertex 33.8554 2.96694 56.2616
      vertex 33.9573 3.47901 56.2616
    endloop
  endfacet
  facet normal 0.914775 -0.31061 0.258279
    outer loop
      vertex 33.7895 2.98462 56.7804
      vertex 33.4994 2.5505 57.2858
      vertex 33.6245 2.49868 56.7804
    endloop
  endfacet
  facet normal 0.227617 0.670254 0.706364
    outer loop
      vertex 30.7784 56.9049 58.6374
      vertex 30.6826 56.5475 59.0074
      vertex 31.1509 56.7784 58.6374
    endloop
  endfacet
  facet normal 0.351231 0.712138 0.607862
    outer loop
      vertex 31.6629 56.8803 58.2223
      vertex 31.2728 57.0727 58.2223
      vertex 31.5037 56.6045 58.6374
    endloop
  endfacet
  facet normal 0 0.707107 0.707107
    outer loop
      vertex 30 57.0074 58.6374
      vertex -30 56.6374 59.0074
      vertex 30 56.6374 59.0074
    endloop
  endfacet
  facet normal 0 0.707107 0.707107
    outer loop
      vertex -30 56.6374 59.0074
      vertex 30 57.0074 58.6374
      vertex -30 57.0074 58.6374
    endloop
  endfacet
  facet normal 0.154777 0.778728 0.60797
    outer loop
      vertex 30.8608 57.2126 58.2223
      vertex 30.3925 56.9816 58.6374
      vertex 30.7784 56.9049 58.6374
    endloop
  endfacet
  facet normal 0.168912 0.849938 0.499073
    outer loop
      vertex 30.9285 57.4652 57.7692
      vertex 30.4341 57.2974 58.2223
      vertex 30.8608 57.2126 58.2223
    endloop
  endfacet
  facet normal 0.660134 0.441165 0.607945
    outer loop
      vertex 32.6386 56.0247 58.2223
      vertex 32.3859 55.8308 58.6374
      vertex 32.6045 55.5037 58.6374
    endloop
  endfacet
  facet normal 0.571353 0.651497 0.499106
    outer loop
      vertex 32.1839 56.8461 57.7692
      vertex 32.0247 56.6386 58.2223
      vertex 32.5367 56.5367 57.7692
    endloop
  endfacet
  facet normal 0.889219 0.438532 -0.130305
    outer loop
      vertex 33.6876 55.5275 3.73839
      vertex 33.3975 55.9616 3.21964
      vertex 33.4567 55.9957 3.73839
    endloop
  endfacet
  facet normal -0.188443 0.947487 0.258375
    outer loop
      vertex -30.5121 57.8896 56.7804
      vertex -31.0154 57.7895 56.7804
      vertex -30.4944 57.7553 57.2858
    endloop
  endfacet
  facet normal -0.0647213 0.989367 0.13025
    outer loop
      vertex -30 57.9914 56.2616
      vertex -30.5121 57.8896 56.7804
      vertex -30 57.9231 56.7804
    endloop
  endfacet
  facet normal -0.0653113 0.997865 0
    outer loop
      vertex -30 57.9914 3.73839
      vertex -30.521 57.9573 56.2616
      vertex -30 57.9914 56.2616
    endloop
  endfacet
  facet normal -0.0653113 0.997865 0
    outer loop
      vertex -30.521 57.9573 56.2616
      vertex -30 57.9914 3.73839
      vertex -30.521 57.9573 3.73839
    endloop
  endfacet
  facet normal -0.0647212 0.989365 -0.130262
    outer loop
      vertex -30 57.9231 3.21964
      vertex -30.5121 57.8896 3.21964
      vertex -30 57.9914 3.73839
    endloop
  endfacet
  facet normal -0.310579 0.914775 -0.258318
    outer loop
      vertex -30.9803 57.6587 2.71424
      vertex -31.4495 57.4994 2.71424
      vertex -31.0154 57.7895 3.21964
    endloop
  endfacet
  facet normal -0.513522 0.768325 -0.382062
    outer loop
      vertex -32.1839 56.8461 2.23085
      vertex -32.3058 57.005 2.71424
      vertex -31.8939 57.2803 2.71424
    endloop
  endfacet
  facet normal -0.321394 0.946945 0
    outer loop
      vertex -31.0331 57.8554 3.73839
      vertex -31.5275 57.6876 56.2616
      vertex -31.0331 57.8554 56.2616
    endloop
  endfacet
  facet normal -0.321394 0.946945 0
    outer loop
      vertex -31.5275 57.6876 56.2616
      vertex -31.0331 57.8554 3.73839
      vertex -31.5275 57.6876 3.73839
    endloop
  endfacet
  facet normal -0.318655 0.938873 -0.130297
    outer loop
      vertex -31.5013 57.6245 3.21964
      vertex -31.5275 57.6876 3.73839
      vertex -31.0331 57.8554 3.73839
    endloop
  endfacet
  facet normal -0.438526 0.889223 0.130299
    outer loop
      vertex -31.5275 57.6876 56.2616
      vertex -31.9616 57.3975 56.7804
      vertex -31.5013 57.6245 56.7804
    endloop
  endfacet
  facet normal -0.438533 0.88922 0.130293
    outer loop
      vertex -31.5275 57.6876 56.2616
      vertex -31.9957 57.4567 56.2616
      vertex -31.9616 57.3975 56.7804
    endloop
  endfacet
  facet normal -0.056763 0.864589 0.499262
    outer loop
      vertex -30 57.3259 58.2223
      vertex -30.4683 57.5568 57.7692
      vertex -30.4341 57.2974 58.2223
    endloop
  endfacet
  facet normal -0.056682 0.864631 0.4992
    outer loop
      vertex -30 57.5875 57.7692
      vertex -30.4683 57.5568 57.7692
      vertex -30 57.3259 58.2223
    endloop
  endfacet
  facet normal -0.312937 0.634872 0.706405
    outer loop
      vertex -31.1509 56.7784 58.6374
      vertex -31.5037 56.6045 58.6374
      vertex -31.3187 56.284 59.0074
    endloop
  endfacet
  facet normal -0.416399 0.278231 0.865563
    outer loop
      vertex -31.7631 55.3528 59.3259
      vertex -31.9246 55.1111 59.3259
      vertex -31.4036 55.077 59.5875
    endloop
  endfacet
  facet normal -0.278433 0.820527 0.499211
    outer loop
      vertex -30.9285 57.4652 57.7692
      vertex -31.3729 57.3144 57.7692
      vertex -31.2728 57.0727 58.2223
    endloop
  endfacet
  facet normal -0.383211 0.777134 0.499211
    outer loop
      vertex -31.3729 57.3144 57.7692
      vertex -31.7937 57.1069 57.7692
      vertex -31.2728 57.0727 58.2223
    endloop
  endfacet
  facet normal -0.0399406 0.608299 0.792703
    outer loop
      vertex -30 56.6374 59.0074
      vertex -30.3442 56.6148 59.0074
      vertex -30.2901 56.2033 59.3259
    endloop
  endfacet
  facet normal -0.227617 0.670254 0.706364
    outer loop
      vertex -30.7784 56.9049 58.6374
      vertex -31.1509 56.7784 58.6374
      vertex -30.6826 56.5475 59.0074
    endloop
  endfacet
  facet normal -0.0505582 0.254315 0.965799
    outer loop
      vertex -30.1678 55.2748 59.7877
      vertex -30.202 54.7538 59.9231
      vertex -30.1019 54.7737 59.9231
    endloop
  endfacet
  facet normal -0.117368 0.057728 0.991409
    outer loop
      vertex -30.2266 54.1308 59.9914
      vertex -30.721 54.2986 59.9231
      vertex -30.2417 54.1001 59.9914
    endloop
  endfacet
  facet normal -0.0747074 0.376022 0.923594
    outer loop
      vertex -30.2309 55.754 59.5875
      vertex -30.4579 55.7089 59.5875
      vertex -30.1678 55.2748 59.7877
    endloop
  endfacet
  facet normal 0.0726565 0.108792 0.991406
    outer loop
      vertex 30.3902 54.6758 59.9231
      vertex 30.1593 54.2076 59.9914
      vertex 30.4751 54.6191 59.9231
    endloop
  endfacet
  facet normal 0.00842059 0.130519 0.99141
    outer loop
      vertex 30 54.7804 59.9231
      vertex 30 54.2616 59.9914
      vertex 30.0341 54.2594 59.9914
    endloop
  endfacet
  facet normal -0.449155 0.22139 0.86559
    outer loop
      vertex -31.9246 55.1111 59.3259
      vertex -32.0531 54.8504 59.3259
      vertex -31.5321 54.8846 59.5875
    endloop
  endfacet
  facet normal -0.53682 0.803182 0.258309
    outer loop
      vertex -31.8939 57.2803 57.2858
      vertex -32.3883 57.1124 56.7804
      vertex -32.3058 57.005 57.2858
    endloop
  endfacet
  facet normal -0.53672 0.803292 0.258175
    outer loop
      vertex -31.9616 57.3975 56.7804
      vertex -32.3883 57.1124 56.7804
      vertex -31.8939 57.2803 57.2858
    endloop
  endfacet
  facet normal -0.694298 0.13808 0.706318
    outer loop
      vertex -32.5475 54.6826 59.0074
      vertex -32.9816 54.3925 58.6374
      vertex -32.6148 54.3442 59.0074
    endloop
  endfacet
  facet normal -0.71214 0.351023 0.60798
    outer loop
      vertex -32.6045 55.5037 58.6374
      vertex -33.0727 55.2728 58.2223
      vertex -32.7784 55.1509 58.6374
    endloop
  endfacet
  facet normal -0.596854 0.523661 0.607902
    outer loop
      vertex -32.3517 56.3517 58.2223
      vertex -32.6386 56.0247 58.2223
      vertex -32.1265 56.1265 58.6374
    endloop
  endfacet
  facet normal -0.651311 0.571441 0.499248
    outer loop
      vertex -32.5367 56.5367 57.7692
      vertex -32.6386 56.0247 58.2223
      vertex -32.3517 56.3517 58.2223
    endloop
  endfacet
  facet normal -0.889223 0.438526 0.130299
    outer loop
      vertex -33.3975 55.9616 56.7804
      vertex -33.6876 55.5275 56.2616
      vertex -33.6245 55.5013 56.7804
    endloop
  endfacet
  facet normal -0.653695 0.745479 0.130172
    outer loop
      vertex -32.4298 57.1666 56.2616
      vertex -32.7741 56.7741 56.7804
      vertex -32.3883 57.1124 56.7804
    endloop
  endfacet
  facet normal -0.889219 0.438532 -0.130305
    outer loop
      vertex -33.3975 55.9616 3.21964
      vertex -33.6876 55.5275 3.73839
      vertex -33.4567 55.9957 3.73839
    endloop
  endfacet
  facet normal -0.523599 0.596871 0.607938
    outer loop
      vertex -32.0247 56.6386 58.2223
      vertex -32.1265 56.1265 58.6374
      vertex -31.8308 56.3859 58.6374
    endloop
  endfacet
  facet normal -0.466804 0.532128 0.706353
    outer loop
      vertex -31.8308 56.3859 58.6374
      vertex -32.1265 56.1265 58.6374
      vertex -31.6055 56.0924 59.0074
    endloop
  endfacet
  facet normal -0.59791 0.118911 0.792694
    outer loop
      vertex -32.1466 54.5752 59.3259
      vertex -32.5475 54.6826 59.0074
      vertex -32.2033 54.2901 59.3259
    endloop
  endfacet
  facet normal -0.474216 0.16103 0.865557
    outer loop
      vertex -31.6345 54.677 59.5875
      vertex -32.0531 54.8504 59.3259
      vertex -31.7089 54.4579 59.5875
    endloop
  endfacet
  facet normal -0.532128 0.466804 0.706353
    outer loop
      vertex -32.1265 56.1265 58.6374
      vertex -32.3859 55.8308 58.6374
      vertex -32.0924 55.6055 59.0074
    endloop
  endfacet
  facet normal -0.660134 0.441165 0.607945
    outer loop
      vertex -32.3859 55.8308 58.6374
      vertex -32.6386 56.0247 58.2223
      vertex -32.6045 55.5037 58.6374
    endloop
  endfacet
  facet normal -0.596905 -0.523579 0.607923
    outer loop
      vertex -32.1265 1.87348 58.6374
      vertex -32.6386 1.97533 58.2223
      vertex -32.3517 1.64825 58.2223
    endloop
  endfacet
  facet normal -0.720426 -0.481373 0.499265
    outer loop
      vertex -32.8803 2.33706 58.2223
      vertex -33.1069 2.20625 57.7692
      vertex -32.6386 1.97533 58.2223
    endloop
  endfacet
  facet normal -0.577211 -0.195949 0.792737
    outer loop
      vertex -32.0531 3.14957 59.3259
      vertex -32.5475 3.3174 59.0074
      vertex -32.4366 2.99072 59.0074
    endloop
  endfacet
  facet normal -0.608295 -0.0399345 0.792706
    outer loop
      vertex -32.2033 3.70993 59.3259
      vertex -32.6374 4 59.0074
      vertex -32.6148 3.65575 59.0074
    endloop
  endfacet
  facet normal -0.777106 -0.383195 0.499267
    outer loop
      vertex -33.0727 2.72724 58.2223
      vertex -33.1069 2.20625 57.7692
      vertex -32.8803 2.33706 58.2223
    endloop
  endfacet
  facet normal -0.792293 -0.0520741 0.607915
    outer loop
      vertex -33.0074 4 58.6374
      vertex -33.3259 4 58.2223
      vertex -32.9816 3.60746 58.6374
    endloop
  endfacet
  facet normal -0.608257 -0.0398417 0.792739
    outer loop
      vertex -32.2223 4 59.3259
      vertex -32.6374 4 59.0074
      vertex -32.2033 3.70993 59.3259
    endloop
  endfacet
  facet normal -0.499736 -0.0327334 0.865559
    outer loop
      vertex -31.7692 4 59.5875
      vertex -32.2223 4 59.3259
      vertex -32.2033 3.70993 59.3259
    endloop
  endfacet
  facet normal -0.0863784 0.0982268 0.991408
    outer loop
      vertex -30.1593 54.2076 59.9914
      vertex -30.5518 54.5518 59.9231
      vertex -30.185 54.185 59.9914
    endloop
  endfacet
  facet normal -0.130524 0 0.991445
    outer loop
      vertex -30.7804 54 59.9231
      vertex -30.2616 4 59.9914
      vertex -30.2616 54 59.9914
    endloop
  endfacet
  facet normal -0.130524 0 0.991445
    outer loop
      vertex -30.2616 4 59.9914
      vertex -30.7804 54 59.9231
      vertex -30.7804 4 59.9231
    endloop
  endfacet
  facet normal -0.258781 0 0.965936
    outer loop
      vertex -31.2858 54 59.7877
      vertex -30.7804 4 59.9231
      vertex -30.7804 54 59.9231
    endloop
  endfacet
  facet normal -0.258781 0 0.965936
    outer loop
      vertex -30.7804 4 59.9231
      vertex -31.2858 54 59.7877
      vertex -31.2858 4 59.7877
    endloop
  endfacet
  facet normal -0.491153 0.0976794 0.865579
    outer loop
      vertex -32.1466 54.5752 59.3259
      vertex -32.2033 54.2901 59.3259
      vertex -31.7089 54.4579 59.5875
    endloop
  endfacet
  facet normal 0 -0.60874 0.793369
    outer loop
      vertex -30 1.77772 59.3259
      vertex 30 1.36262 59.0074
      vertex 30 1.77772 59.3259
    endloop
  endfacet
  facet normal 0 -0.60874 0.793369
    outer loop
      vertex 30 1.36262 59.0074
      vertex -30 1.77772 59.3259
      vertex -30 1.36262 59.0074
    endloop
  endfacet
  facet normal 0.449155 0.22139 0.86559
    outer loop
      vertex 31.9246 55.1111 59.3259
      vertex 31.5321 54.8846 59.5875
      vertex 32.0531 54.8504 59.3259
    endloop
  endfacet
  facet normal 0.45832 0.401921 0.792718
    outer loop
      vertex 31.8649 55.8649 59.0074
      vertex 31.5714 55.5714 59.3259
      vertex 31.7631 55.3528 59.3259
    endloop
  endfacet
  facet normal 0.849779 0.169143 0.499266
    outer loop
      vertex 33.4652 54.9285 57.7692
      vertex 33.2974 54.4341 58.2223
      vertex 33.5568 54.4683 57.7692
    endloop
  endfacet
  facet normal 0.232561 -0.114708 0.965794
    outer loop
      vertex 31.1879 3.50796 59.7877
      vertex 30.721 3.70137 59.9231
      vertex 31.1135 3.35712 59.7877
    endloop
  endfacet
  facet normal 0.523599 0.596871 -0.607938
    outer loop
      vertex 32.1265 56.1265 1.36262
      vertex 31.8308 56.3859 1.36262
      vertex 32.0247 56.6386 1.77772
    endloop
  endfacet
  facet normal 0.596854 0.523661 -0.607902
    outer loop
      vertex 32.6386 56.0247 1.77772
      vertex 32.1265 56.1265 1.36262
      vertex 32.3517 56.3517 1.77772
    endloop
  endfacet
  facet normal 0.383218 0.777147 -0.499187
    outer loop
      vertex 31.7937 57.1069 2.23085
      vertex 31.2728 57.0727 1.77772
      vertex 31.3729 57.3144 2.23085
    endloop
  endfacet
  facet normal 0.441089 0.660264 -0.607859
    outer loop
      vertex 32.0247 56.6386 1.77772
      vertex 31.5037 56.6045 1.36262
      vertex 31.6629 56.8803 1.77772
    endloop
  endfacet
  facet normal -0.118915 0.597932 -0.792676
    outer loop
      vertex -30.2901 56.2033 0.674122
      vertex -30.6826 56.5475 0.992641
      vertex -30.3442 56.6148 0.992641
    endloop
  endfacet
  facet normal -0.032893 0.49967 -0.865591
    outer loop
      vertex -30.2309 55.754 0.41251
      vertex -30.2901 56.2033 0.674122
      vertex -30 55.7692 0.41251
    endloop
  endfacet
  facet normal 0.803182 0.53682 -0.258309
    outer loop
      vertex 33.2803 55.8939 2.71424
      vertex 33.005 56.3058 2.71424
      vertex 33.1124 56.3883 3.21964
    endloop
  endfacet
  facet normal 0.803292 0.53672 -0.258175
    outer loop
      vertex 33.2803 55.8939 2.71424
      vertex 33.1124 56.3883 3.21964
      vertex 33.3975 55.9616 3.21964
    endloop
  endfacet
  facet normal 0.745479 0.653695 0.130172
    outer loop
      vertex 33.1666 56.4298 56.2616
      vertex 32.7741 56.7741 56.7804
      vertex 33.1124 56.3883 56.7804
    endloop
  endfacet
  facet normal 0.768327 0.513524 0.382056
    outer loop
      vertex 33.005 56.3058 57.2858
      vertex 32.8461 56.1839 57.7692
      vertex 33.2803 55.8939 57.2858
    endloop
  endfacet
  facet normal 0.793369 0 -0.60874
    outer loop
      vertex 33.3259 4 1.77772
      vertex 33.0074 54 1.36262
      vertex 33.3259 54 1.77772
    endloop
  endfacet
  facet normal 0.793369 0 -0.60874
    outer loop
      vertex 33.0074 54 1.36262
      vertex 33.3259 4 1.77772
      vertex 33.0074 4 1.36262
    endloop
  endfacet
  facet normal 0.777147 0.383218 -0.499187
    outer loop
      vertex 33.3144 55.3729 2.23085
      vertex 33.0727 55.2728 1.77772
      vertex 33.1069 55.7937 2.23085
    endloop
  endfacet
  facet normal 0.866465 0.427303 -0.258168
    outer loop
      vertex 33.6245 55.5013 3.21964
      vertex 33.2803 55.8939 2.71424
      vertex 33.3975 55.9616 3.21964
    endloop
  endfacet
  facet normal 0.989365 0.0647212 -0.130262
    outer loop
      vertex 33.9231 54 3.21964
      vertex 33.8896 54.5121 3.21964
      vertex 33.9914 54 3.73839
    endloop
  endfacet
  facet normal 0.97242 0.193497 -0.130226
    outer loop
      vertex 33.8896 54.5121 3.21964
      vertex 33.8554 55.0331 3.73839
      vertex 33.9573 54.521 3.73839
    endloop
  endfacet
  facet normal 0.513522 0.768325 -0.382062
    outer loop
      vertex 32.1839 56.8461 2.23085
      vertex 31.8939 57.2803 2.71424
      vertex 32.3058 57.005 2.71424
    endloop
  endfacet
  facet normal 0.53682 0.803182 -0.258309
    outer loop
      vertex 32.3058 57.005 2.71424
      vertex 31.8939 57.2803 2.71424
      vertex 32.3883 57.1124 3.21964
    endloop
  endfacet
  facet normal 0.408714 0.828852 -0.382044
    outer loop
      vertex 31.7937 57.1069 2.23085
      vertex 31.3729 57.3144 2.23085
      vertex 31.8939 57.2803 2.71424
    endloop
  endfacet
  facet normal 0.513528 0.768323 -0.382058
    outer loop
      vertex 32.1839 56.8461 2.23085
      vertex 31.7937 57.1069 2.23085
      vertex 31.8939 57.2803 2.71424
    endloop
  endfacet
  facet normal 0.255285 0.751804 -0.607964
    outer loop
      vertex 31.2728 57.0727 1.77772
      vertex 30.7784 56.9049 1.36262
      vertex 30.8608 57.2126 1.77772
    endloop
  endfacet
  facet normal 0.255304 0.751785 -0.607979
    outer loop
      vertex 31.1509 56.7784 1.36262
      vertex 30.7784 56.9049 1.36262
      vertex 31.2728 57.0727 1.77772
    endloop
  endfacet
  facet normal 0.0399421 0.608322 -0.792685
    outer loop
      vertex 30.2901 56.2033 0.674122
      vertex 30 56.6374 0.992641
      vertex 30.3442 56.6148 0.992641
    endloop
  endfacet
  facet normal 0.046377 0.706326 -0.706366
    outer loop
      vertex 30.3442 56.6148 0.992641
      vertex 30 56.6374 0.992641
      vertex 30 57.0074 1.36262
    endloop
  endfacet
  facet normal 0.351231 0.712138 -0.607862
    outer loop
      vertex 31.5037 56.6045 1.36262
      vertex 31.2728 57.0727 1.77772
      vertex 31.6629 56.8803 1.77772
    endloop
  endfacet
  facet normal 0.651508 0.571362 -0.499082
    outer loop
      vertex 32.6386 56.0247 1.77772
      vertex 32.5367 56.5367 2.23085
      vertex 32.8461 56.1839 2.23085
    endloop
  endfacet
  facet normal 0.571451 0.651322 -0.499223
    outer loop
      vertex 32.3517 56.3517 1.77772
      vertex 32.0247 56.6386 1.77772
      vertex 32.5367 56.5367 2.23085
    endloop
  endfacet
  facet normal 0.571362 0.651508 -0.499082
    outer loop
      vertex 32.5367 56.5367 2.23085
      vertex 32.0247 56.6386 1.77772
      vertex 32.1839 56.8461 2.23085
    endloop
  endfacet
  facet normal 0.596871 0.523599 -0.607938
    outer loop
      vertex 32.3859 55.8308 1.36262
      vertex 32.1265 56.1265 1.36262
      vertex 32.6386 56.0247 1.77772
    endloop
  endfacet
  facet normal 0.588535 0.393177 -0.706427
    outer loop
      vertex 32.284 55.3187 0.992641
      vertex 32.0924 55.6055 0.992641
      vertex 32.6045 55.5037 1.36262
    endloop
  endfacet
  facet normal -0.866487 0.427199 -0.258264
    outer loop
      vertex -33.4994 55.4495 2.71424
      vertex -33.6245 55.5013 3.21964
      vertex -33.2803 55.8939 2.71424
    endloop
  endfacet
  facet normal -0.946945 0.321394 0
    outer loop
      vertex -33.8554 55.0331 3.73839
      vertex -33.6876 55.5275 56.2616
      vertex -33.6876 55.5275 3.73839
    endloop
  endfacet
  facet normal -0.946945 0.321394 0
    outer loop
      vertex -33.6876 55.5275 56.2616
      vertex -33.8554 55.0331 3.73839
      vertex -33.8554 55.0331 56.2616
    endloop
  endfacet
  facet normal -0.751936 0.659237 0
    outer loop
      vertex -33.1666 56.4298 3.73839
      vertex -32.8224 56.8224 56.2616
      vertex -32.8224 56.8224 3.73839
    endloop
  endfacet
  facet normal -0.751936 0.659237 0
    outer loop
      vertex -32.8224 56.8224 56.2616
      vertex -33.1666 56.4298 3.73839
      vertex -33.1666 56.4298 56.2616
    endloop
  endfacet
  facet normal -0.964007 -0.0631752 0.258264
    outer loop
      vertex -33.7877 4 57.2858
      vertex -33.9231 4 56.7804
      vertex -33.7553 3.5056 57.2858
    endloop
  endfacet
  facet normal -0.922212 -0.0604362 0.381934
    outer loop
      vertex -33.5875 4 57.7692
      vertex -33.7877 4 57.2858
      vertex -33.7553 3.5056 57.2858
    endloop
  endfacet
  facet normal -0.875048 -0.29711 0.382122
    outer loop
      vertex -33.4652 3.07149 57.7692
      vertex -33.6587 3.01967 57.2858
      vertex -33.4994 2.5505 57.2858
    endloop
  endfacet
  facet normal -0.906374 -0.180182 0.382127
    outer loop
      vertex -33.4652 3.07149 57.7692
      vertex -33.7553 3.5056 57.2858
      vertex -33.6587 3.01967 57.2858
    endloop
  endfacet
  facet normal -0.706369 -0.0464267 0.706319
    outer loop
      vertex -32.6148 3.65575 59.0074
      vertex -33.0074 4 58.6374
      vertex -32.9816 3.60746 58.6374
    endloop
  endfacet
  facet normal -0.864631 -0.0566868 0.4992
    outer loop
      vertex -33.3259 4 58.2223
      vertex -33.5875 4 57.7692
      vertex -33.5568 3.53174 57.7692
    endloop
  endfacet
  facet normal -0.550854 -0.824383 -0.130202
    outer loop
      vertex -31.9957 0.543316 3.73839
      vertex -32.4298 0.833382 3.73839
      vertex -31.9616 0.602461 3.21964
    endloop
  endfacet
  facet normal -0.536707 -0.803264 -0.258289
    outer loop
      vertex -31.9616 0.602461 3.21964
      vertex -32.3883 0.887564 3.21964
      vertex -31.8939 0.719738 2.71424
    endloop
  endfacet
  facet normal -0.118925 -0.597874 -0.792719
    outer loop
      vertex -30.2901 1.79673 0.674122
      vertex -30.6826 1.45248 0.992641
      vertex -30.5752 1.85344 0.674122
    endloop
  endfacet
  facet normal -0.0398689 -0.608283 -0.792718
    outer loop
      vertex -30 1.36262 0.992641
      vertex -30.3442 1.38518 0.992641
      vertex -30.2901 1.79673 0.674122
    endloop
  endfacet
  facet normal -0.481317 -0.720511 -0.499197
    outer loop
      vertex -31.7937 0.893142 2.23085
      vertex -32.0247 1.3614 1.77772
      vertex -31.6629 1.11971 1.77772
    endloop
  endfacet
  facet normal -0.523597 -0.596884 -0.607927
    outer loop
      vertex -32.0247 1.3614 1.77772
      vertex -32.3517 1.64825 1.77772
      vertex -32.1265 1.87348 1.36262
    endloop
  endfacet
  facet normal 0 -0.923876 -0.382692
    outer loop
      vertex -30 0.41251 2.23085
      vertex -14 0.342444 2.4
      vertex -30 0.342444 2.4
    endloop
  endfacet
  facet normal 0 -0.923876 -0.382692
    outer loop
      vertex -14 0.342444 2.4
      vertex -30 0.41251 2.23085
      vertex -14 0.41251 2.23085
    endloop
  endfacet
  facet normal 0 -0.923876 -0.382692
    outer loop
      vertex -2 0.41251 2.23085
      vertex 30 0.342444 2.4
      vertex -2 0.342444 2.4
    endloop
  endfacet
  facet normal 0 -0.923876 -0.382692
    outer loop
      vertex 30 0.342444 2.4
      vertex -2 0.41251 2.23085
      vertex 30 0.41251 2.23085
    endloop
  endfacet
  facet normal -0.694827 -0.609335 -0.382004
    outer loop
      vertex -32.6783 1.32168 2.71424
      vertex -32.8461 1.81607 2.23085
      vertex -32.5367 1.46326 2.23085
    endloop
  endfacet
  facet normal -0.481393 -0.720497 -0.499144
    outer loop
      vertex -31.7937 0.893142 2.23085
      vertex -32.1839 1.15385 2.23085
      vertex -32.0247 1.3614 1.77772
    endloop
  endfacet
  facet normal -0.138061 -0.694265 -0.706353
    outer loop
      vertex -30.3925 1.01837 1.36262
      vertex -30.7784 1.09511 1.36262
      vertex -30.6826 1.45248 0.992641
    endloop
  endfacet
  facet normal -0.255223 -0.751842 -0.607943
    outer loop
      vertex -30.7784 1.09511 1.36262
      vertex -31.2728 0.927289 1.77772
      vertex -31.1509 1.22156 1.36262
    endloop
  endfacet
  facet normal 0.330171 -0.37658 -0.865549
    outer loop
      vertex 31.3528 2.23695 0.674122
      vertex 31.077 2.59644 0.41251
      vertex 31.5714 2.42861 0.674122
    endloop
  endfacet
  facet normal 0.154892 -0.778722 -0.607948
    outer loop
      vertex 30.4341 0.702576 1.77772
      vertex 30.3925 1.01837 1.36262
      vertex 30.8608 0.787449 1.77772
    endloop
  endfacet
  facet normal 0 -0.707107 -0.707107
    outer loop
      vertex -2 1.36262 0.992641
      vertex 30 0.992641 1.36262
      vertex -2 0.992641 1.36262
    endloop
  endfacet
  facet normal 0 -0.707107 -0.707107
    outer loop
      vertex 30 0.992641 1.36262
      vertex -2 1.36262 0.992641
      vertex 30 1.36262 0.992641
    endloop
  endfacet
  facet normal 0 -0.707107 -0.707107
    outer loop
      vertex -30 1.36262 0.992641
      vertex -14 0.992641 1.36262
      vertex -30 0.992641 1.36262
    endloop
  endfacet
  facet normal 0 -0.707107 -0.707107
    outer loop
      vertex -14 0.992641 1.36262
      vertex -30 1.36262 0.992641
      vertex -14 1.36262 0.992641
    endloop
  endfacet
  facet normal 0.227537 -0.670286 -0.706359
    outer loop
      vertex 30.7784 1.09511 1.36262
      vertex 30.6826 1.45248 0.992641
      vertex 31.1509 1.22156 1.36262
    endloop
  endfacet
  facet normal 0.278498 -0.820517 -0.49919
    outer loop
      vertex 30.9285 0.53475 2.23085
      vertex 30.8608 0.787449 1.77772
      vertex 31.2728 0.927289 1.77772
    endloop
  endfacet
  facet normal -0.195989 -0.577228 -0.792714
    outer loop
      vertex -30.6826 1.45248 0.992641
      vertex -30.8504 1.94688 0.674122
      vertex -30.5752 1.85344 0.674122
    endloop
  endfacet
  facet normal 0 -0.382689 -0.923877
    outer loop
      vertex -2 2.23085 0.41251
      vertex 30 2.71424 0.21228
      vertex 30 2.23085 0.41251
    endloop
  endfacet
  facet normal -0 -0.382689 -0.923877
    outer loop
      vertex 30 2.71424 0.21228
      vertex -2 2.23085 0.41251
      vertex -2 2.71424 0.21228
    endloop
  endfacet
  facet normal 0 -0.382689 -0.923877
    outer loop
      vertex -30 2.23085 0.41251
      vertex -14 2.71424 0.21228
      vertex -14 2.23085 0.41251
    endloop
  endfacet
  facet normal -0 -0.382689 -0.923877
    outer loop
      vertex -14 2.71424 0.21228
      vertex -30 2.23085 0.41251
      vertex -30 2.71424 0.21228
    endloop
  endfacet
  facet normal 0.0747728 -0.376029 -0.923586
    outer loop
      vertex 30.4579 2.29113 0.41251
      vertex 30.1678 2.72524 0.21228
      vertex 30.3328 2.75805 0.21228
    endloop
  endfacet
  facet normal 0.0834026 -0.245556 -0.965788
    outer loop
      vertex 30.492 2.81211 0.21228
      vertex 30.202 3.24623 0.0768595
      vertex 30.2986 3.27904 0.0768595
    endloop
  endfacet
  facet normal -0.278501 -0.820504 0.49921
    outer loop
      vertex -31.2728 0.927289 58.2223
      vertex -31.3729 0.685591 57.7692
      vertex -30.9285 0.53475 57.7692
    endloop
  endfacet
  facet normal -0.383288 -0.777099 0.499206
    outer loop
      vertex -31.2728 0.927289 58.2223
      vertex -31.7937 0.893142 57.7692
      vertex -31.3729 0.685591 57.7692
    endloop
  endfacet
  facet normal -0.0604458 -0.922227 0.381896
    outer loop
      vertex -30 0.41251 57.7692
      vertex -30.173 0.353783 57.6
      vertex -30 0.342444 57.6
    endloop
  endfacet
  facet normal -0.382543 -0.0251804 0.923594
    outer loop
      vertex -31.2748 3.83218 59.7877
      vertex -31.7692 4 59.5875
      vertex -31.754 3.76908 59.5875
    endloop
  endfacet
  facet normal 0.0398674 -0.60826 0.792736
    outer loop
      vertex 30.2901 1.79673 59.3259
      vertex 30 1.36262 59.0074
      vertex 30.3442 1.38518 59.0074
    endloop
  endfacet
  facet normal 0.376497 -0.330212 0.865569
    outer loop
      vertex 31.4036 2.92301 59.5875
      vertex 31.251 2.74902 59.5875
      vertex 31.5714 2.42861 59.3259
    endloop
  endfacet
  facet normal 0.117368 0.057728 0.991409
    outer loop
      vertex 30.721 54.2986 59.9231
      vertex 30.2266 54.1308 59.9914
      vertex 30.2417 54.1001 59.9914
    endloop
  endfacet
  facet normal -0.37602 -0.074717 0.923594
    outer loop
      vertex -31.2748 3.83218 59.7877
      vertex -31.754 3.76908 59.5875
      vertex -31.7089 3.54211 59.5875
    endloop
  endfacet
  facet normal 0.0250649 -0.382516 0.923609
    outer loop
      vertex 30.1678 2.72524 59.7877
      vertex 30 2.23085 59.5875
      vertex 30.2309 2.24598 59.5875
    endloop
  endfacet
  facet normal -0.393315 -0.588557 0.706332
    outer loop
      vertex -31.3187 1.71596 59.0074
      vertex -31.6055 1.90762 59.0074
      vertex -31.5037 1.39555 58.6374
    endloop
  endfacet
  facet normal -0.441059 -0.660247 0.607899
    outer loop
      vertex -31.5037 1.39555 58.6374
      vertex -32.0247 1.3614 58.2223
      vertex -31.6629 1.11971 58.2223
    endloop
  endfacet
  facet normal -0.0976902 -0.491155 0.865577
    outer loop
      vertex -30.2309 2.24598 59.5875
      vertex -30.4579 2.29113 59.5875
      vertex -30.2901 1.79673 59.3259
    endloop
  endfacet
  facet normal 0.297058 -0.875178 0.381863
    outer loop
      vertex 31.1108 0.522801 57.6
      vertex 31.3729 0.685591 57.7692
      vertex 30.9285 0.53475 57.7692
    endloop
  endfacet
  facet normal 0.297048 -0.875176 0.381877
    outer loop
      vertex 31.3729 0.685591 57.7692
      vertex 31.1108 0.522801 57.6
      vertex 31.3997 0.620858 57.6
    endloop
  endfacet
  facet normal 0.297042 -0.875191 0.381847
    outer loop
      vertex 31.1108 0.522801 57.6
      vertex 30.9285 0.53475 57.7692
      vertex 30.9466 0.467071 57.6
    endloop
  endfacet
  facet normal 0.0604402 -0.922229 0.381891
    outer loop
      vertex 30.173 0.353783 57.6
      vertex 30.4683 0.443201 57.7692
      vertex 30 0.41251 57.7692
    endloop
  endfacet
  facet normal 0.060445 -0.922232 0.381884
    outer loop
      vertex 30.4683 0.443201 57.7692
      vertex 30.173 0.353783 57.6
      vertex 30.4774 0.373734 57.6
    endloop
  endfacet
  facet normal 0.0519316 -0.79228 0.607944
    outer loop
      vertex 30.3925 1.01837 58.6374
      vertex 30 0.674122 58.2223
      vertex 30.4341 0.702576 58.2223
    endloop
  endfacet
  facet normal 0.0462977 -0.706369 0.706328
    outer loop
      vertex 30 1.36262 59.0074
      vertex 30 0.992641 58.6374
      vertex 30.3442 1.38518 59.0074
    endloop
  endfacet
  facet normal 0.474173 0.161102 -0.865567
    outer loop
      vertex 32.1466 54.5752 0.674122
      vertex 31.7089 54.4579 0.41251
      vertex 32.0531 54.8504 0.674122
    endloop
  endfacet
  facet normal 0.706348 0.04643 -0.70634
    outer loop
      vertex 33.0074 54 1.36262
      vertex 32.6148 54.3442 0.992641
      vertex 32.9816 54.3925 1.36262
    endloop
  endfacet
  facet normal 0.820556 0.27863 -0.499052
    outer loop
      vertex 33.2126 54.8608 1.77772
      vertex 33.0727 55.2728 1.77772
      vertex 33.4652 54.9285 2.23085
    endloop
  endfacet
  facet normal 0.849952 0.168915 -0.499048
    outer loop
      vertex 33.2974 54.4341 1.77772
      vertex 33.2126 54.8608 1.77772
      vertex 33.4652 54.9285 2.23085
    endloop
  endfacet
  facet normal 0.338692 0.506884 -0.792689
    outer loop
      vertex 31.3528 55.7631 0.674122
      vertex 31.1111 55.9246 0.674122
      vertex 31.3187 56.284 0.992641
    endloop
  endfacet
  facet normal 0.458337 0.401936 -0.792701
    outer loop
      vertex 31.7631 55.3528 0.674122
      vertex 31.5714 55.5714 0.674122
      vertex 31.8649 55.8649 0.992641
    endloop
  endfacet
  facet normal 0.506884 0.338692 -0.792689
    outer loop
      vertex 31.9246 55.1111 0.674122
      vertex 31.7631 55.3528 0.674122
      vertex 32.284 55.3187 0.992641
    endloop
  endfacet
  facet normal 0.416413 0.27824 -0.865553
    outer loop
      vertex 31.9246 55.1111 0.674122
      vertex 31.4036 55.077 0.41251
      vertex 31.7631 55.3528 0.674122
    endloop
  endfacet
  facet normal 0.474233 0.161036 -0.865547
    outer loop
      vertex 31.7089 54.4579 0.41251
      vertex 31.6345 54.677 0.41251
      vertex 32.0531 54.8504 0.674122
    endloop
  endfacet
  facet normal 0.49117 0.0976827 -0.865569
    outer loop
      vertex 32.2033 54.2901 0.674122
      vertex 31.7089 54.4579 0.41251
      vertex 32.1466 54.5752 0.674122
    endloop
  endfacet
  facet normal 0.458309 0.401948 -0.792711
    outer loop
      vertex 32.0924 55.6055 0.992641
      vertex 31.7631 55.3528 0.674122
      vertex 31.8649 55.8649 0.992641
    endloop
  endfacet
  facet normal 0.318829 0.212939 -0.923583
    outer loop
      vertex 31.5321 54.8846 0.41251
      vertex 31.1135 54.6429 0.21228
      vertex 31.4036 55.077 0.41251
    endloop
  endfacet
  facet normal -0.0725763 -0.108807 -0.99141
    outer loop
      vertex -30.1308 3.77344 0.00856495
      vertex -30.3902 3.32419 0.0768595
      vertex -30.1593 3.79245 0.00856495
    endloop
  endfacet
  facet normal 0.108784 0.0726508 -0.991407
    outer loop
      vertex 30.6758 54.3902 0.0768595
      vertex 30.2076 54.1593 0.00856495
      vertex 30.6191 54.4751 0.0768595
    endloop
  endfacet
  facet normal 0.0420479 0.12385 -0.99141
    outer loop
      vertex 30.1001 54.2417 0.00856495
      vertex 30.0677 54.2527 0.00856495
      vertex 30.2986 54.721 0.0768595
    endloop
  endfacet
  facet normal 0.0833846 0.245578 -0.965784
    outer loop
      vertex 30.2986 54.721 0.0768595
      vertex 30.202 54.7538 0.0768595
      vertex 30.492 55.1879 0.21228
    endloop
  endfacet
  facet normal 0.123849 -0.0420474 -0.99141
    outer loop
      vertex 30.721 3.70137 0.0768595
      vertex 30.2417 3.89989 0.00856495
      vertex 30.2527 3.93229 0.00856495
    endloop
  endfacet
  facet normal 0.288237 -0.252802 -0.923586
    outer loop
      vertex 31.251 2.74902 0.41251
      vertex 30.9092 3.09083 0.21228
      vertex 31.4036 2.92301 0.41251
    endloop
  endfacet
  facet normal 0.864607 -0.0567628 -0.499233
    outer loop
      vertex 33.5568 3.53174 2.23085
      vertex 33.2974 3.56589 1.77772
      vertex 33.3259 4 1.77772
    endloop
  endfacet
  facet normal 0.849804 -0.16913 -0.499228
    outer loop
      vertex 33.4652 3.07149 2.23085
      vertex 33.2974 3.56589 1.77772
      vertex 33.5568 3.53174 2.23085
    endloop
  endfacet
  facet normal 0.577232 -0.195956 -0.792719
    outer loop
      vertex 32.4366 2.99072 0.992641
      vertex 32.0531 3.14957 0.674122
      vertex 32.5475 3.3174 0.992641
    endloop
  endfacet
  facet normal 0.777171 -0.383157 -0.499195
    outer loop
      vertex 33.1069 2.20625 2.23085
      vertex 33.0727 2.72724 1.77772
      vertex 33.3144 2.62713 2.23085
    endloop
  endfacet
  facet normal 0.597916 -0.118929 -0.792687
    outer loop
      vertex 32.5475 3.3174 0.992641
      vertex 32.2033 3.70993 0.674122
      vertex 32.6148 3.65575 0.992641
    endloop
  endfacet
  facet normal 0.608317 -0.039936 -0.792688
    outer loop
      vertex 32.6148 3.65575 0.992641
      vertex 32.2033 3.70993 0.674122
      vertex 32.6374 4 0.992641
    endloop
  endfacet
  facet normal -0.0726535 -0.108769 -0.991408
    outer loop
      vertex -30.3902 3.32419 0.0768595
      vertex -30.4751 3.3809 0.0768595
      vertex -30.1593 3.79245 0.00856495
    endloop
  endfacet
  facet normal -0.416417 -0.278102 -0.865596
    outer loop
      vertex -31.4036 2.92301 0.41251
      vertex -31.9246 2.88886 0.674122
      vertex -31.5321 3.11542 0.41251
    endloop
  endfacet
  facet normal -0.130509 -0.0084076 -0.991411
    outer loop
      vertex -30.2594 3.96585 0.00856495
      vertex -30.7804 4 0.0768595
      vertex -30.2616 4 0.00856495
    endloop
  endfacet
  facet normal 0.382592 -0.0251836 -0.923574
    outer loop
      vertex 31.754 3.76908 0.41251
      vertex 31.2748 3.83218 0.21228
      vertex 31.7692 4 0.41251
    endloop
  endfacet
  facet normal 0.215635 -0.144061 -0.965789
    outer loop
      vertex 31.1135 3.35712 0.21228
      vertex 30.6191 3.52495 0.0768595
      vertex 30.6758 3.60982 0.0768595
    endloop
  endfacet
  facet normal 0.408743 -0.828873 -0.381967
    outer loop
      vertex 31.3997 0.620858 2.4
      vertex 31.3729 0.685591 2.23085
      vertex 31.5552 0.69754 2.4
    endloop
  endfacet
  facet normal 0.408704 -0.828882 -0.381989
    outer loop
      vertex 31.8939 0.719738 2.71424
      vertex 31.6 0.574822 2.71424
      vertex 31.6 0.700477 2.44158
    endloop
  endfacet
  facet normal 0.427233 -0.866459 -0.258305
    outer loop
      vertex 31.8939 0.719738 2.71424
      vertex 31.6 0.46203 3.09259
      vertex 31.6 0.574822 2.71424
    endloop
  endfacet
  facet normal 0.636981 -0.726297 0.258356
    outer loop
      vertex 32.6783 1.32168 57.2858
      vertex 32.3883 0.887564 56.7804
      vertex 32.7741 1.22592 56.7804
    endloop
  endfacet
  facet normal 0.824388 -0.550829 -0.130274
    outer loop
      vertex 33.1666 1.57017 3.73839
      vertex 33.1124 1.61174 3.21964
      vertex 33.3975 2.03843 3.21964
    endloop
  endfacet
  facet normal 0.803284 -0.536727 -0.258185
    outer loop
      vertex 33.3975 2.03843 3.21964
      vertex 33.1124 1.61174 3.21964
      vertex 33.2803 2.10614 2.71424
    endloop
  endfacet
  facet normal 0.651491 -0.571331 -0.499139
    outer loop
      vertex 32.8461 1.81607 2.23085
      vertex 32.5367 1.46326 2.23085
      vertex 32.6386 1.97533 1.77772
    endloop
  endfacet
  facet normal 0.828877 -0.408693 -0.382011
    outer loop
      vertex 33.4994 2.5505 2.71424
      vertex 33.2803 2.10614 2.71424
      vertex 33.3144 2.62713 2.23085
    endloop
  endfacet
  facet normal 0.866469 -0.427229 -0.258279
    outer loop
      vertex 33.6245 2.49868 3.21964
      vertex 33.2803 2.10614 2.71424
      vertex 33.4994 2.5505 2.71424
    endloop
  endfacet
  facet normal 0.768339 -0.513565 -0.381975
    outer loop
      vertex 33.2803 2.10614 2.71424
      vertex 32.8461 1.81607 2.23085
      vertex 33.1069 2.20625 2.23085
    endloop
  endfacet
  facet normal 0.989369 0.0647552 0.130217
    outer loop
      vertex 33.9573 54.521 56.2616
      vertex 33.8896 54.5121 56.7804
      vertex 33.9914 54 56.2616
    endloop
  endfacet
  facet normal 0.972421 0.193497 0.130214
    outer loop
      vertex 33.9573 54.521 56.2616
      vertex 33.8554 55.0331 56.2616
      vertex 33.8896 54.5121 56.7804
    endloop
  endfacet
  facet normal 0.376474 -0.330223 0.865575
    outer loop
      vertex 31.7631 2.64716 59.3259
      vertex 31.4036 2.92301 59.5875
      vertex 31.5714 2.42861 59.3259
    endloop
  endfacet
  facet normal 0.720399 -0.481522 0.499161
    outer loop
      vertex 33.1069 2.20625 57.7692
      vertex 32.6386 1.97533 58.2223
      vertex 32.8461 1.81607 57.7692
    endloop
  endfacet
  facet normal 0.75179 -0.255299 0.607975
    outer loop
      vertex 32.9049 3.22164 58.6374
      vertex 32.7784 2.84913 58.6374
      vertex 33.0727 2.72724 58.2223
    endloop
  endfacet
  facet normal 0.906404 -0.180395 0.381954
    outer loop
      vertex 33.5568 3.53174 57.7692
      vertex 33.4652 3.07149 57.7692
      vertex 33.7553 3.5056 57.2858
    endloop
  endfacet
  facet normal 0.720426 -0.481373 0.499265
    outer loop
      vertex 32.8803 2.33706 58.2223
      vertex 32.6386 1.97533 58.2223
      vertex 33.1069 2.20625 57.7692
    endloop
  endfacet
  facet normal 0.889238 -0.438485 0.130334
    outer loop
      vertex 33.6876 2.47254 56.2616
      vertex 33.3975 2.03843 56.7804
      vertex 33.4567 2.00428 56.2616
    endloop
  endfacet
  facet normal 0.866469 -0.427229 0.258279
    outer loop
      vertex 33.4994 2.5505 57.2858
      vertex 33.2803 2.10614 57.2858
      vertex 33.6245 2.49868 56.7804
    endloop
  endfacet
  facet normal 0.922212 -0.0604362 0.381934
    outer loop
      vertex 33.7877 4 57.2858
      vertex 33.5875 4 57.7692
      vertex 33.7553 3.5056 57.2858
    endloop
  endfacet
  facet normal 0.963987 -0.0630647 0.258365
    outer loop
      vertex 33.9231 4 56.7804
      vertex 33.7553 3.5056 57.2858
      vertex 33.8896 3.48793 56.7804
    endloop
  endfacet
  facet normal 0.596918 -0.523534 0.607949
    outer loop
      vertex 32.3859 2.16924 58.6374
      vertex 32.1265 1.87348 58.6374
      vertex 32.6386 1.97533 58.2223
    endloop
  endfacet
  facet normal 0.651386 -0.571367 0.499235
    outer loop
      vertex 32.6386 1.97533 58.2223
      vertex 32.3517 1.64825 58.2223
      vertex 32.5367 1.46326 57.7692
    endloop
  endfacet
  facet normal 0.37602 -0.074717 0.923594
    outer loop
      vertex 31.754 3.76908 59.5875
      vertex 31.2748 3.83218 59.7877
      vertex 31.7089 3.54211 59.5875
    endloop
  endfacet
  facet normal 0.94749 -0.18844 -0.258365
    outer loop
      vertex 33.7895 2.98462 3.21964
      vertex 33.7553 3.5056 2.71424
      vertex 33.8896 3.48793 3.21964
    endloop
  endfacet
  facet normal 0.989365 -0.064725 -0.130262
    outer loop
      vertex 33.9914 4 3.73839
      vertex 33.8896 3.48793 3.21964
      vertex 33.9231 4 3.21964
    endloop
  endfacet
  facet normal 0 -0.793352 0.608763
    outer loop
      vertex -30 0.674122 58.2223
      vertex 30 0.992641 58.6374
      vertex -30 0.992641 58.6374
    endloop
  endfacet
  facet normal 0 -0.793352 0.608763
    outer loop
      vertex 30 0.992641 58.6374
      vertex -30 0.674122 58.2223
      vertex 30 0.674122 58.2223
    endloop
  endfacet
  facet normal -0.351182 -0.712093 0.607943
    outer loop
      vertex -31.1509 1.22156 58.6374
      vertex -31.5037 1.39555 58.6374
      vertex -31.2728 0.927289 58.2223
    endloop
  endfacet
  facet normal -0.393247 -0.588565 0.706363
    outer loop
      vertex -31.6055 1.90762 59.0074
      vertex -31.8308 1.6141 58.6374
      vertex -31.5037 1.39555 58.6374
    endloop
  endfacet
  facet normal -0.481309 -0.7205 0.499222
    outer loop
      vertex -31.6629 1.11971 58.2223
      vertex -32.0247 1.3614 58.2223
      vertex -31.7937 0.893142 57.7692
    endloop
  endfacet
  facet normal -0.938879 -0.318657 0.130249
    outer loop
      vertex -33.6245 2.49868 56.7804
      vertex -33.8554 2.96694 56.2616
      vertex -33.6876 2.47254 56.2616
    endloop
  endfacet
  facet normal -0.88921 -0.438567 0.130249
    outer loop
      vertex -33.6245 2.49868 56.7804
      vertex -33.6876 2.47254 56.2616
      vertex -33.3975 2.03843 56.7804
    endloop
  endfacet
  facet normal -0.831437 -0.555619 0
    outer loop
      vertex -33.1666 1.57017 3.73839
      vertex -33.4567 2.00428 56.2616
      vertex -33.4567 2.00428 3.73839
    endloop
  endfacet
  facet normal -0.831437 -0.555619 0
    outer loop
      vertex -33.4567 2.00428 56.2616
      vertex -33.1666 1.57017 3.73839
      vertex -33.1666 1.57017 56.2616
    endloop
  endfacet
  facet normal -0.828877 -0.408693 -0.382011
    outer loop
      vertex -33.2803 2.10614 2.71424
      vertex -33.4994 2.5505 2.71424
      vertex -33.3144 2.62713 2.23085
    endloop
  endfacet
  facet normal -0.889208 -0.438567 -0.130262
    outer loop
      vertex -33.3975 2.03843 3.21964
      vertex -33.6876 2.47254 3.73839
      vertex -33.6245 2.49868 3.21964
    endloop
  endfacet
  facet normal -0.778714 -0.154806 -0.60798
    outer loop
      vertex -32.9049 3.22164 1.36262
      vertex -33.2126 3.1392 1.77772
      vertex -32.9816 3.60746 1.36262
    endloop
  endfacet
  facet normal -0.72631 -0.637008 -0.258252
    outer loop
      vertex -32.6783 1.32168 2.71424
      vertex -33.1124 1.61174 3.21964
      vertex -33.005 1.69418 2.71424
    endloop
  endfacet
  facet normal -0.588569 -0.393132 -0.706423
    outer loop
      vertex -32.0924 2.39446 0.992641
      vertex -32.6045 2.49632 1.36262
      vertex -32.284 2.68131 0.992641
    endloop
  endfacet
  facet normal -0.651491 -0.571331 -0.499139
    outer loop
      vertex -32.5367 1.46326 2.23085
      vertex -32.8461 1.81607 2.23085
      vertex -32.6386 1.97533 1.77772
    endloop
  endfacet
  facet normal -0.866469 -0.427229 -0.258279
    outer loop
      vertex -33.2803 2.10614 2.71424
      vertex -33.6245 2.49868 3.21964
      vertex -33.4994 2.5505 2.71424
    endloop
  endfacet
  facet normal -0.866444 -0.427339 -0.258177
    outer loop
      vertex -33.3975 2.03843 3.21964
      vertex -33.6245 2.49868 3.21964
      vertex -33.2803 2.10614 2.71424
    endloop
  endfacet
  facet normal -0.94749 -0.18844 -0.258365
    outer loop
      vertex -33.7895 2.98462 3.21964
      vertex -33.8896 3.48793 3.21964
      vertex -33.7553 3.5056 2.71424
    endloop
  endfacet
  facet normal -0.947527 -0.188363 -0.258288
    outer loop
      vertex -33.6587 3.01967 2.71424
      vertex -33.7895 2.98462 3.21964
      vertex -33.7553 3.5056 2.71424
    endloop
  endfacet
  facet normal -0.382562 0.0250785 -0.92359
    outer loop
      vertex -31.2858 54 0.21228
      vertex -31.7692 54 0.41251
      vertex -31.2748 54.1678 0.21228
    endloop
  endfacet
  facet normal -0.608317 -0.039936 -0.792688
    outer loop
      vertex -32.6148 3.65575 0.992641
      vertex -32.6374 4 0.992641
      vertex -32.2033 3.70993 0.674122
    endloop
  endfacet
  facet normal -0.245595 -0.0833387 -0.965783
    outer loop
      vertex -30.721 3.70137 0.0768595
      vertex -31.1879 3.50796 0.21228
      vertex -30.7538 3.79803 0.0768595
    endloop
  endfacet
  facet normal -0.694276 -0.138096 -0.706335
    outer loop
      vertex -32.5475 3.3174 0.992641
      vertex -32.9816 3.60746 1.36262
      vertex -32.6148 3.65575 0.992641
    endloop
  endfacet
  facet normal -0.532196 -0.466769 -0.706324
    outer loop
      vertex -32.1265 1.87348 1.36262
      vertex -32.3859 2.16924 1.36262
      vertex -32.0924 2.39446 0.992641
    endloop
  endfacet
  facet normal 0.252776 -0.288262 -0.923585
    outer loop
      vertex 31.077 2.59644 0.41251
      vertex 30.9092 3.09083 0.21228
      vertex 31.251 2.74902 0.41251
    endloop
  endfacet
  facet normal 0.171035 -0.194924 -0.965791
    outer loop
      vertex 30.9092 3.09083 0.21228
      vertex 30.4751 3.3809 0.0768595
      vertex 30.5518 3.4482 0.0768595
    endloop
  endfacet
  facet normal -0.258761 -0.0170204 -0.965791
    outer loop
      vertex -30.7737 3.89814 0.0768595
      vertex -31.2748 3.83218 0.21228
      vertex -30.7804 4 0.0768595
    endloop
  endfacet
  facet normal 0.31878 0.212976 -0.923591
    outer loop
      vertex 31.1135 54.6429 0.21228
      vertex 31.0201 54.7827 0.21228
      vertex 31.4036 55.077 0.41251
    endloop
  endfacet
  facet normal 0.343849 0.169605 -0.923581
    outer loop
      vertex 31.6345 54.677 0.41251
      vertex 31.1135 54.6429 0.21228
      vertex 31.5321 54.8846 0.41251
    endloop
  endfacet
  facet normal -0.128279 -0.0256099 -0.991407
    outer loop
      vertex -30.2527 3.93229 0.00856495
      vertex -30.7737 3.89814 0.0768595
      vertex -30.2594 3.96585 0.00856495
    endloop
  endfacet
  facet normal -0.0833846 0.245578 -0.965784
    outer loop
      vertex -30.2986 54.721 0.0768595
      vertex -30.492 55.1879 0.21228
      vertex -30.202 54.7538 0.0768595
    endloop
  endfacet
  facet normal -0.0834026 -0.245556 -0.965788
    outer loop
      vertex -30.202 3.24623 0.0768595
      vertex -30.492 2.81211 0.21228
      vertex -30.2986 3.27904 0.0768595
    endloop
  endfacet
  facet normal -0.042066 -0.123852 -0.991409
    outer loop
      vertex -30.202 3.24623 0.0768595
      vertex -30.2986 3.27904 0.0768595
      vertex -30.0677 3.7473 0.00856495
    endloop
  endfacet
  facet normal -0.213013 -0.318765 -0.923588
    outer loop
      vertex -30.8846 2.46787 0.41251
      vertex -31.077 2.59644 0.41251
      vertex -30.6429 2.8865 0.21228
    endloop
  endfacet
  facet normal 0.108772 -0.0726685 -0.991407
    outer loop
      vertex 30.6191 3.52495 0.0768595
      vertex 30.2076 3.84074 0.00856495
      vertex 30.6758 3.60982 0.0768595
    endloop
  endfacet
  facet normal -0.0747728 -0.376029 -0.923586
    outer loop
      vertex -30.1678 2.72524 0.21228
      vertex -30.4579 2.29113 0.41251
      vertex -30.3328 2.75805 0.21228
    endloop
  endfacet
  facet normal -0.123276 -0.363033 -0.923585
    outer loop
      vertex -30.4579 2.29113 0.41251
      vertex -30.492 2.81211 0.21228
      vertex -30.3328 2.75805 0.21228
    endloop
  endfacet
  facet normal 0.0577235 0.117358 -0.991411
    outer loop
      vertex 30.1308 54.2266 0.00856495
      vertex 30.1001 54.2417 0.00856495
      vertex 30.2986 54.721 0.0768595
    endloop
  endfacet
  facet normal -0.123858 -0.0420291 -0.99141
    outer loop
      vertex -30.721 3.70137 0.0768595
      vertex -30.7538 3.79803 0.0768595
      vertex -30.2527 3.93229 0.00856495
    endloop
  endfacet
  facet normal -0.363029 -0.123092 -0.923611
    outer loop
      vertex -31.1879 3.50796 0.21228
      vertex -31.7089 3.54211 0.41251
      vertex -31.2419 3.66722 0.21228
    endloop
  endfacet
  facet normal -0.108772 -0.0726685 -0.991407
    outer loop
      vertex -30.6191 3.52495 0.0768595
      vertex -30.6758 3.60982 0.0768595
      vertex -30.2076 3.84074 0.00856495
    endloop
  endfacet
  facet normal -0.213036 -0.318734 -0.923593
    outer loop
      vertex -30.6429 2.8865 0.21228
      vertex -31.077 2.59644 0.41251
      vertex -30.7827 2.97994 0.21228
    endloop
  endfacet
  facet normal -0.144118 -0.215622 -0.965783
    outer loop
      vertex -30.6429 2.8865 0.21228
      vertex -30.7827 2.97994 0.21228
      vertex -30.4751 3.3809 0.0768595
    endloop
  endfacet
  facet normal -0.382592 -0.0251836 -0.923574
    outer loop
      vertex -31.754 3.76908 0.41251
      vertex -31.7692 4 0.41251
      vertex -31.2748 3.83218 0.21228
    endloop
  endfacet
  facet normal -0.382562 -0.0250756 -0.92359
    outer loop
      vertex -31.2748 3.83218 0.21228
      vertex -31.7692 4 0.41251
      vertex -31.2858 4 0.21228
    endloop
  endfacet
  facet normal 0.098327 0.0862765 -0.991407
    outer loop
      vertex 30.6191 54.4751 0.0768595
      vertex 30.2076 54.1593 0.00856495
      vertex 30.5518 54.5518 0.0768595
    endloop
  endfacet
  facet normal -0.0982714 -0.0863169 -0.991409
    outer loop
      vertex -30.185 3.81501 0.00856495
      vertex -30.5518 3.4482 0.0768595
      vertex -30.2076 3.84074 0.00856495
    endloop
  endfacet
  facet normal 0.117356 -0.0577225 -0.991411
    outer loop
      vertex 30.721 3.70137 0.0768595
      vertex 30.2266 3.86919 0.00856495
      vertex 30.2417 3.89989 0.00856495
    endloop
  endfacet
  facet normal -0.550831 -0.824403 -0.130173
    outer loop
      vertex -31.9616 0.602461 3.21964
      vertex -32.4298 0.833382 3.73839
      vertex -32.3883 0.887564 3.21964
    endloop
  endfacet
  facet normal -0.653757 -0.745426 -0.130158
    outer loop
      vertex -32.4298 0.833382 3.73839
      vertex -32.7741 1.22592 3.21964
      vertex -32.3883 0.887564 3.21964
    endloop
  endfacet
  facet normal -0.745477 0.653694 -0.130184
    outer loop
      vertex -33.1124 56.3883 3.21964
      vertex -33.1666 56.4298 3.73839
      vertex -32.7741 56.7741 3.21964
    endloop
  endfacet
  facet normal -0.745528 0.653619 -0.130272
    outer loop
      vertex -32.7741 56.7741 3.21964
      vertex -33.1666 56.4298 3.73839
      vertex -32.8224 56.8224 3.73839
    endloop
  endfacet
  facet normal -0.636912 0.726339 -0.258408
    outer loop
      vertex -32.6783 56.6783 2.71424
      vertex -32.7741 56.7741 3.21964
      vertex -32.3883 57.1124 3.21964
    endloop
  endfacet
  facet normal -0.726339 0.636912 -0.258408
    outer loop
      vertex -32.6783 56.6783 2.71424
      vertex -33.1124 56.3883 3.21964
      vertex -32.7741 56.7741 3.21964
    endloop
  endfacet
  facet normal -0.215656 0.144025 -0.965789
    outer loop
      vertex -30.6758 54.3902 0.0768595
      vertex -31.1135 54.6429 0.21228
      vertex -30.6191 54.4751 0.0768595
    endloop
  endfacet
  facet normal -0.21564 0.144069 -0.965786
    outer loop
      vertex -30.6191 54.4751 0.0768595
      vertex -31.1135 54.6429 0.21228
      vertex -31.0201 54.7827 0.21228
    endloop
  endfacet
  facet normal -0.269635 0.54669 -0.792734
    outer loop
      vertex -30.8504 56.0531 0.674122
      vertex -31.3187 56.284 0.992641
      vertex -31.0093 56.4366 0.992641
    endloop
  endfacet
  facet normal 0 0.258817 -0.965926
    outer loop
      vertex -2 54.7804 0.0768595
      vertex 30 55.2858 0.21228
      vertex 30 54.7804 0.0768595
    endloop
  endfacet
  facet normal 0 0.258817 -0.965926
    outer loop
      vertex 30 55.2858 0.21228
      vertex -2 54.7804 0.0768595
      vertex -2 55.2858 0.21228
    endloop
  endfacet
  facet normal 0 0.258817 -0.965926
    outer loop
      vertex -30 54.7804 0.0768595
      vertex -14 55.2858 0.21228
      vertex -14 54.7804 0.0768595
    endloop
  endfacet
  facet normal 0 0.258817 -0.965926
    outer loop
      vertex -14 55.2858 0.21228
      vertex -30 54.7804 0.0768595
      vertex -30 55.2858 0.21228
    endloop
  endfacet
  facet normal -0.117358 0.0577235 -0.991411
    outer loop
      vertex -30.2417 54.1001 0.00856495
      vertex -30.721 54.2986 0.0768595
      vertex -30.2266 54.1308 0.00856495
    endloop
  endfacet
  facet normal 0.130509 -0.0084076 -0.991411
    outer loop
      vertex 30.7804 4 0.0768595
      vertex 30.2594 3.96585 0.00856495
      vertex 30.2616 4 0.00856495
    endloop
  endfacet
  facet normal -0.375927 0.0749575 -0.923613
    outer loop
      vertex -31.2748 54.1678 0.21228
      vertex -31.7089 54.4579 0.41251
      vertex -31.2419 54.3328 0.21228
    endloop
  endfacet
  facet normal -0.36302 0.123135 -0.92361
    outer loop
      vertex -31.2419 54.3328 0.21228
      vertex -31.7089 54.4579 0.41251
      vertex -31.1879 54.492 0.21228
    endloop
  endfacet
  facet normal -0.0169641 0.25878 -0.965787
    outer loop
      vertex -30 54.7804 0.0768595
      vertex -30.1678 55.2748 0.21228
      vertex -30 55.2858 0.21228
    endloop
  endfacet
  facet normal -0.161102 0.474173 -0.865567
    outer loop
      vertex -30.4579 55.7089 0.41251
      vertex -30.8504 56.0531 0.674122
      vertex -30.5752 56.1466 0.674122
    endloop
  endfacet
  facet normal -0.864645 0.0566829 -0.499175
    outer loop
      vertex -33.3259 54 1.77772
      vertex -33.5875 54 2.23085
      vertex -33.5568 54.4683 2.23085
    endloop
  endfacet
  facet normal -0.778728 0.154777 -0.60797
    outer loop
      vertex -32.9816 54.3925 1.36262
      vertex -33.2126 54.8608 1.77772
      vertex -32.9049 54.7784 1.36262
    endloop
  endfacet
  facet normal -0.793369 0 -0.60874
    outer loop
      vertex -33.0074 4 1.36262
      vertex -33.3259 54 1.77772
      vertex -33.0074 54 1.36262
    endloop
  endfacet
  facet normal -0.793369 -0 -0.60874
    outer loop
      vertex -33.3259 54 1.77772
      vertex -33.0074 4 1.36262
      vertex -33.3259 4 1.77772
    endloop
  endfacet
  facet normal -0.922198 -0.060461 -0.381962
    outer loop
      vertex -33.5568 3.53174 2.23085
      vertex -33.7553 3.5056 2.71424
      vertex -33.5875 4 2.23085
    endloop
  endfacet
  facet normal -0.938873 0.318655 -0.130297
    outer loop
      vertex -33.6245 55.5013 3.21964
      vertex -33.8554 55.0331 3.73839
      vertex -33.6876 55.5275 3.73839
    endloop
  endfacet
  facet normal -0.989367 0.0647551 -0.130229
    outer loop
      vertex -33.8896 54.5121 3.21964
      vertex -33.9914 54 3.73839
      vertex -33.9573 54.521 3.73839
    endloop
  endfacet
  facet normal -0.889221 0.438525 -0.130312
    outer loop
      vertex -33.6245 55.5013 3.21964
      vertex -33.6876 55.5275 3.73839
      vertex -33.3975 55.9616 3.21964
    endloop
  endfacet
  facet normal -0.866465 0.427303 -0.258168
    outer loop
      vertex -33.2803 55.8939 2.71424
      vertex -33.6245 55.5013 3.21964
      vertex -33.3975 55.9616 3.21964
    endloop
  endfacet
  facet normal -0.922209 0.060436 -0.38194
    outer loop
      vertex -33.5875 54 2.23085
      vertex -33.7877 54 2.71424
      vertex -33.7553 54.4944 2.71424
    endloop
  endfacet
  facet normal -0.991444 0 -0.130536
    outer loop
      vertex -33.9231 4 3.21964
      vertex -33.9914 54 3.73839
      vertex -33.9231 54 3.21964
    endloop
  endfacet
  facet normal -0.991444 -0 -0.130536
    outer loop
      vertex -33.9914 54 3.73839
      vertex -33.9231 4 3.21964
      vertex -33.9914 4 3.73839
    endloop
  endfacet
  facet normal -0.195941 0.577222 -0.792731
    outer loop
      vertex -30.8504 56.0531 0.674122
      vertex -31.0093 56.4366 0.992641
      vertex -30.6826 56.5475 0.992641
    endloop
  endfacet
  facet normal -0.393177 0.588535 -0.706427
    outer loop
      vertex -31.3187 56.284 0.992641
      vertex -31.6055 56.0924 0.992641
      vertex -31.5037 56.6045 1.36262
    endloop
  endfacet
  facet normal -0.252726 0.288276 -0.923594
    outer loop
      vertex -30.9092 54.9092 0.21228
      vertex -31.077 55.4036 0.41251
      vertex -30.7827 55.0201 0.21228
    endloop
  endfacet
  facet normal -0.318829 0.212939 -0.923583
    outer loop
      vertex -31.1135 54.6429 0.21228
      vertex -31.5321 54.8846 0.41251
      vertex -31.4036 55.077 0.41251
    endloop
  endfacet
  facet normal -0.416413 0.27824 -0.865553
    outer loop
      vertex -31.4036 55.077 0.41251
      vertex -31.9246 55.1111 0.674122
      vertex -31.7631 55.3528 0.674122
    endloop
  endfacet
  facet normal -0.416434 0.278127 -0.86558
    outer loop
      vertex -31.5321 54.8846 0.41251
      vertex -31.9246 55.1111 0.674122
      vertex -31.4036 55.077 0.41251
    endloop
  endfacet
  facet normal -0.828852 0.408714 -0.382044
    outer loop
      vertex -33.1069 55.7937 2.23085
      vertex -33.3144 55.3729 2.23085
      vertex -33.2803 55.8939 2.71424
    endloop
  endfacet
  facet normal -0.571451 0.651322 -0.499223
    outer loop
      vertex -32.3517 56.3517 1.77772
      vertex -32.5367 56.5367 2.23085
      vertex -32.0247 56.6386 1.77772
    endloop
  endfacet
  facet normal -0.694254 0.137987 -0.706379
    outer loop
      vertex -32.5475 54.6826 0.992641
      vertex -32.9816 54.3925 1.36262
      vertex -32.9049 54.7784 1.36262
    endloop
  endfacet
  facet normal -0.706348 0.04643 -0.70634
    outer loop
      vertex -32.6148 54.3442 0.992641
      vertex -33.0074 54 1.36262
      vertex -32.9816 54.3925 1.36262
    endloop
  endfacet
  facet normal -0.577244 0.19612 -0.79267
    outer loop
      vertex -32.1466 54.5752 0.674122
      vertex -32.5475 54.6826 0.992641
      vertex -32.0531 54.8504 0.674122
    endloop
  endfacet
  facet normal -0.597932 0.118915 -0.792677
    outer loop
      vertex -32.2033 54.2901 0.674122
      vertex -32.5475 54.6826 0.992641
      vertex -32.1466 54.5752 0.674122
    endloop
  endfacet
  facet normal -0.393305 0.588518 -0.706369
    outer loop
      vertex -31.6055 56.0924 0.992641
      vertex -31.8308 56.3859 1.36262
      vertex -31.5037 56.6045 1.36262
    endloop
  endfacet
  facet normal -0.596871 0.523599 -0.607938
    outer loop
      vertex -32.3859 55.8308 1.36262
      vertex -32.6386 56.0247 1.77772
      vertex -32.1265 56.1265 1.36262
    endloop
  endfacet
  facet normal -0.154762 0.778739 -0.607959
    outer loop
      vertex -30.3925 56.9816 1.36262
      vertex -30.8608 57.2126 1.77772
      vertex -30.4341 57.2974 1.77772
    endloop
  endfacet
  facet normal -0.0520147 0.792267 -0.607954
    outer loop
      vertex -30.3925 56.9816 1.36262
      vertex -30.4341 57.2974 1.77772
      vertex -30 57.3259 1.77772
    endloop
  endfacet
  facet normal -0.180192 0.906371 -0.382128
    outer loop
      vertex -30.9285 57.4652 2.23085
      vertex -30.9803 57.6587 2.71424
      vertex -30.4944 57.7553 2.71424
    endloop
  endfacet
  facet normal -0.169146 0.849793 -0.499241
    outer loop
      vertex -30.4341 57.2974 1.77772
      vertex -30.9285 57.4652 2.23085
      vertex -30.4683 57.5568 2.23085
    endloop
  endfacet
  facet normal -0.466754 0.532202 -0.706329
    outer loop
      vertex -31.8649 55.8649 0.992641
      vertex -32.1265 56.1265 1.36262
      vertex -31.6055 56.0924 0.992641
    endloop
  endfacet
  facet normal -0.466791 0.532113 -0.706373
    outer loop
      vertex -31.6055 56.0924 0.992641
      vertex -32.1265 56.1265 1.36262
      vertex -31.8308 56.3859 1.36262
    endloop
  endfacet
  facet normal 0 0.130513 -0.991447
    outer loop
      vertex -2 54.2616 0.00856495
      vertex 30 54.7804 0.0768595
      vertex 30 54.2616 0.00856495
    endloop
  endfacet
  facet normal 0 0.130513 -0.991447
    outer loop
      vertex 30 54.7804 0.0768595
      vertex -2 54.2616 0.00856495
      vertex -2 54.7804 0.0768595
    endloop
  endfacet
  facet normal 0 0.130513 -0.991447
    outer loop
      vertex -30 54.2616 0.00856495
      vertex -14 54.7804 0.0768595
      vertex -14 54.2616 0.00856495
    endloop
  endfacet
  facet normal 0 0.130513 -0.991447
    outer loop
      vertex -14 54.7804 0.0768595
      vertex -30 54.2616 0.00856495
      vertex -30 54.7804 0.0768595
    endloop
  endfacet
  facet normal 0.506892 0.338635 -0.792708
    outer loop
      vertex 32.284 55.3187 0.992641
      vertex 31.7631 55.3528 0.674122
      vertex 32.0924 55.6055 0.992641
    endloop
  endfacet
  facet normal 0.123135 0.36302 -0.92361
    outer loop
      vertex 30.492 55.1879 0.21228
      vertex 30.3328 55.2419 0.21228
      vertex 30.4579 55.7089 0.41251
    endloop
  endfacet
  facet normal 0.0747169 0.37607 -0.923574
    outer loop
      vertex 30.4579 55.7089 0.41251
      vertex 30.1678 55.2748 0.21228
      vertex 30.2309 55.754 0.41251
    endloop
  endfacet
  facet normal 0.0976827 0.49117 -0.865569
    outer loop
      vertex 30.4579 55.7089 0.41251
      vertex 30.2901 56.2033 0.674122
      vertex 30.5752 56.1466 0.674122
    endloop
  endfacet
  facet normal 0.269521 0.546803 0.792695
    outer loop
      vertex 31.3187 56.284 59.0074
      vertex 30.8504 56.0531 59.3259
      vertex 31.1111 55.9246 59.3259
    endloop
  endfacet
  facet normal 0.278231 0.416399 0.865563
    outer loop
      vertex 31.1111 55.9246 59.3259
      vertex 31.077 55.4036 59.5875
      vertex 31.3528 55.7631 59.3259
    endloop
  endfacet
  facet normal 0.330196 0.37653 0.865561
    outer loop
      vertex 31.3528 55.7631 59.3259
      vertex 31.077 55.4036 59.5875
      vertex 31.5714 55.5714 59.3259
    endloop
  endfacet
  facet normal 0.232579 0.114671 0.965794
    outer loop
      vertex 31.1135 54.6429 59.7877
      vertex 30.721 54.2986 59.9231
      vertex 31.1879 54.492 59.7877
    endloop
  endfacet
  facet normal 0.550893 0.824345 0.130275
    outer loop
      vertex 31.9957 57.4567 56.2616
      vertex 31.9616 57.3975 56.7804
      vertex 32.4298 57.1666 56.2616
    endloop
  endfacet
  facet normal 0.255285 0.751804 0.607964
    outer loop
      vertex 30.8608 57.2126 58.2223
      vertex 30.7784 56.9049 58.6374
      vertex 31.2728 57.0727 58.2223
    endloop
  endfacet
  facet normal 0.720472 0.481311 0.499259
    outer loop
      vertex 33.1069 55.7937 57.7692
      vertex 32.6386 56.0247 58.2223
      vertex 32.8803 55.6629 58.2223
    endloop
  endfacet
  facet normal 0.864631 0.056682 0.4992
    outer loop
      vertex 33.5568 54.4683 57.7692
      vertex 33.3259 54 58.2223
      vertex 33.5875 54 57.7692
    endloop
  endfacet
  facet normal 0.0398376 0.608257 0.79274
    outer loop
      vertex 30 56.6374 59.0074
      vertex 30 56.2223 59.3259
      vertex 30.2901 56.2033 59.3259
    endloop
  endfacet
  facet normal 0.0520147 0.792267 0.607954
    outer loop
      vertex 30.4341 57.2974 58.2223
      vertex 30 57.3259 58.2223
      vertex 30.3925 56.9816 58.6374
    endloop
  endfacet
  facet normal 0.0520794 0.792293 0.607914
    outer loop
      vertex 30 57.3259 58.2223
      vertex 30 57.0074 58.6374
      vertex 30.3925 56.9816 58.6374
    endloop
  endfacet
  facet normal -0.0520794 0.792293 0.607914
    outer loop
      vertex -30 57.3259 58.2223
      vertex -30.3925 56.9816 58.6374
      vertex -30 57.0074 58.6374
    endloop
  endfacet
  facet normal -0.313127 0.634873 0.70632
    outer loop
      vertex -31.1509 56.7784 58.6374
      vertex -31.3187 56.284 59.0074
      vertex -31.0093 56.4366 59.0074
    endloop
  endfacet
  facet normal 0.555628 0.831431 -0
    outer loop
      vertex 32.4298 57.1666 3.73839
      vertex 31.9957 57.4567 56.2616
      vertex 32.4298 57.1666 56.2616
    endloop
  endfacet
  facet normal 0.555628 0.831431 0
    outer loop
      vertex 31.9957 57.4567 56.2616
      vertex 32.4298 57.1666 3.73839
      vertex 31.9957 57.4567 3.73839
    endloop
  endfacet
  facet normal 0.828855 0.408715 0.382037
    outer loop
      vertex 33.2803 55.8939 57.2858
      vertex 33.1069 55.7937 57.7692
      vertex 33.3144 55.3729 57.7692
    endloop
  endfacet
  facet normal 0.751804 0.255285 0.607964
    outer loop
      vertex 33.0727 55.2728 58.2223
      vertex 32.9049 54.7784 58.6374
      vertex 33.2126 54.8608 58.2223
    endloop
  endfacet
  facet normal -0.318808 0.938842 -0.130145
    outer loop
      vertex -31.0154 57.7895 3.21964
      vertex -31.5013 57.6245 3.21964
      vertex -31.0331 57.8554 3.73839
    endloop
  endfacet
  facet normal -0.193408 0.97245 -0.130135
    outer loop
      vertex -31.0154 57.7895 3.21964
      vertex -31.0331 57.8554 3.73839
      vertex -30.5121 57.8896 3.21964
    endloop
  endfacet
  facet normal -0.438532 0.889219 -0.130305
    outer loop
      vertex -31.9616 57.3975 3.21964
      vertex -31.9957 57.4567 3.73839
      vertex -31.5275 57.6876 3.73839
    endloop
  endfacet
  facet normal -0.442303 0.896866 0
    outer loop
      vertex -31.5275 57.6876 3.73839
      vertex -31.9957 57.4567 56.2616
      vertex -31.5275 57.6876 56.2616
    endloop
  endfacet
  facet normal -0.442303 0.896866 0
    outer loop
      vertex -31.9957 57.4567 56.2616
      vertex -31.5275 57.6876 3.73839
      vertex -31.9957 57.4567 3.73839
    endloop
  endfacet
  facet normal -0.310579 0.914775 0.258318
    outer loop
      vertex -31.0154 57.7895 56.7804
      vertex -31.4495 57.4994 57.2858
      vertex -30.9803 57.6587 57.2858
    endloop
  endfacet
  facet normal -0.0604562 0.922203 0.381951
    outer loop
      vertex -30 57.5875 57.7692
      vertex -30.4944 57.7553 57.2858
      vertex -30.4683 57.5568 57.7692
    endloop
  endfacet
  facet normal -0.351231 0.712138 0.607862
    outer loop
      vertex -31.2728 57.0727 58.2223
      vertex -31.6629 56.8803 58.2223
      vertex -31.5037 56.6045 58.6374
    endloop
  endfacet
  facet normal -0.38326 0.777077 0.499263
    outer loop
      vertex -31.2728 57.0727 58.2223
      vertex -31.7937 57.1069 57.7692
      vertex -31.6629 56.8803 58.2223
    endloop
  endfacet
  facet normal -0.221545 0.449148 0.865554
    outer loop
      vertex -30.8504 56.0531 59.3259
      vertex -30.8846 55.5321 59.5875
      vertex -30.677 55.6345 59.5875
    endloop
  endfacet
  facet normal -0.13808 0.694298 0.706318
    outer loop
      vertex -30.3925 56.9816 58.6374
      vertex -30.6826 56.5475 59.0074
      vertex -30.3442 56.6148 59.0074
    endloop
  endfacet
  facet normal 0.0169617 0.258743 0.965797
    outer loop
      vertex 30 55.2858 59.7877
      vertex 30 54.7804 59.9231
      vertex 30.1678 55.2748 59.7877
    endloop
  endfacet
  facet normal 0.144004 0.215626 0.965799
    outer loop
      vertex 30.6429 55.1135 59.7877
      vertex 30.3902 54.6758 59.9231
      vertex 30.4751 54.6191 59.9231
    endloop
  endfacet
  facet normal 0.0862833 0.0983348 0.991406
    outer loop
      vertex 30.4751 54.6191 59.9231
      vertex 30.1593 54.2076 59.9914
      vertex 30.5518 54.5518 59.9231
    endloop
  endfacet
  facet normal 0.0085824 0.130529 0.991407
    outer loop
      vertex 30.1019 54.7737 59.9231
      vertex 30 54.7804 59.9231
      vertex 30.0341 54.2594 59.9914
    endloop
  endfacet
  facet normal 0.130524 0 0.991445
    outer loop
      vertex 30.2616 54 59.9914
      vertex 30.7804 4 59.9231
      vertex 30.7804 54 59.9231
    endloop
  endfacet
  facet normal 0.130524 0 0.991445
    outer loop
      vertex 30.7804 4 59.9231
      vertex 30.2616 54 59.9914
      vertex 30.2616 4 59.9914
    endloop
  endfacet
  facet normal 0.254323 0.0507104 0.965789
    outer loop
      vertex 31.2419 54.3328 59.7877
      vertex 30.7538 54.202 59.9231
      vertex 31.2748 54.1678 59.7877
    endloop
  endfacet
  facet normal 0.0862771 -0.0983277 0.991407
    outer loop
      vertex 30.5518 3.4482 59.9231
      vertex 30.1593 3.79245 59.9914
      vertex 30.4751 3.3809 59.9231
    endloop
  endfacet
  facet normal -0.0255049 0.128294 0.991408
    outer loop
      vertex -30.1019 54.7737 59.9231
      vertex -30.202 54.7538 59.9231
      vertex -30.0677 54.2527 59.9914
    endloop
  endfacet
  facet normal 0.0982268 0.0863784 0.991408
    outer loop
      vertex 30.5518 54.5518 59.9231
      vertex 30.185 54.185 59.9914
      vertex 30.2076 54.1593 59.9914
    endloop
  endfacet
  facet normal -0.824404 0.550826 0.130189
    outer loop
      vertex -33.1666 56.4298 56.2616
      vertex -33.3975 55.9616 56.7804
      vertex -33.1124 56.3883 56.7804
    endloop
  endfacet
  facet normal -0.726296 0.636996 0.258323
    outer loop
      vertex -32.6783 56.6783 57.2858
      vertex -33.1124 56.3883 56.7804
      vertex -33.005 56.3058 57.2858
    endloop
  endfacet
  facet normal -0.777077 0.38326 0.499263
    outer loop
      vertex -32.8803 55.6629 58.2223
      vertex -33.1069 55.7937 57.7692
      vertex -33.0727 55.2728 58.2223
    endloop
  endfacet
  facet normal -0.588551 0.393188 0.706407
    outer loop
      vertex -32.0924 55.6055 59.0074
      vertex -32.6045 55.5037 58.6374
      vertex -32.284 55.3187 59.0074
    endloop
  endfacet
  facet normal -0.75179 -0.255299 0.607975
    outer loop
      vertex -32.9049 3.22164 58.6374
      vertex -33.0727 2.72724 58.2223
      vertex -32.7784 2.84913 58.6374
    endloop
  endfacet
  facet normal -0.720434 0.48152 0.499113
    outer loop
      vertex -32.8461 56.1839 57.7692
      vertex -33.1069 55.7937 57.7692
      vertex -32.6386 56.0247 58.2223
    endloop
  endfacet
  facet normal -0.651497 0.571353 0.499106
    outer loop
      vertex -32.5367 56.5367 57.7692
      vertex -32.8461 56.1839 57.7692
      vertex -32.6386 56.0247 58.2223
    endloop
  endfacet
  facet normal -0.828855 0.408715 0.382037
    outer loop
      vertex -33.2803 55.8939 57.2858
      vertex -33.3144 55.3729 57.7692
      vertex -33.1069 55.7937 57.7692
    endloop
  endfacet
  facet normal -0.768326 0.51353 0.382051
    outer loop
      vertex -32.8461 56.1839 57.7692
      vertex -33.2803 55.8939 57.2858
      vertex -33.1069 55.7937 57.7692
    endloop
  endfacet
  facet normal -0.922203 0.0604562 0.381951
    outer loop
      vertex -33.5568 54.4683 57.7692
      vertex -33.7553 54.4944 57.2858
      vertex -33.5875 54 57.7692
    endloop
  endfacet
  facet normal -0.864589 0.056763 0.499262
    outer loop
      vertex -33.2974 54.4341 58.2223
      vertex -33.5568 54.4683 57.7692
      vertex -33.3259 54 58.2223
    endloop
  endfacet
  facet normal -0.768327 0.513524 0.382056
    outer loop
      vertex -33.005 56.3058 57.2858
      vertex -33.2803 55.8939 57.2858
      vertex -32.8461 56.1839 57.7692
    endloop
  endfacet
  facet normal -0.866487 0.427199 0.258264
    outer loop
      vertex -33.2803 55.8939 57.2858
      vertex -33.6245 55.5013 56.7804
      vertex -33.4994 55.4495 57.2858
    endloop
  endfacet
  facet normal -0.54667 0.269625 0.792751
    outer loop
      vertex -32.284 55.3187 59.0074
      vertex -32.4366 55.0093 59.0074
      vertex -32.0531 54.8504 59.3259
    endloop
  endfacet
  facet normal -0.466767 0.532217 0.706309
    outer loop
      vertex -31.6055 56.0924 59.0074
      vertex -32.1265 56.1265 58.6374
      vertex -31.8649 55.8649 59.0074
    endloop
  endfacet
  facet normal -0.500004 0 0.866023
    outer loop
      vertex -32.2223 54 59.3259
      vertex -31.7692 4 59.5875
      vertex -31.7692 54 59.5875
    endloop
  endfacet
  facet normal -0.500004 0 0.866023
    outer loop
      vertex -31.7692 4 59.5875
      vertex -32.2223 54 59.3259
      vertex -32.2223 4 59.3259
    endloop
  endfacet
  facet normal -0.0725602 0.10884 0.991407
    outer loop
      vertex -30.1308 54.2266 59.9914
      vertex -30.3902 54.6758 59.9231
      vertex -30.1593 54.2076 59.9914
    endloop
  endfacet
  facet normal -0.194888 0.171004 0.965803
    outer loop
      vertex -30.5518 54.5518 59.9231
      vertex -30.9092 54.9092 59.7877
      vertex -30.6191 54.4751 59.9231
    endloop
  endfacet
  facet normal -0.16103 0.474216 0.865557
    outer loop
      vertex -30.4579 55.7089 59.5875
      vertex -30.8504 56.0531 59.3259
      vertex -30.677 55.6345 59.5875
    endloop
  endfacet
  facet normal -0.195934 0.577201 0.792748
    outer loop
      vertex -30.6826 56.5475 59.0074
      vertex -31.0093 56.4366 59.0074
      vertex -30.8504 56.0531 59.3259
    endloop
  endfacet
  facet normal -0.343813 0.169514 0.923611
    outer loop
      vertex -31.1135 54.6429 59.7877
      vertex -31.6345 54.677 59.5875
      vertex -31.1879 54.492 59.7877
    endloop
  endfacet
  facet normal -0.21561 0.144048 0.965796
    outer loop
      vertex -31.0201 54.7827 59.7877
      vertex -31.1135 54.6429 59.7877
      vertex -30.6191 54.4751 59.9231
    endloop
  endfacet
  facet normal -0.588559 -0.393356 0.706307
    outer loop
      vertex -32.0924 2.39446 59.0074
      vertex -32.6045 2.49632 58.6374
      vertex -32.3859 2.16924 58.6374
    endloop
  endfacet
  facet normal -0.596918 -0.523534 0.607949
    outer loop
      vertex -32.3859 2.16924 58.6374
      vertex -32.6386 1.97533 58.2223
      vertex -32.1265 1.87348 58.6374
    endloop
  endfacet
  facet normal -0.712146 -0.351163 0.607892
    outer loop
      vertex -32.6045 2.49632 58.6374
      vertex -33.0727 2.72724 58.2223
      vertex -32.8803 2.33706 58.2223
    endloop
  endfacet
  facet normal -0.546691 -0.269626 0.792736
    outer loop
      vertex -32.0531 3.14957 59.3259
      vertex -32.4366 2.99072 59.0074
      vertex -32.284 2.68131 59.0074
    endloop
  endfacet
  facet normal -0.793369 0 0.60874
    outer loop
      vertex -33.3259 4 58.2223
      vertex -33.0074 54 58.6374
      vertex -33.3259 54 58.2223
    endloop
  endfacet
  facet normal -0.793369 0 0.60874
    outer loop
      vertex -33.0074 54 58.6374
      vertex -33.3259 4 58.2223
      vertex -33.0074 4 58.6374
    endloop
  endfacet
  facet normal -0.820532 -0.278649 0.499081
    outer loop
      vertex -33.2126 3.1392 58.2223
      vertex -33.4652 3.07149 57.7692
      vertex -33.0727 2.72724 58.2223
    endloop
  endfacet
  facet normal -0.820516 -0.278454 0.499216
    outer loop
      vertex -33.0727 2.72724 58.2223
      vertex -33.4652 3.07149 57.7692
      vertex -33.3144 2.62713 57.7692
    endloop
  endfacet
  facet normal -0.777159 -0.383151 0.49922
    outer loop
      vertex -33.0727 2.72724 58.2223
      vertex -33.3144 2.62713 57.7692
      vertex -33.1069 2.20625 57.7692
    endloop
  endfacet
  facet normal 0.194954 -0.17095 0.9658
    outer loop
      vertex 30.6191 3.52495 59.9231
      vertex 30.5518 3.4482 59.9231
      vertex 30.9092 3.09083 59.7877
    endloop
  endfacet
  facet normal 0 -0.258781 0.965936
    outer loop
      vertex -30 3.21964 59.9231
      vertex 30 2.71424 59.7877
      vertex 30 3.21964 59.9231
    endloop
  endfacet
  facet normal 0 -0.258781 0.965936
    outer loop
      vertex 30 2.71424 59.7877
      vertex -30 3.21964 59.9231
      vertex -30 2.71424 59.7877
    endloop
  endfacet
  facet normal -0.474171 -0.161066 0.865575
    outer loop
      vertex -31.7089 3.54211 59.5875
      vertex -32.1466 3.42483 59.3259
      vertex -32.0531 3.14957 59.3259
    endloop
  endfacet
  facet normal 0.245543 0.0833729 0.965794
    outer loop
      vertex 31.1879 54.492 59.7877
      vertex 30.721 54.2986 59.9231
      vertex 30.7538 54.202 59.9231
    endloop
  endfacet
  facet normal 0.706346 0.0463783 0.706346
    outer loop
      vertex 33.0074 54 58.6374
      vertex 32.6148 54.3442 59.0074
      vertex 32.6374 54 59.0074
    endloop
  endfacet
  facet normal 0.63488 -0.313121 0.706316
    outer loop
      vertex 32.4366 2.99072 59.0074
      vertex 32.284 2.68131 59.0074
      vertex 32.7784 2.84913 58.6374
    endloop
  endfacet
  facet normal 0.362973 0.123119 0.92363
    outer loop
      vertex 31.7089 54.4579 59.5875
      vertex 31.1879 54.492 59.7877
      vertex 31.2419 54.3328 59.7877
    endloop
  endfacet
  facet normal 0.466791 0.532113 -0.706373
    outer loop
      vertex 32.1265 56.1265 1.36262
      vertex 31.6055 56.0924 0.992641
      vertex 31.8308 56.3859 1.36262
    endloop
  endfacet
  facet normal 0.466754 0.532202 -0.706329
    outer loop
      vertex 31.8649 55.8649 0.992641
      vertex 31.6055 56.0924 0.992641
      vertex 32.1265 56.1265 1.36262
    endloop
  endfacet
  facet normal 0.393177 0.588535 -0.706427
    outer loop
      vertex 31.6055 56.0924 0.992641
      vertex 31.3187 56.284 0.992641
      vertex 31.5037 56.6045 1.36262
    endloop
  endfacet
  facet normal 0.312928 0.634854 -0.706425
    outer loop
      vertex 31.3187 56.284 0.992641
      vertex 31.1509 56.7784 1.36262
      vertex 31.5037 56.6045 1.36262
    endloop
  endfacet
  facet normal -0.0399421 0.608322 -0.792685
    outer loop
      vertex -30.2901 56.2033 0.674122
      vertex -30.3442 56.6148 0.992641
      vertex -30 56.6374 0.992641
    endloop
  endfacet
  facet normal -0.0398391 0.60828 -0.792722
    outer loop
      vertex -30 56.2223 0.674122
      vertex -30.2901 56.2033 0.674122
      vertex -30 56.6374 0.992641
    endloop
  endfacet
  facet normal -0.338692 0.506884 -0.792689
    outer loop
      vertex -31.1111 55.9246 0.674122
      vertex -31.3528 55.7631 0.674122
      vertex -31.3187 56.284 0.992641
    endloop
  endfacet
  facet normal -0.0833144 0.245623 -0.965778
    outer loop
      vertex -30.202 54.7538 0.0768595
      vertex -30.492 55.1879 0.21228
      vertex -30.3328 55.2419 0.21228
    endloop
  endfacet
  facet normal -0.255285 0.751804 -0.607964
    outer loop
      vertex -30.7784 56.9049 1.36262
      vertex -31.2728 57.0727 1.77772
      vertex -30.8608 57.2126 1.77772
    endloop
  endfacet
  facet normal -0.138076 0.694278 -0.706338
    outer loop
      vertex -30.3442 56.6148 0.992641
      vertex -30.6826 56.5475 0.992641
      vertex -30.3925 56.9816 1.36262
    endloop
  endfacet
  facet normal 0.824402 0.550825 -0.130201
    outer loop
      vertex 33.3975 55.9616 3.21964
      vertex 33.1124 56.3883 3.21964
      vertex 33.1666 56.4298 3.73839
    endloop
  endfacet
  facet normal 0.875152 0.296969 -0.381992
    outer loop
      vertex 33.4652 54.9285 2.23085
      vertex 33.3144 55.3729 2.23085
      vertex 33.4994 55.4495 2.71424
    endloop
  endfacet
  facet normal 0.768323 0.513528 -0.382058
    outer loop
      vertex 33.1069 55.7937 2.23085
      vertex 32.8461 56.1839 2.23085
      vertex 33.2803 55.8939 2.71424
    endloop
  endfacet
  facet normal 0.768325 0.513522 -0.382062
    outer loop
      vertex 33.2803 55.8939 2.71424
      vertex 32.8461 56.1839 2.23085
      vertex 33.005 56.3058 2.71424
    endloop
  endfacet
  facet normal 0.938873 0.318655 -0.130297
    outer loop
      vertex 33.8554 55.0331 3.73839
      vertex 33.6245 55.5013 3.21964
      vertex 33.6876 55.5275 3.73839
    endloop
  endfacet
  facet normal 0.824344 0.550892 -0.130287
    outer loop
      vertex 33.3975 55.9616 3.21964
      vertex 33.1666 56.4298 3.73839
      vertex 33.4567 55.9957 3.73839
    endloop
  endfacet
  facet normal 0.946945 0.321394 0
    outer loop
      vertex 33.8554 55.0331 56.2616
      vertex 33.6876 55.5275 3.73839
      vertex 33.6876 55.5275 56.2616
    endloop
  endfacet
  facet normal 0.946945 0.321394 0
    outer loop
      vertex 33.6876 55.5275 3.73839
      vertex 33.8554 55.0331 56.2616
      vertex 33.8554 55.0331 3.73839
    endloop
  endfacet
  facet normal 0.963986 0.063061 -0.258369
    outer loop
      vertex 33.9231 54 3.21964
      vertex 33.7553 54.4944 2.71424
      vertex 33.8896 54.5121 3.21964
    endloop
  endfacet
  facet normal 0.97245 0.193408 -0.130135
    outer loop
      vertex 33.8896 54.5121 3.21964
      vertex 33.7895 55.0154 3.21964
      vertex 33.8554 55.0331 3.73839
    endloop
  endfacet
  facet normal -0.408743 -0.828873 -0.381967
    outer loop
      vertex -31.3997 0.620858 2.4
      vertex -31.5552 0.69754 2.4
      vertex -31.3729 0.685591 2.23085
    endloop
  endfacet
  facet normal -0.408704 -0.828882 -0.381989
    outer loop
      vertex -31.6 0.574822 2.71424
      vertex -31.8939 0.719738 2.71424
      vertex -31.6 0.700477 2.44158
    endloop
  endfacet
  facet normal -0.408758 -0.828827 -0.382051
    outer loop
      vertex -31.7937 0.893142 2.23085
      vertex -31.6 0.700477 2.44158
      vertex -31.8939 0.719738 2.71424
    endloop
  endfacet
  facet normal -0.408789 -0.828826 -0.382021
    outer loop
      vertex -31.6 0.700477 2.44158
      vertex -31.7937 0.893142 2.23085
      vertex -31.6 0.719642 2.4
    endloop
  endfacet
  facet normal -0.408801 -0.828826 -0.382007
    outer loop
      vertex -31.3729 0.685591 2.23085
      vertex -31.6 0.719642 2.4
      vertex -31.7937 0.893142 2.23085
    endloop
  endfacet
  facet normal -0.408863 -0.828751 -0.382104
    outer loop
      vertex -31.6 0.719642 2.4
      vertex -31.3729 0.685591 2.23085
      vertex -31.5552 0.69754 2.4
    endloop
  endfacet
  facet normal -0.0566741 -0.864632 -0.499199
    outer loop
      vertex -30 0.674122 1.77772
      vertex -30.4683 0.443201 2.23085
      vertex -30.4341 0.702576 1.77772
    endloop
  endfacet
  facet normal -0.0519316 -0.79228 -0.607944
    outer loop
      vertex -30 0.674122 1.77772
      vertex -30.4341 0.702576 1.77772
      vertex -30.3925 1.01837 1.36262
    endloop
  endfacet
  facet normal 0.0604376 -0.922189 -0.381987
    outer loop
      vertex 30.4683 0.443201 2.23085
      vertex 30.173 0.353783 2.4
      vertex 30 0.41251 2.23085
    endloop
  endfacet
  facet normal 0.0604455 -0.922194 -0.381975
    outer loop
      vertex 30.173 0.353783 2.4
      vertex 30.4683 0.443201 2.23085
      vertex 30.4774 0.373735 2.4
    endloop
  endfacet
  facet normal 0.0604432 -0.922187 -0.381992
    outer loop
      vertex 30.173 0.353783 2.4
      vertex 30 0.342444 2.4
      vertex 30 0.41251 2.23085
    endloop
  endfacet
  facet normal -0.278498 -0.820517 -0.49919
    outer loop
      vertex -30.9285 0.53475 2.23085
      vertex -31.2728 0.927289 1.77772
      vertex -30.8608 0.787449 1.77772
    endloop
  endfacet
  facet normal -0.297025 -0.875156 -0.381939
    outer loop
      vertex -30.9466 0.467072 2.4
      vertex -31.1108 0.522801 2.4
      vertex -30.9285 0.53475 2.23085
    endloop
  endfacet
  facet normal -0.609351 -0.694818 -0.381993
    outer loop
      vertex -32.3058 0.995 2.71424
      vertex -32.6783 1.32168 2.71424
      vertex -32.1839 1.15385 2.23085
    endloop
  endfacet
  facet normal -0.513489 -0.768381 -0.381993
    outer loop
      vertex -31.8939 0.719738 2.71424
      vertex -32.3058 0.995 2.71424
      vertex -32.1839 1.15385 2.23085
    endloop
  endfacet
  facet normal -0.651397 -0.571376 -0.499211
    outer loop
      vertex -32.5367 1.46326 2.23085
      vertex -32.6386 1.97533 1.77772
      vertex -32.3517 1.64825 1.77772
    endloop
  endfacet
  facet normal -0.571399 -0.651377 -0.49921
    outer loop
      vertex -32.0247 1.3614 1.77772
      vertex -32.5367 1.46326 2.23085
      vertex -32.3517 1.64825 1.77772
    endloop
  endfacet
  facet normal -0.227537 -0.670286 -0.706359
    outer loop
      vertex -30.7784 1.09511 1.36262
      vertex -31.1509 1.22156 1.36262
      vertex -30.6826 1.45248 0.992641
    endloop
  endfacet
  facet normal -0.227533 -0.67029 -0.706357
    outer loop
      vertex -30.6826 1.45248 0.992641
      vertex -31.1509 1.22156 1.36262
      vertex -31.0093 1.56338 0.992641
    endloop
  endfacet
  facet normal -0.351182 -0.712093 -0.607943
    outer loop
      vertex -31.2728 0.927289 1.77772
      vertex -31.5037 1.39555 1.36262
      vertex -31.1509 1.22156 1.36262
    endloop
  endfacet
  facet normal -0.38331 -0.777094 -0.499198
    outer loop
      vertex -31.2728 0.927289 1.77772
      vertex -31.7937 0.893142 2.23085
      vertex -31.6629 1.11971 1.77772
    endloop
  endfacet
  facet normal -0.269606 -0.546703 -0.792735
    outer loop
      vertex -31.0093 1.56338 0.992641
      vertex -31.3187 1.71596 0.992641
      vertex -30.8504 1.94688 0.674122
    endloop
  endfacet
  facet normal -0.313077 -0.634855 -0.706358
    outer loop
      vertex -31.1509 1.22156 1.36262
      vertex -31.3187 1.71596 0.992641
      vertex -31.0093 1.56338 0.992641
    endloop
  endfacet
  facet normal 0.154861 -0.778745 -0.607926
    outer loop
      vertex 30.8608 0.787449 1.77772
      vertex 30.3925 1.01837 1.36262
      vertex 30.7784 1.09511 1.36262
    endloop
  endfacet
  facet normal 0.138061 -0.694265 -0.706353
    outer loop
      vertex 30.7784 1.09511 1.36262
      vertex 30.3925 1.01837 1.36262
      vertex 30.6826 1.45248 0.992641
    endloop
  endfacet
  facet normal 0.0327467 -0.499728 -0.865563
    outer loop
      vertex 30.2901 1.79673 0.674122
      vertex 30 1.77772 0.674122
      vertex 30 2.23085 0.41251
    endloop
  endfacet
  facet normal 0.278266 -0.416415 -0.865544
    outer loop
      vertex 31.1111 2.07545 0.674122
      vertex 30.8846 2.46787 0.41251
      vertex 31.077 2.59644 0.41251
    endloop
  endfacet
  facet normal 0.588542 -0.393345 -0.706327
    outer loop
      vertex 32.3859 2.16924 1.36262
      vertex 32.0924 2.39446 0.992641
      vertex 32.6045 2.49632 1.36262
    endloop
  endfacet
  facet normal 0.416394 -0.278228 -0.865567
    outer loop
      vertex 31.7631 2.64716 0.674122
      vertex 31.4036 2.92301 0.41251
      vertex 31.9246 2.88886 0.674122
    endloop
  endfacet
  facet normal 0.634862 -0.312923 -0.706421
    outer loop
      vertex 32.6045 2.49632 1.36262
      vertex 32.284 2.68131 0.992641
      vertex 32.7784 2.84913 1.36262
    endloop
  endfacet
  facet normal 0.506921 -0.338595 -0.792707
    outer loop
      vertex 32.0924 2.39446 0.992641
      vertex 31.7631 2.64716 0.674122
      vertex 32.284 2.68131 0.992641
    endloop
  endfacet
  facet normal 0.523597 -0.596884 -0.607927
    outer loop
      vertex 32.3517 1.64825 1.77772
      vertex 32.0247 1.3614 1.77772
      vertex 32.1265 1.87348 1.36262
    endloop
  endfacet
  facet normal 0.255197 -0.751868 -0.607922
    outer loop
      vertex 30.8608 0.787449 1.77772
      vertex 30.7784 1.09511 1.36262
      vertex 31.2728 0.927289 1.77772
    endloop
  endfacet
  facet normal 0.123242 -0.363033 -0.92359
    outer loop
      vertex 30.677 2.36551 0.41251
      vertex 30.4579 2.29113 0.41251
      vertex 30.492 2.81211 0.21228
    endloop
  endfacet
  facet normal 0.0327453 -0.499729 -0.865563
    outer loop
      vertex 30.2901 1.79673 0.674122
      vertex 30 2.23085 0.41251
      vertex 30.2309 2.24598 0.41251
    endloop
  endfacet
  facet normal 0.278244 -0.416419 -0.865549
    outer loop
      vertex 31.1111 2.07545 0.674122
      vertex 31.077 2.59644 0.41251
      vertex 31.3528 2.23695 0.674122
    endloop
  endfacet
  facet normal 0.195941 -0.577222 -0.792731
    outer loop
      vertex 31.0093 1.56338 0.992641
      vertex 30.6826 1.45248 0.992641
      vertex 30.8504 1.94688 0.674122
    endloop
  endfacet
  facet normal 0.0976935 -0.491172 -0.865567
    outer loop
      vertex 30.2901 1.79673 0.674122
      vertex 30.2309 2.24598 0.41251
      vertex 30.4579 2.29113 0.41251
    endloop
  endfacet
  facet normal 0.0747897 -0.376019 -0.923589
    outer loop
      vertex 30.2309 2.24598 0.41251
      vertex 30.1678 2.72524 0.21228
      vertex 30.4579 2.29113 0.41251
    endloop
  endfacet
  facet normal 0 -0.923916 0.382595
    outer loop
      vertex -30 0.342444 57.6
      vertex 30 0.41251 57.7692
      vertex -30 0.41251 57.7692
    endloop
  endfacet
  facet normal 0 -0.923916 0.382595
    outer loop
      vertex 30 0.41251 57.7692
      vertex -30 0.342444 57.6
      vertex 30 0.342444 57.6
    endloop
  endfacet
  facet normal -0.0566648 -0.864622 0.499218
    outer loop
      vertex -30 0.674122 58.2223
      vertex -30.4683 0.443201 57.7692
      vertex -30 0.41251 57.7692
    endloop
  endfacet
  facet normal 0.195934 -0.577201 0.792748
    outer loop
      vertex 30.8504 1.94688 59.3259
      vertex 30.6826 1.45248 59.0074
      vertex 31.0093 1.56338 59.0074
    endloop
  endfacet
  facet normal 0.269596 -0.546683 0.792752
    outer loop
      vertex 31.3187 1.71596 59.0074
      vertex 30.8504 1.94688 59.3259
      vertex 31.0093 1.56338 59.0074
    endloop
  endfacet
  facet normal 0 -0.707127 0.707087
    outer loop
      vertex -30 0.992641 58.6374
      vertex 30 1.36262 59.0074
      vertex -30 1.36262 59.0074
    endloop
  endfacet
  facet normal 0 -0.707127 0.707087
    outer loop
      vertex 30 1.36262 59.0074
      vertex -30 0.992641 58.6374
      vertex 30 0.992641 58.6374
    endloop
  endfacet
  facet normal -0.0462977 -0.706369 0.706328
    outer loop
      vertex -30 1.36262 59.0074
      vertex -30.3442 1.38518 59.0074
      vertex -30 0.992641 58.6374
    endloop
  endfacet
  facet normal -0.072582 -0.108816 0.991409
    outer loop
      vertex -30.1593 3.79245 59.9914
      vertex -30.3902 3.32419 59.9231
      vertex -30.1308 3.77344 59.9914
    endloop
  endfacet
  facet normal -0.0983348 0.0862833 0.991406
    outer loop
      vertex -30.5518 54.5518 59.9231
      vertex -30.6191 54.4751 59.9231
      vertex -30.2076 54.1593 59.9914
    endloop
  endfacet
  facet normal 0.0578589 -0.117323 0.991407
    outer loop
      vertex 30.1308 3.77344 59.9914
      vertex 30.1001 3.7583 59.9914
      vertex 30.2986 3.27904 59.9231
    endloop
  endfacet
  facet normal -0.278235 -0.416404 0.865559
    outer loop
      vertex -31.077 2.59644 59.5875
      vertex -31.3528 2.23695 59.3259
      vertex -31.1111 2.07545 59.3259
    endloop
  endfacet
  facet normal 0.213009 -0.318693 0.923613
    outer loop
      vertex 30.7827 2.97994 59.7877
      vertex 30.6429 2.8865 59.7877
      vertex 31.077 2.59644 59.5875
    endloop
  endfacet
  facet normal 0.330177 -0.376529 0.865568
    outer loop
      vertex 31.251 2.74902 59.5875
      vertex 31.077 2.59644 59.5875
      vertex 31.5714 2.42861 59.3259
    endloop
  endfacet
  facet normal -0.269604 -0.546672 0.792757
    outer loop
      vertex -31.1111 2.07545 59.3259
      vertex -31.3187 1.71596 59.0074
      vertex -30.8504 1.94688 59.3259
    endloop
  endfacet
  facet normal -0.195934 -0.577201 0.792748
    outer loop
      vertex -30.8504 1.94688 59.3259
      vertex -31.0093 1.56338 59.0074
      vertex -30.6826 1.45248 59.0074
    endloop
  endfacet
  facet normal 0.0398585 -0.608257 0.792739
    outer loop
      vertex 30 1.77772 59.3259
      vertex 30 1.36262 59.0074
      vertex 30.2901 1.79673 59.3259
    endloop
  endfacet
  facet normal 0.0327456 -0.499711 0.865573
    outer loop
      vertex 30 2.23085 59.5875
      vertex 30 1.77772 59.3259
      vertex 30.2901 1.79673 59.3259
    endloop
  endfacet
  facet normal -0.351247 -0.712092 0.607907
    outer loop
      vertex -31.5037 1.39555 58.6374
      vertex -31.6629 1.11971 58.2223
      vertex -31.2728 0.927289 58.2223
    endloop
  endfacet
  facet normal -0.278493 -0.820503 0.499215
    outer loop
      vertex -30.8608 0.787449 58.2223
      vertex -31.2728 0.927289 58.2223
      vertex -30.9285 0.53475 57.7692
    endloop
  endfacet
  facet normal -0.0327442 -0.499711 0.865573
    outer loop
      vertex -30.2309 2.24598 59.5875
      vertex -30.2901 1.79673 59.3259
      vertex -30 2.23085 59.5875
    endloop
  endfacet
  facet normal 0.0519353 -0.792281 0.607942
    outer loop
      vertex 30 0.992641 58.6374
      vertex 30 0.674122 58.2223
      vertex 30.3925 1.01837 58.6374
    endloop
  endfacet
  facet normal 0.0463038 -0.706371 0.706326
    outer loop
      vertex 30.3442 1.38518 59.0074
      vertex 30 0.992641 58.6374
      vertex 30.3925 1.01837 58.6374
    endloop
  endfacet
  facet normal 0.670307 0.227539 -0.706339
    outer loop
      vertex 32.5475 54.6826 0.992641
      vertex 32.4366 55.0093 0.992641
      vertex 32.7784 55.1509 1.36262
    endloop
  endfacet
  facet normal 0.694254 0.137987 -0.706379
    outer loop
      vertex 32.9816 54.3925 1.36262
      vertex 32.5475 54.6826 0.992641
      vertex 32.9049 54.7784 1.36262
    endloop
  endfacet
  facet normal 0.416434 0.278127 -0.86558
    outer loop
      vertex 31.5321 54.8846 0.41251
      vertex 31.4036 55.077 0.41251
      vertex 31.9246 55.1111 0.674122
    endloop
  endfacet
  facet normal 0.546823 0.269531 -0.792677
    outer loop
      vertex 32.0531 54.8504 0.674122
      vertex 31.9246 55.1111 0.674122
      vertex 32.284 55.3187 0.992641
    endloop
  endfacet
  facet normal 0.245623 0.0833144 -0.965778
    outer loop
      vertex 31.2419 54.3328 0.21228
      vertex 30.7538 54.202 0.0768595
      vertex 31.1879 54.492 0.21228
    endloop
  endfacet
  facet normal 0.491148 0.0975805 -0.865593
    outer loop
      vertex 31.754 54.2309 0.41251
      vertex 31.7089 54.4579 0.41251
      vertex 32.2033 54.2901 0.674122
    endloop
  endfacet
  facet normal 0.278127 0.416434 -0.86558
    outer loop
      vertex 31.077 55.4036 0.41251
      vertex 30.8846 55.5321 0.41251
      vertex 31.1111 55.9246 0.674122
    endloop
  endfacet
  facet normal 0.123272 0.363021 -0.923591
    outer loop
      vertex 30.492 55.1879 0.21228
      vertex 30.4579 55.7089 0.41251
      vertex 30.677 55.6345 0.41251
    endloop
  endfacet
  facet normal 0.376543 0.330207 -0.865551
    outer loop
      vertex 31.7631 55.3528 0.674122
      vertex 31.4036 55.077 0.41251
      vertex 31.5714 55.5714 0.674122
    endloop
  endfacet
  facet normal 0.288248 0.252797 -0.923584
    outer loop
      vertex 31.4036 55.077 0.41251
      vertex 30.9092 54.9092 0.21228
      vertex 31.251 55.251 0.41251
    endloop
  endfacet
  facet normal 0.252797 0.288248 -0.923584
    outer loop
      vertex 31.251 55.251 0.41251
      vertex 30.9092 54.9092 0.21228
      vertex 31.077 55.4036 0.41251
    endloop
  endfacet
  facet normal 0.0505653 0.254351 -0.965789
    outer loop
      vertex 30.202 54.7538 0.0768595
      vertex 30.1019 54.7737 0.0768595
      vertex 30.1678 55.2748 0.21228
    endloop
  endfacet
  facet normal 0.0863716 0.0982191 -0.99141
    outer loop
      vertex 30.185 54.185 0.00856495
      vertex 30.1593 54.2076 0.00856495
      vertex 30.5518 54.5518 0.0768595
    endloop
  endfacet
  facet normal 0.0862765 0.098327 -0.991407
    outer loop
      vertex 30.5518 54.5518 0.0768595
      vertex 30.1593 54.2076 0.00856495
      vertex 30.4751 54.6191 0.0768595
    endloop
  endfacet
  facet normal -0.00841993 0.130509 -0.991411
    outer loop
      vertex -30 54.2616 0.00856495
      vertex -30.0341 54.2594 0.00856495
      vertex -30 54.7804 0.0768595
    endloop
  endfacet
  facet normal -0.117292 -0.0579095 -0.991408
    outer loop
      vertex -30.6758 3.60982 0.0768595
      vertex -30.721 3.70137 0.0768595
      vertex -30.2266 3.86919 0.00856495
    endloop
  endfacet
  facet normal 0.964007 -0.0631752 -0.258264
    outer loop
      vertex 33.9231 4 3.21964
      vertex 33.7553 3.5056 2.71424
      vertex 33.7877 4 2.71424
    endloop
  endfacet
  facet normal 0.864645 -0.0566877 -0.499175
    outer loop
      vertex 33.5568 3.53174 2.23085
      vertex 33.3259 4 1.77772
      vertex 33.5875 4 2.23085
    endloop
  endfacet
  facet normal 0.778714 -0.154806 -0.60798
    outer loop
      vertex 33.2126 3.1392 1.77772
      vertex 32.9049 3.22164 1.36262
      vertex 32.9816 3.60746 1.36262
    endloop
  endfacet
  facet normal 0.792269 -0.0520137 -0.607951
    outer loop
      vertex 33.2974 3.56589 1.77772
      vertex 32.9816 3.60746 1.36262
      vertex 33.3259 4 1.77772
    endloop
  endfacet
  facet normal 0.778744 -0.154767 -0.607952
    outer loop
      vertex 33.2126 3.1392 1.77772
      vertex 32.9816 3.60746 1.36262
      vertex 33.2974 3.56589 1.77772
    endloop
  endfacet
  facet normal 0.84995 -0.168918 -0.499051
    outer loop
      vertex 33.4652 3.07149 2.23085
      vertex 33.2126 3.1392 1.77772
      vertex 33.2974 3.56589 1.77772
    endloop
  endfacet
  facet normal 0.499673 -0.0328903 -0.865589
    outer loop
      vertex 32.2033 3.70993 0.674122
      vertex 31.754 3.76908 0.41251
      vertex 31.7692 4 0.41251
    endloop
  endfacet
  facet normal 0.499753 -0.0327345 -0.865549
    outer loop
      vertex 32.2033 3.70993 0.674122
      vertex 31.7692 4 0.41251
      vertex 32.2223 4 0.674122
    endloop
  endfacet
  facet normal 0.75179 -0.255299 -0.607975
    outer loop
      vertex 33.0727 2.72724 1.77772
      vertex 32.7784 2.84913 1.36262
      vertex 32.9049 3.22164 1.36262
    endloop
  endfacet
  facet normal 0.597927 -0.118914 -0.792681
    outer loop
      vertex 32.5475 3.3174 0.992641
      vertex 32.1466 3.42483 0.674122
      vertex 32.2033 3.70993 0.674122
    endloop
  endfacet
  facet normal 0.114669 -0.232606 -0.965788
    outer loop
      vertex 30.492 2.81211 0.21228
      vertex 30.2986 3.27904 0.0768595
      vertex 30.6429 2.8865 0.21228
    endloop
  endfacet
  facet normal 0.0169642 -0.25878 -0.965787
    outer loop
      vertex 30.1678 2.72524 0.21228
      vertex 30 3.21964 0.0768595
      vertex 30.1019 3.22632 0.0768595
    endloop
  endfacet
  facet normal 0.128279 -0.0256099 -0.991407
    outer loop
      vertex 30.7737 3.89814 0.0768595
      vertex 30.2527 3.93229 0.00856495
      vertex 30.2594 3.96585 0.00856495
    endloop
  endfacet
  facet normal 0.0726535 -0.108769 -0.991408
    outer loop
      vertex 30.3902 3.32419 0.0768595
      vertex 30.1593 3.79245 0.00856495
      vertex 30.4751 3.3809 0.0768595
    endloop
  endfacet
  facet normal 0.258761 -0.0170204 -0.965791
    outer loop
      vertex 31.2748 3.83218 0.21228
      vertex 30.7737 3.89814 0.0768595
      vertex 30.7804 4 0.0768595
    endloop
  endfacet
  facet normal 0.28824 -0.252794 -0.923587
    outer loop
      vertex 31.4036 2.92301 0.41251
      vertex 30.9092 3.09083 0.21228
      vertex 31.0201 3.21728 0.21228
    endloop
  endfacet
  facet normal -0.0578543 -0.117314 -0.991408
    outer loop
      vertex -30.1001 3.7583 0.00856495
      vertex -30.2986 3.27904 0.0768595
      vertex -30.1308 3.77344 0.00856495
    endloop
  endfacet
  facet normal -0.108782 -0.0726487 -0.991407
    outer loop
      vertex -30.2076 3.84074 0.00856495
      vertex -30.6758 3.60982 0.0768595
      vertex -30.2266 3.86919 0.00856495
    endloop
  endfacet
  facet normal 0.382592 0.0251858 -0.923574
    outer loop
      vertex 31.7692 54 0.41251
      vertex 31.2748 54.1678 0.21228
      vertex 31.754 54.2309 0.41251
    endloop
  endfacet
  facet normal 0.318819 -0.212941 -0.923585
    outer loop
      vertex 31.4036 2.92301 0.41251
      vertex 31.0201 3.21728 0.21228
      vertex 31.1135 3.35712 0.21228
    endloop
  endfacet
  facet normal 0.536761 -0.803205 -0.258361
    outer loop
      vertex 32.3883 0.887564 3.21964
      vertex 31.8939 0.719738 2.71424
      vertex 32.3058 0.995 2.71424
    endloop
  endfacet
  facet normal 0.438538 -0.889224 -0.13025
    outer loop
      vertex 31.6 0.360867 3.6517
      vertex 31.9957 0.543316 3.73839
      vertex 31.6 0.348169 3.73839
    endloop
  endfacet
  facet normal 0.438533 -0.889232 -0.130212
    outer loop
      vertex 31.9957 0.543316 3.73839
      vertex 31.6 0.360867 3.6517
      vertex 31.9616 0.602461 3.21964
    endloop
  endfacet
  facet normal 0.297025 -0.875156 -0.381939
    outer loop
      vertex 30.9466 0.467072 2.4
      vertex 30.9285 0.53475 2.23085
      vertex 31.1108 0.522801 2.4
    endloop
  endfacet
  facet normal 0.297046 -0.87514 -0.38196
    outer loop
      vertex 31.3729 0.685591 2.23085
      vertex 31.1108 0.522801 2.4
      vertex 30.9285 0.53475 2.23085
    endloop
  endfacet
  facet normal 0.297035 -0.875138 -0.381974
    outer loop
      vertex 31.1108 0.522801 2.4
      vertex 31.3729 0.685591 2.23085
      vertex 31.3997 0.620858 2.4
    endloop
  endfacet
  facet normal 0.536707 -0.803264 0.258289
    outer loop
      vertex 32.3883 0.887564 56.7804
      vertex 31.8939 0.719738 57.2858
      vertex 31.9616 0.602461 56.7804
    endloop
  endfacet
  facet normal 0.659288 -0.75189 0
    outer loop
      vertex 32.4298 0.833382 3.73839
      vertex 32.8224 1.17763 56.2616
      vertex 32.4298 0.833382 56.2616
    endloop
  endfacet
  facet normal 0.659288 -0.75189 0
    outer loop
      vertex 32.8224 1.17763 56.2616
      vertex 32.4298 0.833382 3.73839
      vertex 32.8224 1.17763 3.73839
    endloop
  endfacet
  facet normal 0.694784 -0.609358 -0.382043
    outer loop
      vertex 33.005 1.69418 2.71424
      vertex 32.6783 1.32168 2.71424
      vertex 32.8461 1.81607 2.23085
    endloop
  endfacet
  facet normal 0.768363 -0.513473 -0.382052
    outer loop
      vertex 33.005 1.69418 2.71424
      vertex 32.8461 1.81607 2.23085
      vertex 33.2803 2.10614 2.71424
    endloop
  endfacet
  facet normal 0.938851 -0.318785 -0.130133
    outer loop
      vertex 33.8554 2.96694 3.73839
      vertex 33.6245 2.49868 3.21964
      vertex 33.7895 2.98462 3.21964
    endloop
  endfacet
  facet normal 0.824344 -0.550879 -0.13034
    outer loop
      vertex 33.4567 2.00428 3.73839
      vertex 33.1666 1.57017 3.73839
      vertex 33.3975 2.03843 3.21964
    endloop
  endfacet
  facet normal 0.660201 -0.441131 -0.607897
    outer loop
      vertex 32.6386 1.97533 1.77772
      vertex 32.6045 2.49632 1.36262
      vertex 32.8803 2.33706 1.77772
    endloop
  endfacet
  facet normal 0.828908 -0.408664 -0.381977
    outer loop
      vertex 33.2803 2.10614 2.71424
      vertex 33.1069 2.20625 2.23085
      vertex 33.3144 2.62713 2.23085
    endloop
  endfacet
  facet normal 0.914776 -0.310599 -0.258289
    outer loop
      vertex 33.7895 2.98462 3.21964
      vertex 33.4994 2.5505 2.71424
      vertex 33.6587 3.01967 2.71424
    endloop
  endfacet
  facet normal 0.875045 -0.297109 -0.382129
    outer loop
      vertex 33.4994 2.5505 2.71424
      vertex 33.4652 3.07149 2.23085
      vertex 33.6587 3.01967 2.71424
    endloop
  endfacet
  facet normal 0.972451 0.193408 0.130123
    outer loop
      vertex 33.8554 55.0331 56.2616
      vertex 33.7895 55.0154 56.7804
      vertex 33.8896 54.5121 56.7804
    endloop
  endfacet
  facet normal 0.965936 -0 0.258781
    outer loop
      vertex 33.7877 4 57.2858
      vertex 33.9231 54 56.7804
      vertex 33.7877 54 57.2858
    endloop
  endfacet
  facet normal 0.965936 0 0.258781
    outer loop
      vertex 33.9231 54 56.7804
      vertex 33.7877 4 57.2858
      vertex 33.9231 4 56.7804
    endloop
  endfacet
  facet normal 0.922212 0.0604362 0.381934
    outer loop
      vertex 33.7553 54.4944 57.2858
      vertex 33.5875 54 57.7692
      vertex 33.7877 54 57.2858
    endloop
  endfacet
  facet normal 0.777159 -0.383151 0.49922
    outer loop
      vertex 33.3144 2.62713 57.7692
      vertex 33.0727 2.72724 58.2223
      vertex 33.1069 2.20625 57.7692
    endloop
  endfacet
  facet normal 0.768342 -0.513567 0.381969
    outer loop
      vertex 33.1069 2.20625 57.7692
      vertex 32.8461 1.81607 57.7692
      vertex 33.2803 2.10614 57.2858
    endloop
  endfacet
  facet normal 0.875141 -0.296992 0.382001
    outer loop
      vertex 33.4652 3.07149 57.7692
      vertex 33.3144 2.62713 57.7692
      vertex 33.4994 2.5505 57.2858
    endloop
  endfacet
  facet normal 0.712146 -0.351163 0.607892
    outer loop
      vertex 33.0727 2.72724 58.2223
      vertex 32.6045 2.49632 58.6374
      vertex 32.8803 2.33706 58.2223
    endloop
  endfacet
  facet normal 0.972453 -0.193405 0.130116
    outer loop
      vertex 33.8896 3.48793 56.7804
      vertex 33.7895 2.98462 56.7804
      vertex 33.8554 2.96694 56.2616
    endloop
  endfacet
  facet normal 0.989366 -0.0647251 0.13025
    outer loop
      vertex 33.9231 4 56.7804
      vertex 33.8896 3.48793 56.7804
      vertex 33.9914 4 56.2616
    endloop
  endfacet
  facet normal 0.938879 -0.318657 0.130249
    outer loop
      vertex 33.8554 2.96694 56.2616
      vertex 33.6245 2.49868 56.7804
      vertex 33.6876 2.47254 56.2616
    endloop
  endfacet
  facet normal 0.997865 -0.0653126 0
    outer loop
      vertex 33.9573 3.47901 56.2616
      vertex 33.9914 4 3.73839
      vertex 33.9914 4 56.2616
    endloop
  endfacet
  facet normal 0.997865 -0.0653126 0
    outer loop
      vertex 33.9914 4 3.73839
      vertex 33.9573 3.47901 56.2616
      vertex 33.9573 3.47901 3.73839
    endloop
  endfacet
  facet normal 0.991445 -0 0.130524
    outer loop
      vertex 33.9231 4 56.7804
      vertex 33.9914 54 56.2616
      vertex 33.9231 54 56.7804
    endloop
  endfacet
  facet normal 0.991445 0 0.130524
    outer loop
      vertex 33.9914 54 56.2616
      vertex 33.9231 4 56.7804
      vertex 33.9914 4 56.2616
    endloop
  endfacet
  facet normal 0.964007 0.0631752 0.258264
    outer loop
      vertex 33.9231 54 56.7804
      vertex 33.7553 54.4944 57.2858
      vertex 33.7877 54 57.2858
    endloop
  endfacet
  facet normal 0.596905 -0.523579 0.607923
    outer loop
      vertex 32.6386 1.97533 58.2223
      vertex 32.1265 1.87348 58.6374
      vertex 32.3517 1.64825 58.2223
    endloop
  endfacet
  facet normal 0.523597 -0.596884 0.607927
    outer loop
      vertex 32.1265 1.87348 58.6374
      vertex 32.0247 1.3614 58.2223
      vertex 32.3517 1.64825 58.2223
    endloop
  endfacet
  facet normal 0.401888 -0.458301 0.792746
    outer loop
      vertex 31.8649 2.13509 59.0074
      vertex 31.3528 2.23695 59.3259
      vertex 31.6055 1.90762 59.0074
    endloop
  endfacet
  facet normal 0.466729 -0.532244 0.706315
    outer loop
      vertex 31.8649 2.13509 59.0074
      vertex 31.6055 1.90762 59.0074
      vertex 32.1265 1.87348 58.6374
    endloop
  endfacet
  facet normal -0.154892 -0.778722 0.607948
    outer loop
      vertex -30.3925 1.01837 58.6374
      vertex -30.8608 0.787449 58.2223
      vertex -30.4341 0.702576 58.2223
    endloop
  endfacet
  facet normal -0.154861 -0.778745 0.607926
    outer loop
      vertex -30.7784 1.09511 58.6374
      vertex -30.8608 0.787449 58.2223
      vertex -30.3925 1.01837 58.6374
    endloop
  endfacet
  facet normal -0.0519316 -0.79228 0.607944
    outer loop
      vertex -30.3925 1.01837 58.6374
      vertex -30.4341 0.702576 58.2223
      vertex -30 0.674122 58.2223
    endloop
  endfacet
  facet normal -0.768363 -0.513473 -0.382052
    outer loop
      vertex -33.005 1.69418 2.71424
      vertex -33.2803 2.10614 2.71424
      vertex -32.8461 1.81607 2.23085
    endloop
  endfacet
  facet normal -0.82053 -0.278459 -0.499191
    outer loop
      vertex -33.3144 2.62713 2.23085
      vertex -33.4652 3.07149 2.23085
      vertex -33.0727 2.72724 1.77772
    endloop
  endfacet
  facet normal -0.338653 -0.506827 -0.792742
    outer loop
      vertex -31.3187 1.71596 0.992641
      vertex -31.3528 2.23695 0.674122
      vertex -31.1111 2.07545 0.674122
    endloop
  endfacet
  facet normal -0.506906 -0.338706 -0.79267
    outer loop
      vertex -31.7631 2.64716 0.674122
      vertex -32.284 2.68131 0.992641
      vertex -31.9246 2.88886 0.674122
    endloop
  endfacet
  facet normal -0.232527 -0.114803 -0.965791
    outer loop
      vertex -30.6758 3.60982 0.0768595
      vertex -31.1135 3.35712 0.21228
      vertex -30.721 3.70137 0.0768595
    endloop
  endfacet
  facet normal -0.278244 -0.416419 -0.865549
    outer loop
      vertex -31.1111 2.07545 0.674122
      vertex -31.3528 2.23695 0.674122
      vertex -31.077 2.59644 0.41251
    endloop
  endfacet
  facet normal -0.720438 -0.481381 -0.49924
    outer loop
      vertex -32.6386 1.97533 1.77772
      vertex -33.1069 2.20625 2.23085
      vertex -32.8803 2.33706 1.77772
    endloop
  endfacet
  facet normal -0.252776 -0.288262 -0.923585
    outer loop
      vertex -31.077 2.59644 0.41251
      vertex -31.251 2.74902 0.41251
      vertex -30.9092 3.09083 0.21228
    endloop
  endfacet
  facet normal -0.577232 -0.195956 -0.792719
    outer loop
      vertex -32.4366 2.99072 0.992641
      vertex -32.5475 3.3174 0.992641
      vertex -32.0531 3.14957 0.674122
    endloop
  endfacet
  facet normal -0.778744 -0.154767 -0.607952
    outer loop
      vertex -33.2126 3.1392 1.77772
      vertex -33.2974 3.56589 1.77772
      vertex -32.9816 3.60746 1.36262
    endloop
  endfacet
  facet normal 0.0578286 -0.117322 -0.991409
    outer loop
      vertex 30.2986 3.27904 0.0768595
      vertex 30.1308 3.77344 0.00856495
      vertex 30.3902 3.32419 0.0768595
    endloop
  endfacet
  facet normal -0.0862889 -0.098299 -0.991409
    outer loop
      vertex -30.1593 3.79245 0.00856495
      vertex -30.5518 3.4482 0.0768595
      vertex -30.185 3.81501 0.00856495
    endloop
  endfacet
  facet normal 0.194916 0.171028 -0.965794
    outer loop
      vertex 30.6191 54.4751 0.0768595
      vertex 30.5518 54.5518 0.0768595
      vertex 30.9092 54.9092 0.21228
    endloop
  endfacet
  facet normal 0.343857 0.169536 -0.923591
    outer loop
      vertex 31.1879 54.492 0.21228
      vertex 31.1135 54.6429 0.21228
      vertex 31.6345 54.677 0.41251
    endloop
  endfacet
  facet normal 0.449171 0.221398 -0.86558
    outer loop
      vertex 32.0531 54.8504 0.674122
      vertex 31.5321 54.8846 0.41251
      vertex 31.9246 55.1111 0.674122
    endloop
  endfacet
  facet normal 0.449163 0.221552 -0.865544
    outer loop
      vertex 31.6345 54.677 0.41251
      vertex 31.5321 54.8846 0.41251
      vertex 32.0531 54.8504 0.674122
    endloop
  endfacet
  facet normal -0.0505919 -0.254357 -0.965786
    outer loop
      vertex -30.1678 2.72524 0.21228
      vertex -30.202 3.24623 0.0768595
      vertex -30.1019 3.22632 0.0768595
    endloop
  endfacet
  facet normal -0.0255165 -0.128287 -0.991409
    outer loop
      vertex -30.1019 3.22632 0.0768595
      vertex -30.202 3.24623 0.0768595
      vertex -30.0677 3.7473 0.00856495
    endloop
  endfacet
  facet normal -0.16101 -0.474207 -0.865565
    outer loop
      vertex -30.5752 1.85344 0.674122
      vertex -30.8504 1.94688 0.674122
      vertex -30.4579 2.29113 0.41251
    endloop
  endfacet
  facet normal -0.169517 -0.343865 -0.923591
    outer loop
      vertex -30.492 2.81211 0.21228
      vertex -30.677 2.36551 0.41251
      vertex -30.6429 2.8865 0.21228
    endloop
  endfacet
  facet normal 0.00855616 -0.13052 -0.991409
    outer loop
      vertex 30.1019 3.22632 0.0768595
      vertex 30 3.21964 0.0768595
      vertex 30.0341 3.74063 0.00856495
    endloop
  endfacet
  facet normal 0.0254672 -0.128291 -0.99141
    outer loop
      vertex 30.1019 3.22632 0.0768595
      vertex 30.0341 3.74063 0.00856495
      vertex 30.0677 3.7473 0.00856495
    endloop
  endfacet
  facet normal -0.194982 -0.170974 -0.96579
    outer loop
      vertex -30.5518 3.4482 0.0768595
      vertex -30.9092 3.09083 0.21228
      vertex -30.6191 3.52495 0.0768595
    endloop
  endfacet
  facet normal -0.0983541 -0.086244 -0.991407
    outer loop
      vertex -30.5518 3.4482 0.0768595
      vertex -30.6191 3.52495 0.0768595
      vertex -30.2076 3.84074 0.00856495
    endloop
  endfacet
  facet normal -0.252713 -0.288287 -0.923595
    outer loop
      vertex -30.7827 2.97994 0.21228
      vertex -31.077 2.59644 0.41251
      vertex -30.9092 3.09083 0.21228
    endloop
  endfacet
  facet normal -0.114657 -0.232615 -0.965787
    outer loop
      vertex -30.2986 3.27904 0.0768595
      vertex -30.6429 2.8865 0.21228
      vertex -30.3902 3.32419 0.0768595
    endloop
  endfacet
  facet normal -0.114669 -0.232606 -0.965788
    outer loop
      vertex -30.492 2.81211 0.21228
      vertex -30.6429 2.8865 0.21228
      vertex -30.2986 3.27904 0.0768595
    endloop
  endfacet
  facet normal -0.123242 -0.363033 -0.92359
    outer loop
      vertex -30.4579 2.29113 0.41251
      vertex -30.677 2.36551 0.41251
      vertex -30.492 2.81211 0.21228
    endloop
  endfacet
  facet normal -0.13052 -0.00858516 -0.991408
    outer loop
      vertex -30.7737 3.89814 0.0768595
      vertex -30.7804 4 0.0768595
      vertex -30.2594 3.96585 0.00856495
    endloop
  endfacet
  facet normal -0.215635 -0.144061 -0.965789
    outer loop
      vertex -30.6191 3.52495 0.0768595
      vertex -31.1135 3.35712 0.21228
      vertex -30.6758 3.60982 0.0768595
    endloop
  endfacet
  facet normal -0.376487 -0.330234 -0.865565
    outer loop
      vertex -31.5714 2.42861 0.674122
      vertex -31.7631 2.64716 0.674122
      vertex -31.4036 2.92301 0.41251
    endloop
  endfacet
  facet normal -0.427251 -0.86645 -0.258305
    outer loop
      vertex -31.9616 0.602461 3.21964
      vertex -31.6 0.46203 3.09259
      vertex -31.6 0.424154 3.21964
    endloop
  endfacet
  facet normal -0.427248 -0.866455 -0.25829
    outer loop
      vertex -31.6 0.46203 3.09259
      vertex -31.9616 0.602461 3.21964
      vertex -31.8939 0.719738 2.71424
    endloop
  endfacet
  facet normal -0.438492 -0.889246 -0.130254
    outer loop
      vertex -31.6 0.360867 3.6517
      vertex -31.9616 0.602461 3.21964
      vertex -31.6 0.424154 3.21964
    endloop
  endfacet
  facet normal -0.653694 0.745477 -0.130184
    outer loop
      vertex -32.3883 57.1124 3.21964
      vertex -32.7741 56.7741 3.21964
      vertex -32.4298 57.1666 3.73839
    endloop
  endfacet
  facet normal -0.550825 0.824402 -0.130201
    outer loop
      vertex -32.3883 57.1124 3.21964
      vertex -32.4298 57.1666 3.73839
      vertex -31.9616 57.3975 3.21964
    endloop
  endfacet
  facet normal -0.636996 0.726296 -0.258323
    outer loop
      vertex -32.3058 57.005 2.71424
      vertex -32.6783 56.6783 2.71424
      vertex -32.3883 57.1124 3.21964
    endloop
  endfacet
  facet normal -0.803182 0.53682 -0.258309
    outer loop
      vertex -33.005 56.3058 2.71424
      vertex -33.2803 55.8939 2.71424
      vertex -33.1124 56.3883 3.21964
    endloop
  endfacet
  facet normal -0.232555 0.114754 -0.96579
    outer loop
      vertex -30.721 54.2986 0.0768595
      vertex -31.1135 54.6429 0.21228
      vertex -30.6758 54.3902 0.0768595
    endloop
  endfacet
  facet normal -0.108784 0.0726508 -0.991407
    outer loop
      vertex -30.2076 54.1593 0.00856495
      vertex -30.6758 54.3902 0.0768595
      vertex -30.6191 54.4751 0.0768595
    endloop
  endfacet
  facet normal -0.792267 0.0520147 -0.607954
    outer loop
      vertex -32.9816 54.3925 1.36262
      vertex -33.3259 54 1.77772
      vertex -33.2974 54.4341 1.77772
    endloop
  endfacet
  facet normal -0.792293 0.0520794 -0.607914
    outer loop
      vertex -33.0074 54 1.36262
      vertex -33.3259 54 1.77772
      vertex -32.9816 54.3925 1.36262
    endloop
  endfacet
  facet normal -0.923898 0 -0.38264
    outer loop
      vertex -33.5875 4 2.23085
      vertex -33.7877 54 2.71424
      vertex -33.5875 54 2.23085
    endloop
  endfacet
  facet normal -0.923898 -0 -0.38264
    outer loop
      vertex -33.7877 54 2.71424
      vertex -33.5875 4 2.23085
      vertex -33.7877 4 2.71424
    endloop
  endfacet
  facet normal -0.9222 0.060456 -0.381958
    outer loop
      vertex -33.5875 54 2.23085
      vertex -33.7553 54.4944 2.71424
      vertex -33.5568 54.4683 2.23085
    endloop
  endfacet
  facet normal -0.906403 0.180414 -0.381948
    outer loop
      vertex -33.5568 54.4683 2.23085
      vertex -33.7553 54.4944 2.71424
      vertex -33.4652 54.9285 2.23085
    endloop
  endfacet
  facet normal -0.864645 -0.0566877 -0.499175
    outer loop
      vertex -33.5568 3.53174 2.23085
      vertex -33.5875 4 2.23085
      vertex -33.3259 4 1.77772
    endloop
  endfacet
  facet normal -0.864607 -0.0567628 -0.499233
    outer loop
      vertex -33.2974 3.56589 1.77772
      vertex -33.5568 3.53174 2.23085
      vertex -33.3259 4 1.77772
    endloop
  endfacet
  facet normal -0.980772 0.195158 0
    outer loop
      vertex -33.9573 54.521 3.73839
      vertex -33.8554 55.0331 56.2616
      vertex -33.8554 55.0331 3.73839
    endloop
  endfacet
  facet normal -0.980772 0.195158 0
    outer loop
      vertex -33.8554 55.0331 56.2616
      vertex -33.9573 54.521 3.73839
      vertex -33.9573 54.521 56.2616
    endloop
  endfacet
  facet normal -0.997865 0.0653113 0
    outer loop
      vertex -33.9914 54 3.73839
      vertex -33.9573 54.521 56.2616
      vertex -33.9573 54.521 3.73839
    endloop
  endfacet
  facet normal -0.997865 0.0653113 0
    outer loop
      vertex -33.9573 54.521 56.2616
      vertex -33.9914 54 3.73839
      vertex -33.9914 54 56.2616
    endloop
  endfacet
  facet normal -0.906371 0.180192 -0.382128
    outer loop
      vertex -33.4652 54.9285 2.23085
      vertex -33.7553 54.4944 2.71424
      vertex -33.6587 54.9803 2.71424
    endloop
  endfacet
  facet normal -0.947487 0.188443 -0.258375
    outer loop
      vertex -33.7553 54.4944 2.71424
      vertex -33.8896 54.5121 3.21964
      vertex -33.7895 55.0154 3.21964
    endloop
  endfacet
  facet normal -0.824402 0.550825 -0.130201
    outer loop
      vertex -33.1124 56.3883 3.21964
      vertex -33.3975 55.9616 3.21964
      vertex -33.1666 56.4298 3.73839
    endloop
  endfacet
  facet normal -0.232612 0.114687 -0.965784
    outer loop
      vertex -30.721 54.2986 0.0768595
      vertex -31.1879 54.492 0.21228
      vertex -31.1135 54.6429 0.21228
    endloop
  endfacet
  facet normal -0.343857 0.169536 -0.923591
    outer loop
      vertex -31.1879 54.492 0.21228
      vertex -31.6345 54.677 0.41251
      vertex -31.1135 54.6429 0.21228
    endloop
  endfacet
  facet normal -0.376543 0.330207 -0.865551
    outer loop
      vertex -31.4036 55.077 0.41251
      vertex -31.7631 55.3528 0.674122
      vertex -31.5714 55.5714 0.674122
    endloop
  endfacet
  facet normal -0.458337 0.401936 -0.792701
    outer loop
      vertex -31.7631 55.3528 0.674122
      vertex -31.8649 55.8649 0.992641
      vertex -31.5714 55.5714 0.674122
    endloop
  endfacet
  facet normal -0.441089 0.660264 -0.607859
    outer loop
      vertex -31.5037 56.6045 1.36262
      vertex -32.0247 56.6386 1.77772
      vertex -31.6629 56.8803 1.77772
    endloop
  endfacet
  facet normal -0.168915 0.849952 -0.499048
    outer loop
      vertex -30.8608 57.2126 1.77772
      vertex -30.9285 57.4652 2.23085
      vertex -30.4341 57.2974 1.77772
    endloop
  endfacet
  facet normal -0.060456 0.9222 -0.381958
    outer loop
      vertex -30.4683 57.5568 2.23085
      vertex -30.4944 57.7553 2.71424
      vertex -30 57.5875 2.23085
    endloop
  endfacet
  facet normal -0.0566829 0.864645 -0.499175
    outer loop
      vertex -30 57.3259 1.77772
      vertex -30.4683 57.5568 2.23085
      vertex -30 57.5875 2.23085
    endloop
  endfacet
  facet normal -0.720446 0.481528 -0.499088
    outer loop
      vertex -32.6386 56.0247 1.77772
      vertex -33.1069 55.7937 2.23085
      vertex -32.8461 56.1839 2.23085
    endloop
  endfacet
  facet normal -0.532113 0.466791 -0.706373
    outer loop
      vertex -32.0924 55.6055 0.992641
      vertex -32.3859 55.8308 1.36262
      vertex -32.1265 56.1265 1.36262
    endloop
  endfacet
  facet normal -0.296969 0.875152 -0.381992
    outer loop
      vertex -31.3729 57.3144 2.23085
      vertex -31.4495 57.4994 2.71424
      vertex -30.9285 57.4652 2.23085
    endloop
  endfacet
  facet normal -0.278437 0.82054 -0.499186
    outer loop
      vertex -31.2728 57.0727 1.77772
      vertex -31.3729 57.3144 2.23085
      vertex -30.9285 57.4652 2.23085
    endloop
  endfacet
  facet normal -0.338635 0.506892 -0.792708
    outer loop
      vertex -31.3528 55.7631 0.674122
      vertex -31.6055 56.0924 0.992641
      vertex -31.3187 56.284 0.992641
    endloop
  endfacet
  facet normal -0.401948 0.458309 -0.792711
    outer loop
      vertex -31.3528 55.7631 0.674122
      vertex -31.8649 55.8649 0.992641
      vertex -31.6055 56.0924 0.992641
    endloop
  endfacet
  facet normal -0.042052 0.123848 -0.99141
    outer loop
      vertex -30.0677 54.2527 0.00856495
      vertex -30.2986 54.721 0.0768595
      vertex -30.202 54.7538 0.0768595
    endloop
  endfacet
  facet normal 0.195941 0.577222 -0.792731
    outer loop
      vertex 30.8504 56.0531 0.674122
      vertex 30.6826 56.5475 0.992641
      vertex 31.0093 56.4366 0.992641
    endloop
  endfacet
  facet normal 0.227539 0.670307 -0.706339
    outer loop
      vertex 31.0093 56.4366 0.992641
      vertex 30.6826 56.5475 0.992641
      vertex 31.1509 56.7784 1.36262
    endloop
  endfacet
  facet normal 0.27824 0.416413 -0.865553
    outer loop
      vertex 31.3528 55.7631 0.674122
      vertex 31.077 55.4036 0.41251
      vertex 31.1111 55.9246 0.674122
    endloop
  endfacet
  facet normal 0.221398 0.449171 -0.86558
    outer loop
      vertex 30.8846 55.5321 0.41251
      vertex 30.8504 56.0531 0.674122
      vertex 31.1111 55.9246 0.674122
    endloop
  endfacet
  facet normal 0.338679 0.506865 0.792707
    outer loop
      vertex 31.3187 56.284 59.0074
      vertex 31.1111 55.9246 59.3259
      vertex 31.3528 55.7631 59.3259
    endloop
  endfacet
  facet normal 0.588535 0.393316 0.706349
    outer loop
      vertex 32.3859 55.8308 58.6374
      vertex 32.0924 55.6055 59.0074
      vertex 32.6045 55.5037 58.6374
    endloop
  endfacet
  facet normal 0.449148 0.221545 0.865554
    outer loop
      vertex 32.0531 54.8504 59.3259
      vertex 31.5321 54.8846 59.5875
      vertex 31.6345 54.677 59.5875
    endloop
  endfacet
  facet normal 0.37653 0.330196 0.865561
    outer loop
      vertex 31.5714 55.5714 59.3259
      vertex 31.4036 55.077 59.5875
      vertex 31.7631 55.3528 59.3259
    endloop
  endfacet
  facet normal 0.777134 0.383211 0.499211
    outer loop
      vertex 33.1069 55.7937 57.7692
      vertex 33.0727 55.2728 58.2223
      vertex 33.3144 55.3729 57.7692
    endloop
  endfacet
  facet normal 0.343805 0.169584 0.923601
    outer loop
      vertex 31.5321 54.8846 59.5875
      vertex 31.1135 54.6429 59.7877
      vertex 31.6345 54.677 59.5875
    endloop
  endfacet
  facet normal 0.416419 0.278118 0.86559
    outer loop
      vertex 31.9246 55.1111 59.3259
      vertex 31.4036 55.077 59.5875
      vertex 31.5321 54.8846 59.5875
    endloop
  endfacet
  facet normal 0.343813 0.169514 0.923611
    outer loop
      vertex 31.6345 54.677 59.5875
      vertex 31.1135 54.6429 59.7877
      vertex 31.1879 54.492 59.7877
    endloop
  endfacet
  facet normal 0.60934 0.694813 0.382019
    outer loop
      vertex 32.6783 56.6783 57.2858
      vertex 32.1839 56.8461 57.7692
      vertex 32.5367 56.5367 57.7692
    endloop
  endfacet
  facet normal 0.513524 0.768327 0.382056
    outer loop
      vertex 32.3058 57.005 57.2858
      vertex 31.8939 57.2803 57.2858
      vertex 32.1839 56.8461 57.7692
    endloop
  endfacet
  facet normal 0.438533 0.88922 0.130293
    outer loop
      vertex 31.9957 57.4567 56.2616
      vertex 31.5275 57.6876 56.2616
      vertex 31.9616 57.3975 56.7804
    endloop
  endfacet
  facet normal 0.596871 0.523599 0.607938
    outer loop
      vertex 32.6386 56.0247 58.2223
      vertex 32.1265 56.1265 58.6374
      vertex 32.3859 55.8308 58.6374
    endloop
  endfacet
  facet normal 0.54667 0.269625 0.792751
    outer loop
      vertex 32.284 55.3187 59.0074
      vertex 32.0531 54.8504 59.3259
      vertex 32.4366 55.0093 59.0074
    endloop
  endfacet
  facet normal 0.694298 0.13808 0.706318
    outer loop
      vertex 32.9816 54.3925 58.6374
      vertex 32.5475 54.6826 59.0074
      vertex 32.6148 54.3442 59.0074
    endloop
  endfacet
  facet normal 0.820527 0.278433 0.499211
    outer loop
      vertex 33.3144 55.3729 57.7692
      vertex 33.0727 55.2728 58.2223
      vertex 33.4652 54.9285 57.7692
    endloop
  endfacet
  facet normal 0.634872 0.312937 0.706405
    outer loop
      vertex 32.6045 55.5037 58.6374
      vertex 32.284 55.3187 59.0074
      vertex 32.7784 55.1509 58.6374
    endloop
  endfacet
  facet normal 0.0463783 0.706346 0.706346
    outer loop
      vertex 30 57.0074 58.6374
      vertex 30 56.6374 59.0074
      vertex 30.3442 56.6148 59.0074
    endloop
  endfacet
  facet normal 0.0399406 0.608299 0.792703
    outer loop
      vertex 30.3442 56.6148 59.0074
      vertex 30 56.6374 59.0074
      vertex 30.2901 56.2033 59.3259
    endloop
  endfacet
  facet normal -0.137991 0.694273 0.706359
    outer loop
      vertex -30.3925 56.9816 58.6374
      vertex -30.7784 56.9049 58.6374
      vertex -30.6826 56.5475 59.0074
    endloop
  endfacet
  facet normal -0.0464313 0.706368 0.70632
    outer loop
      vertex -30 57.0074 58.6374
      vertex -30.3925 56.9816 58.6374
      vertex -30.3442 56.6148 59.0074
    endloop
  endfacet
  facet normal 0.318809 0.938843 0.130132
    outer loop
      vertex 31.0331 57.8554 56.2616
      vertex 31.0154 57.7895 56.7804
      vertex 31.5013 57.6245 56.7804
    endloop
  endfacet
  facet normal 0.51353 0.768326 0.382051
    outer loop
      vertex 31.8939 57.2803 57.2858
      vertex 31.7937 57.1069 57.7692
      vertex 32.1839 56.8461 57.7692
    endloop
  endfacet
  facet normal 0.777077 0.38326 0.499263
    outer loop
      vertex 33.1069 55.7937 57.7692
      vertex 32.8803 55.6629 58.2223
      vertex 33.0727 55.2728 58.2223
    endloop
  endfacet
  facet normal 0.712138 0.351231 0.607862
    outer loop
      vertex 32.8803 55.6629 58.2223
      vertex 32.6045 55.5037 58.6374
      vertex 33.0727 55.2728 58.2223
    endloop
  endfacet
  facet normal 0.745529 0.65362 0.13026
    outer loop
      vertex 32.8224 56.8224 56.2616
      vertex 32.7741 56.7741 56.7804
      vertex 33.1666 56.4298 56.2616
    endloop
  endfacet
  facet normal 0.65362 0.745529 0.13026
    outer loop
      vertex 32.8224 56.8224 56.2616
      vertex 32.4298 57.1666 56.2616
      vertex 32.7741 56.7741 56.7804
    endloop
  endfacet
  facet normal -0.180193 0.906374 0.382121
    outer loop
      vertex -30.4944 57.7553 57.2858
      vertex -30.9803 57.6587 57.2858
      vertex -30.9285 57.4652 57.7692
    endloop
  endfacet
  facet normal -0.180415 0.906406 0.381941
    outer loop
      vertex -30.4944 57.7553 57.2858
      vertex -30.9285 57.4652 57.7692
      vertex -30.4683 57.5568 57.7692
    endloop
  endfacet
  facet normal -0.0328918 0.499653 0.865601
    outer loop
      vertex -30 55.7692 59.5875
      vertex -30.2901 56.2033 59.3259
      vertex -30.2309 55.754 59.5875
    endloop
  endfacet
  facet normal -0.227546 0.670326 0.706319
    outer loop
      vertex -30.6826 56.5475 59.0074
      vertex -31.1509 56.7784 58.6374
      vertex -31.0093 56.4366 59.0074
    endloop
  endfacet
  facet normal 0.169514 0.343813 0.923611
    outer loop
      vertex 30.677 55.6345 59.5875
      vertex 30.492 55.1879 59.7877
      vertex 30.6429 55.1135 59.7877
    endloop
  endfacet
  facet normal 0.170938 0.194983 0.965796
    outer loop
      vertex 30.7827 55.0201 59.7877
      vertex 30.4751 54.6191 59.9231
      vertex 30.9092 54.9092 59.7877
    endloop
  endfacet
  facet normal 0.16103 0.474216 0.865557
    outer loop
      vertex 30.8504 56.0531 59.3259
      vertex 30.4579 55.7089 59.5875
      vertex 30.677 55.6345 59.5875
    endloop
  endfacet
  facet normal 0.123119 0.362973 0.92363
    outer loop
      vertex 30.4579 55.7089 59.5875
      vertex 30.3328 55.2419 59.7877
      vertex 30.492 55.1879 59.7877
    endloop
  endfacet
  facet normal 0.123256 0.362975 0.923611
    outer loop
      vertex 30.677 55.6345 59.5875
      vertex 30.4579 55.7089 59.5875
      vertex 30.492 55.1879 59.7877
    endloop
  endfacet
  facet normal 0.0251826 0.382543 0.923594
    outer loop
      vertex 30.2309 55.754 59.5875
      vertex 30 55.7692 59.5875
      vertex 30.1678 55.2748 59.7877
    endloop
  endfacet
  facet normal -0.0983618 -0.0862508 0.991406
    outer loop
      vertex -30.2076 3.84074 59.9914
      vertex -30.6191 3.52495 59.9231
      vertex -30.5518 3.4482 59.9231
    endloop
  endfacet
  facet normal 0.232522 0.114738 0.965799
    outer loop
      vertex 31.1135 54.6429 59.7877
      vertex 30.6758 54.3902 59.9231
      vertex 30.721 54.2986 59.9231
    endloop
  endfacet
  facet normal 0.0982791 -0.0863237 0.991408
    outer loop
      vertex 30.2076 3.84074 59.9914
      vertex 30.185 3.81501 59.9914
      vertex 30.5518 3.4482 59.9231
    endloop
  endfacet
  facet normal 0.128294 0.0255049 0.991408
    outer loop
      vertex 30.7538 54.202 59.9231
      vertex 30.2527 54.0677 59.9914
      vertex 30.7737 54.1019 59.9231
    endloop
  endfacet
  facet normal -0.65362 0.745529 0.13026
    outer loop
      vertex -32.4298 57.1666 56.2616
      vertex -32.8224 56.8224 56.2616
      vertex -32.7741 56.7741 56.7804
    endloop
  endfacet
  facet normal -0.745529 0.65362 0.13026
    outer loop
      vertex -32.8224 56.8224 56.2616
      vertex -33.1666 56.4298 56.2616
      vertex -32.7741 56.7741 56.7804
    endloop
  endfacet
  facet normal -0.660264 0.441089 0.607859
    outer loop
      vertex -32.6386 56.0247 58.2223
      vertex -32.8803 55.6629 58.2223
      vertex -32.6045 55.5037 58.6374
    endloop
  endfacet
  facet normal -0.720472 0.481311 0.499259
    outer loop
      vertex -32.6386 56.0247 58.2223
      vertex -33.1069 55.7937 57.7692
      vertex -32.8803 55.6629 58.2223
    endloop
  endfacet
  facet normal -0.670254 0.227617 0.706364
    outer loop
      vertex -32.7784 55.1509 58.6374
      vertex -32.9049 54.7784 58.6374
      vertex -32.5475 54.6826 59.0074
    endloop
  endfacet
  facet normal -0.670326 0.227546 0.706319
    outer loop
      vertex -32.4366 55.0093 59.0074
      vertex -32.7784 55.1509 58.6374
      vertex -32.5475 54.6826 59.0074
    endloop
  endfacet
  facet normal -0.849779 0.169143 0.499266
    outer loop
      vertex -33.4652 54.9285 57.7692
      vertex -33.5568 54.4683 57.7692
      vertex -33.2974 54.4341 58.2223
    endloop
  endfacet
  facet normal -0.792267 0.0520147 0.607954
    outer loop
      vertex -33.2974 54.4341 58.2223
      vertex -33.3259 54 58.2223
      vertex -32.9816 54.3925 58.6374
    endloop
  endfacet
  facet normal -0.864631 0.056682 0.4992
    outer loop
      vertex -33.5568 54.4683 57.7692
      vertex -33.5875 54 57.7692
      vertex -33.3259 54 58.2223
    endloop
  endfacet
  facet normal -0.866023 0 0.500004
    outer loop
      vertex -33.5875 4 57.7692
      vertex -33.3259 54 58.2223
      vertex -33.5875 54 57.7692
    endloop
  endfacet
  facet normal -0.866023 0 0.500004
    outer loop
      vertex -33.3259 54 58.2223
      vertex -33.5875 4 57.7692
      vertex -33.3259 4 58.2223
    endloop
  endfacet
  facet normal -0.824345 0.550893 0.130275
    outer loop
      vertex -33.1666 56.4298 56.2616
      vertex -33.4567 55.9957 56.2616
      vertex -33.3975 55.9616 56.7804
    endloop
  endfacet
  facet normal -0.88922 0.438533 0.130293
    outer loop
      vertex -33.4567 55.9957 56.2616
      vertex -33.6876 55.5275 56.2616
      vertex -33.3975 55.9616 56.7804
    endloop
  endfacet
  facet normal -0.9239 0 0.382633
    outer loop
      vertex -33.7877 4 57.2858
      vertex -33.5875 54 57.7692
      vertex -33.7877 54 57.2858
    endloop
  endfacet
  facet normal -0.9239 0 0.382633
    outer loop
      vertex -33.5875 54 57.7692
      vertex -33.7877 4 57.2858
      vertex -33.5875 4 57.7692
    endloop
  endfacet
  facet normal -0.906406 0.180415 0.381941
    outer loop
      vertex -33.4652 54.9285 57.7692
      vertex -33.7553 54.4944 57.2858
      vertex -33.5568 54.4683 57.7692
    endloop
  endfacet
  facet normal -0.875155 0.29697 0.381985
    outer loop
      vertex -33.3144 55.3729 57.7692
      vertex -33.4994 55.4495 57.2858
      vertex -33.4652 54.9285 57.7692
    endloop
  endfacet
  facet normal -0.820527 0.278433 0.499211
    outer loop
      vertex -33.3144 55.3729 57.7692
      vertex -33.4652 54.9285 57.7692
      vertex -33.0727 55.2728 58.2223
    endloop
  endfacet
  facet normal -0.828902 0.408669 0.381984
    outer loop
      vertex -33.2803 55.8939 57.2858
      vertex -33.4994 55.4495 57.2858
      vertex -33.3144 55.3729 57.7692
    endloop
  endfacet
  facet normal -0.577223 0.196113 0.792688
    outer loop
      vertex -32.0531 54.8504 59.3259
      vertex -32.5475 54.6826 59.0074
      vertex -32.1466 54.5752 59.3259
    endloop
  endfacet
  facet normal -0.506865 0.338679 0.792707
    outer loop
      vertex -31.7631 55.3528 59.3259
      vertex -32.284 55.3187 59.0074
      vertex -31.9246 55.1111 59.3259
    endloop
  endfacet
  facet normal -0.546803 0.269521 0.792695
    outer loop
      vertex -31.9246 55.1111 59.3259
      vertex -32.284 55.3187 59.0074
      vertex -32.0531 54.8504 59.3259
    endloop
  endfacet
  facet normal -0.0420512 0.12386 0.991408
    outer loop
      vertex -30.0677 54.2527 59.9914
      vertex -30.2986 54.721 59.9231
      vertex -30.1001 54.2417 59.9914
    endloop
  endfacet
  facet normal -0.00855684 -0.13053 0.991407
    outer loop
      vertex -30.0341 3.74063 59.9914
      vertex -30.1019 3.22632 59.9231
      vertex -30 3.21964 59.9231
    endloop
  endfacet
  facet normal -0.0255813 0.128288 0.991407
    outer loop
      vertex -30.0341 54.2594 59.9914
      vertex -30.1019 54.7737 59.9231
      vertex -30.0677 54.2527 59.9914
    endloop
  endfacet
  facet normal -0.117313 0.057888 0.991406
    outer loop
      vertex -30.6758 54.3902 59.9231
      vertex -30.721 54.2986 59.9231
      vertex -30.2266 54.1308 59.9914
    endloop
  endfacet
  facet normal -0.0833026 0.245588 0.965788
    outer loop
      vertex -30.3328 55.2419 59.7877
      vertex -30.492 55.1879 59.7877
      vertex -30.202 54.7538 59.9231
    endloop
  endfacet
  facet normal -0.0833729 0.245543 0.965794
    outer loop
      vertex -30.202 54.7538 59.9231
      vertex -30.492 55.1879 59.7877
      vertex -30.2986 54.721 59.9231
    endloop
  endfacet
  facet normal -0.196113 0.577223 0.792688
    outer loop
      vertex -30.6826 56.5475 59.0074
      vertex -30.8504 56.0531 59.3259
      vertex -30.5752 56.1466 59.3259
    endloop
  endfacet
  facet normal -0.0976794 0.491153 0.865579
    outer loop
      vertex -30.2901 56.2033 59.3259
      vertex -30.5752 56.1466 59.3259
      vertex -30.4579 55.7089 59.5875
    endloop
  endfacet
  facet normal -0.362973 0.123119 0.92363
    outer loop
      vertex -31.1879 54.492 59.7877
      vertex -31.7089 54.4579 59.5875
      vertex -31.2419 54.3328 59.7877
    endloop
  endfacet
  facet normal -0.362975 0.123256 0.923611
    outer loop
      vertex -31.6345 54.677 59.5875
      vertex -31.7089 54.4579 59.5875
      vertex -31.1879 54.492 59.7877
    endloop
  endfacet
  facet normal -0.532211 -0.466782 0.706304
    outer loop
      vertex -32.0924 2.39446 59.0074
      vertex -32.3859 2.16924 58.6374
      vertex -32.1265 1.87348 58.6374
    endloop
  endfacet
  facet normal -0.194954 -0.17095 0.9658
    outer loop
      vertex -30.6191 3.52495 59.9231
      vertex -30.9092 3.09083 59.7877
      vertex -30.5518 3.4482 59.9231
    endloop
  endfacet
  facet normal -0.532185 -0.466793 0.706317
    outer loop
      vertex -32.0924 2.39446 59.0074
      vertex -32.1265 1.87348 58.6374
      vertex -31.8649 2.13509 59.0074
    endloop
  endfacet
  facet normal -0.588586 -0.393143 0.706403
    outer loop
      vertex -32.284 2.68131 59.0074
      vertex -32.6045 2.49632 58.6374
      vertex -32.0924 2.39446 59.0074
    endloop
  endfacet
  facet normal -0.670268 -0.227615 0.706352
    outer loop
      vertex -32.5475 3.3174 59.0074
      vertex -32.9049 3.22164 58.6374
      vertex -32.7784 2.84913 58.6374
    endloop
  endfacet
  facet normal -0.712147 -0.351017 0.607975
    outer loop
      vertex -32.7784 2.84913 58.6374
      vertex -33.0727 2.72724 58.2223
      vertex -32.6045 2.49632 58.6374
    endloop
  endfacet
  facet normal -0.474227 -0.161004 0.865556
    outer loop
      vertex -31.7089 3.54211 59.5875
      vertex -32.0531 3.14957 59.3259
      vertex -31.6345 3.32297 59.5875
    endloop
  endfacet
  facet normal -0.491156 -0.09768 0.865577
    outer loop
      vertex -31.7089 3.54211 59.5875
      vertex -32.2033 3.70993 59.3259
      vertex -32.1466 3.42483 59.3259
    endloop
  endfacet
  facet normal -0.694296 -0.1381 0.706315
    outer loop
      vertex -32.6148 3.65575 59.0074
      vertex -32.9816 3.60746 58.6374
      vertex -32.5475 3.3174 59.0074
    endloop
  endfacet
  facet normal -0.597893 -0.118925 0.792705
    outer loop
      vertex -32.2033 3.70993 59.3259
      vertex -32.6148 3.65575 59.0074
      vertex -32.5475 3.3174 59.0074
    endloop
  endfacet
  facet normal -0.0169617 -0.258743 0.965797
    outer loop
      vertex -30 3.21964 59.9231
      vertex -30.1678 2.72524 59.7877
      vertex -30 2.71424 59.7877
    endloop
  endfacet
  facet normal -0.232494 -0.114787 0.9658
    outer loop
      vertex -30.721 3.70137 59.9231
      vertex -31.1135 3.35712 59.7877
      vertex -30.6758 3.60982 59.9231
    endloop
  endfacet
  facet normal -0.258725 -0.017018 0.965801
    outer loop
      vertex -30.7804 4 59.9231
      vertex -31.2748 3.83218 59.7877
      vertex -30.7737 3.89814 59.9231
    endloop
  endfacet
  facet normal -0.491137 -0.0975913 0.865598
    outer loop
      vertex -31.754 3.76908 59.5875
      vertex -32.2033 3.70993 59.3259
      vertex -31.7089 3.54211 59.5875
    endloop
  endfacet
  facet normal -0.506887 -0.338693 0.792687
    outer loop
      vertex -31.9246 2.88886 59.3259
      vertex -32.284 2.68131 59.0074
      vertex -31.7631 2.64716 59.3259
    endloop
  endfacet
  facet normal -0.416402 -0.278092 0.865606
    outer loop
      vertex -31.5321 3.11542 59.5875
      vertex -31.9246 2.88886 59.3259
      vertex -31.4036 2.92301 59.5875
    endloop
  endfacet
  facet normal -0.362983 -0.123076 0.923632
    outer loop
      vertex -31.2419 3.66722 59.7877
      vertex -31.7089 3.54211 59.5875
      vertex -31.1879 3.50796 59.7877
    endloop
  endfacet
  facet normal -0.375873 -0.074965 0.923634
    outer loop
      vertex -31.2748 3.83218 59.7877
      vertex -31.7089 3.54211 59.5875
      vertex -31.2419 3.66722 59.7877
    endloop
  endfacet
  facet normal 0.382543 0.0251826 0.923594
    outer loop
      vertex 31.754 54.2309 59.5875
      vertex 31.2748 54.1678 59.7877
      vertex 31.7692 54 59.5875
    endloop
  endfacet
  facet normal -0.245543 0.0833729 0.965794
    outer loop
      vertex -30.721 54.2986 59.9231
      vertex -31.1879 54.492 59.7877
      vertex -30.7538 54.202 59.9231
    endloop
  endfacet
  facet normal 0.499653 0.0328918 0.865601
    outer loop
      vertex 32.2033 54.2901 59.3259
      vertex 31.754 54.2309 59.5875
      vertex 31.7692 54 59.5875
    endloop
  endfacet
  facet normal 0.375879 0.0749479 0.923633
    outer loop
      vertex 31.7089 54.4579 59.5875
      vertex 31.2419 54.3328 59.7877
      vertex 31.2748 54.1678 59.7877
    endloop
  endfacet
  facet normal 0.382633 0 0.9239
    outer loop
      vertex 31.2858 54 59.7877
      vertex 31.7692 4 59.5875
      vertex 31.7692 54 59.5875
    endloop
  endfacet
  facet normal 0.382633 0 0.9239
    outer loop
      vertex 31.7692 4 59.5875
      vertex 31.2858 54 59.7877
      vertex 31.2858 4 59.7877
    endloop
  endfacet
  facet normal 0.258781 0 0.965936
    outer loop
      vertex 30.7804 54 59.9231
      vertex 31.2858 4 59.7877
      vertex 31.2858 54 59.7877
    endloop
  endfacet
  facet normal 0.258781 0 0.965936
    outer loop
      vertex 31.2858 4 59.7877
      vertex 30.7804 54 59.9231
      vertex 30.7804 4 59.9231
    endloop
  endfacet
  facet normal 0.458263 -0.401963 0.79273
    outer loop
      vertex 31.7631 2.64716 59.3259
      vertex 31.5714 2.42861 59.3259
      vertex 31.8649 2.13509 59.0074
    endloop
  endfacet
  facet normal 0.382543 -0.0251804 0.923594
    outer loop
      vertex 31.7692 4 59.5875
      vertex 31.2748 3.83218 59.7877
      vertex 31.754 3.76908 59.5875
    endloop
  endfacet
  facet normal 0.474157 0.161096 0.865577
    outer loop
      vertex 32.0531 54.8504 59.3259
      vertex 31.7089 54.4579 59.5875
      vertex 32.1466 54.5752 59.3259
    endloop
  endfacet
  facet normal 0.660201 -0.441131 0.607897
    outer loop
      vertex 32.8803 2.33706 58.2223
      vertex 32.6045 2.49632 58.6374
      vertex 32.6386 1.97533 58.2223
    endloop
  endfacet
  facet normal 0.393305 0.588518 -0.706369
    outer loop
      vertex 31.6055 56.0924 0.992641
      vertex 31.5037 56.6045 1.36262
      vertex 31.8308 56.3859 1.36262
    endloop
  endfacet
  facet normal 0.441165 0.660134 -0.607945
    outer loop
      vertex 31.8308 56.3859 1.36262
      vertex 31.5037 56.6045 1.36262
      vertex 32.0247 56.6386 1.77772
    endloop
  endfacet
  facet normal -0.278127 0.416434 -0.86558
    outer loop
      vertex -31.077 55.4036 0.41251
      vertex -31.1111 55.9246 0.674122
      vertex -30.8846 55.5321 0.41251
    endloop
  endfacet
  facet normal -0.0747169 0.37607 -0.923574
    outer loop
      vertex -30.1678 55.2748 0.21228
      vertex -30.4579 55.7089 0.41251
      vertex -30.2309 55.754 0.41251
    endloop
  endfacet
  facet normal -0.376524 0.330216 -0.865556
    outer loop
      vertex -31.4036 55.077 0.41251
      vertex -31.5714 55.5714 0.674122
      vertex -31.251 55.251 0.41251
    endloop
  endfacet
  facet normal -0.330207 0.376543 -0.865551
    outer loop
      vertex -31.077 55.4036 0.41251
      vertex -31.5714 55.5714 0.674122
      vertex -31.3528 55.7631 0.674122
    endloop
  endfacet
  facet normal -0.169605 0.343849 -0.923581
    outer loop
      vertex -30.6429 55.1135 0.21228
      vertex -30.8846 55.5321 0.41251
      vertex -30.677 55.6345 0.41251
    endloop
  endfacet
  facet normal -0.269531 0.546823 -0.792677
    outer loop
      vertex -31.1111 55.9246 0.674122
      vertex -31.3187 56.284 0.992641
      vertex -30.8504 56.0531 0.674122
    endloop
  endfacet
  facet normal -0.137987 0.694254 -0.706379
    outer loop
      vertex -30.6826 56.5475 0.992641
      vertex -30.7784 56.9049 1.36262
      vertex -30.3925 56.9816 1.36262
    endloop
  endfacet
  facet normal -0.22761 0.670235 -0.706384
    outer loop
      vertex -30.6826 56.5475 0.992641
      vertex -31.1509 56.7784 1.36262
      vertex -30.7784 56.9049 1.36262
    endloop
  endfacet
  facet normal 0.88922 0.438533 0.130293
    outer loop
      vertex 33.4567 55.9957 56.2616
      vertex 33.3975 55.9616 56.7804
      vertex 33.6876 55.5275 56.2616
    endloop
  endfacet
  facet normal 0.896866 0.442303 0
    outer loop
      vertex 33.6876 55.5275 56.2616
      vertex 33.4567 55.9957 3.73839
      vertex 33.4567 55.9957 56.2616
    endloop
  endfacet
  facet normal 0.896866 0.442303 0
    outer loop
      vertex 33.4567 55.9957 3.73839
      vertex 33.6876 55.5275 56.2616
      vertex 33.6876 55.5275 3.73839
    endloop
  endfacet
  facet normal 0.91477 0.310634 -0.258268
    outer loop
      vertex 33.7895 55.0154 3.21964
      vertex 33.4994 55.4495 2.71424
      vertex 33.6245 55.5013 3.21964
    endloop
  endfacet
  facet normal 0.875055 0.297093 -0.382119
    outer loop
      vertex 33.6587 54.9803 2.71424
      vertex 33.4652 54.9285 2.23085
      vertex 33.4994 55.4495 2.71424
    endloop
  endfacet
  facet normal 0.906403 0.180414 -0.381948
    outer loop
      vertex 33.5568 54.4683 2.23085
      vertex 33.4652 54.9285 2.23085
      vertex 33.7553 54.4944 2.71424
    endloop
  endfacet
  facet normal -0.169039 -0.849844 -0.499191
    outer loop
      vertex -30.4341 0.702576 1.77772
      vertex -30.9285 0.53475 2.23085
      vertex -30.8608 0.787449 1.77772
    endloop
  endfacet
  facet normal -0.169059 -0.849829 -0.499208
    outer loop
      vertex -30.4683 0.443201 2.23085
      vertex -30.9285 0.53475 2.23085
      vertex -30.4341 0.702576 1.77772
    endloop
  endfacet
  facet normal -0.118906 -0.597888 -0.792711
    outer loop
      vertex -30.3442 1.38518 0.992641
      vertex -30.6826 1.45248 0.992641
      vertex -30.2901 1.79673 0.674122
    endloop
  endfacet
  facet normal -0.138074 -0.694269 -0.706347
    outer loop
      vertex -30.3925 1.01837 1.36262
      vertex -30.6826 1.45248 0.992641
      vertex -30.3442 1.38518 0.992641
    endloop
  endfacet
  facet normal -0.393235 -0.588549 -0.706383
    outer loop
      vertex -31.5037 1.39555 1.36262
      vertex -31.8308 1.6141 1.36262
      vertex -31.6055 1.90762 0.992641
    endloop
  endfacet
  facet normal -0.523576 -0.59689 -0.607939
    outer loop
      vertex -32.0247 1.3614 1.77772
      vertex -32.1265 1.87348 1.36262
      vertex -31.8308 1.6141 1.36262
    endloop
  endfacet
  facet normal -0.351247 -0.712092 -0.607907
    outer loop
      vertex -31.2728 0.927289 1.77772
      vertex -31.6629 1.11971 1.77772
      vertex -31.5037 1.39555 1.36262
    endloop
  endfacet
  facet normal -0.441059 -0.660247 -0.607899
    outer loop
      vertex -31.6629 1.11971 1.77772
      vertex -32.0247 1.3614 1.77772
      vertex -31.5037 1.39555 1.36262
    endloop
  endfacet
  facet normal 0.376487 -0.330234 -0.865565
    outer loop
      vertex 31.5714 2.42861 0.674122
      vertex 31.4036 2.92301 0.41251
      vertex 31.7631 2.64716 0.674122
    endloop
  endfacet
  facet normal 0.532196 -0.466769 -0.706324
    outer loop
      vertex 32.1265 1.87348 1.36262
      vertex 32.0924 2.39446 0.992641
      vertex 32.3859 2.16924 1.36262
    endloop
  endfacet
  facet normal 0.144118 -0.215622 -0.965783
    outer loop
      vertex 30.6429 2.8865 0.21228
      vertex 30.4751 3.3809 0.0768595
      vertex 30.7827 2.97994 0.21228
    endloop
  endfacet
  facet normal 0.215646 -0.144031 -0.965791
    outer loop
      vertex 31.0201 3.21728 0.21228
      vertex 30.6191 3.52495 0.0768595
      vertex 31.1135 3.35712 0.21228
    endloop
  endfacet
  facet normal 0.491154 -0.0975946 -0.865588
    outer loop
      vertex 32.2033 3.70993 0.674122
      vertex 31.7089 3.54211 0.41251
      vertex 31.754 3.76908 0.41251
    endloop
  endfacet
  facet normal 0.694255 -0.138016 -0.706373
    outer loop
      vertex 32.9049 3.22164 1.36262
      vertex 32.5475 3.3174 0.992641
      vertex 32.9816 3.60746 1.36262
    endloop
  endfacet
  facet normal 0.660117 -0.441181 -0.607952
    outer loop
      vertex 32.6386 1.97533 1.77772
      vertex 32.3859 2.16924 1.36262
      vertex 32.6045 2.49632 1.36262
    endloop
  endfacet
  facet normal 0.338653 -0.506827 -0.792742
    outer loop
      vertex 31.3187 1.71596 0.992641
      vertex 31.1111 2.07545 0.674122
      vertex 31.3528 2.23695 0.674122
    endloop
  endfacet
  facet normal 0.571352 -0.651476 -0.499135
    outer loop
      vertex 32.1839 1.15385 2.23085
      vertex 32.0247 1.3614 1.77772
      vertex 32.5367 1.46326 2.23085
    endloop
  endfacet
  facet normal 0.481393 -0.720497 -0.499144
    outer loop
      vertex 32.1839 1.15385 2.23085
      vertex 31.7937 0.893142 2.23085
      vertex 32.0247 1.3614 1.77772
    endloop
  endfacet
  facet normal 0.45828 -0.401978 -0.792712
    outer loop
      vertex 31.8649 2.13509 0.992641
      vertex 31.5714 2.42861 0.674122
      vertex 31.7631 2.64716 0.674122
    endloop
  endfacet
  facet normal 0.588569 -0.393132 -0.706423
    outer loop
      vertex 32.6045 2.49632 1.36262
      vertex 32.0924 2.39446 0.992641
      vertex 32.284 2.68131 0.992641
    endloop
  endfacet
  facet normal 0.46676 -0.532119 -0.706388
    outer loop
      vertex 31.8308 1.6141 1.36262
      vertex 31.6055 1.90762 0.992641
      vertex 32.1265 1.87348 1.36262
    endloop
  endfacet
  facet normal 0.383295 -0.777112 -0.499182
    outer loop
      vertex 31.3729 0.685591 2.23085
      vertex 31.2728 0.927289 1.77772
      vertex 31.7937 0.893142 2.23085
    endloop
  endfacet
  facet normal 0.213036 -0.318734 -0.923593
    outer loop
      vertex 31.077 2.59644 0.41251
      vertex 30.6429 2.8865 0.21228
      vertex 30.7827 2.97994 0.21228
    endloop
  endfacet
  facet normal 0.169517 -0.343865 -0.923591
    outer loop
      vertex 30.677 2.36551 0.41251
      vertex 30.492 2.81211 0.21228
      vertex 30.6429 2.8865 0.21228
    endloop
  endfacet
  facet normal 0.269614 -0.546693 -0.792739
    outer loop
      vertex 31.3187 1.71596 0.992641
      vertex 30.8504 1.94688 0.674122
      vertex 31.1111 2.07545 0.674122
    endloop
  endfacet
  facet normal 0.16099 -0.474225 -0.865559
    outer loop
      vertex 30.8504 1.94688 0.674122
      vertex 30.4579 2.29113 0.41251
      vertex 30.677 2.36551 0.41251
    endloop
  endfacet
  facet normal 0.118925 -0.597874 -0.792719
    outer loop
      vertex 30.6826 1.45248 0.992641
      vertex 30.2901 1.79673 0.674122
      vertex 30.5752 1.85344 0.674122
    endloop
  endfacet
  facet normal 0.0977007 -0.491174 -0.865565
    outer loop
      vertex 30.5752 1.85344 0.674122
      vertex 30.2901 1.79673 0.674122
      vertex 30.4579 2.29113 0.41251
    endloop
  endfacet
  facet normal 0.523576 -0.59689 -0.607939
    outer loop
      vertex 32.0247 1.3614 1.77772
      vertex 31.8308 1.6141 1.36262
      vertex 32.1265 1.87348 1.36262
    endloop
  endfacet
  facet normal 0.269606 -0.546703 -0.792735
    outer loop
      vertex 31.0093 1.56338 0.992641
      vertex 30.8504 1.94688 0.674122
      vertex 31.3187 1.71596 0.992641
    endloop
  endfacet
  facet normal -0.180351 -0.906449 0.381867
    outer loop
      vertex -30.9285 0.53475 57.7692
      vertex -30.9466 0.467071 57.6
      vertex -30.7766 0.433247 57.6
    endloop
  endfacet
  facet normal -0.060445 -0.922232 0.381884
    outer loop
      vertex -30.173 0.353783 57.6
      vertex -30.4683 0.443201 57.7692
      vertex -30.4774 0.373734 57.6
    endloop
  endfacet
  facet normal -0.0604402 -0.922229 0.381891
    outer loop
      vertex -30.4683 0.443201 57.7692
      vertex -30.173 0.353783 57.6
      vertex -30 0.41251 57.7692
    endloop
  endfacet
  facet normal -0.180322 -0.906445 0.381891
    outer loop
      vertex -30.7766 0.433247 57.6
      vertex -30.4683 0.443201 57.7692
      vertex -30.9285 0.53475 57.7692
    endloop
  endfacet
  facet normal -0.180302 -0.906464 0.381856
    outer loop
      vertex -30.4683 0.443201 57.7692
      vertex -30.7766 0.433247 57.6
      vertex -30.4774 0.373734 57.6
    endloop
  endfacet
  facet normal -0.297042 -0.875191 0.381847
    outer loop
      vertex -30.9285 0.53475 57.7692
      vertex -31.1108 0.522801 57.6
      vertex -30.9466 0.467071 57.6
    endloop
  endfacet
  facet normal 0.0976973 -0.491157 0.865575
    outer loop
      vertex 30.4579 2.29113 59.5875
      vertex 30.2901 1.79673 59.3259
      vertex 30.5752 1.85344 59.3259
    endloop
  endfacet
  facet normal 0.269604 -0.546672 0.792757
    outer loop
      vertex 31.1111 2.07545 59.3259
      vertex 30.8504 1.94688 59.3259
      vertex 31.3187 1.71596 59.0074
    endloop
  endfacet
  facet normal 0.161004 -0.474191 0.865575
    outer loop
      vertex 30.8504 1.94688 59.3259
      vertex 30.4579 2.29113 59.5875
      vertex 30.5752 1.85344 59.3259
    endloop
  endfacet
  facet normal 0.252743 -0.288225 0.923606
    outer loop
      vertex 31.251 2.74902 59.5875
      vertex 30.9092 3.09083 59.7877
      vertex 31.077 2.59644 59.5875
    endloop
  endfacet
  facet normal 0.0862957 -0.0983067 0.991408
    outer loop
      vertex 30.185 3.81501 59.9914
      vertex 30.1593 3.79245 59.9914
      vertex 30.5518 3.4482 59.9231
    endloop
  endfacet
  facet normal 0.0833026 0.245588 0.965788
    outer loop
      vertex 30.3328 55.2419 59.7877
      vertex 30.202 54.7538 59.9231
      vertex 30.492 55.1879 59.7877
    endloop
  endfacet
  facet normal 0.0255813 0.128288 0.991407
    outer loop
      vertex 30.1019 54.7737 59.9231
      vertex 30.0341 54.2594 59.9914
      vertex 30.0677 54.2527 59.9914
    endloop
  endfacet
  facet normal -0.0747802 -0.375971 0.923609
    outer loop
      vertex -30.1678 2.72524 59.7877
      vertex -30.4579 2.29113 59.5875
      vertex -30.2309 2.24598 59.5875
    endloop
  endfacet
  facet normal -0.0726592 -0.108777 0.991407
    outer loop
      vertex -30.1593 3.79245 59.9914
      vertex -30.4751 3.3809 59.9231
      vertex -30.3902 3.32419 59.9231
    endloop
  endfacet
  facet normal -0.0327456 -0.499711 0.865573
    outer loop
      vertex -30 2.23085 59.5875
      vertex -30.2901 1.79673 59.3259
      vertex -30 1.77772 59.3259
    endloop
  endfacet
  facet normal -0.215604 -0.144041 0.965799
    outer loop
      vertex -30.6758 3.60982 59.9231
      vertex -31.1135 3.35712 59.7877
      vertex -30.6191 3.52495 59.9231
    endloop
  endfacet
  facet normal -0.00857449 -0.130531 0.991407
    outer loop
      vertex -30 3.73839 59.9914
      vertex -30.0341 3.74063 59.9914
      vertex -30 3.21964 59.9231
    endloop
  endfacet
  facet normal 0.123227 -0.362987 0.92361
    outer loop
      vertex 30.492 2.81211 59.7877
      vertex 30.4579 2.29113 59.5875
      vertex 30.677 2.36551 59.5875
    endloop
  endfacet
  facet normal 0.278235 -0.416404 0.865559
    outer loop
      vertex 31.3528 2.23695 59.3259
      vertex 31.077 2.59644 59.5875
      vertex 31.1111 2.07545 59.3259
    endloop
  endfacet
  facet normal 0.2882 -0.252769 0.923606
    outer loop
      vertex 31.4036 2.92301 59.5875
      vertex 30.9092 3.09083 59.7877
      vertex 31.251 2.74902 59.5875
    endloop
  endfacet
  facet normal 0.318779 -0.212914 0.923606
    outer loop
      vertex 31.1135 3.35712 59.7877
      vertex 31.0201 3.21728 59.7877
      vertex 31.4036 2.92301 59.5875
    endloop
  endfacet
  facet normal -0.11892 -0.597852 0.792737
    outer loop
      vertex -30.5752 1.85344 59.3259
      vertex -30.6826 1.45248 59.0074
      vertex -30.2901 1.79673 59.3259
    endloop
  endfacet
  facet normal -0.0976973 -0.491157 0.865575
    outer loop
      vertex -30.4579 2.29113 59.5875
      vertex -30.5752 1.85344 59.3259
      vertex -30.2901 1.79673 59.3259
    endloop
  endfacet
  facet normal -0.144098 -0.215592 0.965793
    outer loop
      vertex -30.4751 3.3809 59.9231
      vertex -30.7827 2.97994 59.7877
      vertex -30.6429 2.8865 59.7877
    endloop
  endfacet
  facet normal -0.160984 -0.474209 0.865569
    outer loop
      vertex -30.677 2.36551 59.5875
      vertex -30.8504 1.94688 59.3259
      vertex -30.4579 2.29113 59.5875
    endloop
  endfacet
  facet normal -0.313086 -0.634873 0.706338
    outer loop
      vertex -31.0093 1.56338 59.0074
      vertex -31.3187 1.71596 59.0074
      vertex -31.1509 1.22156 58.6374
    endloop
  endfacet
  facet normal -0.313099 -0.634873 0.706332
    outer loop
      vertex -31.3187 1.71596 59.0074
      vertex -31.5037 1.39555 58.6374
      vertex -31.1509 1.22156 58.6374
    endloop
  endfacet
  facet normal 0 -0.499979 0.866038
    outer loop
      vertex -30 2.23085 59.5875
      vertex 30 1.77772 59.3259
      vertex 30 2.23085 59.5875
    endloop
  endfacet
  facet normal 0 -0.499979 0.866038
    outer loop
      vertex 30 1.77772 59.3259
      vertex -30 2.23085 59.5875
      vertex -30 1.77772 59.3259
    endloop
  endfacet
  facet normal 0.751804 0.255285 -0.607964
    outer loop
      vertex 33.2126 54.8608 1.77772
      vertex 32.9049 54.7784 1.36262
      vertex 33.0727 55.2728 1.77772
    endloop
  endfacet
  facet normal 0.778728 0.154777 -0.60797
    outer loop
      vertex 32.9816 54.3925 1.36262
      vertex 32.9049 54.7784 1.36262
      vertex 33.2126 54.8608 1.77772
    endloop
  endfacet
  facet normal 0.577222 0.195941 -0.792731
    outer loop
      vertex 32.5475 54.6826 0.992641
      vertex 32.0531 54.8504 0.674122
      vertex 32.4366 55.0093 0.992641
    endloop
  endfacet
  facet normal 0.54669 0.269635 -0.792734
    outer loop
      vertex 32.4366 55.0093 0.992641
      vertex 32.0531 54.8504 0.674122
      vertex 32.284 55.3187 0.992641
    endloop
  endfacet
  facet normal 0.232555 0.114754 -0.96579
    outer loop
      vertex 30.721 54.2986 0.0768595
      vertex 30.6758 54.3902 0.0768595
      vertex 31.1135 54.6429 0.21228
    endloop
  endfacet
  facet normal 0.171028 0.194916 -0.965794
    outer loop
      vertex 30.5518 54.5518 0.0768595
      vertex 30.4751 54.6191 0.0768595
      vertex 30.9092 54.9092 0.21228
    endloop
  endfacet
  facet normal 0.330207 0.376543 -0.865551
    outer loop
      vertex 31.5714 55.5714 0.674122
      vertex 31.077 55.4036 0.41251
      vertex 31.3528 55.7631 0.674122
    endloop
  endfacet
  facet normal 0.401936 0.458337 -0.792701
    outer loop
      vertex 31.5714 55.5714 0.674122
      vertex 31.3528 55.7631 0.674122
      vertex 31.8649 55.8649 0.992641
    endloop
  endfacet
  facet normal 0.0749575 0.375927 -0.923613
    outer loop
      vertex 30.3328 55.2419 0.21228
      vertex 30.1678 55.2748 0.21228
      vertex 30.4579 55.7089 0.41251
    endloop
  endfacet
  facet normal 0.0507176 0.254359 -0.965779
    outer loop
      vertex 30.202 54.7538 0.0768595
      vertex 30.1678 55.2748 0.21228
      vertex 30.3328 55.2419 0.21228
    endloop
  endfacet
  facet normal 0.169536 0.343857 -0.923591
    outer loop
      vertex 30.6429 55.1135 0.21228
      vertex 30.492 55.1879 0.21228
      vertex 30.677 55.6345 0.41251
    endloop
  endfacet
  facet normal 0.114687 0.232612 -0.965784
    outer loop
      vertex 30.6429 55.1135 0.21228
      vertex 30.2986 54.721 0.0768595
      vertex 30.492 55.1879 0.21228
    endloop
  endfacet
  facet normal 0.042052 0.123848 -0.99141
    outer loop
      vertex 30.2986 54.721 0.0768595
      vertex 30.0677 54.2527 0.00856495
      vertex 30.202 54.7538 0.0768595
    endloop
  endfacet
  facet normal 0.0255029 0.128283 -0.99141
    outer loop
      vertex 30.202 54.7538 0.0768595
      vertex 30.0677 54.2527 0.00856495
      vertex 30.1019 54.7737 0.0768595
    endloop
  endfacet
  facet normal 0.215656 0.144025 -0.965789
    outer loop
      vertex 30.6758 54.3902 0.0768595
      vertex 30.6191 54.4751 0.0768595
      vertex 31.1135 54.6429 0.21228
    endloop
  endfacet
  facet normal 0.117358 0.0577235 -0.991411
    outer loop
      vertex 30.2417 54.1001 0.00856495
      vertex 30.2266 54.1308 0.00856495
      vertex 30.721 54.2986 0.0768595
    endloop
  endfacet
  facet normal 0.923898 0 -0.38264
    outer loop
      vertex 33.7877 4 2.71424
      vertex 33.5875 54 2.23085
      vertex 33.7877 54 2.71424
    endloop
  endfacet
  facet normal 0.923898 0 -0.38264
    outer loop
      vertex 33.5875 54 2.23085
      vertex 33.7877 4 2.71424
      vertex 33.5875 4 2.23085
    endloop
  endfacet
  facet normal 0.670249 -0.227609 -0.706372
    outer loop
      vertex 32.7784 2.84913 1.36262
      vertex 32.5475 3.3174 0.992641
      vertex 32.9049 3.22164 1.36262
    endloop
  endfacet
  facet normal 0.670305 -0.227553 -0.706336
    outer loop
      vertex 32.7784 2.84913 1.36262
      vertex 32.4366 2.99072 0.992641
      vertex 32.5475 3.3174 0.992641
    endloop
  endfacet
  facet normal 0.0250681 -0.382565 -0.923588
    outer loop
      vertex 30.2309 2.24598 0.41251
      vertex 30 2.23085 0.41251
      vertex 30.1678 2.72524 0.21228
    endloop
  endfacet
  facet normal 0.025079 -0.382568 -0.923587
    outer loop
      vertex 30.1678 2.72524 0.21228
      vertex 30 2.23085 0.41251
      vertex 30 2.71424 0.21228
    endloop
  endfacet
  facet normal -0.117304 0.0578834 -0.991408
    outer loop
      vertex -30.2266 54.1308 0.00856495
      vertex -30.721 54.2986 0.0768595
      vertex -30.6758 54.3902 0.0768595
    endloop
  endfacet
  facet normal 0.0505784 -0.254356 -0.965787
    outer loop
      vertex 30.3328 2.75805 0.21228
      vertex 30.1678 2.72524 0.21228
      vertex 30.202 3.24623 0.0768595
    endloop
  endfacet
  facet normal 0.0420509 -0.123859 -0.991408
    outer loop
      vertex 30.2986 3.27904 0.0768595
      vertex 30.0677 3.7473 0.00856495
      vertex 30.1001 3.7583 0.00856495
    endloop
  endfacet
  facet normal -0.128286 -0.0255009 -0.991409
    outer loop
      vertex -30.7538 3.79803 0.0768595
      vertex -30.7737 3.89814 0.0768595
      vertex -30.2527 3.93229 0.00856495
    endloop
  endfacet
  facet normal -0.0255793 0.128278 -0.991408
    outer loop
      vertex -30.0677 54.2527 0.00856495
      vertex -30.1019 54.7737 0.0768595
      vertex -30.0341 54.2594 0.00856495
    endloop
  endfacet
  facet normal 0.194982 -0.170974 -0.96579
    outer loop
      vertex 30.9092 3.09083 0.21228
      vertex 30.5518 3.4482 0.0768595
      vertex 30.6191 3.52495 0.0768595
    endloop
  endfacet
  facet normal 0.194963 -0.170988 -0.965791
    outer loop
      vertex 30.9092 3.09083 0.21228
      vertex 30.6191 3.52495 0.0768595
      vertex 31.0201 3.21728 0.21228
    endloop
  endfacet
  facet normal 0.375921 -0.0749745 -0.923614
    outer loop
      vertex 31.7089 3.54211 0.41251
      vertex 31.2419 3.66722 0.21228
      vertex 31.2748 3.83218 0.21228
    endloop
  endfacet
  facet normal 0.128286 -0.0255009 -0.991409
    outer loop
      vertex 30.7538 3.79803 0.0768595
      vertex 30.2527 3.93229 0.00856495
      vertex 30.7737 3.89814 0.0768595
    endloop
  endfacet
  facet normal -0.117356 -0.0577225 -0.991411
    outer loop
      vertex -30.2266 3.86919 0.00856495
      vertex -30.721 3.70137 0.0768595
      vertex -30.2417 3.89989 0.00856495
    endloop
  endfacet
  facet normal 0.343831 -0.169637 -0.923582
    outer loop
      vertex 31.5321 3.11542 0.41251
      vertex 31.1135 3.35712 0.21228
      vertex 31.6345 3.32297 0.41251
    endloop
  endfacet
  facet normal 0.363029 -0.123092 -0.923611
    outer loop
      vertex 31.7089 3.54211 0.41251
      vertex 31.1879 3.50796 0.21228
      vertex 31.2419 3.66722 0.21228
    endloop
  endfacet
  facet normal 0.37607 0.0747169 -0.923574
    outer loop
      vertex 31.754 54.2309 0.41251
      vertex 31.2748 54.1678 0.21228
      vertex 31.7089 54.4579 0.41251
    endloop
  endfacet
  facet normal 0.636981 -0.726297 -0.258356
    outer loop
      vertex 32.7741 1.22592 3.21964
      vertex 32.3883 0.887564 3.21964
      vertex 32.6783 1.32168 2.71424
    endloop
  endfacet
  facet normal 0.653757 -0.745426 -0.130158
    outer loop
      vertex 32.4298 0.833382 3.73839
      vertex 32.3883 0.887564 3.21964
      vertex 32.7741 1.22592 3.21964
    endloop
  endfacet
  facet normal 0.745481 -0.653677 0.130248
    outer loop
      vertex 33.1666 1.57017 56.2616
      vertex 32.7741 1.22592 56.7804
      vertex 32.8224 1.17763 56.2616
    endloop
  endfacet
  facet normal 0.550855 -0.824385 0.13019
    outer loop
      vertex 32.4298 0.833382 56.2616
      vertex 31.9616 0.602461 56.7804
      vertex 31.9957 0.543316 56.2616
    endloop
  endfacet
  facet normal 0.751886 -0.659293 0
    outer loop
      vertex 32.8224 1.17763 56.2616
      vertex 33.1666 1.57017 3.73839
      vertex 33.1666 1.57017 56.2616
    endloop
  endfacet
  facet normal 0.751886 -0.659293 0
    outer loop
      vertex 33.1666 1.57017 3.73839
      vertex 32.8224 1.17763 56.2616
      vertex 32.8224 1.17763 3.73839
    endloop
  endfacet
  facet normal 0.889208 -0.438567 -0.130262
    outer loop
      vertex 33.6876 2.47254 3.73839
      vertex 33.3975 2.03843 3.21964
      vertex 33.6245 2.49868 3.21964
    endloop
  endfacet
  facet normal 0.866444 -0.427339 -0.258177
    outer loop
      vertex 33.3975 2.03843 3.21964
      vertex 33.2803 2.10614 2.71424
      vertex 33.6245 2.49868 3.21964
    endloop
  endfacet
  facet normal 0.831437 -0.555619 0
    outer loop
      vertex 33.1666 1.57017 56.2616
      vertex 33.4567 2.00428 3.73839
      vertex 33.4567 2.00428 56.2616
    endloop
  endfacet
  facet normal 0.831437 -0.555619 0
    outer loop
      vertex 33.4567 2.00428 3.73839
      vertex 33.1666 1.57017 56.2616
      vertex 33.1666 1.57017 3.73839
    endloop
  endfacet
  facet normal 0.712146 -0.351163 -0.607892
    outer loop
      vertex 32.8803 2.33706 1.77772
      vertex 32.6045 2.49632 1.36262
      vertex 33.0727 2.72724 1.77772
    endloop
  endfacet
  facet normal 0.712147 -0.351017 -0.607975
    outer loop
      vertex 33.0727 2.72724 1.77772
      vertex 32.6045 2.49632 1.36262
      vertex 32.7784 2.84913 1.36262
    endloop
  endfacet
  facet normal 0.947527 -0.188363 -0.258288
    outer loop
      vertex 33.7895 2.98462 3.21964
      vertex 33.6587 3.01967 2.71424
      vertex 33.7553 3.5056 2.71424
    endloop
  endfacet
  facet normal 0.906371 -0.180181 -0.382134
    outer loop
      vertex 33.6587 3.01967 2.71424
      vertex 33.4652 3.07149 2.23085
      vertex 33.7553 3.5056 2.71424
    endloop
  endfacet
  facet normal 0.947487 0.188443 0.258375
    outer loop
      vertex 33.7895 55.0154 56.7804
      vertex 33.7553 54.4944 57.2858
      vertex 33.8896 54.5121 56.7804
    endloop
  endfacet
  facet normal 0.91477 0.310634 0.258268
    outer loop
      vertex 33.6245 55.5013 56.7804
      vertex 33.4994 55.4495 57.2858
      vertex 33.7895 55.0154 56.7804
    endloop
  endfacet
  facet normal 0.849938 0.168912 0.499073
    outer loop
      vertex 33.4652 54.9285 57.7692
      vertex 33.2126 54.8608 58.2223
      vertex 33.2974 54.4341 58.2223
    endloop
  endfacet
  facet normal 0.778739 0.154762 0.607959
    outer loop
      vertex 33.2126 54.8608 58.2223
      vertex 32.9816 54.3925 58.6374
      vertex 33.2974 54.4341 58.2223
    endloop
  endfacet
  facet normal 0.82891 -0.408665 0.38197
    outer loop
      vertex 33.3144 2.62713 57.7692
      vertex 33.1069 2.20625 57.7692
      vertex 33.2803 2.10614 57.2858
    endloop
  endfacet
  facet normal 0.82888 -0.408695 0.382005
    outer loop
      vertex 33.3144 2.62713 57.7692
      vertex 33.2803 2.10614 57.2858
      vertex 33.4994 2.5505 57.2858
    endloop
  endfacet
  facet normal 0.946945 -0.321394 0
    outer loop
      vertex 33.6876 2.47254 56.2616
      vertex 33.8554 2.96694 3.73839
      vertex 33.8554 2.96694 56.2616
    endloop
  endfacet
  facet normal 0.946945 -0.321394 0
    outer loop
      vertex 33.8554 2.96694 3.73839
      vertex 33.6876 2.47254 56.2616
      vertex 33.6876 2.47254 3.73839
    endloop
  endfacet
  facet normal 0.98077 -0.195169 0
    outer loop
      vertex 33.8554 2.96694 56.2616
      vertex 33.9573 3.47901 3.73839
      vertex 33.9573 3.47901 56.2616
    endloop
  endfacet
  facet normal 0.98077 -0.195169 0
    outer loop
      vertex 33.9573 3.47901 3.73839
      vertex 33.8554 2.96694 56.2616
      vertex 33.8554 2.96694 3.73839
    endloop
  endfacet
  facet normal 0.906374 -0.180182 0.382127
    outer loop
      vertex 33.7553 3.5056 57.2858
      vertex 33.4652 3.07149 57.7692
      vertex 33.6587 3.01967 57.2858
    endloop
  endfacet
  facet normal 0.875048 -0.29711 0.382122
    outer loop
      vertex 33.6587 3.01967 57.2858
      vertex 33.4652 3.07149 57.7692
      vertex 33.4994 2.5505 57.2858
    endloop
  endfacet
  facet normal 0.989367 0.0647213 0.13025
    outer loop
      vertex 33.9914 54 56.2616
      vertex 33.8896 54.5121 56.7804
      vertex 33.9231 54 56.7804
    endloop
  endfacet
  facet normal 0.9239 -0 0.382633
    outer loop
      vertex 33.5875 4 57.7692
      vertex 33.7877 54 57.2858
      vertex 33.5875 54 57.7692
    endloop
  endfacet
  facet normal 0.9239 0 0.382633
    outer loop
      vertex 33.7877 54 57.2858
      vertex 33.5875 4 57.7692
      vertex 33.7877 4 57.2858
    endloop
  endfacet
  facet normal -0.0519353 -0.792281 0.607942
    outer loop
      vertex -30 0.992641 58.6374
      vertex -30.3925 1.01837 58.6374
      vertex -30 0.674122 58.2223
    endloop
  endfacet
  facet normal -0.255197 -0.751868 0.607922
    outer loop
      vertex -30.7784 1.09511 58.6374
      vertex -31.2728 0.927289 58.2223
      vertex -30.8608 0.787449 58.2223
    endloop
  endfacet
  facet normal -0.0463038 -0.706371 0.706326
    outer loop
      vertex -30.3442 1.38518 59.0074
      vertex -30.3925 1.01837 58.6374
      vertex -30 0.992641 58.6374
    endloop
  endfacet
  facet normal -0.138078 -0.694288 0.706327
    outer loop
      vertex -30.3442 1.38518 59.0074
      vertex -30.6826 1.45248 59.0074
      vertex -30.3925 1.01837 58.6374
    endloop
  endfacet
  facet normal -0.914775 -0.31061 -0.258279
    outer loop
      vertex -33.6245 2.49868 3.21964
      vertex -33.7895 2.98462 3.21964
      vertex -33.4994 2.5505 2.71424
    endloop
  endfacet
  facet normal -0.914776 -0.310599 -0.258289
    outer loop
      vertex -33.4994 2.5505 2.71424
      vertex -33.7895 2.98462 3.21964
      vertex -33.6587 3.01967 2.71424
    endloop
  endfacet
  facet normal -0.777171 -0.383157 -0.499195
    outer loop
      vertex -33.1069 2.20625 2.23085
      vertex -33.3144 2.62713 2.23085
      vertex -33.0727 2.72724 1.77772
    endloop
  endfacet
  facet normal -0.820545 -0.278654 -0.499056
    outer loop
      vertex -33.0727 2.72724 1.77772
      vertex -33.4652 3.07149 2.23085
      vertex -33.2126 3.1392 1.77772
    endloop
  endfacet
  facet normal -0.393304 -0.58854 -0.706352
    outer loop
      vertex -31.5037 1.39555 1.36262
      vertex -31.6055 1.90762 0.992641
      vertex -31.3187 1.71596 0.992641
    endloop
  endfacet
  facet normal -0.338694 -0.506821 -0.792729
    outer loop
      vertex -31.3187 1.71596 0.992641
      vertex -31.6055 1.90762 0.992641
      vertex -31.3528 2.23695 0.674122
    endloop
  endfacet
  facet normal -0.45828 -0.401978 -0.792712
    outer loop
      vertex -31.5714 2.42861 0.674122
      vertex -31.8649 2.13509 0.992641
      vertex -31.7631 2.64716 0.674122
    endloop
  endfacet
  facet normal -0.330189 -0.376542 -0.865558
    outer loop
      vertex -31.077 2.59644 0.41251
      vertex -31.5714 2.42861 0.674122
      vertex -31.251 2.74902 0.41251
    endloop
  endfacet
  facet normal -0.60828 -0.0398432 -0.792722
    outer loop
      vertex -32.2033 3.70993 0.674122
      vertex -32.6374 4 0.992641
      vertex -32.2223 4 0.674122
    endloop
  endfacet
  facet normal -0.499753 -0.0327345 -0.865549
    outer loop
      vertex -32.2033 3.70993 0.674122
      vertex -32.2223 4 0.674122
      vertex -31.7692 4 0.41251
    endloop
  endfacet
  facet normal -0.706349 -0.0464254 -0.706339
    outer loop
      vertex -32.9816 3.60746 1.36262
      vertex -33.0074 4 1.36262
      vertex -32.6148 3.65575 0.992641
    endloop
  endfacet
  facet normal -0.706326 -0.0463703 -0.706366
    outer loop
      vertex -32.6148 3.65575 0.992641
      vertex -33.0074 4 1.36262
      vertex -32.6374 4 0.992641
    endloop
  endfacet
  facet normal 0.258817 0 -0.965926
    outer loop
      vertex 30.7804 4 0.0768595
      vertex 31.2858 54 0.21228
      vertex 31.2858 4 0.21228
    endloop
  endfacet
  facet normal 0.258817 0 -0.965926
    outer loop
      vertex 31.2858 54 0.21228
      vertex 30.7804 4 0.0768595
      vertex 30.7804 54 0.0768595
    endloop
  endfacet
  facet normal 0.254351 0.0505653 -0.965789
    outer loop
      vertex 30.7737 54.1019 0.0768595
      vertex 30.7538 54.202 0.0768595
      vertex 31.2748 54.1678 0.21228
    endloop
  endfacet
  facet normal -0.16099 -0.474225 -0.865559
    outer loop
      vertex -30.4579 2.29113 0.41251
      vertex -30.8504 1.94688 0.674122
      vertex -30.677 2.36551 0.41251
    endloop
  endfacet
  facet normal -0.221471 -0.449174 -0.86556
    outer loop
      vertex -30.8504 1.94688 0.674122
      vertex -30.8846 2.46787 0.41251
      vertex -30.677 2.36551 0.41251
    endloop
  endfacet
  facet normal -0.025079 -0.382568 -0.923587
    outer loop
      vertex -30 2.23085 0.41251
      vertex -30.1678 2.72524 0.21228
      vertex -30 2.71424 0.21228
    endloop
  endfacet
  facet normal 0.13052 -0.00858516 -0.991408
    outer loop
      vertex 30.7737 3.89814 0.0768595
      vertex 30.2594 3.96585 0.00856495
      vertex 30.7804 4 0.0768595
    endloop
  endfacet
  facet normal -0.0578834 0.117304 -0.991408
    outer loop
      vertex -30.1308 54.2266 0.00856495
      vertex -30.3902 54.6758 0.0768595
      vertex -30.2986 54.721 0.0768595
    endloop
  endfacet
  facet normal -0.108832 0.0725545 -0.991409
    outer loop
      vertex -30.2266 54.1308 0.00856495
      vertex -30.6758 54.3902 0.0768595
      vertex -30.2076 54.1593 0.00856495
    endloop
  endfacet
  facet normal -0.0420479 0.12385 -0.99141
    outer loop
      vertex -30.1001 54.2417 0.00856495
      vertex -30.2986 54.721 0.0768595
      vertex -30.0677 54.2527 0.00856495
    endloop
  endfacet
  facet normal -0.215646 -0.144031 -0.965791
    outer loop
      vertex -31.0201 3.21728 0.21228
      vertex -31.1135 3.35712 0.21228
      vertex -30.6191 3.52495 0.0768595
    endloop
  endfacet
  facet normal -0.194963 -0.170988 -0.965791
    outer loop
      vertex -30.9092 3.09083 0.21228
      vertex -31.0201 3.21728 0.21228
      vertex -30.6191 3.52495 0.0768595
    endloop
  endfacet
  facet normal -0.363031 -0.123252 -0.923589
    outer loop
      vertex -31.6345 3.32297 0.41251
      vertex -31.7089 3.54211 0.41251
      vertex -31.1879 3.50796 0.21228
    endloop
  endfacet
  facet normal -0.449144 -0.221596 -0.865543
    outer loop
      vertex -31.5321 3.11542 0.41251
      vertex -32.0531 3.14957 0.674122
      vertex -31.6345 3.32297 0.41251
    endloop
  endfacet
  facet normal -0.609338 0.694811 -0.382026
    outer loop
      vertex -32.5367 56.5367 2.23085
      vertex -32.6783 56.6783 2.71424
      vertex -32.1839 56.8461 2.23085
    endloop
  endfacet
  facet normal -0.609356 0.694781 -0.382054
    outer loop
      vertex -32.1839 56.8461 2.23085
      vertex -32.6783 56.6783 2.71424
      vertex -32.3058 57.005 2.71424
    endloop
  endfacet
  facet normal -0.523661 0.596854 -0.607902
    outer loop
      vertex -32.1265 56.1265 1.36262
      vertex -32.3517 56.3517 1.77772
      vertex -32.0247 56.6386 1.77772
    endloop
  endfacet
  facet normal -0.768323 0.513528 -0.382058
    outer loop
      vertex -33.1069 55.7937 2.23085
      vertex -33.2803 55.8939 2.71424
      vertex -32.8461 56.1839 2.23085
    endloop
  endfacet
  facet normal -0.245578 0.0833846 -0.965784
    outer loop
      vertex -30.7538 54.202 0.0768595
      vertex -31.1879 54.492 0.21228
      vertex -30.721 54.2986 0.0768595
    endloop
  endfacet
  facet normal -0.123848 0.042052 -0.99141
    outer loop
      vertex -30.2527 54.0677 0.00856495
      vertex -30.7538 54.202 0.0768595
      vertex -30.721 54.2986 0.0768595
    endloop
  endfacet
  facet normal -0.194916 0.171028 -0.965794
    outer loop
      vertex -30.6191 54.4751 0.0768595
      vertex -30.9092 54.9092 0.21228
      vertex -30.5518 54.5518 0.0768595
    endloop
  endfacet
  facet normal -0.171028 0.194916 -0.965794
    outer loop
      vertex -30.5518 54.5518 0.0768595
      vertex -30.9092 54.9092 0.21228
      vertex -30.4751 54.6191 0.0768595
    endloop
  endfacet
  facet normal -0.864604 0.0567639 -0.499238
    outer loop
      vertex -33.3259 54 1.77772
      vertex -33.5568 54.4683 2.23085
      vertex -33.2974 54.4341 1.77772
    endloop
  endfacet
  facet normal -0.849793 0.169146 -0.499241
    outer loop
      vertex -33.2974 54.4341 1.77772
      vertex -33.5568 54.4683 2.23085
      vertex -33.4652 54.9285 2.23085
    endloop
  endfacet
  facet normal -0.963986 0.063061 0.258369
    outer loop
      vertex -33.8896 54.5121 56.7804
      vertex -33.9231 54 56.7804
      vertex -33.7553 54.4944 57.2858
    endloop
  endfacet
  facet normal -0.947487 0.188443 0.258375
    outer loop
      vertex -33.7895 55.0154 56.7804
      vertex -33.8896 54.5121 56.7804
      vertex -33.7553 54.4944 57.2858
    endloop
  endfacet
  facet normal -0.972421 0.193497 0.130214
    outer loop
      vertex -33.8554 55.0331 56.2616
      vertex -33.9573 54.521 56.2616
      vertex -33.8896 54.5121 56.7804
    endloop
  endfacet
  facet normal -0.972451 0.193408 0.130123
    outer loop
      vertex -33.8554 55.0331 56.2616
      vertex -33.8896 54.5121 56.7804
      vertex -33.7895 55.0154 56.7804
    endloop
  endfacet
  facet normal -0.914775 0.310579 -0.258318
    outer loop
      vertex -33.6587 54.9803 2.71424
      vertex -33.7895 55.0154 3.21964
      vertex -33.4994 55.4495 2.71424
    endloop
  endfacet
  facet normal -0.875055 0.297093 -0.382119
    outer loop
      vertex -33.4652 54.9285 2.23085
      vertex -33.6587 54.9803 2.71424
      vertex -33.4994 55.4495 2.71424
    endloop
  endfacet
  facet normal -0.831431 0.555628 0
    outer loop
      vertex -33.4567 55.9957 3.73839
      vertex -33.1666 56.4298 56.2616
      vertex -33.1666 56.4298 3.73839
    endloop
  endfacet
  facet normal -0.831431 0.555628 0
    outer loop
      vertex -33.1666 56.4298 56.2616
      vertex -33.4567 55.9957 3.73839
      vertex -33.4567 55.9957 56.2616
    endloop
  endfacet
  facet normal -0.31878 0.212976 -0.923591
    outer loop
      vertex -31.1135 54.6429 0.21228
      vertex -31.4036 55.077 0.41251
      vertex -31.0201 54.7827 0.21228
    endloop
  endfacet
  facet normal -0.288276 0.252726 -0.923594
    outer loop
      vertex -31.0201 54.7827 0.21228
      vertex -31.4036 55.077 0.41251
      vertex -30.9092 54.9092 0.21228
    endloop
  endfacet
  facet normal -0.523599 0.596871 -0.607938
    outer loop
      vertex -31.8308 56.3859 1.36262
      vertex -32.1265 56.1265 1.36262
      vertex -32.0247 56.6386 1.77772
    endloop
  endfacet
  facet normal -0.441165 0.660134 -0.607945
    outer loop
      vertex -31.8308 56.3859 1.36262
      vertex -32.0247 56.6386 1.77772
      vertex -31.5037 56.6045 1.36262
    endloop
  endfacet
  facet normal -0.351231 0.712138 -0.607862
    outer loop
      vertex -31.5037 56.6045 1.36262
      vertex -31.6629 56.8803 1.77772
      vertex -31.2728 57.0727 1.77772
    endloop
  endfacet
  facet normal -0.383218 0.777147 -0.499187
    outer loop
      vertex -31.2728 57.0727 1.77772
      vertex -31.7937 57.1069 2.23085
      vertex -31.3729 57.3144 2.23085
    endloop
  endfacet
  facet normal -0.0577235 0.117358 -0.991411
    outer loop
      vertex -30.1308 54.2266 0.00856495
      vertex -30.2986 54.721 0.0768595
      vertex -30.1001 54.2417 0.00856495
    endloop
  endfacet
  facet normal -0.114754 0.232555 -0.96579
    outer loop
      vertex -30.3902 54.6758 0.0768595
      vertex -30.6429 55.1135 0.21228
      vertex -30.2986 54.721 0.0768595
    endloop
  endfacet
  facet normal 0.169605 0.343849 -0.923581
    outer loop
      vertex 30.8846 55.5321 0.41251
      vertex 30.6429 55.1135 0.21228
      vertex 30.677 55.6345 0.41251
    endloop
  endfacet
  facet normal 0.212939 0.318829 -0.923583
    outer loop
      vertex 31.077 55.4036 0.41251
      vertex 30.6429 55.1135 0.21228
      vertex 30.8846 55.5321 0.41251
    endloop
  endfacet
  facet normal 0.312937 0.634872 0.706405
    outer loop
      vertex 31.5037 56.6045 58.6374
      vertex 31.1509 56.7784 58.6374
      vertex 31.3187 56.284 59.0074
    endloop
  endfacet
  facet normal 0.313127 0.634873 0.70632
    outer loop
      vertex 31.1509 56.7784 58.6374
      vertex 31.0093 56.4366 59.0074
      vertex 31.3187 56.284 59.0074
    endloop
  endfacet
  facet normal 0.376512 0.330205 0.865566
    outer loop
      vertex 31.5714 55.5714 59.3259
      vertex 31.251 55.251 59.5875
      vertex 31.4036 55.077 59.5875
    endloop
  endfacet
  facet normal 0.288211 0.252765 0.923604
    outer loop
      vertex 31.251 55.251 59.5875
      vertex 30.9092 54.9092 59.7877
      vertex 31.4036 55.077 59.5875
    endloop
  endfacet
  facet normal 0.269625 0.54667 0.792751
    outer loop
      vertex 31.0093 56.4366 59.0074
      vertex 30.8504 56.0531 59.3259
      vertex 31.3187 56.284 59.0074
    endloop
  endfacet
  facet normal 0.550826 0.824404 0.130189
    outer loop
      vertex 32.4298 57.1666 56.2616
      vertex 31.9616 57.3975 56.7804
      vertex 32.3883 57.1124 56.7804
    endloop
  endfacet
  facet normal 0.571441 0.651311 0.499248
    outer loop
      vertex 32.5367 56.5367 57.7692
      vertex 32.0247 56.6386 58.2223
      vertex 32.3517 56.3517 58.2223
    endloop
  endfacet
  facet normal 0.651311 0.571441 0.499248
    outer loop
      vertex 32.5367 56.5367 57.7692
      vertex 32.3517 56.3517 58.2223
      vertex 32.6386 56.0247 58.2223
    endloop
  endfacet
  facet normal 0.660264 0.441089 0.607859
    outer loop
      vertex 32.6386 56.0247 58.2223
      vertex 32.6045 55.5037 58.6374
      vertex 32.8803 55.6629 58.2223
    endloop
  endfacet
  facet normal 0.506873 0.338622 0.792726
    outer loop
      vertex 32.0924 55.6055 59.0074
      vertex 31.7631 55.3528 59.3259
      vertex 32.284 55.3187 59.0074
    endloop
  endfacet
  facet normal -0.118911 0.59791 0.792694
    outer loop
      vertex -30.3442 56.6148 59.0074
      vertex -30.6826 56.5475 59.0074
      vertex -30.2901 56.2033 59.3259
    endloop
  endfacet
  facet normal -0.161096 0.474157 0.865577
    outer loop
      vertex -30.5752 56.1466 59.3259
      vertex -30.8504 56.0531 59.3259
      vertex -30.4579 55.7089 59.5875
    endloop
  endfacet
  facet normal 0.427199 0.866487 0.258264
    outer loop
      vertex 31.5013 57.6245 56.7804
      vertex 31.4495 57.4994 57.2858
      vertex 31.8939 57.2803 57.2858
    endloop
  endfacet
  facet normal 0.427303 0.866465 0.258168
    outer loop
      vertex 31.9616 57.3975 56.7804
      vertex 31.5013 57.6245 56.7804
      vertex 31.8939 57.2803 57.2858
    endloop
  endfacet
  facet normal 0.438526 0.889223 0.130299
    outer loop
      vertex 31.5275 57.6876 56.2616
      vertex 31.5013 57.6245 56.7804
      vertex 31.9616 57.3975 56.7804
    endloop
  endfacet
  facet normal 0.318655 0.938874 0.130285
    outer loop
      vertex 31.5275 57.6876 56.2616
      vertex 31.0331 57.8554 56.2616
      vertex 31.5013 57.6245 56.7804
    endloop
  endfacet
  facet normal 0.828902 0.408669 0.381984
    outer loop
      vertex 33.4994 55.4495 57.2858
      vertex 33.2803 55.8939 57.2858
      vertex 33.3144 55.3729 57.7692
    endloop
  endfacet
  facet normal 0.875155 0.29697 0.381985
    outer loop
      vertex 33.4994 55.4495 57.2858
      vertex 33.3144 55.3729 57.7692
      vertex 33.4652 54.9285 57.7692
    endloop
  endfacet
  facet normal 0.803182 0.53682 0.258309
    outer loop
      vertex 33.1124 56.3883 56.7804
      vertex 33.005 56.3058 57.2858
      vertex 33.2803 55.8939 57.2858
    endloop
  endfacet
  facet normal 0.694783 0.609357 0.382047
    outer loop
      vertex 33.005 56.3058 57.2858
      vertex 32.6783 56.6783 57.2858
      vertex 32.8461 56.1839 57.7692
    endloop
  endfacet
  facet normal 0.53682 0.803182 0.258309
    outer loop
      vertex 32.3883 57.1124 56.7804
      vertex 31.8939 57.2803 57.2858
      vertex 32.3058 57.005 57.2858
    endloop
  endfacet
  facet normal 0.803292 0.53672 0.258175
    outer loop
      vertex 33.3975 55.9616 56.7804
      vertex 33.1124 56.3883 56.7804
      vertex 33.2803 55.8939 57.2858
    endloop
  endfacet
  facet normal -0.278626 0.820542 0.499077
    outer loop
      vertex -30.9285 57.4652 57.7692
      vertex -31.2728 57.0727 58.2223
      vertex -30.8608 57.2126 58.2223
    endloop
  endfacet
  facet normal -0.168912 0.849938 0.499073
    outer loop
      vertex -30.4341 57.2974 58.2223
      vertex -30.9285 57.4652 57.7692
      vertex -30.8608 57.2126 58.2223
    endloop
  endfacet
  facet normal 0.144048 0.21561 0.965796
    outer loop
      vertex 30.6429 55.1135 59.7877
      vertex 30.4751 54.6191 59.9231
      vertex 30.7827 55.0201 59.7877
    endloop
  endfacet
  facet normal 0.212949 0.318739 0.923612
    outer loop
      vertex 31.077 55.4036 59.5875
      vertex 30.6429 55.1135 59.7877
      vertex 30.7827 55.0201 59.7877
    endloop
  endfacet
  facet normal 0.161096 0.474157 0.865577
    outer loop
      vertex 30.5752 56.1466 59.3259
      vertex 30.4579 55.7089 59.5875
      vertex 30.8504 56.0531 59.3259
    endloop
  endfacet
  facet normal 0.0976794 0.491153 0.865579
    outer loop
      vertex 30.5752 56.1466 59.3259
      vertex 30.2901 56.2033 59.3259
      vertex 30.4579 55.7089 59.5875
    endloop
  endfacet
  facet normal 0.114738 0.232522 0.965799
    outer loop
      vertex 30.6429 55.1135 59.7877
      vertex 30.2986 54.721 59.9231
      vertex 30.3902 54.6758 59.9231
    endloop
  endfacet
  facet normal 0.144025 -0.215618 0.965798
    outer loop
      vertex 30.4751 3.3809 59.9231
      vertex 30.3902 3.32419 59.9231
      vertex 30.6429 2.8865 59.7877
    endloop
  endfacet
  facet normal 0.0749479 0.375879 0.923633
    outer loop
      vertex 30.4579 55.7089 59.5875
      vertex 30.1678 55.2748 59.7877
      vertex 30.3328 55.2419 59.7877
    endloop
  endfacet
  facet normal 0.0833729 0.245543 0.965794
    outer loop
      vertex 30.492 55.1879 59.7877
      vertex 30.202 54.7538 59.9231
      vertex 30.2986 54.721 59.9231
    endloop
  endfacet
  facet normal -0.0982268 0.0863784 0.991408
    outer loop
      vertex -30.185 54.185 59.9914
      vertex -30.5518 54.5518 59.9231
      vertex -30.2076 54.1593 59.9914
    endloop
  endfacet
  facet normal 0.194983 0.170938 0.965796
    outer loop
      vertex 30.9092 54.9092 59.7877
      vertex 30.6191 54.4751 59.9231
      vertex 31.0201 54.7827 59.7877
    endloop
  endfacet
  facet normal 0.215626 0.144004 0.965799
    outer loop
      vertex 31.1135 54.6429 59.7877
      vertex 30.6191 54.4751 59.9231
      vertex 30.6758 54.3902 59.9231
    endloop
  endfacet
  facet normal 0.258743 0.0169617 0.965797
    outer loop
      vertex 31.2748 54.1678 59.7877
      vertex 30.7804 54 59.9231
      vertex 31.2858 54 59.7877
    endloop
  endfacet
  facet normal 0.258727 0.0170115 0.965801
    outer loop
      vertex 31.2748 54.1678 59.7877
      vertex 30.7737 54.1019 59.9231
      vertex 30.7804 54 59.9231
    endloop
  endfacet
  facet normal 0.117366 -0.057727 0.99141
    outer loop
      vertex 30.2417 3.89989 59.9914
      vertex 30.2266 3.86919 59.9914
      vertex 30.721 3.70137 59.9231
    endloop
  endfacet
  facet normal 0.245588 0.0833026 0.965788
    outer loop
      vertex 31.1879 54.492 59.7877
      vertex 30.7538 54.202 59.9231
      vertex 31.2419 54.3328 59.7877
    endloop
  endfacet
  facet normal -0.906374 0.180193 0.382121
    outer loop
      vertex -33.6587 54.9803 57.2858
      vertex -33.7553 54.4944 57.2858
      vertex -33.4652 54.9285 57.7692
    endloop
  endfacet
  facet normal -0.694273 0.137991 0.706359
    outer loop
      vertex -32.9049 54.7784 58.6374
      vertex -32.9816 54.3925 58.6374
      vertex -32.5475 54.6826 59.0074
    endloop
  endfacet
  facet normal -0.803292 0.53672 0.258175
    outer loop
      vertex -33.1124 56.3883 56.7804
      vertex -33.3975 55.9616 56.7804
      vertex -33.2803 55.8939 57.2858
    endloop
  endfacet
  facet normal -0.803182 0.53682 0.258309
    outer loop
      vertex -33.1124 56.3883 56.7804
      vertex -33.2803 55.8939 57.2858
      vertex -33.005 56.3058 57.2858
    endloop
  endfacet
  facet normal -0.778739 0.154762 0.607959
    outer loop
      vertex -33.2126 54.8608 58.2223
      vertex -33.2974 54.4341 58.2223
      vertex -32.9816 54.3925 58.6374
    endloop
  endfacet
  facet normal -0.777134 0.383211 0.499211
    outer loop
      vertex -33.1069 55.7937 57.7692
      vertex -33.3144 55.3729 57.7692
      vertex -33.0727 55.2728 58.2223
    endloop
  endfacet
  facet normal -0.875057 0.297094 0.382112
    outer loop
      vertex -33.4994 55.4495 57.2858
      vertex -33.6587 54.9803 57.2858
      vertex -33.4652 54.9285 57.7692
    endloop
  endfacet
  facet normal -0.914775 0.310579 0.258318
    outer loop
      vertex -33.4994 55.4495 57.2858
      vertex -33.7895 55.0154 56.7804
      vertex -33.6587 54.9803 57.2858
    endloop
  endfacet
  facet normal -0.634872 0.312937 0.706405
    outer loop
      vertex -32.6045 55.5037 58.6374
      vertex -32.7784 55.1509 58.6374
      vertex -32.284 55.3187 59.0074
    endloop
  endfacet
  facet normal -0.634873 0.313127 0.70632
    outer loop
      vertex -32.284 55.3187 59.0074
      vertex -32.7784 55.1509 58.6374
      vertex -32.4366 55.0093 59.0074
    endloop
  endfacet
  facet normal -0.194983 0.170938 0.965796
    outer loop
      vertex -30.9092 54.9092 59.7877
      vertex -31.0201 54.7827 59.7877
      vertex -30.6191 54.4751 59.9231
    endloop
  endfacet
  facet normal -0.506873 0.338622 0.792726
    outer loop
      vertex -32.0924 55.6055 59.0074
      vertex -32.284 55.3187 59.0074
      vertex -31.7631 55.3528 59.3259
    endloop
  endfacet
  facet normal -0.057728 0.117368 0.991409
    outer loop
      vertex -30.1001 54.2417 59.9914
      vertex -30.2986 54.721 59.9231
      vertex -30.1308 54.2266 59.9914
    endloop
  endfacet
  facet normal -0.114738 0.232522 0.965799
    outer loop
      vertex -30.2986 54.721 59.9231
      vertex -30.6429 55.1135 59.7877
      vertex -30.3902 54.6758 59.9231
    endloop
  endfacet
  facet normal -0.0085824 0.130529 0.991407
    outer loop
      vertex -30 54.7804 59.9231
      vertex -30.1019 54.7737 59.9231
      vertex -30.0341 54.2594 59.9914
    endloop
  endfacet
  facet normal -0.00842059 0.130519 0.99141
    outer loop
      vertex -30 54.7804 59.9231
      vertex -30.0341 54.2594 59.9914
      vertex -30 54.2616 59.9914
    endloop
  endfacet
  facet normal -0.123256 0.362975 0.923611
    outer loop
      vertex -30.4579 55.7089 59.5875
      vertex -30.677 55.6345 59.5875
      vertex -30.492 55.1879 59.7877
    endloop
  endfacet
  facet normal -0.0420553 0.123858 0.991408
    outer loop
      vertex -30.202 54.7538 59.9231
      vertex -30.2986 54.721 59.9231
      vertex -30.0677 54.2527 59.9914
    endloop
  endfacet
  facet normal -0.0862833 0.0983348 0.991406
    outer loop
      vertex -30.4751 54.6191 59.9231
      vertex -30.5518 54.5518 59.9231
      vertex -30.1593 54.2076 59.9914
    endloop
  endfacet
  facet normal -0.144048 0.21561 0.965796
    outer loop
      vertex -30.6429 55.1135 59.7877
      vertex -30.7827 55.0201 59.7877
      vertex -30.4751 54.6191 59.9231
    endloop
  endfacet
  facet normal -0.416419 0.278118 0.86559
    outer loop
      vertex -31.4036 55.077 59.5875
      vertex -31.9246 55.1111 59.3259
      vertex -31.5321 54.8846 59.5875
    endloop
  endfacet
  facet normal -0.343805 0.169584 0.923601
    outer loop
      vertex -31.5321 54.8846 59.5875
      vertex -31.6345 54.677 59.5875
      vertex -31.1135 54.6429 59.7877
    endloop
  endfacet
  facet normal -0.12386 0.0420512 0.991408
    outer loop
      vertex -30.2417 54.1001 59.9914
      vertex -30.721 54.2986 59.9231
      vertex -30.2527 54.0677 59.9914
    endloop
  endfacet
  facet normal -0.215626 0.144004 0.965799
    outer loop
      vertex -30.6191 54.4751 59.9231
      vertex -31.1135 54.6429 59.7877
      vertex -30.6758 54.3902 59.9231
    endloop
  endfacet
  facet normal -0.0749479 0.375879 0.923633
    outer loop
      vertex -30.1678 55.2748 59.7877
      vertex -30.4579 55.7089 59.5875
      vertex -30.3328 55.2419 59.7877
    endloop
  endfacet
  facet normal -0.0507104 0.254323 0.965789
    outer loop
      vertex -30.1678 55.2748 59.7877
      vertex -30.3328 55.2419 59.7877
      vertex -30.202 54.7538 59.9231
    endloop
  endfacet
  facet normal -0.03273 0.499736 0.865559
    outer loop
      vertex -30 56.2223 59.3259
      vertex -30.2901 56.2033 59.3259
      vertex -30 55.7692 59.5875
    endloop
  endfacet
  facet normal -0.0398376 0.608257 0.79274
    outer loop
      vertex -30 56.6374 59.0074
      vertex -30.2901 56.2033 59.3259
      vertex -30 56.2223 59.3259
    endloop
  endfacet
  facet normal -0.269625 0.54667 0.792751
    outer loop
      vertex -31.0093 56.4366 59.0074
      vertex -31.3187 56.284 59.0074
      vertex -30.8504 56.0531 59.3259
    endloop
  endfacet
  facet normal -0.212912 0.318788 0.923603
    outer loop
      vertex -30.8846 55.5321 59.5875
      vertex -31.077 55.4036 59.5875
      vertex -30.6429 55.1135 59.7877
    endloop
  endfacet
  facet normal -0.375879 0.0749479 0.923633
    outer loop
      vertex -31.2419 54.3328 59.7877
      vertex -31.7089 54.4579 59.5875
      vertex -31.2748 54.1678 59.7877
    endloop
  endfacet
  facet normal -0.491131 0.0975772 0.865603
    outer loop
      vertex -31.7089 54.4579 59.5875
      vertex -32.2033 54.2901 59.3259
      vertex -31.754 54.2309 59.5875
    endloop
  endfacet
  facet normal -0.466729 -0.532244 0.706315
    outer loop
      vertex -31.8649 2.13509 59.0074
      vertex -32.1265 1.87348 58.6374
      vertex -31.6055 1.90762 59.0074
    endloop
  endfacet
  facet normal -0.401888 -0.458301 0.792746
    outer loop
      vertex -31.3528 2.23695 59.3259
      vertex -31.8649 2.13509 59.0074
      vertex -31.6055 1.90762 59.0074
    endloop
  endfacet
  facet normal -0.670324 -0.227559 0.706316
    outer loop
      vertex -32.5475 3.3174 59.0074
      vertex -32.7784 2.84913 58.6374
      vertex -32.4366 2.99072 59.0074
    endloop
  endfacet
  facet normal -0.63488 -0.313121 0.706316
    outer loop
      vertex -32.4366 2.99072 59.0074
      vertex -32.7784 2.84913 58.6374
      vertex -32.284 2.68131 59.0074
    endloop
  endfacet
  facet normal -0.707107 0 0.707107
    outer loop
      vertex -33.0074 4 58.6374
      vertex -32.6374 54 59.0074
      vertex -33.0074 54 58.6374
    endloop
  endfacet
  facet normal -0.707107 0 0.707107
    outer loop
      vertex -32.6374 54 59.0074
      vertex -33.0074 4 58.6374
      vertex -32.6374 4 59.0074
    endloop
  endfacet
  facet normal 0.10884 0.0725602 0.991407
    outer loop
      vertex 30.6758 54.3902 59.9231
      vertex 30.2076 54.1593 59.9914
      vertex 30.2266 54.1308 59.9914
    endloop
  endfacet
  facet normal -0.362985 -0.123237 0.92361
    outer loop
      vertex -31.1879 3.50796 59.7877
      vertex -31.7089 3.54211 59.5875
      vertex -31.6345 3.32297 59.5875
    endloop
  endfacet
  facet normal -0.318792 -0.212904 0.923603
    outer loop
      vertex -31.1135 3.35712 59.7877
      vertex -31.5321 3.11542 59.5875
      vertex -31.4036 2.92301 59.5875
    endloop
  endfacet
  facet normal -0.546825 -0.269522 0.792679
    outer loop
      vertex -32.0531 3.14957 59.3259
      vertex -32.284 2.68131 59.0074
      vertex -31.9246 2.88886 59.3259
    endloop
  endfacet
  facet normal -0.449139 -0.221374 0.865602
    outer loop
      vertex -31.5321 3.11542 59.5875
      vertex -32.0531 3.14957 59.3259
      vertex -31.9246 2.88886 59.3259
    endloop
  endfacet
  facet normal -0.169495 -0.343821 0.923612
    outer loop
      vertex -30.6429 2.8865 59.7877
      vertex -30.677 2.36551 59.5875
      vertex -30.492 2.81211 59.7877
    endloop
  endfacet
  facet normal -0.416379 -0.278218 0.865577
    outer loop
      vertex -31.4036 2.92301 59.5875
      vertex -31.9246 2.88886 59.3259
      vertex -31.7631 2.64716 59.3259
    endloop
  endfacet
  facet normal -0.376474 -0.330223 0.865575
    outer loop
      vertex -31.4036 2.92301 59.5875
      vertex -31.7631 2.64716 59.3259
      vertex -31.5714 2.42861 59.3259
    endloop
  endfacet
  facet normal 0.0254692 -0.128301 0.991408
    outer loop
      vertex 30.0677 3.7473 59.9914
      vertex 30.0341 3.74063 59.9914
      vertex 30.1019 3.22632 59.9231
    endloop
  endfacet
  facet normal -0.343787 -0.169616 0.923602
    outer loop
      vertex -31.1135 3.35712 59.7877
      vertex -31.6345 3.32297 59.5875
      vertex -31.5321 3.11542 59.5875
    endloop
  endfacet
  facet normal 0.474216 0.16103 0.865557
    outer loop
      vertex 32.0531 54.8504 59.3259
      vertex 31.6345 54.677 59.5875
      vertex 31.7089 54.4579 59.5875
    endloop
  endfacet
  facet normal 0.382513 -0.0250723 0.92361
    outer loop
      vertex 31.2858 4 59.7877
      vertex 31.2748 3.83218 59.7877
      vertex 31.7692 4 59.5875
    endloop
  endfacet
  facet normal 0.258743 -0.0169597 0.965797
    outer loop
      vertex 31.2858 4 59.7877
      vertex 30.7804 4 59.9231
      vertex 31.2748 3.83218 59.7877
    endloop
  endfacet
  facet normal 0.777106 -0.383195 0.499267
    outer loop
      vertex 33.0727 2.72724 58.2223
      vertex 32.8803 2.33706 58.2223
      vertex 33.1069 2.20625 57.7692
    endloop
  endfacet
  facet normal 0.449128 -0.221589 0.865553
    outer loop
      vertex 31.6345 3.32297 59.5875
      vertex 31.5321 3.11542 59.5875
      vertex 32.0531 3.14957 59.3259
    endloop
  endfacet
  facet normal 0.532211 -0.466782 0.706304
    outer loop
      vertex 32.3859 2.16924 58.6374
      vertex 32.0924 2.39446 59.0074
      vertex 32.1265 1.87348 58.6374
    endloop
  endfacet
  facet normal 0.343792 -0.169571 0.923609
    outer loop
      vertex 31.1879 3.50796 59.7877
      vertex 31.1135 3.35712 59.7877
      vertex 31.6345 3.32297 59.5875
    endloop
  endfacet
  facet normal 0.608299 0.0399406 0.792703
    outer loop
      vertex 32.6148 54.3442 59.0074
      vertex 32.2033 54.2901 59.3259
      vertex 32.6374 54 59.0074
    endloop
  endfacet
  facet normal -0.0507176 0.254359 -0.965779
    outer loop
      vertex -30.202 54.7538 0.0768595
      vertex -30.3328 55.2419 0.21228
      vertex -30.1678 55.2748 0.21228
    endloop
  endfacet
  facet normal -0.0749575 0.375927 -0.923613
    outer loop
      vertex -30.3328 55.2419 0.21228
      vertex -30.4579 55.7089 0.41251
      vertex -30.1678 55.2748 0.21228
    endloop
  endfacet
  facet normal -0.0976827 0.49117 -0.865569
    outer loop
      vertex -30.4579 55.7089 0.41251
      vertex -30.5752 56.1466 0.674122
      vertex -30.2901 56.2033 0.674122
    endloop
  endfacet
  facet normal -0.0975805 0.491148 -0.865593
    outer loop
      vertex -30.2309 55.754 0.41251
      vertex -30.4579 55.7089 0.41251
      vertex -30.2901 56.2033 0.674122
    endloop
  endfacet
  facet normal -0.330216 0.376524 -0.865556
    outer loop
      vertex -31.251 55.251 0.41251
      vertex -31.5714 55.5714 0.674122
      vertex -31.077 55.4036 0.41251
    endloop
  endfacet
  facet normal -0.252797 0.288248 -0.923584
    outer loop
      vertex -30.9092 54.9092 0.21228
      vertex -31.251 55.251 0.41251
      vertex -31.077 55.4036 0.41251
    endloop
  endfacet
  facet normal -0.212939 0.318829 -0.923583
    outer loop
      vertex -30.6429 55.1135 0.21228
      vertex -31.077 55.4036 0.41251
      vertex -30.8846 55.5321 0.41251
    endloop
  endfacet
  facet normal -0.27824 0.416413 -0.865553
    outer loop
      vertex -31.077 55.4036 0.41251
      vertex -31.3528 55.7631 0.674122
      vertex -31.1111 55.9246 0.674122
    endloop
  endfacet
  facet normal 0.889223 0.438526 0.130299
    outer loop
      vertex 33.6876 55.5275 56.2616
      vertex 33.3975 55.9616 56.7804
      vertex 33.6245 55.5013 56.7804
    endloop
  endfacet
  facet normal 0.938874 0.318655 0.130285
    outer loop
      vertex 33.6876 55.5275 56.2616
      vertex 33.6245 55.5013 56.7804
      vertex 33.8554 55.0331 56.2616
    endloop
  endfacet
  facet normal 0.831431 0.555628 0
    outer loop
      vertex 33.4567 55.9957 56.2616
      vertex 33.1666 56.4298 3.73839
      vertex 33.1666 56.4298 56.2616
    endloop
  endfacet
  facet normal 0.831431 0.555628 0
    outer loop
      vertex 33.1666 56.4298 3.73839
      vertex 33.4567 55.9957 56.2616
      vertex 33.4567 55.9957 3.73839
    endloop
  endfacet
  facet normal 0.828899 0.408668 -0.38199
    outer loop
      vertex 33.3144 55.3729 2.23085
      vertex 33.2803 55.8939 2.71424
      vertex 33.4994 55.4495 2.71424
    endloop
  endfacet
  facet normal 0.866487 0.427199 -0.258264
    outer loop
      vertex 33.4994 55.4495 2.71424
      vertex 33.2803 55.8939 2.71424
      vertex 33.6245 55.5013 3.21964
    endloop
  endfacet
  facet normal -0.660117 -0.441181 -0.607952
    outer loop
      vertex -32.3859 2.16924 1.36262
      vertex -32.6386 1.97533 1.77772
      vertex -32.6045 2.49632 1.36262
    endloop
  endfacet
  facet normal -0.712147 -0.351017 -0.607975
    outer loop
      vertex -32.6045 2.49632 1.36262
      vertex -33.0727 2.72724 1.77772
      vertex -32.7784 2.84913 1.36262
    endloop
  endfacet
  facet normal 0.401881 -0.45837 -0.792709
    outer loop
      vertex 31.8649 2.13509 0.992641
      vertex 31.3528 2.23695 0.674122
      vertex 31.5714 2.42861 0.674122
    endloop
  endfacet
  facet normal 0.401903 -0.458318 -0.792728
    outer loop
      vertex 31.6055 1.90762 0.992641
      vertex 31.3528 2.23695 0.674122
      vertex 31.8649 2.13509 0.992641
    endloop
  endfacet
  facet normal 0.37651 -0.330223 -0.865559
    outer loop
      vertex 31.5714 2.42861 0.674122
      vertex 31.251 2.74902 0.41251
      vertex 31.4036 2.92301 0.41251
    endloop
  endfacet
  facet normal 0.330189 -0.376542 -0.865558
    outer loop
      vertex 31.5714 2.42861 0.674122
      vertex 31.077 2.59644 0.41251
      vertex 31.251 2.74902 0.41251
    endloop
  endfacet
  facet normal 0.449155 -0.221381 -0.865592
    outer loop
      vertex 31.9246 2.88886 0.674122
      vertex 31.5321 3.11542 0.41251
      vertex 32.0531 3.14957 0.674122
    endloop
  endfacet
  facet normal 0.506906 -0.338706 -0.79267
    outer loop
      vertex 32.284 2.68131 0.992641
      vertex 31.7631 2.64716 0.674122
      vertex 31.9246 2.88886 0.674122
    endloop
  endfacet
  facet normal 0.546846 -0.269532 -0.792661
    outer loop
      vertex 32.284 2.68131 0.992641
      vertex 31.9246 2.88886 0.674122
      vertex 32.0531 3.14957 0.674122
    endloop
  endfacet
  facet normal 0.546712 -0.269637 -0.792718
    outer loop
      vertex 32.284 2.68131 0.992641
      vertex 32.0531 3.14957 0.674122
      vertex 32.4366 2.99072 0.992641
    endloop
  endfacet
  facet normal 0.751786 -0.255304 -0.607978
    outer loop
      vertex 33.0727 2.72724 1.77772
      vertex 32.9049 3.22164 1.36262
      vertex 33.2126 3.1392 1.77772
    endloop
  endfacet
  facet normal 0.820545 -0.278654 -0.499056
    outer loop
      vertex 33.4652 3.07149 2.23085
      vertex 33.0727 2.72724 1.77772
      vertex 33.2126 3.1392 1.77772
    endloop
  endfacet
  facet normal 0.571399 -0.651377 -0.49921
    outer loop
      vertex 32.5367 1.46326 2.23085
      vertex 32.0247 1.3614 1.77772
      vertex 32.3517 1.64825 1.77772
    endloop
  endfacet
  facet normal 0.351182 -0.712093 -0.607943
    outer loop
      vertex 31.2728 0.927289 1.77772
      vertex 31.1509 1.22156 1.36262
      vertex 31.5037 1.39555 1.36262
    endloop
  endfacet
  facet normal 0.351247 -0.712092 -0.607907
    outer loop
      vertex 31.6629 1.11971 1.77772
      vertex 31.2728 0.927289 1.77772
      vertex 31.5037 1.39555 1.36262
    endloop
  endfacet
  facet normal 0.481317 -0.720511 -0.499197
    outer loop
      vertex 31.7937 0.893142 2.23085
      vertex 31.6629 1.11971 1.77772
      vertex 32.0247 1.3614 1.77772
    endloop
  endfacet
  facet normal 0.114657 -0.232615 -0.965787
    outer loop
      vertex 30.6429 2.8865 0.21228
      vertex 30.2986 3.27904 0.0768595
      vertex 30.3902 3.32419 0.0768595
    endloop
  endfacet
  facet normal 0.144045 -0.215649 -0.965788
    outer loop
      vertex 30.6429 2.8865 0.21228
      vertex 30.3902 3.32419 0.0768595
      vertex 30.4751 3.3809 0.0768595
    endloop
  endfacet
  facet normal 0.16101 -0.474207 -0.865565
    outer loop
      vertex 30.5752 1.85344 0.674122
      vertex 30.4579 2.29113 0.41251
      vertex 30.8504 1.94688 0.674122
    endloop
  endfacet
  facet normal 0.195989 -0.577228 -0.792714
    outer loop
      vertex 30.6826 1.45248 0.992641
      vertex 30.5752 1.85344 0.674122
      vertex 30.8504 1.94688 0.674122
    endloop
  endfacet
  facet normal 0.313077 -0.634855 -0.706358
    outer loop
      vertex 31.1509 1.22156 1.36262
      vertex 31.0093 1.56338 0.992641
      vertex 31.3187 1.71596 0.992641
    endloop
  endfacet
  facet normal 0.227533 -0.67029 -0.706357
    outer loop
      vertex 31.1509 1.22156 1.36262
      vertex 30.6826 1.45248 0.992641
      vertex 31.0093 1.56338 0.992641
    endloop
  endfacet
  facet normal 0.169495 -0.343821 0.923612
    outer loop
      vertex 30.6429 2.8865 59.7877
      vertex 30.492 2.81211 59.7877
      vertex 30.677 2.36551 59.5875
    endloop
  endfacet
  facet normal 0.0833757 -0.245531 0.965797
    outer loop
      vertex 30.492 2.81211 59.7877
      vertex 30.202 3.24623 59.9231
      vertex 30.3328 2.75805 59.7877
    endloop
  endfacet
  facet normal 0.254319 -0.0507219 0.965789
    outer loop
      vertex 31.2748 3.83218 59.7877
      vertex 30.7538 3.79803 59.9231
      vertex 31.2419 3.66722 59.7877
    endloop
  endfacet
  facet normal 0.108781 -0.0726742 0.991406
    outer loop
      vertex 30.6758 3.60982 59.9231
      vertex 30.2076 3.84074 59.9914
      vertex 30.6191 3.52495 59.9231
    endloop
  endfacet
  facet normal 0.117313 0.057888 0.991406
    outer loop
      vertex 30.6758 54.3902 59.9231
      vertex 30.2266 54.1308 59.9914
      vertex 30.721 54.2986 59.9231
    endloop
  endfacet
  facet normal 0.0420512 0.12386 0.991408
    outer loop
      vertex 30.2986 54.721 59.9231
      vertex 30.0677 54.2527 59.9914
      vertex 30.1001 54.2417 59.9914
    endloop
  endfacet
  facet normal 0.0833908 -0.245521 0.965798
    outer loop
      vertex 30.2986 3.27904 59.9231
      vertex 30.202 3.24623 59.9231
      vertex 30.492 2.81211 59.7877
    endloop
  endfacet
  facet normal 0.0420693 -0.123861 0.991407
    outer loop
      vertex 30.2986 3.27904 59.9231
      vertex 30.0677 3.7473 59.9914
      vertex 30.202 3.24623 59.9231
    endloop
  endfacet
  facet normal 0 -0.38264 0.923898
    outer loop
      vertex -30 2.71424 59.7877
      vertex 30 2.23085 59.5875
      vertex 30 2.71424 59.7877
    endloop
  endfacet
  facet normal 0 -0.38264 0.923898
    outer loop
      vertex 30 2.23085 59.5875
      vertex -30 2.71424 59.7877
      vertex -30 2.23085 59.5875
    endloop
  endfacet
  facet normal -0.212986 -0.318725 0.923608
    outer loop
      vertex -30.6429 2.8865 59.7877
      vertex -31.077 2.59644 59.5875
      vertex -30.8846 2.46787 59.5875
    endloop
  endfacet
  facet normal -0.123227 -0.362987 0.92361
    outer loop
      vertex -30.492 2.81211 59.7877
      vertex -30.677 2.36551 59.5875
      vertex -30.4579 2.29113 59.5875
    endloop
  endfacet
  facet normal -0.117366 -0.057727 0.99141
    outer loop
      vertex -30.2417 3.89989 59.9914
      vertex -30.721 3.70137 59.9231
      vertex -30.2266 3.86919 59.9914
    endloop
  endfacet
  facet normal 0.0725602 0.10884 0.991407
    outer loop
      vertex 30.3902 54.6758 59.9231
      vertex 30.1308 54.2266 59.9914
      vertex 30.1593 54.2076 59.9914
    endloop
  endfacet
  facet normal 0.057888 0.117313 0.991406
    outer loop
      vertex 30.2986 54.721 59.9231
      vertex 30.1308 54.2266 59.9914
      vertex 30.3902 54.6758 59.9231
    endloop
  endfacet
  facet normal 0.221464 -0.449158 0.86557
    outer loop
      vertex 30.8846 2.46787 59.5875
      vertex 30.677 2.36551 59.5875
      vertex 30.8504 1.94688 59.3259
    endloop
  endfacet
  facet normal 0.221511 -0.449156 0.865559
    outer loop
      vertex 30.8846 2.46787 59.5875
      vertex 30.8504 1.94688 59.3259
      vertex 31.1111 2.07545 59.3259
    endloop
  endfacet
  facet normal 0.416402 -0.278092 0.865606
    outer loop
      vertex 31.5321 3.11542 59.5875
      vertex 31.4036 2.92301 59.5875
      vertex 31.9246 2.88886 59.3259
    endloop
  endfacet
  facet normal 0.24556 -0.0833269 0.965793
    outer loop
      vertex 30.7538 3.79803 59.9231
      vertex 30.721 3.70137 59.9231
      vertex 31.1879 3.50796 59.7877
    endloop
  endfacet
  facet normal -0.161004 -0.474191 0.865575
    outer loop
      vertex -30.4579 2.29113 59.5875
      vertex -30.8504 1.94688 59.3259
      vertex -30.5752 1.85344 59.3259
    endloop
  endfacet
  facet normal -0.195982 -0.577206 0.792732
    outer loop
      vertex -30.5752 1.85344 59.3259
      vertex -30.8504 1.94688 59.3259
      vertex -30.6826 1.45248 59.0074
    endloop
  endfacet
  facet normal -0.144025 -0.215618 0.965798
    outer loop
      vertex -30.4751 3.3809 59.9231
      vertex -30.6429 2.8865 59.7877
      vertex -30.3902 3.32419 59.9231
    endloop
  endfacet
  facet normal -0.221464 -0.449158 0.86557
    outer loop
      vertex -30.677 2.36551 59.5875
      vertex -30.8846 2.46787 59.5875
      vertex -30.8504 1.94688 59.3259
    endloop
  endfacet
  facet normal -0.255223 -0.751842 0.607943
    outer loop
      vertex -31.1509 1.22156 58.6374
      vertex -31.2728 0.927289 58.2223
      vertex -30.7784 1.09511 58.6374
    endloop
  endfacet
  facet normal -0.227544 -0.670305 0.706339
    outer loop
      vertex -30.6826 1.45248 59.0074
      vertex -31.1509 1.22156 58.6374
      vertex -30.7784 1.09511 58.6374
    endloop
  endfacet
  facet normal -0.0250649 -0.382516 0.923609
    outer loop
      vertex -30.1678 2.72524 59.7877
      vertex -30.2309 2.24598 59.5875
      vertex -30 2.23085 59.5875
    endloop
  endfacet
  facet normal -0.0250758 -0.38252 0.923607
    outer loop
      vertex -30 2.71424 59.7877
      vertex -30.1678 2.72524 59.7877
      vertex -30 2.23085 59.5875
    endloop
  endfacet
  facet normal 0.330216 0.376524 -0.865556
    outer loop
      vertex 31.251 55.251 0.41251
      vertex 31.077 55.4036 0.41251
      vertex 31.5714 55.5714 0.674122
    endloop
  endfacet
  facet normal 0.376524 0.330216 -0.865556
    outer loop
      vertex 31.4036 55.077 0.41251
      vertex 31.251 55.251 0.41251
      vertex 31.5714 55.5714 0.674122
    endloop
  endfacet
  facet normal 0.0251858 0.382592 -0.923574
    outer loop
      vertex 30.1678 55.2748 0.21228
      vertex 30 55.7692 0.41251
      vertex 30.2309 55.754 0.41251
    endloop
  endfacet
  facet normal 0.032893 0.49967 -0.865591
    outer loop
      vertex 30.2309 55.754 0.41251
      vertex 30 55.7692 0.41251
      vertex 30.2901 56.2033 0.674122
    endloop
  endfacet
  facet normal 0.144069 0.21564 -0.965786
    outer loop
      vertex 30.7827 55.0201 0.21228
      vertex 30.4751 54.6191 0.0768595
      vertex 30.6429 55.1135 0.21228
    endloop
  endfacet
  facet normal 0.212976 0.31878 -0.923591
    outer loop
      vertex 30.7827 55.0201 0.21228
      vertex 30.6429 55.1135 0.21228
      vertex 31.077 55.4036 0.41251
    endloop
  endfacet
  facet normal 0.232612 0.114687 -0.965784
    outer loop
      vertex 31.1879 54.492 0.21228
      vertex 30.721 54.2986 0.0768595
      vertex 31.1135 54.6429 0.21228
    endloop
  endfacet
  facet normal 0.245578 0.0833846 -0.965784
    outer loop
      vertex 30.7538 54.202 0.0768595
      vertex 30.721 54.2986 0.0768595
      vertex 31.1879 54.492 0.21228
    endloop
  endfacet
  facet normal 0.0833874 -0.245566 -0.965787
    outer loop
      vertex 30.3328 2.75805 0.21228
      vertex 30.202 3.24623 0.0768595
      vertex 30.492 2.81211 0.21228
    endloop
  endfacet
  facet normal 0.123276 -0.363033 -0.923585
    outer loop
      vertex 30.4579 2.29113 0.41251
      vertex 30.3328 2.75805 0.21228
      vertex 30.492 2.81211 0.21228
    endloop
  endfacet
  facet normal 0.252713 -0.288287 -0.923595
    outer loop
      vertex 31.077 2.59644 0.41251
      vertex 30.7827 2.97994 0.21228
      vertex 30.9092 3.09083 0.21228
    endloop
  endfacet
  facet normal 0.170962 -0.195029 -0.965782
    outer loop
      vertex 30.7827 2.97994 0.21228
      vertex 30.4751 3.3809 0.0768595
      vertex 30.9092 3.09083 0.21228
    endloop
  endfacet
  facet normal 0.24563 -0.0832852 -0.965779
    outer loop
      vertex 31.1879 3.50796 0.21228
      vertex 30.7538 3.79803 0.0768595
      vertex 31.2419 3.66722 0.21228
    endloop
  endfacet
  facet normal 0.245595 -0.0833387 -0.965783
    outer loop
      vertex 31.1879 3.50796 0.21228
      vertex 30.721 3.70137 0.0768595
      vertex 30.7538 3.79803 0.0768595
    endloop
  endfacet
  facet normal 0.117292 -0.0579095 -0.991408
    outer loop
      vertex 30.6758 3.60982 0.0768595
      vertex 30.2266 3.86919 0.00856495
      vertex 30.721 3.70137 0.0768595
    endloop
  endfacet
  facet normal 0.232594 -0.114724 -0.965784
    outer loop
      vertex 31.1135 3.35712 0.21228
      vertex 30.721 3.70137 0.0768595
      vertex 31.1879 3.50796 0.21228
    endloop
  endfacet
  facet normal 0.363031 -0.123252 -0.923589
    outer loop
      vertex 31.6345 3.32297 0.41251
      vertex 31.1879 3.50796 0.21228
      vertex 31.7089 3.54211 0.41251
    endloop
  endfacet
  facet normal 0.474187 -0.161071 -0.865565
    outer loop
      vertex 32.0531 3.14957 0.674122
      vertex 31.7089 3.54211 0.41251
      vertex 32.1466 3.42483 0.674122
    endloop
  endfacet
  facet normal 0.343836 -0.169593 -0.923588
    outer loop
      vertex 31.6345 3.32297 0.41251
      vertex 31.1135 3.35712 0.21228
      vertex 31.1879 3.50796 0.21228
    endloop
  endfacet
  facet normal 0.25878 -0.0169621 -0.965787
    outer loop
      vertex 31.2748 3.83218 0.21228
      vertex 30.7804 4 0.0768595
      vertex 31.2858 4 0.21228
    endloop
  endfacet
  facet normal 0.382562 -0.0250756 -0.92359
    outer loop
      vertex 31.7692 4 0.41251
      vertex 31.2748 3.83218 0.21228
      vertex 31.2858 4 0.21228
    endloop
  endfacet
  facet normal 0.536707 -0.803264 -0.258289
    outer loop
      vertex 31.9616 0.602461 3.21964
      vertex 31.8939 0.719738 2.71424
      vertex 32.3883 0.887564 3.21964
    endloop
  endfacet
  facet normal 0.550831 -0.824403 -0.130173
    outer loop
      vertex 32.4298 0.833382 3.73839
      vertex 31.9616 0.602461 3.21964
      vertex 32.3883 0.887564 3.21964
    endloop
  endfacet
  facet normal 0.636965 -0.726305 0.258372
    outer loop
      vertex 32.6783 1.32168 57.2858
      vertex 32.3058 0.995 57.2858
      vertex 32.3883 0.887564 56.7804
    endloop
  endfacet
  facet normal 0.536761 -0.803205 0.258361
    outer loop
      vertex 32.3058 0.995 57.2858
      vertex 31.8939 0.719738 57.2858
      vertex 32.3883 0.887564 56.7804
    endloop
  endfacet
  facet normal 0.803232 -0.536775 0.258248
    outer loop
      vertex 33.2803 2.10614 57.2858
      vertex 33.005 1.69418 57.2858
      vertex 33.1124 1.61174 56.7804
    endloop
  endfacet
  facet normal 0.72631 -0.637008 0.258252
    outer loop
      vertex 33.005 1.69418 57.2858
      vertex 32.6783 1.32168 57.2858
      vertex 33.1124 1.61174 56.7804
    endloop
  endfacet
  facet normal 0.922203 0.0604562 0.381951
    outer loop
      vertex 33.7553 54.4944 57.2858
      vertex 33.5568 54.4683 57.7692
      vertex 33.5875 54 57.7692
    endloop
  endfacet
  facet normal 0.906406 0.180415 0.381941
    outer loop
      vertex 33.7553 54.4944 57.2858
      vertex 33.4652 54.9285 57.7692
      vertex 33.5568 54.4683 57.7692
    endloop
  endfacet
  facet normal 0.792293 0.0520794 0.607914
    outer loop
      vertex 33.3259 54 58.2223
      vertex 32.9816 54.3925 58.6374
      vertex 33.0074 54 58.6374
    endloop
  endfacet
  facet normal 0.793369 -0 0.60874
    outer loop
      vertex 33.0074 4 58.6374
      vertex 33.3259 54 58.2223
      vertex 33.0074 54 58.6374
    endloop
  endfacet
  facet normal 0.793369 0 0.60874
    outer loop
      vertex 33.3259 54 58.2223
      vertex 33.0074 4 58.6374
      vertex 33.3259 4 58.2223
    endloop
  endfacet
  facet normal 0.947527 -0.188363 0.258288
    outer loop
      vertex 33.7553 3.5056 57.2858
      vertex 33.6587 3.01967 57.2858
      vertex 33.7895 2.98462 56.7804
    endloop
  endfacet
  facet normal 0.914776 -0.310599 0.258289
    outer loop
      vertex 33.6587 3.01967 57.2858
      vertex 33.4994 2.5505 57.2858
      vertex 33.7895 2.98462 56.7804
    endloop
  endfacet
  facet normal -0.803284 -0.536727 -0.258185
    outer loop
      vertex -33.1124 1.61174 3.21964
      vertex -33.3975 2.03843 3.21964
      vertex -33.2803 2.10614 2.71424
    endloop
  endfacet
  facet normal -0.875138 -0.296991 -0.382008
    outer loop
      vertex -33.3144 2.62713 2.23085
      vertex -33.4994 2.5505 2.71424
      vertex -33.4652 3.07149 2.23085
    endloop
  endfacet
  facet normal -0.828908 -0.408664 -0.381977
    outer loop
      vertex -33.2803 2.10614 2.71424
      vertex -33.3144 2.62713 2.23085
      vertex -33.1069 2.20625 2.23085
    endloop
  endfacet
  facet normal -0.768339 -0.513565 -0.381975
    outer loop
      vertex -32.8461 1.81607 2.23085
      vertex -33.2803 2.10614 2.71424
      vertex -33.1069 2.20625 2.23085
    endloop
  endfacet
  facet normal -0.634862 -0.312923 -0.706421
    outer loop
      vertex -32.6045 2.49632 1.36262
      vertex -32.7784 2.84913 1.36262
      vertex -32.284 2.68131 0.992641
    endloop
  endfacet
  facet normal -0.751786 -0.255304 -0.607978
    outer loop
      vertex -33.0727 2.72724 1.77772
      vertex -33.2126 3.1392 1.77772
      vertex -32.9049 3.22164 1.36262
    endloop
  endfacet
  facet normal -0.712146 -0.351163 -0.607892
    outer loop
      vertex -32.8803 2.33706 1.77772
      vertex -33.0727 2.72724 1.77772
      vertex -32.6045 2.49632 1.36262
    endloop
  endfacet
  facet normal -0.660201 -0.441131 -0.607897
    outer loop
      vertex -32.6386 1.97533 1.77772
      vertex -32.8803 2.33706 1.77772
      vertex -32.6045 2.49632 1.36262
    endloop
  endfacet
  facet normal -0.46676 -0.532119 -0.706388
    outer loop
      vertex -31.8308 1.6141 1.36262
      vertex -32.1265 1.87348 1.36262
      vertex -31.6055 1.90762 0.992641
    endloop
  endfacet
  facet normal -0.466716 -0.532229 -0.706335
    outer loop
      vertex -31.6055 1.90762 0.992641
      vertex -32.1265 1.87348 1.36262
      vertex -31.8649 2.13509 0.992641
    endloop
  endfacet
  facet normal -0.491173 -0.0976833 -0.865567
    outer loop
      vertex -32.1466 3.42483 0.674122
      vertex -32.2033 3.70993 0.674122
      vertex -31.7089 3.54211 0.41251
    endloop
  endfacet
  facet normal -0.588542 -0.393345 -0.706327
    outer loop
      vertex -32.3859 2.16924 1.36262
      vertex -32.6045 2.49632 1.36262
      vertex -32.0924 2.39446 0.992641
    endloop
  endfacet
  facet normal -0.318819 -0.212941 -0.923585
    outer loop
      vertex -31.0201 3.21728 0.21228
      vertex -31.4036 2.92301 0.41251
      vertex -31.1135 3.35712 0.21228
    endloop
  endfacet
  facet normal -0.28824 -0.252794 -0.923587
    outer loop
      vertex -30.9092 3.09083 0.21228
      vertex -31.4036 2.92301 0.41251
      vertex -31.0201 3.21728 0.21228
    endloop
  endfacet
  facet normal -0.474243 -0.16101 -0.865546
    outer loop
      vertex -31.6345 3.32297 0.41251
      vertex -32.0531 3.14957 0.674122
      vertex -31.7089 3.54211 0.41251
    endloop
  endfacet
  facet normal -0.376068 -0.0747265 -0.923574
    outer loop
      vertex -31.7089 3.54211 0.41251
      vertex -31.754 3.76908 0.41251
      vertex -31.2748 3.83218 0.21228
    endloop
  endfacet
  facet normal 0.375927 0.0749575 -0.923613
    outer loop
      vertex 31.2748 54.1678 0.21228
      vertex 31.2419 54.3328 0.21228
      vertex 31.7089 54.4579 0.41251
    endloop
  endfacet
  facet normal 0.254359 0.0507176 -0.965779
    outer loop
      vertex 31.2748 54.1678 0.21228
      vertex 30.7538 54.202 0.0768595
      vertex 31.2419 54.3328 0.21228
    endloop
  endfacet
  facet normal 0.382562 0.0250785 -0.92359
    outer loop
      vertex 31.2858 54 0.21228
      vertex 31.2748 54.1678 0.21228
      vertex 31.7692 54 0.41251
    endloop
  endfacet
  facet normal 0.128278 0.0255793 -0.991408
    outer loop
      vertex 30.2594 54.0341 0.00856495
      vertex 30.2527 54.0677 0.00856495
      vertex 30.7737 54.1019 0.0768595
    endloop
  endfacet
  facet normal 0.128283 0.0255029 -0.99141
    outer loop
      vertex 30.7737 54.1019 0.0768595
      vertex 30.2527 54.0677 0.00856495
      vertex 30.7538 54.202 0.0768595
    endloop
  endfacet
  facet normal -0.0250681 -0.382565 -0.923588
    outer loop
      vertex -30 2.23085 0.41251
      vertex -30.2309 2.24598 0.41251
      vertex -30.1678 2.72524 0.21228
    endloop
  endfacet
  facet normal -0.0327453 -0.499729 -0.865563
    outer loop
      vertex -30 2.23085 0.41251
      vertex -30.2901 1.79673 0.674122
      vertex -30.2309 2.24598 0.41251
    endloop
  endfacet
  facet normal -0.0982191 0.0863716 -0.99141
    outer loop
      vertex -30.2076 54.1593 0.00856495
      vertex -30.5518 54.5518 0.0768595
      vertex -30.185 54.185 0.00856495
    endloop
  endfacet
  facet normal -0.694781 0.609356 -0.382054
    outer loop
      vertex -32.8461 56.1839 2.23085
      vertex -33.005 56.3058 2.71424
      vertex -32.6783 56.6783 2.71424
    endloop
  endfacet
  facet normal -0.726296 0.636996 -0.258323
    outer loop
      vertex -33.005 56.3058 2.71424
      vertex -33.1124 56.3883 3.21964
      vertex -32.6783 56.6783 2.71424
    endloop
  endfacet
  facet normal -0.481318 0.720484 -0.499235
    outer loop
      vertex -31.6629 56.8803 1.77772
      vertex -32.0247 56.6386 1.77772
      vertex -31.7937 57.1069 2.23085
    endloop
  endfacet
  facet normal -0.571362 0.651508 -0.499082
    outer loop
      vertex -32.0247 56.6386 1.77772
      vertex -32.5367 56.5367 2.23085
      vertex -32.1839 56.8461 2.23085
    endloop
  endfacet
  facet normal -0.660134 0.441165 -0.607945
    outer loop
      vertex -32.6045 55.5037 1.36262
      vertex -32.6386 56.0247 1.77772
      vertex -32.3859 55.8308 1.36262
    endloop
  endfacet
  facet normal -0.720484 0.481318 -0.499235
    outer loop
      vertex -32.8803 55.6629 1.77772
      vertex -33.1069 55.7937 2.23085
      vertex -32.6386 56.0247 1.77772
    endloop
  endfacet
  facet normal 0.0982714 -0.0863169 -0.991409
    outer loop
      vertex 30.5518 3.4482 0.0768595
      vertex 30.185 3.81501 0.00856495
      vertex 30.2076 3.84074 0.00856495
    endloop
  endfacet
  facet normal -0.938842 0.318808 -0.130145
    outer loop
      vertex -33.7895 55.0154 3.21964
      vertex -33.8554 55.0331 3.73839
      vertex -33.6245 55.5013 3.21964
    endloop
  endfacet
  facet normal -0.97245 0.193408 -0.130135
    outer loop
      vertex -33.7895 55.0154 3.21964
      vertex -33.8896 54.5121 3.21964
      vertex -33.8554 55.0331 3.73839
    endloop
  endfacet
  facet normal -0.383266 0.77709 -0.499238
    outer loop
      vertex -31.6629 56.8803 1.77772
      vertex -31.7937 57.1069 2.23085
      vertex -31.2728 57.0727 1.77772
    endloop
  endfacet
  facet normal -0.27863 0.820556 -0.499052
    outer loop
      vertex -30.8608 57.2126 1.77772
      vertex -31.2728 57.0727 1.77772
      vertex -30.9285 57.4652 2.23085
    endloop
  endfacet
  facet normal -0.123135 0.36302 -0.92361
    outer loop
      vertex -30.3328 55.2419 0.21228
      vertex -30.492 55.1879 0.21228
      vertex -30.4579 55.7089 0.41251
    endloop
  endfacet
  facet normal -0.144025 0.215656 -0.965789
    outer loop
      vertex -30.4751 54.6191 0.0768595
      vertex -30.6429 55.1135 0.21228
      vertex -30.3902 54.6758 0.0768595
    endloop
  endfacet
  facet normal 0.338622 0.506873 0.792726
    outer loop
      vertex 31.6055 56.0924 59.0074
      vertex 31.3187 56.284 59.0074
      vertex 31.3528 55.7631 59.3259
    endloop
  endfacet
  facet normal 0.401933 0.458292 0.792728
    outer loop
      vertex 31.6055 56.0924 59.0074
      vertex 31.3528 55.7631 59.3259
      vertex 31.8649 55.8649 59.0074
    endloop
  endfacet
  facet normal 0.416399 0.278231 0.865563
    outer loop
      vertex 31.7631 55.3528 59.3259
      vertex 31.4036 55.077 59.5875
      vertex 31.9246 55.1111 59.3259
    endloop
  endfacet
  facet normal 0.546803 0.269521 0.792695
    outer loop
      vertex 32.284 55.3187 59.0074
      vertex 31.9246 55.1111 59.3259
      vertex 32.0531 54.8504 59.3259
    endloop
  endfacet
  facet normal 0.393188 0.588551 0.706407
    outer loop
      vertex 31.5037 56.6045 58.6374
      vertex 31.3187 56.284 59.0074
      vertex 31.6055 56.0924 59.0074
    endloop
  endfacet
  facet normal 0.255304 0.751785 0.607979
    outer loop
      vertex 31.2728 57.0727 58.2223
      vertex 30.7784 56.9049 58.6374
      vertex 31.1509 56.7784 58.6374
    endloop
  endfacet
  facet normal 0.634873 0.313127 0.70632
    outer loop
      vertex 32.7784 55.1509 58.6374
      vertex 32.284 55.3187 59.0074
      vertex 32.4366 55.0093 59.0074
    endloop
  endfacet
  facet normal 0.588551 0.393188 0.706407
    outer loop
      vertex 32.6045 55.5037 58.6374
      vertex 32.0924 55.6055 59.0074
      vertex 32.284 55.3187 59.0074
    endloop
  endfacet
  facet normal 0.577223 0.196113 0.792688
    outer loop
      vertex 32.5475 54.6826 59.0074
      vertex 32.0531 54.8504 59.3259
      vertex 32.1466 54.5752 59.3259
    endloop
  endfacet
  facet normal 0.820542 0.278626 0.499077
    outer loop
      vertex 33.4652 54.9285 57.7692
      vertex 33.0727 55.2728 58.2223
      vertex 33.2126 54.8608 58.2223
    endloop
  endfacet
  facet normal 0.523661 0.596854 0.607902
    outer loop
      vertex 32.3517 56.3517 58.2223
      vertex 32.0247 56.6386 58.2223
      vertex 32.1265 56.1265 58.6374
    endloop
  endfacet
  facet normal 0.596854 0.523661 0.607902
    outer loop
      vertex 32.3517 56.3517 58.2223
      vertex 32.1265 56.1265 58.6374
      vertex 32.6386 56.0247 58.2223
    endloop
  endfacet
  facet normal 0.310634 0.91477 0.258268
    outer loop
      vertex 31.5013 57.6245 56.7804
      vertex 31.0154 57.7895 56.7804
      vertex 31.4495 57.4994 57.2858
    endloop
  endfacet
  facet normal 0.310579 0.914775 0.258318
    outer loop
      vertex 31.0154 57.7895 56.7804
      vertex 30.9803 57.6587 57.2858
      vertex 31.4495 57.4994 57.2858
    endloop
  endfacet
  facet normal 0.408715 0.828855 0.382037
    outer loop
      vertex 31.8939 57.2803 57.2858
      vertex 31.3729 57.3144 57.7692
      vertex 31.7937 57.1069 57.7692
    endloop
  endfacet
  facet normal 0.383211 0.777134 0.499211
    outer loop
      vertex 31.3729 57.3144 57.7692
      vertex 31.2728 57.0727 58.2223
      vertex 31.7937 57.1069 57.7692
    endloop
  endfacet
  facet normal 0.914775 0.310579 0.258318
    outer loop
      vertex 33.7895 55.0154 56.7804
      vertex 33.4994 55.4495 57.2858
      vertex 33.6587 54.9803 57.2858
    endloop
  endfacet
  facet normal 0.875057 0.297094 0.382112
    outer loop
      vertex 33.4994 55.4495 57.2858
      vertex 33.4652 54.9285 57.7692
      vertex 33.6587 54.9803 57.2858
    endloop
  endfacet
  facet normal 0.720434 0.48152 0.499113
    outer loop
      vertex 32.8461 56.1839 57.7692
      vertex 32.6386 56.0247 58.2223
      vertex 33.1069 55.7937 57.7692
    endloop
  endfacet
  facet normal 0.768326 0.51353 0.382051
    outer loop
      vertex 33.2803 55.8939 57.2858
      vertex 32.8461 56.1839 57.7692
      vertex 33.1069 55.7937 57.7692
    endloop
  endfacet
  facet normal 0.278118 0.416419 0.86559
    outer loop
      vertex 31.1111 55.9246 59.3259
      vertex 30.8846 55.5321 59.5875
      vertex 31.077 55.4036 59.5875
    endloop
  endfacet
  facet normal 0.22139 0.449155 0.86559
    outer loop
      vertex 31.1111 55.9246 59.3259
      vertex 30.8504 56.0531 59.3259
      vertex 30.8846 55.5321 59.5875
    endloop
  endfacet
  facet normal 0.0747074 0.376022 0.923594
    outer loop
      vertex 30.2309 55.754 59.5875
      vertex 30.1678 55.2748 59.7877
      vertex 30.4579 55.7089 59.5875
    endloop
  endfacet
  facet normal 0.0975772 0.491131 0.865603
    outer loop
      vertex 30.2901 56.2033 59.3259
      vertex 30.2309 55.754 59.5875
      vertex 30.4579 55.7089 59.5875
    endloop
  endfacet
  facet normal -0.0255185 -0.128297 0.991407
    outer loop
      vertex -30.0677 3.7473 59.9914
      vertex -30.202 3.24623 59.9231
      vertex -30.1019 3.22632 59.9231
    endloop
  endfacet
  facet normal 0.0507104 0.254323 0.965789
    outer loop
      vertex 30.3328 55.2419 59.7877
      vertex 30.1678 55.2748 59.7877
      vertex 30.202 54.7538 59.9231
    endloop
  endfacet
  facet normal 0.0255049 0.128294 0.991408
    outer loop
      vertex 30.1019 54.7737 59.9231
      vertex 30.0677 54.2527 59.9914
      vertex 30.202 54.7538 59.9231
    endloop
  endfacet
  facet normal -0.0254692 -0.128301 0.991408
    outer loop
      vertex -30.0677 3.7473 59.9914
      vertex -30.1019 3.22632 59.9231
      vertex -30.0341 3.74063 59.9914
    endloop
  endfacet
  facet normal 0.13053 -0.00858584 0.991407
    outer loop
      vertex 30.7804 4 59.9231
      vertex 30.2594 3.96585 59.9914
      vertex 30.7737 3.89814 59.9231
    endloop
  endfacet
  facet normal 0.194888 0.171004 0.965803
    outer loop
      vertex 30.9092 54.9092 59.7877
      vertex 30.5518 54.5518 59.9231
      vertex 30.6191 54.4751 59.9231
    endloop
  endfacet
  facet normal 0.318788 0.212912 0.923603
    outer loop
      vertex 31.4036 55.077 59.5875
      vertex 31.1135 54.6429 59.7877
      vertex 31.5321 54.8846 59.5875
    endloop
  endfacet
  facet normal 0.21561 0.144048 0.965796
    outer loop
      vertex 31.0201 54.7827 59.7877
      vertex 30.6191 54.4751 59.9231
      vertex 31.1135 54.6429 59.7877
    endloop
  endfacet
  facet normal 0.00857449 -0.130531 0.991407
    outer loop
      vertex 30 3.73839 59.9914
      vertex 30 3.21964 59.9231
      vertex 30.0341 3.74063 59.9914
    endloop
  endfacet
  facet normal 0.108792 0.0726565 0.991406
    outer loop
      vertex 30.6191 54.4751 59.9231
      vertex 30.2076 54.1593 59.9914
      vertex 30.6758 54.3902 59.9231
    endloop
  endfacet
  facet normal -0.778728 0.154777 0.60797
    outer loop
      vertex -32.9049 54.7784 58.6374
      vertex -33.2126 54.8608 58.2223
      vertex -32.9816 54.3925 58.6374
    endloop
  endfacet
  facet normal -0.751804 0.255285 0.607964
    outer loop
      vertex -33.0727 55.2728 58.2223
      vertex -33.2126 54.8608 58.2223
      vertex -32.9049 54.7784 58.6374
    endloop
  endfacet
  facet normal -0.938874 0.318655 0.130285
    outer loop
      vertex -33.6876 55.5275 56.2616
      vertex -33.8554 55.0331 56.2616
      vertex -33.6245 55.5013 56.7804
    endloop
  endfacet
  facet normal -0.938843 0.318809 0.130132
    outer loop
      vertex -33.6245 55.5013 56.7804
      vertex -33.8554 55.0331 56.2616
      vertex -33.7895 55.0154 56.7804
    endloop
  endfacet
  facet normal -0.726339 0.636912 0.258408
    outer loop
      vertex -32.7741 56.7741 56.7804
      vertex -33.1124 56.3883 56.7804
      vertex -32.6783 56.6783 57.2858
    endloop
  endfacet
  facet normal -0.745479 0.653695 0.130172
    outer loop
      vertex -32.7741 56.7741 56.7804
      vertex -33.1666 56.4298 56.2616
      vertex -33.1124 56.3883 56.7804
    endloop
  endfacet
  facet normal -0.849938 0.168912 0.499073
    outer loop
      vertex -33.2126 54.8608 58.2223
      vertex -33.4652 54.9285 57.7692
      vertex -33.2974 54.4341 58.2223
    endloop
  endfacet
  facet normal -0.820542 0.278626 0.499077
    outer loop
      vertex -33.0727 55.2728 58.2223
      vertex -33.4652 54.9285 57.7692
      vertex -33.2126 54.8608 58.2223
    endloop
  endfacet
  facet normal -0.401933 0.458292 0.792728
    outer loop
      vertex -31.6055 56.0924 59.0074
      vertex -31.8649 55.8649 59.0074
      vertex -31.3528 55.7631 59.3259
    endloop
  endfacet
  facet normal -0.278118 0.416419 0.86559
    outer loop
      vertex -30.8846 55.5321 59.5875
      vertex -31.1111 55.9246 59.3259
      vertex -31.077 55.4036 59.5875
    endloop
  endfacet
  facet normal -0.144004 0.215626 0.965799
    outer loop
      vertex -30.3902 54.6758 59.9231
      vertex -30.6429 55.1135 59.7877
      vertex -30.4751 54.6191 59.9231
    endloop
  endfacet
  facet normal -0.0726565 0.108792 0.991406
    outer loop
      vertex -30.3902 54.6758 59.9231
      vertex -30.4751 54.6191 59.9231
      vertex -30.1593 54.2076 59.9914
    endloop
  endfacet
  facet normal -0.170938 0.194983 0.965796
    outer loop
      vertex -30.7827 55.0201 59.7877
      vertex -30.9092 54.9092 59.7877
      vertex -30.4751 54.6191 59.9231
    endloop
  endfacet
  facet normal -0.232522 0.114738 0.965799
    outer loop
      vertex -30.6758 54.3902 59.9231
      vertex -31.1135 54.6429 59.7877
      vertex -30.721 54.2986 59.9231
    endloop
  endfacet
  facet normal 0.0420542 -0.123869 0.991407
    outer loop
      vertex 30.1001 3.7583 59.9914
      vertex 30.0677 3.7473 59.9914
      vertex 30.2986 3.27904 59.9231
    endloop
  endfacet
  facet normal -0.376022 0.0747074 0.923594
    outer loop
      vertex -31.7089 54.4579 59.5875
      vertex -31.754 54.2309 59.5875
      vertex -31.2748 54.1678 59.7877
    endloop
  endfacet
  facet normal -0.382543 0.0251826 0.923594
    outer loop
      vertex -31.754 54.2309 59.5875
      vertex -31.7692 54 59.5875
      vertex -31.2748 54.1678 59.7877
    endloop
  endfacet
  facet normal -0.123119 0.362973 0.92363
    outer loop
      vertex -30.4579 55.7089 59.5875
      vertex -30.492 55.1879 59.7877
      vertex -30.3328 55.2419 59.7877
    endloop
  endfacet
  facet normal -0.0170115 0.258727 0.965801
    outer loop
      vertex -30 54.7804 59.9231
      vertex -30.1678 55.2748 59.7877
      vertex -30.1019 54.7737 59.9231
    endloop
  endfacet
  facet normal -0.169514 0.343813 0.923611
    outer loop
      vertex -30.492 55.1879 59.7877
      vertex -30.677 55.6345 59.5875
      vertex -30.6429 55.1135 59.7877
    endloop
  endfacet
  facet normal -0.114671 0.232579 0.965794
    outer loop
      vertex -30.492 55.1879 59.7877
      vertex -30.6429 55.1135 59.7877
      vertex -30.2986 54.721 59.9231
    endloop
  endfacet
  facet normal -0.0250753 0.382513 0.92361
    outer loop
      vertex -30 55.7692 59.5875
      vertex -30.1678 55.2748 59.7877
      vertex -30 55.2858 59.7877
    endloop
  endfacet
  facet normal -0.0251826 0.382543 0.923594
    outer loop
      vertex -30 55.7692 59.5875
      vertex -30.2309 55.754 59.5875
      vertex -30.1678 55.2748 59.7877
    endloop
  endfacet
  facet normal -0.382513 0.0250753 0.92361
    outer loop
      vertex -31.2748 54.1678 59.7877
      vertex -31.7692 54 59.5875
      vertex -31.2858 54 59.7877
    endloop
  endfacet
  facet normal -0.258743 0.0169617 0.965797
    outer loop
      vertex -31.2748 54.1678 59.7877
      vertex -31.2858 54 59.7877
      vertex -30.7804 54 59.9231
    endloop
  endfacet
  facet normal -0.458263 -0.401963 0.79273
    outer loop
      vertex -31.7631 2.64716 59.3259
      vertex -31.8649 2.13509 59.0074
      vertex -31.5714 2.42861 59.3259
    endloop
  endfacet
  facet normal -0.401866 -0.458353 0.792727
    outer loop
      vertex -31.5714 2.42861 59.3259
      vertex -31.8649 2.13509 59.0074
      vertex -31.3528 2.23695 59.3259
    endloop
  endfacet
  facet normal -0.84979 -0.169127 0.499252
    outer loop
      vertex -33.2974 3.56589 58.2223
      vertex -33.5568 3.53174 57.7692
      vertex -33.4652 3.07149 57.7692
    endloop
  endfacet
  facet normal -0.849936 -0.168916 0.499075
    outer loop
      vertex -33.2974 3.56589 58.2223
      vertex -33.4652 3.07149 57.7692
      vertex -33.2126 3.1392 58.2223
    endloop
  endfacet
  facet normal 0.0983618 -0.0862508 0.991406
    outer loop
      vertex 30.6191 3.52495 59.9231
      vertex 30.2076 3.84074 59.9914
      vertex 30.5518 3.4482 59.9231
    endloop
  endfacet
  facet normal 0.130519 -0.00840826 0.99141
    outer loop
      vertex 30.2616 4 59.9914
      vertex 30.2594 3.96585 59.9914
      vertex 30.7804 4 59.9231
    endloop
  endfacet
  facet normal -0.258743 -0.0169597 0.965797
    outer loop
      vertex -30.7804 4 59.9231
      vertex -31.2858 4 59.7877
      vertex -31.2748 3.83218 59.7877
    endloop
  endfacet
  facet normal -0.382513 -0.0250723 0.92361
    outer loop
      vertex -31.2858 4 59.7877
      vertex -31.7692 4 59.5875
      vertex -31.2748 3.83218 59.7877
    endloop
  endfacet
  facet normal -0.194935 -0.170964 0.965801
    outer loop
      vertex -30.6191 3.52495 59.9231
      vertex -31.0201 3.21728 59.7877
      vertex -30.9092 3.09083 59.7877
    endloop
  endfacet
  facet normal -0.288203 -0.252762 0.923607
    outer loop
      vertex -31.0201 3.21728 59.7877
      vertex -31.4036 2.92301 59.5875
      vertex -30.9092 3.09083 59.7877
    endloop
  endfacet
  facet normal -0.318779 -0.212914 0.923606
    outer loop
      vertex -31.1135 3.35712 59.7877
      vertex -31.4036 2.92301 59.5875
      vertex -31.0201 3.21728 59.7877
    endloop
  endfacet
  facet normal -0.449128 -0.221589 0.865553
    outer loop
      vertex -31.6345 3.32297 59.5875
      vertex -32.0531 3.14957 59.3259
      vertex -31.5321 3.11542 59.5875
    endloop
  endfacet
  facet normal -0.123858 -0.0420507 0.991409
    outer loop
      vertex -30.2527 3.93229 59.9914
      vertex -30.721 3.70137 59.9231
      vertex -30.2417 3.89989 59.9914
    endloop
  endfacet
  facet normal -0.24556 -0.0833269 0.965793
    outer loop
      vertex -30.7538 3.79803 59.9231
      vertex -31.1879 3.50796 59.7877
      vertex -30.721 3.70137 59.9231
    endloop
  endfacet
  facet normal -0.123858 0.0420553 0.991408
    outer loop
      vertex -30.721 54.2986 59.9231
      vertex -30.7538 54.202 59.9231
      vertex -30.2527 54.0677 59.9914
    endloop
  endfacet
  facet normal 0.00855684 -0.13053 0.991407
    outer loop
      vertex 30.0341 3.74063 59.9914
      vertex 30 3.21964 59.9231
      vertex 30.1019 3.22632 59.9231
    endloop
  endfacet
  facet normal 0.491131 0.0975772 0.865603
    outer loop
      vertex 32.2033 54.2901 59.3259
      vertex 31.7089 54.4579 59.5875
      vertex 31.754 54.2309 59.5875
    endloop
  endfacet
  facet normal 0.376022 0.0747074 0.923594
    outer loop
      vertex 31.7089 54.4579 59.5875
      vertex 31.2748 54.1678 59.7877
      vertex 31.754 54.2309 59.5875
    endloop
  endfacet
  facet normal 0.60874 0 0.793369
    outer loop
      vertex 32.2223 54 59.3259
      vertex 32.6374 4 59.0074
      vertex 32.6374 54 59.0074
    endloop
  endfacet
  facet normal 0.60874 0 0.793369
    outer loop
      vertex 32.6374 4 59.0074
      vertex 32.2223 54 59.3259
      vertex 32.2223 4 59.3259
    endloop
  endfacet
  facet normal 0.608257 0.0398376 0.79274
    outer loop
      vertex 32.6374 54 59.0074
      vertex 32.2033 54.2901 59.3259
      vertex 32.2223 54 59.3259
    endloop
  endfacet
  facet normal 0.449139 -0.221374 0.865602
    outer loop
      vertex 32.0531 3.14957 59.3259
      vertex 31.5321 3.11542 59.5875
      vertex 31.9246 2.88886 59.3259
    endloop
  endfacet
  facet normal 0.506887 -0.338693 0.792687
    outer loop
      vertex 31.9246 2.88886 59.3259
      vertex 31.7631 2.64716 59.3259
      vertex 32.284 2.68131 59.0074
    endloop
  endfacet
  facet normal 0.778714 -0.154806 0.60798
    outer loop
      vertex 32.9816 3.60746 58.6374
      vertex 32.9049 3.22164 58.6374
      vertex 33.2126 3.1392 58.2223
    endloop
  endfacet
  facet normal 0.546825 -0.269522 0.792679
    outer loop
      vertex 32.0531 3.14957 59.3259
      vertex 31.9246 2.88886 59.3259
      vertex 32.284 2.68131 59.0074
    endloop
  endfacet
  facet normal 0.491153 0.0976794 0.865579
    outer loop
      vertex 32.1466 54.5752 59.3259
      vertex 31.7089 54.4579 59.5875
      vertex 32.2033 54.2901 59.3259
    endloop
  endfacet
  facet normal 0.670254 0.227617 0.706364
    outer loop
      vertex 32.7784 55.1509 58.6374
      vertex 32.5475 54.6826 59.0074
      vertex 32.9049 54.7784 58.6374
    endloop
  endfacet
  facet normal -0.0505653 0.254351 -0.965789
    outer loop
      vertex -30.1019 54.7737 0.0768595
      vertex -30.202 54.7538 0.0768595
      vertex -30.1678 55.2748 0.21228
    endloop
  endfacet
  facet normal -0.0170139 0.258764 -0.965791
    outer loop
      vertex -30.1019 54.7737 0.0768595
      vertex -30.1678 55.2748 0.21228
      vertex -30 54.7804 0.0768595
    endloop
  endfacet
  facet normal -0.221398 0.449171 -0.86558
    outer loop
      vertex -30.8846 55.5321 0.41251
      vertex -31.1111 55.9246 0.674122
      vertex -30.8504 56.0531 0.674122
    endloop
  endfacet
  facet normal -0.221552 0.449163 -0.865544
    outer loop
      vertex -30.677 55.6345 0.41251
      vertex -30.8846 55.5321 0.41251
      vertex -30.8504 56.0531 0.674122
    endloop
  endfacet
  facet normal 0.94752 0.188373 -0.258305
    outer loop
      vertex 33.7553 54.4944 2.71424
      vertex 33.6587 54.9803 2.71424
      vertex 33.7895 55.0154 3.21964
    endloop
  endfacet
  facet normal 0.906371 0.180192 -0.382128
    outer loop
      vertex 33.7553 54.4944 2.71424
      vertex 33.4652 54.9285 2.23085
      vertex 33.6587 54.9803 2.71424
    endloop
  endfacet
  facet normal 0.221471 -0.449174 -0.86556
    outer loop
      vertex 30.8504 1.94688 0.674122
      vertex 30.677 2.36551 0.41251
      vertex 30.8846 2.46787 0.41251
    endloop
  endfacet
  facet normal 0.221519 -0.449171 -0.865549
    outer loop
      vertex 31.1111 2.07545 0.674122
      vertex 30.8504 1.94688 0.674122
      vertex 30.8846 2.46787 0.41251
    endloop
  endfacet
  facet normal 0.53217 -0.46678 -0.706337
    outer loop
      vertex 32.1265 1.87348 1.36262
      vertex 31.8649 2.13509 0.992641
      vertex 32.0924 2.39446 0.992641
    endloop
  endfacet
  facet normal 0.458287 -0.401975 -0.79271
    outer loop
      vertex 31.8649 2.13509 0.992641
      vertex 31.7631 2.64716 0.674122
      vertex 32.0924 2.39446 0.992641
    endloop
  endfacet
  facet normal 0.777119 -0.383202 -0.499242
    outer loop
      vertex 33.1069 2.20625 2.23085
      vertex 32.8803 2.33706 1.77772
      vertex 33.0727 2.72724 1.77772
    endloop
  endfacet
  facet normal 0.720438 -0.481381 -0.49924
    outer loop
      vertex 33.1069 2.20625 2.23085
      vertex 32.6386 1.97533 1.77772
      vertex 32.8803 2.33706 1.77772
    endloop
  endfacet
  facet normal 0.596905 -0.523579 -0.607923
    outer loop
      vertex 32.3517 1.64825 1.77772
      vertex 32.1265 1.87348 1.36262
      vertex 32.6386 1.97533 1.77772
    endloop
  endfacet
  facet normal 0.651397 -0.571376 -0.499211
    outer loop
      vertex 32.5367 1.46326 2.23085
      vertex 32.3517 1.64825 1.77772
      vertex 32.6386 1.97533 1.77772
    endloop
  endfacet
  facet normal 0.313091 -0.634855 -0.706352
    outer loop
      vertex 31.5037 1.39555 1.36262
      vertex 31.1509 1.22156 1.36262
      vertex 31.3187 1.71596 0.992641
    endloop
  endfacet
  facet normal 0.393304 -0.58854 -0.706352
    outer loop
      vertex 31.5037 1.39555 1.36262
      vertex 31.3187 1.71596 0.992641
      vertex 31.6055 1.90762 0.992641
    endloop
  endfacet
  facet normal 0.169546 -0.343861 -0.923587
    outer loop
      vertex 30.677 2.36551 0.41251
      vertex 30.6429 2.8865 0.21228
      vertex 30.8846 2.46787 0.41251
    endloop
  endfacet
  facet normal 0.213013 -0.318765 -0.923588
    outer loop
      vertex 30.8846 2.46787 0.41251
      vertex 30.6429 2.8865 0.21228
      vertex 31.077 2.59644 0.41251
    endloop
  endfacet
  facet normal 0.25431 -0.0505522 0.965801
    outer loop
      vertex 30.7737 3.89814 59.9231
      vertex 30.7538 3.79803 59.9231
      vertex 31.2748 3.83218 59.7877
    endloop
  endfacet
  facet normal 0.258725 -0.017018 0.965801
    outer loop
      vertex 30.7804 4 59.9231
      vertex 30.7737 3.89814 59.9231
      vertex 31.2748 3.83218 59.7877
    endloop
  endfacet
  facet normal -0.130519 0.00842059 0.99141
    outer loop
      vertex -30.2594 54.0341 59.9914
      vertex -30.7804 54 59.9231
      vertex -30.2616 54 59.9914
    endloop
  endfacet
  facet normal 0.117302 -0.0579141 0.991406
    outer loop
      vertex 30.721 3.70137 59.9231
      vertex 30.2266 3.86919 59.9914
      vertex 30.6758 3.60982 59.9231
    endloop
  endfacet
  facet normal 0.170938 -0.195001 0.965792
    outer loop
      vertex 30.9092 3.09083 59.7877
      vertex 30.4751 3.3809 59.9231
      vertex 30.7827 2.97994 59.7877
    endloop
  endfacet
  facet normal 0.171011 -0.194896 0.965801
    outer loop
      vertex 30.5518 3.4482 59.9231
      vertex 30.4751 3.3809 59.9231
      vertex 30.9092 3.09083 59.7877
    endloop
  endfacet
  facet normal 0.057728 0.117368 0.991409
    outer loop
      vertex 30.2986 54.721 59.9231
      vertex 30.1001 54.2417 59.9914
      vertex 30.1308 54.2266 59.9914
    endloop
  endfacet
  facet normal 0.0169618 -0.258743 0.965797
    outer loop
      vertex 30.1019 3.22632 59.9231
      vertex 30 3.21964 59.9231
      vertex 30.1678 2.72524 59.7877
    endloop
  endfacet
  facet normal 0.0505712 -0.25432 0.965797
    outer loop
      vertex 30.202 3.24623 59.9231
      vertex 30.1678 2.72524 59.7877
      vertex 30.3328 2.75805 59.7877
    endloop
  endfacet
  facet normal 0.0169617 -0.258743 0.965797
    outer loop
      vertex 30 3.21964 59.9231
      vertex 30 2.71424 59.7877
      vertex 30.1678 2.72524 59.7877
    endloop
  endfacet
  facet normal 0.0250758 -0.38252 0.923607
    outer loop
      vertex 30 2.71424 59.7877
      vertex 30 2.23085 59.5875
      vertex 30.1678 2.72524 59.7877
    endloop
  endfacet
  facet normal -0.128294 0.0255049 0.991408
    outer loop
      vertex -30.7538 54.202 59.9231
      vertex -30.7737 54.1019 59.9231
      vertex -30.2527 54.0677 59.9914
    endloop
  endfacet
  facet normal -0.0833908 -0.245521 0.965798
    outer loop
      vertex -30.2986 3.27904 59.9231
      vertex -30.492 2.81211 59.7877
      vertex -30.202 3.24623 59.9231
    endloop
  endfacet
  facet normal -0.130519 -0.00840826 0.99141
    outer loop
      vertex -30.2616 4 59.9914
      vertex -30.7804 4 59.9231
      vertex -30.2594 3.96585 59.9914
    endloop
  endfacet
  facet normal -0.0420542 -0.123869 0.991407
    outer loop
      vertex -30.1001 3.7583 59.9914
      vertex -30.2986 3.27904 59.9231
      vertex -30.0677 3.7473 59.9914
    endloop
  endfacet
  facet normal 0.0983348 0.0862833 0.991406
    outer loop
      vertex 30.5518 54.5518 59.9231
      vertex 30.2076 54.1593 59.9914
      vertex 30.6191 54.4751 59.9231
    endloop
  endfacet
  facet normal 0.0747802 -0.375971 0.923609
    outer loop
      vertex 30.4579 2.29113 59.5875
      vertex 30.1678 2.72524 59.7877
      vertex 30.2309 2.24598 59.5875
    endloop
  endfacet
  facet normal 0.0976902 -0.491155 0.865577
    outer loop
      vertex 30.4579 2.29113 59.5875
      vertex 30.2309 2.24598 59.5875
      vertex 30.2901 1.79673 59.3259
    endloop
  endfacet
  facet normal 0.212986 -0.318725 0.923608
    outer loop
      vertex 31.077 2.59644 59.5875
      vertex 30.6429 2.8865 59.7877
      vertex 30.8846 2.46787 59.5875
    endloop
  endfacet
  facet normal 0.169524 -0.343818 0.923608
    outer loop
      vertex 30.8846 2.46787 59.5875
      vertex 30.6429 2.8865 59.7877
      vertex 30.677 2.36551 59.5875
    endloop
  endfacet
  facet normal 0.362985 -0.123237 0.92361
    outer loop
      vertex 31.7089 3.54211 59.5875
      vertex 31.1879 3.50796 59.7877
      vertex 31.6345 3.32297 59.5875
    endloop
  endfacet
  facet normal 0.362983 -0.123076 0.923632
    outer loop
      vertex 31.2419 3.66722 59.7877
      vertex 31.1879 3.50796 59.7877
      vertex 31.7089 3.54211 59.5875
    endloop
  endfacet
  facet normal 0.215604 -0.144041 0.965799
    outer loop
      vertex 30.6758 3.60982 59.9231
      vertex 30.6191 3.52495 59.9231
      vertex 31.1135 3.35712 59.7877
    endloop
  endfacet
  facet normal 0.232494 -0.114787 0.9658
    outer loop
      vertex 30.721 3.70137 59.9231
      vertex 30.6758 3.60982 59.9231
      vertex 31.1135 3.35712 59.7877
    endloop
  endfacet
  facet normal 0.194935 -0.170964 0.965801
    outer loop
      vertex 31.0201 3.21728 59.7877
      vertex 30.6191 3.52495 59.9231
      vertex 30.9092 3.09083 59.7877
    endloop
  endfacet
  facet normal 0.288203 -0.252762 0.923607
    outer loop
      vertex 31.0201 3.21728 59.7877
      vertex 30.9092 3.09083 59.7877
      vertex 31.4036 2.92301 59.5875
    endloop
  endfacet
  facet normal 0.343787 -0.169616 0.923602
    outer loop
      vertex 31.6345 3.32297 59.5875
      vertex 31.1135 3.35712 59.7877
      vertex 31.5321 3.11542 59.5875
    endloop
  endfacet
  facet normal 0.318792 -0.212904 0.923603
    outer loop
      vertex 31.5321 3.11542 59.5875
      vertex 31.1135 3.35712 59.7877
      vertex 31.4036 2.92301 59.5875
    endloop
  endfacet
  facet normal -0.330177 -0.376529 0.865568
    outer loop
      vertex -31.251 2.74902 59.5875
      vertex -31.5714 2.42861 59.3259
      vertex -31.077 2.59644 59.5875
    endloop
  endfacet
  facet normal -0.33016 -0.376567 0.865559
    outer loop
      vertex -31.077 2.59644 59.5875
      vertex -31.5714 2.42861 59.3259
      vertex -31.3528 2.23695 59.3259
    endloop
  endfacet
  facet normal -0.0747633 -0.375981 0.923606
    outer loop
      vertex -30.3328 2.75805 59.7877
      vertex -30.4579 2.29113 59.5875
      vertex -30.1678 2.72524 59.7877
    endloop
  endfacet
  facet normal -0.0505712 -0.25432 0.965797
    outer loop
      vertex -30.202 3.24623 59.9231
      vertex -30.3328 2.75805 59.7877
      vertex -30.1678 2.72524 59.7877
    endloop
  endfacet
  facet normal 0.114754 0.232555 -0.96579
    outer loop
      vertex 30.3902 54.6758 0.0768595
      vertex 30.2986 54.721 0.0768595
      vertex 30.6429 55.1135 0.21228
    endloop
  endfacet
  facet normal 0.144025 0.215656 -0.965789
    outer loop
      vertex 30.4751 54.6191 0.0768595
      vertex 30.3902 54.6758 0.0768595
      vertex 30.6429 55.1135 0.21228
    endloop
  endfacet
  facet normal 0.252726 0.288276 -0.923594
    outer loop
      vertex 30.9092 54.9092 0.21228
      vertex 30.7827 55.0201 0.21228
      vertex 31.077 55.4036 0.41251
    endloop
  endfacet
  facet normal 0.170962 0.195011 -0.965786
    outer loop
      vertex 30.9092 54.9092 0.21228
      vertex 30.4751 54.6191 0.0768595
      vertex 30.7827 55.0201 0.21228
    endloop
  endfacet
  facet normal 0.117304 0.0578834 -0.991408
    outer loop
      vertex 30.721 54.2986 0.0768595
      vertex 30.2266 54.1308 0.00856495
      vertex 30.6758 54.3902 0.0768595
    endloop
  endfacet
  facet normal 0.108832 0.0725545 -0.991409
    outer loop
      vertex 30.2266 54.1308 0.00856495
      vertex 30.2076 54.1593 0.00856495
      vertex 30.6758 54.3902 0.0768595
    endloop
  endfacet
  facet normal 0.0505919 -0.254357 -0.965786
    outer loop
      vertex 30.1678 2.72524 0.21228
      vertex 30.1019 3.22632 0.0768595
      vertex 30.202 3.24623 0.0768595
    endloop
  endfacet
  facet normal 0.0255165 -0.128287 -0.991409
    outer loop
      vertex 30.1019 3.22632 0.0768595
      vertex 30.0677 3.7473 0.00856495
      vertex 30.202 3.24623 0.0768595
    endloop
  endfacet
  facet normal -0.0725545 0.108832 -0.991409
    outer loop
      vertex -30.1593 54.2076 0.00856495
      vertex -30.3902 54.6758 0.0768595
      vertex -30.1308 54.2266 0.00856495
    endloop
  endfacet
  facet normal 0.474243 -0.16101 -0.865546
    outer loop
      vertex 32.0531 3.14957 0.674122
      vertex 31.6345 3.32297 0.41251
      vertex 31.7089 3.54211 0.41251
    endloop
  endfacet
  facet normal 0.449144 -0.221596 -0.865543
    outer loop
      vertex 32.0531 3.14957 0.674122
      vertex 31.5321 3.11542 0.41251
      vertex 31.6345 3.32297 0.41251
    endloop
  endfacet
  facet normal 0.745487 -0.653668 0.130259
    outer loop
      vertex 33.1124 1.61174 56.7804
      vertex 32.7741 1.22592 56.7804
      vertex 33.1666 1.57017 56.2616
    endloop
  endfacet
  facet normal 0.726365 -0.636901 0.258361
    outer loop
      vertex 33.1124 1.61174 56.7804
      vertex 32.6783 1.32168 57.2858
      vertex 32.7741 1.22592 56.7804
    endloop
  endfacet
  facet normal 0.792267 0.0520147 0.607954
    outer loop
      vertex 33.2974 54.4341 58.2223
      vertex 32.9816 54.3925 58.6374
      vertex 33.3259 54 58.2223
    endloop
  endfacet
  facet normal 0.864589 0.056763 0.499262
    outer loop
      vertex 33.5568 54.4683 57.7692
      vertex 33.2974 54.4341 58.2223
      vertex 33.3259 54 58.2223
    endloop
  endfacet
  facet normal 0.694296 -0.1381 0.706315
    outer loop
      vertex 32.6148 3.65575 59.0074
      vertex 32.5475 3.3174 59.0074
      vertex 32.9816 3.60746 58.6374
    endloop
  endfacet
  facet normal 0.694274 -0.13802 0.706352
    outer loop
      vertex 32.9816 3.60746 58.6374
      vertex 32.5475 3.3174 59.0074
      vertex 32.9049 3.22164 58.6374
    endloop
  endfacet
  facet normal -0.75179 -0.255299 -0.607975
    outer loop
      vertex -32.7784 2.84913 1.36262
      vertex -33.0727 2.72724 1.77772
      vertex -32.9049 3.22164 1.36262
    endloop
  endfacet
  facet normal -0.670249 -0.227609 -0.706372
    outer loop
      vertex -32.7784 2.84913 1.36262
      vertex -32.9049 3.22164 1.36262
      vertex -32.5475 3.3174 0.992641
    endloop
  endfacet
  facet normal -0.506921 -0.338595 -0.792707
    outer loop
      vertex -32.0924 2.39446 0.992641
      vertex -32.284 2.68131 0.992641
      vertex -31.7631 2.64716 0.674122
    endloop
  endfacet
  facet normal -0.458287 -0.401975 -0.79271
    outer loop
      vertex -31.8649 2.13509 0.992641
      vertex -32.0924 2.39446 0.992641
      vertex -31.7631 2.64716 0.674122
    endloop
  endfacet
  facet normal -0.416394 -0.278228 -0.865567
    outer loop
      vertex -31.7631 2.64716 0.674122
      vertex -31.9246 2.88886 0.674122
      vertex -31.4036 2.92301 0.41251
    endloop
  endfacet
  facet normal -0.546712 -0.269637 -0.792718
    outer loop
      vertex -32.284 2.68131 0.992641
      vertex -32.4366 2.99072 0.992641
      vertex -32.0531 3.14957 0.674122
    endloop
  endfacet
  facet normal -0.37651 -0.330223 -0.865559
    outer loop
      vertex -31.251 2.74902 0.41251
      vertex -31.5714 2.42861 0.674122
      vertex -31.4036 2.92301 0.41251
    endloop
  endfacet
  facet normal -0.288237 -0.252802 -0.923586
    outer loop
      vertex -31.251 2.74902 0.41251
      vertex -31.4036 2.92301 0.41251
      vertex -30.9092 3.09083 0.21228
    endloop
  endfacet
  facet normal -0.491154 -0.0975946 -0.865588
    outer loop
      vertex -31.7089 3.54211 0.41251
      vertex -32.2033 3.70993 0.674122
      vertex -31.754 3.76908 0.41251
    endloop
  endfacet
  facet normal -0.499673 -0.0328903 -0.865589
    outer loop
      vertex -31.754 3.76908 0.41251
      vertex -32.2033 3.70993 0.674122
      vertex -31.7692 4 0.41251
    endloop
  endfacet
  facet normal -0.375921 -0.0749745 -0.923614
    outer loop
      vertex -31.2419 3.66722 0.21228
      vertex -31.7089 3.54211 0.41251
      vertex -31.2748 3.83218 0.21228
    endloop
  endfacet
  facet normal -0.254355 -0.0507291 -0.96578
    outer loop
      vertex -31.2419 3.66722 0.21228
      vertex -31.2748 3.83218 0.21228
      vertex -30.7538 3.79803 0.0768595
    endloop
  endfacet
  facet normal -0.343836 -0.169593 -0.923588
    outer loop
      vertex -31.1135 3.35712 0.21228
      vertex -31.6345 3.32297 0.41251
      vertex -31.1879 3.50796 0.21228
    endloop
  endfacet
  facet normal -0.343831 -0.169637 -0.923582
    outer loop
      vertex -31.5321 3.11542 0.41251
      vertex -31.6345 3.32297 0.41251
      vertex -31.1135 3.35712 0.21228
    endloop
  endfacet
  facet normal -0.481528 0.720446 -0.499088
    outer loop
      vertex -32.0247 56.6386 1.77772
      vertex -32.1839 56.8461 2.23085
      vertex -31.7937 57.1069 2.23085
    endloop
  endfacet
  facet normal -0.513528 0.768323 -0.382058
    outer loop
      vertex -31.7937 57.1069 2.23085
      vertex -32.1839 56.8461 2.23085
      vertex -31.8939 57.2803 2.71424
    endloop
  endfacet
  facet normal -0.660264 0.441089 -0.607859
    outer loop
      vertex -32.6045 55.5037 1.36262
      vertex -32.8803 55.6629 1.77772
      vertex -32.6386 56.0247 1.77772
    endloop
  endfacet
  facet normal -0.712138 0.351231 -0.607862
    outer loop
      vertex -32.6045 55.5037 1.36262
      vertex -33.0727 55.2728 1.77772
      vertex -32.8803 55.6629 1.77772
    endloop
  endfacet
  facet normal -0.596854 0.523661 -0.607902
    outer loop
      vertex -32.1265 56.1265 1.36262
      vertex -32.6386 56.0247 1.77772
      vertex -32.3517 56.3517 1.77772
    endloop
  endfacet
  facet normal -0.651322 0.571451 -0.499223
    outer loop
      vertex -32.3517 56.3517 1.77772
      vertex -32.6386 56.0247 1.77772
      vertex -32.5367 56.5367 2.23085
    endloop
  endfacet
  facet normal 0 0 -1
    outer loop
      vertex -24 38 0.00856495
      vertex -14 3.73839 0.00856495
      vertex -24 18 0.00856495
    endloop
  endfacet
  facet normal 0 0 -1
    outer loop
      vertex -30 3.73839 0.00856495
      vertex -24 18 0.00856495
      vertex -14 3.73839 0.00856495
    endloop
  endfacet
  facet normal 0 0 -1
    outer loop
      vertex -30.2616 4 0.00856495
      vertex -24 18 0.00856495
      vertex -30 3.73839 0.00856495
    endloop
  endfacet
  facet normal -0 0 -1
    outer loop
      vertex -24 18 0.00856495
      vertex -30.2616 4 0.00856495
      vertex -30 18 0.00856495
    endloop
  endfacet
  facet normal -0 0 -1
    outer loop
      vertex -30 18 0.00856495
      vertex -30.2616 4 0.00856495
      vertex -30 38 0.00856495
    endloop
  endfacet
  facet normal 0 0 -1
    outer loop
      vertex -30.2616 4 0.00856495
      vertex -30 3.73839 0.00856495
      vertex -30.0341 3.74063 0.00856495
    endloop
  endfacet
  facet normal 0 0 -1
    outer loop
      vertex -30.2616 54 0.00856495
      vertex -30 38 0.00856495
      vertex -30.2616 4 0.00856495
    endloop
  endfacet
  facet normal 0 0 -1
    outer loop
      vertex -30.2616 4 0.00856495
      vertex -30.0341 3.74063 0.00856495
      vertex -30.0677 3.7473 0.00856495
    endloop
  endfacet
  facet normal 0 0 -1
    outer loop
      vertex -30 38 0.00856495
      vertex -30.2616 54 0.00856495
      vertex -30 54.2616 0.00856495
    endloop
  endfacet
  facet normal 0 0 -1
    outer loop
      vertex -30.2616 4 0.00856495
      vertex -30.0677 3.7473 0.00856495
      vertex -30.1001 3.7583 0.00856495
    endloop
  endfacet
  facet normal 0 0 -1
    outer loop
      vertex -30 54.2616 0.00856495
      vertex -30.2616 54 0.00856495
      vertex -30.0341 54.2594 0.00856495
    endloop
  endfacet
  facet normal 0 0 -1
    outer loop
      vertex -30.2616 4 0.00856495
      vertex -30.1001 3.7583 0.00856495
      vertex -30.1308 3.77344 0.00856495
    endloop
  endfacet
  facet normal 0 0 -1
    outer loop
      vertex -30.0341 54.2594 0.00856495
      vertex -30.2616 54 0.00856495
      vertex -30.0677 54.2527 0.00856495
    endloop
  endfacet
  facet normal 0 0 -1
    outer loop
      vertex -30.2616 4 0.00856495
      vertex -30.1308 3.77344 0.00856495
      vertex -30.1593 3.79245 0.00856495
    endloop
  endfacet
  facet normal 0 0 -1
    outer loop
      vertex -30.0677 54.2527 0.00856495
      vertex -30.2616 54 0.00856495
      vertex -30.1001 54.2417 0.00856495
    endloop
  endfacet
  facet normal 0 0 -1
    outer loop
      vertex -30.2616 4 0.00856495
      vertex -30.1593 3.79245 0.00856495
      vertex -30.185 3.81501 0.00856495
    endloop
  endfacet
  facet normal 0 0 -1
    outer loop
      vertex -30.1001 54.2417 0.00856495
      vertex -30.2616 54 0.00856495
      vertex -30.1308 54.2266 0.00856495
    endloop
  endfacet
  facet normal 0 0 -1
    outer loop
      vertex -30.2616 4 0.00856495
      vertex -30.185 3.81501 0.00856495
      vertex -30.2076 3.84074 0.00856495
    endloop
  endfacet
  facet normal 0 0 -1
    outer loop
      vertex -30.1308 54.2266 0.00856495
      vertex -30.2616 54 0.00856495
      vertex -30.1593 54.2076 0.00856495
    endloop
  endfacet
  facet normal 0 0 -1
    outer loop
      vertex -30.2616 4 0.00856495
      vertex -30.2076 3.84074 0.00856495
      vertex -30.2266 3.86919 0.00856495
    endloop
  endfacet
  facet normal 0 0 -1
    outer loop
      vertex -30.1593 54.2076 0.00856495
      vertex -30.2616 54 0.00856495
      vertex -30.185 54.185 0.00856495
    endloop
  endfacet
  facet normal 0 0 -1
    outer loop
      vertex -30.2616 4 0.00856495
      vertex -30.2266 3.86919 0.00856495
      vertex -30.2417 3.89989 0.00856495
    endloop
  endfacet
  facet normal 0 0 -1
    outer loop
      vertex -30.185 54.185 0.00856495
      vertex -30.2616 54 0.00856495
      vertex -30.2076 54.1593 0.00856495
    endloop
  endfacet
  facet normal 0 0 -1
    outer loop
      vertex -30.2616 4 0.00856495
      vertex -30.2417 3.89989 0.00856495
      vertex -30.2527 3.93229 0.00856495
    endloop
  endfacet
  facet normal 0 0 -1
    outer loop
      vertex -30.2076 54.1593 0.00856495
      vertex -30.2616 54 0.00856495
      vertex -30.2266 54.1308 0.00856495
    endloop
  endfacet
  facet normal 0 0 -1
    outer loop
      vertex -30.2616 4 0.00856495
      vertex -30.2527 3.93229 0.00856495
      vertex -30.2594 3.96585 0.00856495
    endloop
  endfacet
  facet normal 0 0 -1
    outer loop
      vertex -30.2266 54.1308 0.00856495
      vertex -30.2616 54 0.00856495
      vertex -30.2417 54.1001 0.00856495
    endloop
  endfacet
  facet normal 0 0 -1
    outer loop
      vertex -30.2417 54.1001 0.00856495
      vertex -30.2616 54 0.00856495
      vertex -30.2527 54.0677 0.00856495
    endloop
  endfacet
  facet normal 0 0 -1
    outer loop
      vertex -30.2527 54.0677 0.00856495
      vertex -30.2616 54 0.00856495
      vertex -30.2594 54.0341 0.00856495
    endloop
  endfacet
  facet normal 0 0 -1
    outer loop
      vertex -14 3.73839 0.00856495
      vertex -24 38 0.00856495
      vertex -14 54.2616 0.00856495
    endloop
  endfacet
  facet normal 0 0 -1
    outer loop
      vertex -30 54.2616 0.00856495
      vertex -24 38 0.00856495
      vertex -30 38 0.00856495
    endloop
  endfacet
  facet normal 0 0 -1
    outer loop
      vertex -24 38 0.00856495
      vertex -30 54.2616 0.00856495
      vertex -14 54.2616 0.00856495
    endloop
  endfacet
  facet normal 0 0 -1
    outer loop
      vertex 30.2616 4 0.00856495
      vertex 24 18 0.00856495
      vertex 30 18 0.00856495
    endloop
  endfacet
  facet normal -0 0 -1
    outer loop
      vertex 24 18 0.00856495
      vertex -2 3.73839 0.00856495
      vertex 24 38 0.00856495
    endloop
  endfacet
  facet normal 0 0 -1
    outer loop
      vertex -2 3.73839 0.00856495
      vertex 24 18 0.00856495
      vertex 30 3.73839 0.00856495
    endloop
  endfacet
  facet normal 0 0 -1
    outer loop
      vertex 30 3.73839 0.00856495
      vertex 30.2616 4 0.00856495
      vertex 30.2594 3.96585 0.00856495
    endloop
  endfacet
  facet normal 0 0 -1
    outer loop
      vertex 30.2616 4 0.00856495
      vertex 30 18 0.00856495
      vertex 30.2616 54 0.00856495
    endloop
  endfacet
  facet normal 0 0 -1
    outer loop
      vertex 30 3.73839 0.00856495
      vertex 30.2594 3.96585 0.00856495
      vertex 30.2527 3.93229 0.00856495
    endloop
  endfacet
  facet normal 0 0 -1
    outer loop
      vertex 30 38 0.00856495
      vertex 30.2616 54 0.00856495
      vertex 30 18 0.00856495
    endloop
  endfacet
  facet normal 0 0 -1
    outer loop
      vertex 30 3.73839 0.00856495
      vertex 30.2527 3.93229 0.00856495
      vertex 30.2417 3.89989 0.00856495
    endloop
  endfacet
  facet normal 0 0 -1
    outer loop
      vertex 24 38 0.00856495
      vertex 30.2616 54 0.00856495
      vertex 30 38 0.00856495
    endloop
  endfacet
  facet normal 0 0 -1
    outer loop
      vertex 30 3.73839 0.00856495
      vertex 30.2417 3.89989 0.00856495
      vertex 30.2266 3.86919 0.00856495
    endloop
  endfacet
  facet normal 0 -0 -1
    outer loop
      vertex 30 54.2616 0.00856495
      vertex 30.2616 54 0.00856495
      vertex 24 38 0.00856495
    endloop
  endfacet
  facet normal 0 0 -1
    outer loop
      vertex 30 3.73839 0.00856495
      vertex 30.2266 3.86919 0.00856495
      vertex 30.2076 3.84074 0.00856495
    endloop
  endfacet
  facet normal 0 0 -1
    outer loop
      vertex 30.2616 54 0.00856495
      vertex 30 54.2616 0.00856495
      vertex 30.2594 54.0341 0.00856495
    endloop
  endfacet
  facet normal 0 0 -1
    outer loop
      vertex 30 3.73839 0.00856495
      vertex 30.2076 3.84074 0.00856495
      vertex 30.185 3.81501 0.00856495
    endloop
  endfacet
  facet normal 0 0 -1
    outer loop
      vertex 30.2594 54.0341 0.00856495
      vertex 30 54.2616 0.00856495
      vertex 30.2527 54.0677 0.00856495
    endloop
  endfacet
  facet normal 0 0 -1
    outer loop
      vertex 30 3.73839 0.00856495
      vertex 30.185 3.81501 0.00856495
      vertex 30.1593 3.79245 0.00856495
    endloop
  endfacet
  facet normal 0 0 -1
    outer loop
      vertex 30.2527 54.0677 0.00856495
      vertex 30 54.2616 0.00856495
      vertex 30.2417 54.1001 0.00856495
    endloop
  endfacet
  facet normal 0 0 -1
    outer loop
      vertex 30 3.73839 0.00856495
      vertex 30.1593 3.79245 0.00856495
      vertex 30.1308 3.77344 0.00856495
    endloop
  endfacet
  facet normal 0 0 -1
    outer loop
      vertex 30.2417 54.1001 0.00856495
      vertex 30 54.2616 0.00856495
      vertex 30.2266 54.1308 0.00856495
    endloop
  endfacet
  facet normal 0 0 -1
    outer loop
      vertex 30 3.73839 0.00856495
      vertex 30.1308 3.77344 0.00856495
      vertex 30.1001 3.7583 0.00856495
    endloop
  endfacet
  facet normal 0 0 -1
    outer loop
      vertex 30.2266 54.1308 0.00856495
      vertex 30 54.2616 0.00856495
      vertex 30.2076 54.1593 0.00856495
    endloop
  endfacet
  facet normal 0 0 -1
    outer loop
      vertex 30 3.73839 0.00856495
      vertex 30.1001 3.7583 0.00856495
      vertex 30.0677 3.7473 0.00856495
    endloop
  endfacet
  facet normal 0 0 -1
    outer loop
      vertex 30.185 54.185 0.00856495
      vertex 30 54.2616 0.00856495
      vertex 30.1593 54.2076 0.00856495
    endloop
  endfacet
  facet normal 0 0 -1
    outer loop
      vertex 30 3.73839 0.00856495
      vertex 30.0677 3.7473 0.00856495
      vertex 30.0341 3.74063 0.00856495
    endloop
  endfacet
  facet normal 0 0 -1
    outer loop
      vertex 30.1593 54.2076 0.00856495
      vertex 30 54.2616 0.00856495
      vertex 30.1308 54.2266 0.00856495
    endloop
  endfacet
  facet normal 0 0 -1
    outer loop
      vertex 24 18 0.00856495
      vertex 30.2616 4 0.00856495
      vertex 30 3.73839 0.00856495
    endloop
  endfacet
  facet normal 0 0 -1
    outer loop
      vertex 30.1308 54.2266 0.00856495
      vertex 30 54.2616 0.00856495
      vertex 30.1001 54.2417 0.00856495
    endloop
  endfacet
  facet normal 0 0 -1
    outer loop
      vertex 30.1001 54.2417 0.00856495
      vertex 30 54.2616 0.00856495
      vertex 30.0677 54.2527 0.00856495
    endloop
  endfacet
  facet normal 0 0 -1
    outer loop
      vertex 30.0677 54.2527 0.00856495
      vertex 30 54.2616 0.00856495
      vertex 30.0341 54.2594 0.00856495
    endloop
  endfacet
  facet normal 0 0 -1
    outer loop
      vertex 30.2076 54.1593 0.00856495
      vertex 30 54.2616 0.00856495
      vertex 30.185 54.185 0.00856495
    endloop
  endfacet
  facet normal 0 0 -1
    outer loop
      vertex -2 54.2616 0.00856495
      vertex 24 38 0.00856495
      vertex -2 3.73839 0.00856495
    endloop
  endfacet
  facet normal 0 0 -1
    outer loop
      vertex 24 38 0.00856495
      vertex -2 54.2616 0.00856495
      vertex 30 54.2616 0.00856495
    endloop
  endfacet
  facet normal -0.255304 0.751785 -0.607979
    outer loop
      vertex -31.1509 56.7784 1.36262
      vertex -31.2728 57.0727 1.77772
      vertex -30.7784 56.9049 1.36262
    endloop
  endfacet
  facet normal -0.351023 0.71214 -0.60798
    outer loop
      vertex -31.1509 56.7784 1.36262
      vertex -31.5037 56.6045 1.36262
      vertex -31.2728 57.0727 1.77772
    endloop
  endfacet
  facet normal -0.114687 0.232612 -0.965784
    outer loop
      vertex -30.2986 54.721 0.0768595
      vertex -30.6429 55.1135 0.21228
      vertex -30.492 55.1879 0.21228
    endloop
  endfacet
  facet normal -0.169536 0.343857 -0.923591
    outer loop
      vertex -30.6429 55.1135 0.21228
      vertex -30.677 55.6345 0.41251
      vertex -30.492 55.1879 0.21228
    endloop
  endfacet
  facet normal -0.0726508 0.108784 -0.991407
    outer loop
      vertex -30.1593 54.2076 0.00856495
      vertex -30.4751 54.6191 0.0768595
      vertex -30.3902 54.6758 0.0768595
    endloop
  endfacet
  facet normal 0.351023 0.71214 0.60798
    outer loop
      vertex 31.2728 57.0727 58.2223
      vertex 31.1509 56.7784 58.6374
      vertex 31.5037 56.6045 58.6374
    endloop
  endfacet
  facet normal 0.466767 0.532217 0.706309
    outer loop
      vertex 32.1265 56.1265 58.6374
      vertex 31.6055 56.0924 59.0074
      vertex 31.8649 55.8649 59.0074
    endloop
  endfacet
  facet normal 0.441165 0.660134 0.607945
    outer loop
      vertex 32.0247 56.6386 58.2223
      vertex 31.5037 56.6045 58.6374
      vertex 31.8308 56.3859 58.6374
    endloop
  endfacet
  facet normal 0.393316 0.588535 0.706349
    outer loop
      vertex 31.8308 56.3859 58.6374
      vertex 31.5037 56.6045 58.6374
      vertex 31.6055 56.0924 59.0074
    endloop
  endfacet
  facet normal 0.227546 0.670326 0.706319
    outer loop
      vertex 31.1509 56.7784 58.6374
      vertex 30.6826 56.5475 59.0074
      vertex 31.0093 56.4366 59.0074
    endloop
  endfacet
  facet normal 0.195934 0.577201 0.792748
    outer loop
      vertex 31.0093 56.4366 59.0074
      vertex 30.6826 56.5475 59.0074
      vertex 30.8504 56.0531 59.3259
    endloop
  endfacet
  facet normal 0.532128 0.466804 0.706353
    outer loop
      vertex 32.1265 56.1265 58.6374
      vertex 32.0924 55.6055 59.0074
      vertex 32.3859 55.8308 58.6374
    endloop
  endfacet
  facet normal 0.532217 0.466767 0.706309
    outer loop
      vertex 32.1265 56.1265 58.6374
      vertex 31.8649 55.8649 59.0074
      vertex 32.0924 55.6055 59.0074
    endloop
  endfacet
  facet normal 0.59791 0.118911 0.792694
    outer loop
      vertex 32.5475 54.6826 59.0074
      vertex 32.1466 54.5752 59.3259
      vertex 32.2033 54.2901 59.3259
    endloop
  endfacet
  facet normal 0.59791 0.118911 0.792694
    outer loop
      vertex 32.5475 54.6826 59.0074
      vertex 32.2033 54.2901 59.3259
      vertex 32.6148 54.3442 59.0074
    endloop
  endfacet
  facet normal 0.408669 0.828902 0.381984
    outer loop
      vertex 31.4495 57.4994 57.2858
      vertex 31.3729 57.3144 57.7692
      vertex 31.8939 57.2803 57.2858
    endloop
  endfacet
  facet normal 0.29697 0.875155 0.381985
    outer loop
      vertex 31.4495 57.4994 57.2858
      vertex 30.9285 57.4652 57.7692
      vertex 31.3729 57.3144 57.7692
    endloop
  endfacet
  facet normal 0.609357 0.694783 0.382047
    outer loop
      vertex 32.3058 57.005 57.2858
      vertex 32.1839 56.8461 57.7692
      vertex 32.6783 56.6783 57.2858
    endloop
  endfacet
  facet normal 0.53672 0.803292 0.258175
    outer loop
      vertex 31.9616 57.3975 56.7804
      vertex 31.8939 57.2803 57.2858
      vertex 32.3883 57.1124 56.7804
    endloop
  endfacet
  facet normal 0.726296 0.636996 0.258323
    outer loop
      vertex 33.1124 56.3883 56.7804
      vertex 32.6783 56.6783 57.2858
      vertex 33.005 56.3058 57.2858
    endloop
  endfacet
  facet normal 0.726339 0.636912 0.258408
    outer loop
      vertex 32.7741 56.7741 56.7804
      vertex 32.6783 56.6783 57.2858
      vertex 33.1124 56.3883 56.7804
    endloop
  endfacet
  facet normal 0.694813 0.60934 0.382019
    outer loop
      vertex 32.6783 56.6783 57.2858
      vertex 32.5367 56.5367 57.7692
      vertex 32.8461 56.1839 57.7692
    endloop
  endfacet
  facet normal 0.651497 0.571353 0.499106
    outer loop
      vertex 32.8461 56.1839 57.7692
      vertex 32.5367 56.5367 57.7692
      vertex 32.6386 56.0247 58.2223
    endloop
  endfacet
  facet normal -0.123867 -0.0420324 0.991408
    outer loop
      vertex -30.2527 3.93229 59.9914
      vertex -30.7538 3.79803 59.9231
      vertex -30.721 3.70137 59.9231
    endloop
  endfacet
  facet normal 0.0505582 0.254315 0.965799
    outer loop
      vertex 30.1678 55.2748 59.7877
      vertex 30.1019 54.7737 59.9231
      vertex 30.202 54.7538 59.9231
    endloop
  endfacet
  facet normal 0.0170115 0.258727 0.965801
    outer loop
      vertex 30.1678 55.2748 59.7877
      vertex 30 54.7804 59.9231
      vertex 30.1019 54.7737 59.9231
    endloop
  endfacet
  facet normal 0.318739 0.212949 0.923612
    outer loop
      vertex 31.4036 55.077 59.5875
      vertex 31.0201 54.7827 59.7877
      vertex 31.1135 54.6429 59.7877
    endloop
  endfacet
  facet normal 0.28824 0.252694 0.923615
    outer loop
      vertex 31.4036 55.077 59.5875
      vertex 30.9092 54.9092 59.7877
      vertex 31.0201 54.7827 59.7877
    endloop
  endfacet
  facet normal 0.130529 0.0085824 0.991407
    outer loop
      vertex 30.7737 54.1019 59.9231
      vertex 30.2594 54.0341 59.9914
      vertex 30.7804 54 59.9231
    endloop
  endfacet
  facet normal -0.128288 0.0255813 0.991407
    outer loop
      vertex -30.2527 54.0677 59.9914
      vertex -30.7737 54.1019 59.9231
      vertex -30.2594 54.0341 59.9914
    endloop
  endfacet
  facet normal -0.130529 0.0085824 0.991407
    outer loop
      vertex -30.7737 54.1019 59.9231
      vertex -30.7804 54 59.9231
      vertex -30.2594 54.0341 59.9914
    endloop
  endfacet
  facet normal -0.330196 0.37653 0.865561
    outer loop
      vertex -31.3528 55.7631 59.3259
      vertex -31.5714 55.5714 59.3259
      vertex -31.077 55.4036 59.5875
    endloop
  endfacet
  facet normal -0.212949 0.318739 0.923612
    outer loop
      vertex -30.6429 55.1135 59.7877
      vertex -31.077 55.4036 59.5875
      vertex -30.7827 55.0201 59.7877
    endloop
  endfacet
  facet normal -0.45832 0.401921 0.792718
    outer loop
      vertex -31.5714 55.5714 59.3259
      vertex -31.8649 55.8649 59.0074
      vertex -31.7631 55.3528 59.3259
    endloop
  endfacet
  facet normal -0.458292 0.401933 0.792728
    outer loop
      vertex -31.8649 55.8649 59.0074
      vertex -32.0924 55.6055 59.0074
      vertex -31.7631 55.3528 59.3259
    endloop
  endfacet
  facet normal -0.376512 0.330205 0.865566
    outer loop
      vertex -31.251 55.251 59.5875
      vertex -31.5714 55.5714 59.3259
      vertex -31.4036 55.077 59.5875
    endloop
  endfacet
  facet normal -0.37653 0.330196 0.865561
    outer loop
      vertex -31.5714 55.5714 59.3259
      vertex -31.7631 55.3528 59.3259
      vertex -31.4036 55.077 59.5875
    endloop
  endfacet
  facet normal -0.269521 0.546803 0.792695
    outer loop
      vertex -30.8504 56.0531 59.3259
      vertex -31.3187 56.284 59.0074
      vertex -31.1111 55.9246 59.3259
    endloop
  endfacet
  facet normal -0.252694 0.28824 0.923615
    outer loop
      vertex -30.7827 55.0201 59.7877
      vertex -31.077 55.4036 59.5875
      vertex -30.9092 54.9092 59.7877
    endloop
  endfacet
  facet normal -0.10884 0.0725602 0.991407
    outer loop
      vertex -30.2076 54.1593 59.9914
      vertex -30.6758 54.3902 59.9231
      vertex -30.2266 54.1308 59.9914
    endloop
  endfacet
  facet normal -0.108792 0.0726565 0.991406
    outer loop
      vertex -30.6191 54.4751 59.9231
      vertex -30.6758 54.3902 59.9231
      vertex -30.2076 54.1593 59.9914
    endloop
  endfacet
  facet normal -0.254315 0.0505582 0.965799
    outer loop
      vertex -30.7538 54.202 59.9231
      vertex -31.2748 54.1678 59.7877
      vertex -30.7737 54.1019 59.9231
    endloop
  endfacet
  facet normal -0.258727 0.0170115 0.965801
    outer loop
      vertex -30.7737 54.1019 59.9231
      vertex -31.2748 54.1678 59.7877
      vertex -30.7804 54 59.9231
    endloop
  endfacet
  facet normal 0.10879 -0.0726544 0.991406
    outer loop
      vertex 30.2266 3.86919 59.9914
      vertex 30.2076 3.84074 59.9914
      vertex 30.6758 3.60982 59.9231
    endloop
  endfacet
  facet normal -0.254323 0.0507104 0.965789
    outer loop
      vertex -31.2419 54.3328 59.7877
      vertex -31.2748 54.1678 59.7877
      vertex -30.7538 54.202 59.9231
    endloop
  endfacet
  facet normal -0.245588 0.0833026 0.965788
    outer loop
      vertex -31.1879 54.492 59.7877
      vertex -31.2419 54.3328 59.7877
      vertex -30.7538 54.202 59.9231
    endloop
  endfacet
  facet normal -0.792269 -0.0520137 0.607951
    outer loop
      vertex -32.9816 3.60746 58.6374
      vertex -33.3259 4 58.2223
      vertex -33.2974 3.56589 58.2223
    endloop
  endfacet
  facet normal -0.778744 -0.154767 0.607952
    outer loop
      vertex -32.9816 3.60746 58.6374
      vertex -33.2974 3.56589 58.2223
      vertex -33.2126 3.1392 58.2223
    endloop
  endfacet
  facet normal 0.130519 0.00842059 0.99141
    outer loop
      vertex 30.7804 54 59.9231
      vertex 30.2594 54.0341 59.9914
      vertex 30.2616 54 59.9914
    endloop
  endfacet
  facet normal 0.123867 -0.0420324 0.991408
    outer loop
      vertex 30.7538 3.79803 59.9231
      vertex 30.2527 3.93229 59.9914
      vertex 30.721 3.70137 59.9231
    endloop
  endfacet
  facet normal -0.245595 -0.0832734 0.965789
    outer loop
      vertex -30.7538 3.79803 59.9231
      vertex -31.2419 3.66722 59.7877
      vertex -31.1879 3.50796 59.7877
    endloop
  endfacet
  facet normal -0.254319 -0.0507219 0.965789
    outer loop
      vertex -30.7538 3.79803 59.9231
      vertex -31.2748 3.83218 59.7877
      vertex -31.2419 3.66722 59.7877
    endloop
  endfacet
  facet normal -0.376497 -0.330212 0.865569
    outer loop
      vertex -31.4036 2.92301 59.5875
      vertex -31.5714 2.42861 59.3259
      vertex -31.251 2.74902 59.5875
    endloop
  endfacet
  facet normal -0.25268 -0.28825 0.923615
    outer loop
      vertex -30.9092 3.09083 59.7877
      vertex -31.077 2.59644 59.5875
      vertex -30.7827 2.97994 59.7877
    endloop
  endfacet
  facet normal -0.232561 -0.114708 0.965794
    outer loop
      vertex -30.721 3.70137 59.9231
      vertex -31.1879 3.50796 59.7877
      vertex -31.1135 3.35712 59.7877
    endloop
  endfacet
  facet normal -0.343792 -0.169571 0.923609
    outer loop
      vertex -31.1879 3.50796 59.7877
      vertex -31.6345 3.32297 59.5875
      vertex -31.1135 3.35712 59.7877
    endloop
  endfacet
  facet normal -0.171011 -0.194896 0.965801
    outer loop
      vertex -30.5518 3.4482 59.9231
      vertex -30.9092 3.09083 59.7877
      vertex -30.4751 3.3809 59.9231
    endloop
  endfacet
  facet normal -0.0862771 -0.0983277 0.991407
    outer loop
      vertex -30.1593 3.79245 59.9914
      vertex -30.5518 3.4482 59.9231
      vertex -30.4751 3.3809 59.9231
    endloop
  endfacet
  facet normal 0.12386 0.0420512 0.991408
    outer loop
      vertex 30.721 54.2986 59.9231
      vertex 30.2417 54.1001 59.9914
      vertex 30.2527 54.0677 59.9914
    endloop
  endfacet
  facet normal -0.0862957 -0.0983067 0.991408
    outer loop
      vertex -30.185 3.81501 59.9914
      vertex -30.5518 3.4482 59.9231
      vertex -30.1593 3.79245 59.9914
    endloop
  endfacet
  facet normal 0.608257 -0.0398417 0.792739
    outer loop
      vertex 32.2223 4 59.3259
      vertex 32.2033 3.70993 59.3259
      vertex 32.6374 4 59.0074
    endloop
  endfacet
  facet normal 0.499736 -0.0327334 0.865559
    outer loop
      vertex 32.2223 4 59.3259
      vertex 31.7692 4 59.5875
      vertex 32.2033 3.70993 59.3259
    endloop
  endfacet
  facet normal 0.499736 0.03273 0.865559
    outer loop
      vertex 32.2033 54.2901 59.3259
      vertex 31.7692 54 59.5875
      vertex 32.2223 54 59.3259
    endloop
  endfacet
  facet normal 0.500004 0 0.866023
    outer loop
      vertex 31.7692 54 59.5875
      vertex 32.2223 4 59.3259
      vertex 32.2223 54 59.3259
    endloop
  endfacet
  facet normal 0.500004 0 0.866023
    outer loop
      vertex 32.2223 4 59.3259
      vertex 31.7692 54 59.5875
      vertex 31.7692 4 59.5875
    endloop
  endfacet
  facet normal 0.820516 -0.278454 0.499216
    outer loop
      vertex 33.4652 3.07149 57.7692
      vertex 33.0727 2.72724 58.2223
      vertex 33.3144 2.62713 57.7692
    endloop
  endfacet
  facet normal 0.792269 -0.0520137 0.607951
    outer loop
      vertex 33.3259 4 58.2223
      vertex 32.9816 3.60746 58.6374
      vertex 33.2974 3.56589 58.2223
    endloop
  endfacet
  facet normal 0.546691 -0.269626 0.792736
    outer loop
      vertex 32.4366 2.99072 59.0074
      vertex 32.0531 3.14957 59.3259
      vertex 32.284 2.68131 59.0074
    endloop
  endfacet
  facet normal 0.416379 -0.278218 0.865577
    outer loop
      vertex 31.9246 2.88886 59.3259
      vertex 31.4036 2.92301 59.5875
      vertex 31.7631 2.64716 59.3259
    endloop
  endfacet
  facet normal 0.588586 -0.393143 0.706403
    outer loop
      vertex 32.284 2.68131 59.0074
      vertex 32.0924 2.39446 59.0074
      vertex 32.6045 2.49632 58.6374
    endloop
  endfacet
  facet normal 0.588559 -0.393356 0.706307
    outer loop
      vertex 32.6045 2.49632 58.6374
      vertex 32.0924 2.39446 59.0074
      vertex 32.3859 2.16924 58.6374
    endloop
  endfacet
  facet normal 0.441097 -0.660182 -0.607942
    outer loop
      vertex 32.0247 1.3614 1.77772
      vertex 31.5037 1.39555 1.36262
      vertex 31.8308 1.6141 1.36262
    endloop
  endfacet
  facet normal 0.393235 -0.588549 -0.706383
    outer loop
      vertex 31.8308 1.6141 1.36262
      vertex 31.5037 1.39555 1.36262
      vertex 31.6055 1.90762 0.992641
    endloop
  endfacet
  facet normal -0.0982791 -0.0863237 0.991408
    outer loop
      vertex -30.2076 3.84074 59.9914
      vertex -30.5518 3.4482 59.9231
      vertex -30.185 3.81501 59.9914
    endloop
  endfacet
  facet normal -0.0578589 -0.117323 0.991407
    outer loop
      vertex -30.1308 3.77344 59.9914
      vertex -30.2986 3.27904 59.9231
      vertex -30.1001 3.7583 59.9914
    endloop
  endfacet
  facet normal 0.114641 -0.232583 0.965796
    outer loop
      vertex 30.3902 3.32419 59.9231
      vertex 30.2986 3.27904 59.9231
      vertex 30.6429 2.8865 59.7877
    endloop
  endfacet
  facet normal 0.144098 -0.215592 0.965793
    outer loop
      vertex 30.7827 2.97994 59.7877
      vertex 30.4751 3.3809 59.9231
      vertex 30.6429 2.8865 59.7877
    endloop
  endfacet
  facet normal -0.0420693 -0.123861 0.991407
    outer loop
      vertex -30.0677 3.7473 59.9914
      vertex -30.2986 3.27904 59.9231
      vertex -30.202 3.24623 59.9231
    endloop
  endfacet
  facet normal 0.0505848 -0.254321 0.965796
    outer loop
      vertex 30.202 3.24623 59.9231
      vertex 30.1019 3.22632 59.9231
      vertex 30.1678 2.72524 59.7877
    endloop
  endfacet
  facet normal 0.0255185 -0.128297 0.991407
    outer loop
      vertex 30.202 3.24623 59.9231
      vertex 30.0677 3.7473 59.9914
      vertex 30.1019 3.22632 59.9231
    endloop
  endfacet
  facet normal 0.0747633 -0.375981 0.923606
    outer loop
      vertex 30.3328 2.75805 59.7877
      vertex 30.1678 2.72524 59.7877
      vertex 30.4579 2.29113 59.5875
    endloop
  endfacet
  facet normal 0.123261 -0.362987 0.923606
    outer loop
      vertex 30.492 2.81211 59.7877
      vertex 30.3328 2.75805 59.7877
      vertex 30.4579 2.29113 59.5875
    endloop
  endfacet
  facet normal 0.0578332 -0.117332 0.991407
    outer loop
      vertex 30.3902 3.32419 59.9231
      vertex 30.1308 3.77344 59.9914
      vertex 30.2986 3.27904 59.9231
    endloop
  endfacet
  facet normal 0.114653 -0.232573 0.965797
    outer loop
      vertex 30.6429 2.8865 59.7877
      vertex 30.2986 3.27904 59.9231
      vertex 30.492 2.81211 59.7877
    endloop
  endfacet
  facet normal -0.278257 -0.4164 0.865554
    outer loop
      vertex -31.077 2.59644 59.5875
      vertex -31.1111 2.07545 59.3259
      vertex -30.8846 2.46787 59.5875
    endloop
  endfacet
  facet normal -0.221511 -0.449156 0.865559
    outer loop
      vertex -30.8846 2.46787 59.5875
      vertex -31.1111 2.07545 59.3259
      vertex -30.8504 1.94688 59.3259
    endloop
  endfacet
  facet normal -0.0505848 -0.254321 0.965796
    outer loop
      vertex -30.1019 3.22632 59.9231
      vertex -30.202 3.24623 59.9231
      vertex -30.1678 2.72524 59.7877
    endloop
  endfacet
  facet normal -0.0169618 -0.258743 0.965797
    outer loop
      vertex -30.1019 3.22632 59.9231
      vertex -30.1678 2.72524 59.7877
      vertex -30 3.21964 59.9231
    endloop
  endfacet
  facet normal -0.0833757 -0.245531 0.965797
    outer loop
      vertex -30.202 3.24623 59.9231
      vertex -30.492 2.81211 59.7877
      vertex -30.3328 2.75805 59.7877
    endloop
  endfacet
  facet normal -0.123261 -0.362987 0.923606
    outer loop
      vertex -30.3328 2.75805 59.7877
      vertex -30.492 2.81211 59.7877
      vertex -30.4579 2.29113 59.5875
    endloop
  endfacet
  facet normal 0.866023 -0 0.500004
    outer loop
      vertex 33.3259 4 58.2223
      vertex 33.5875 54 57.7692
      vertex 33.3259 54 58.2223
    endloop
  endfacet
  facet normal 0.866023 0 0.500004
    outer loop
      vertex 33.5875 54 57.7692
      vertex 33.3259 4 58.2223
      vertex 33.5875 4 57.7692
    endloop
  endfacet
  facet normal 0.864592 -0.0567618 0.499258
    outer loop
      vertex 33.3259 4 58.2223
      vertex 33.2974 3.56589 58.2223
      vertex 33.5568 3.53174 57.7692
    endloop
  endfacet
  facet normal -0.634862 -0.313112 -0.706336
    outer loop
      vertex -32.284 2.68131 0.992641
      vertex -32.7784 2.84913 1.36262
      vertex -32.4366 2.99072 0.992641
    endloop
  endfacet
  facet normal -0.670305 -0.227553 -0.706336
    outer loop
      vertex -32.4366 2.99072 0.992641
      vertex -32.7784 2.84913 1.36262
      vertex -32.5475 3.3174 0.992641
    endloop
  endfacet
  facet normal -0.474187 -0.161071 -0.865565
    outer loop
      vertex -32.0531 3.14957 0.674122
      vertex -32.1466 3.42483 0.674122
      vertex -31.7089 3.54211 0.41251
    endloop
  endfacet
  facet normal -0.577247 -0.196079 -0.792678
    outer loop
      vertex -32.0531 3.14957 0.674122
      vertex -32.5475 3.3174 0.992641
      vertex -32.1466 3.42483 0.674122
    endloop
  endfacet
  facet normal -0.546846 -0.269532 -0.792661
    outer loop
      vertex -31.9246 2.88886 0.674122
      vertex -32.284 2.68131 0.992641
      vertex -32.0531 3.14957 0.674122
    endloop
  endfacet
  facet normal -0.449155 -0.221381 -0.865592
    outer loop
      vertex -31.9246 2.88886 0.674122
      vertex -32.0531 3.14957 0.674122
      vertex -31.5321 3.11542 0.41251
    endloop
  endfacet
  facet normal -0.330171 -0.37658 -0.865549
    outer loop
      vertex -31.3528 2.23695 0.674122
      vertex -31.5714 2.42861 0.674122
      vertex -31.077 2.59644 0.41251
    endloop
  endfacet
  facet normal -0.401881 -0.45837 -0.792709
    outer loop
      vertex -31.3528 2.23695 0.674122
      vertex -31.8649 2.13509 0.992641
      vertex -31.5714 2.42861 0.674122
    endloop
  endfacet
  facet normal 0.466804 0.532128 0.706353
    outer loop
      vertex 31.8308 56.3859 58.6374
      vertex 31.6055 56.0924 59.0074
      vertex 32.1265 56.1265 58.6374
    endloop
  endfacet
  facet normal 0.523599 0.596871 0.607938
    outer loop
      vertex 32.0247 56.6386 58.2223
      vertex 31.8308 56.3859 58.6374
      vertex 32.1265 56.1265 58.6374
    endloop
  endfacet
  facet normal 0.694273 0.137991 0.706359
    outer loop
      vertex 32.9049 54.7784 58.6374
      vertex 32.5475 54.6826 59.0074
      vertex 32.9816 54.3925 58.6374
    endloop
  endfacet
  facet normal 0.778728 0.154777 0.60797
    outer loop
      vertex 33.2126 54.8608 58.2223
      vertex 32.9049 54.7784 58.6374
      vertex 32.9816 54.3925 58.6374
    endloop
  endfacet
  facet normal 0.38326 0.777077 0.499263
    outer loop
      vertex 31.7937 57.1069 57.7692
      vertex 31.2728 57.0727 58.2223
      vertex 31.6629 56.8803 58.2223
    endloop
  endfacet
  facet normal 0.481311 0.720472 0.499259
    outer loop
      vertex 31.7937 57.1069 57.7692
      vertex 31.6629 56.8803 58.2223
      vertex 32.0247 56.6386 58.2223
    endloop
  endfacet
  facet normal 0.636912 0.726339 0.258408
    outer loop
      vertex 32.7741 56.7741 56.7804
      vertex 32.3883 57.1124 56.7804
      vertex 32.6783 56.6783 57.2858
    endloop
  endfacet
  facet normal 0.653695 0.745479 0.130172
    outer loop
      vertex 32.4298 57.1666 56.2616
      vertex 32.3883 57.1124 56.7804
      vertex 32.7741 56.7741 56.7804
    endloop
  endfacet
  facet normal -0.0578332 -0.117332 0.991407
    outer loop
      vertex -30.1308 3.77344 59.9914
      vertex -30.3902 3.32419 59.9231
      vertex -30.2986 3.27904 59.9231
    endloop
  endfacet
  facet normal 0 0 1
    outer loop
      vertex 30 54.2616 59.9914
      vertex 30.2616 54 59.9914
      vertex 30.2594 54.0341 59.9914
    endloop
  endfacet
  facet normal 0 0 1
    outer loop
      vertex 30.2616 54 59.9914
      vertex 30 54.2616 59.9914
      vertex 30.2616 4 59.9914
    endloop
  endfacet
  facet normal 0 0 1
    outer loop
      vertex 30 54.2616 59.9914
      vertex 30.2594 54.0341 59.9914
      vertex 30.2527 54.0677 59.9914
    endloop
  endfacet
  facet normal 0 0 1
    outer loop
      vertex 30 3.73839 59.9914
      vertex 30.2616 4 59.9914
      vertex 30 54.2616 59.9914
    endloop
  endfacet
  facet normal 0 0 1
    outer loop
      vertex 30 54.2616 59.9914
      vertex 30.2527 54.0677 59.9914
      vertex 30.2417 54.1001 59.9914
    endloop
  endfacet
  facet normal 0 0 1
    outer loop
      vertex 30.2616 4 59.9914
      vertex 30 3.73839 59.9914
      vertex 30.2594 3.96585 59.9914
    endloop
  endfacet
  facet normal 0 0 1
    outer loop
      vertex 30 54.2616 59.9914
      vertex 30.2417 54.1001 59.9914
      vertex 30.2266 54.1308 59.9914
    endloop
  endfacet
  facet normal 0 0 1
    outer loop
      vertex 30.2594 3.96585 59.9914
      vertex 30 3.73839 59.9914
      vertex 30.2527 3.93229 59.9914
    endloop
  endfacet
  facet normal 0 0 1
    outer loop
      vertex 30 54.2616 59.9914
      vertex 30.2266 54.1308 59.9914
      vertex 30.2076 54.1593 59.9914
    endloop
  endfacet
  facet normal 0 0 1
    outer loop
      vertex 30.2527 3.93229 59.9914
      vertex 30 3.73839 59.9914
      vertex 30.2417 3.89989 59.9914
    endloop
  endfacet
  facet normal 0 0 1
    outer loop
      vertex 30 54.2616 59.9914
      vertex 30.2076 54.1593 59.9914
      vertex 30.185 54.185 59.9914
    endloop
  endfacet
  facet normal 0 0 1
    outer loop
      vertex 30.2417 3.89989 59.9914
      vertex 30 3.73839 59.9914
      vertex 30.2266 3.86919 59.9914
    endloop
  endfacet
  facet normal 0 0 1
    outer loop
      vertex 30 54.2616 59.9914
      vertex 30.185 54.185 59.9914
      vertex 30.1593 54.2076 59.9914
    endloop
  endfacet
  facet normal 0 0 1
    outer loop
      vertex 30.2266 3.86919 59.9914
      vertex 30 3.73839 59.9914
      vertex 30.2076 3.84074 59.9914
    endloop
  endfacet
  facet normal 0 0 1
    outer loop
      vertex 30 54.2616 59.9914
      vertex 30.1593 54.2076 59.9914
      vertex 30.1308 54.2266 59.9914
    endloop
  endfacet
  facet normal 0 0 1
    outer loop
      vertex 30.2076 3.84074 59.9914
      vertex 30 3.73839 59.9914
      vertex 30.185 3.81501 59.9914
    endloop
  endfacet
  facet normal 0 0 1
    outer loop
      vertex 30 54.2616 59.9914
      vertex 30.1308 54.2266 59.9914
      vertex 30.1001 54.2417 59.9914
    endloop
  endfacet
  facet normal 0 0 1
    outer loop
      vertex 30.185 3.81501 59.9914
      vertex 30 3.73839 59.9914
      vertex 30.1593 3.79245 59.9914
    endloop
  endfacet
  facet normal 0 0 1
    outer loop
      vertex 30 54.2616 59.9914
      vertex 30.1001 54.2417 59.9914
      vertex 30.0677 54.2527 59.9914
    endloop
  endfacet
  facet normal 0 0 1
    outer loop
      vertex 30.1593 3.79245 59.9914
      vertex 30 3.73839 59.9914
      vertex 30.1308 3.77344 59.9914
    endloop
  endfacet
  facet normal 0 0 1
    outer loop
      vertex 30 54.2616 59.9914
      vertex 30.0677 54.2527 59.9914
      vertex 30.0341 54.2594 59.9914
    endloop
  endfacet
  facet normal 0 0 1
    outer loop
      vertex 30.1308 3.77344 59.9914
      vertex 30 3.73839 59.9914
      vertex 30.1001 3.7583 59.9914
    endloop
  endfacet
  facet normal 0 0 1
    outer loop
      vertex 30.1001 3.7583 59.9914
      vertex 30 3.73839 59.9914
      vertex 30.0677 3.7473 59.9914
    endloop
  endfacet
  facet normal 0 0 1
    outer loop
      vertex 30.0677 3.7473 59.9914
      vertex 30 3.73839 59.9914
      vertex 30.0341 3.74063 59.9914
    endloop
  endfacet
  facet normal -0 0 1
    outer loop
      vertex -30 54.2616 59.9914
      vertex 30 3.73839 59.9914
      vertex 30 54.2616 59.9914
    endloop
  endfacet
  facet normal 0 0 1
    outer loop
      vertex -30 54.2616 59.9914
      vertex -30 3.73839 59.9914
      vertex 30 3.73839 59.9914
    endloop
  endfacet
  facet normal 0 0 1
    outer loop
      vertex -30.2616 54 59.9914
      vertex -30 54.2616 59.9914
      vertex -30.0341 54.2594 59.9914
    endloop
  endfacet
  facet normal 0 0 1
    outer loop
      vertex -30 54.2616 59.9914
      vertex -30.2616 54 59.9914
      vertex -30 3.73839 59.9914
    endloop
  endfacet
  facet normal 0 0 1
    outer loop
      vertex -30.2616 54 59.9914
      vertex -30.0341 54.2594 59.9914
      vertex -30.0677 54.2527 59.9914
    endloop
  endfacet
  facet normal -0 0 1
    outer loop
      vertex -30.2616 4 59.9914
      vertex -30 3.73839 59.9914
      vertex -30.2616 54 59.9914
    endloop
  endfacet
  facet normal 0 0 1
    outer loop
      vertex -30.2616 54 59.9914
      vertex -30.0677 54.2527 59.9914
      vertex -30.1001 54.2417 59.9914
    endloop
  endfacet
  facet normal 0 0 1
    outer loop
      vertex -30 3.73839 59.9914
      vertex -30.2616 4 59.9914
      vertex -30.0341 3.74063 59.9914
    endloop
  endfacet
  facet normal 0 0 1
    outer loop
      vertex -30.2616 54 59.9914
      vertex -30.1001 54.2417 59.9914
      vertex -30.1308 54.2266 59.9914
    endloop
  endfacet
  facet normal 0 0 1
    outer loop
      vertex -30.0341 3.74063 59.9914
      vertex -30.2616 4 59.9914
      vertex -30.0677 3.7473 59.9914
    endloop
  endfacet
  facet normal 0 0 1
    outer loop
      vertex -30.2616 54 59.9914
      vertex -30.1308 54.2266 59.9914
      vertex -30.1593 54.2076 59.9914
    endloop
  endfacet
  facet normal 0 0 1
    outer loop
      vertex -30.0677 3.7473 59.9914
      vertex -30.2616 4 59.9914
      vertex -30.1001 3.7583 59.9914
    endloop
  endfacet
  facet normal 0 0 1
    outer loop
      vertex -30.2616 54 59.9914
      vertex -30.1593 54.2076 59.9914
      vertex -30.185 54.185 59.9914
    endloop
  endfacet
  facet normal 0 0 1
    outer loop
      vertex -30.1001 3.7583 59.9914
      vertex -30.2616 4 59.9914
      vertex -30.1308 3.77344 59.9914
    endloop
  endfacet
  facet normal 0 0 1
    outer loop
      vertex -30.2616 54 59.9914
      vertex -30.185 54.185 59.9914
      vertex -30.2076 54.1593 59.9914
    endloop
  endfacet
  facet normal 0 0 1
    outer loop
      vertex -30.1308 3.77344 59.9914
      vertex -30.2616 4 59.9914
      vertex -30.1593 3.79245 59.9914
    endloop
  endfacet
  facet normal 0 0 1
    outer loop
      vertex -30.2616 54 59.9914
      vertex -30.2076 54.1593 59.9914
      vertex -30.2266 54.1308 59.9914
    endloop
  endfacet
  facet normal 0 0 1
    outer loop
      vertex -30.1593 3.79245 59.9914
      vertex -30.2616 4 59.9914
      vertex -30.185 3.81501 59.9914
    endloop
  endfacet
  facet normal 0 0 1
    outer loop
      vertex -30.2616 54 59.9914
      vertex -30.2266 54.1308 59.9914
      vertex -30.2417 54.1001 59.9914
    endloop
  endfacet
  facet normal 0 0 1
    outer loop
      vertex -30.185 3.81501 59.9914
      vertex -30.2616 4 59.9914
      vertex -30.2076 3.84074 59.9914
    endloop
  endfacet
  facet normal 0 0 1
    outer loop
      vertex -30.2616 54 59.9914
      vertex -30.2417 54.1001 59.9914
      vertex -30.2527 54.0677 59.9914
    endloop
  endfacet
  facet normal 0 0 1
    outer loop
      vertex -30.2076 3.84074 59.9914
      vertex -30.2616 4 59.9914
      vertex -30.2266 3.86919 59.9914
    endloop
  endfacet
  facet normal 0 0 1
    outer loop
      vertex -30.2616 54 59.9914
      vertex -30.2527 54.0677 59.9914
      vertex -30.2594 54.0341 59.9914
    endloop
  endfacet
  facet normal 0 0 1
    outer loop
      vertex -30.2266 3.86919 59.9914
      vertex -30.2616 4 59.9914
      vertex -30.2417 3.89989 59.9914
    endloop
  endfacet
  facet normal 0 0 1
    outer loop
      vertex -30.2417 3.89989 59.9914
      vertex -30.2616 4 59.9914
      vertex -30.2527 3.93229 59.9914
    endloop
  endfacet
  facet normal 0 0 1
    outer loop
      vertex -30.2527 3.93229 59.9914
      vertex -30.2616 4 59.9914
      vertex -30.2594 3.96585 59.9914
    endloop
  endfacet
  facet normal -0.318788 0.212912 0.923603
    outer loop
      vertex -31.4036 55.077 59.5875
      vertex -31.5321 54.8846 59.5875
      vertex -31.1135 54.6429 59.7877
    endloop
  endfacet
  facet normal -0.318739 0.212949 0.923612
    outer loop
      vertex -31.0201 54.7827 59.7877
      vertex -31.4036 55.077 59.5875
      vertex -31.1135 54.6429 59.7877
    endloop
  endfacet
  facet normal -0.401921 0.45832 0.792718
    outer loop
      vertex -31.3528 55.7631 59.3259
      vertex -31.8649 55.8649 59.0074
      vertex -31.5714 55.5714 59.3259
    endloop
  endfacet
  facet normal -0.171004 0.194888 0.965803
    outer loop
      vertex -30.4751 54.6191 59.9231
      vertex -30.9092 54.9092 59.7877
      vertex -30.5518 54.5518 59.9231
    endloop
  endfacet
  facet normal -0.278231 0.416399 0.865563
    outer loop
      vertex -31.1111 55.9246 59.3259
      vertex -31.3528 55.7631 59.3259
      vertex -31.077 55.4036 59.5875
    endloop
  endfacet
  facet normal -0.169584 0.343805 0.923601
    outer loop
      vertex -30.677 55.6345 59.5875
      vertex -30.8846 55.5321 59.5875
      vertex -30.6429 55.1135 59.7877
    endloop
  endfacet
  facet normal -0.338679 0.506865 0.792707
    outer loop
      vertex -31.3187 56.284 59.0074
      vertex -31.3528 55.7631 59.3259
      vertex -31.1111 55.9246 59.3259
    endloop
  endfacet
  facet normal -0.338622 0.506873 0.792726
    outer loop
      vertex -31.3187 56.284 59.0074
      vertex -31.6055 56.0924 59.0074
      vertex -31.3528 55.7631 59.3259
    endloop
  endfacet
  facet normal 0.123858 -0.0420507 0.991409
    outer loop
      vertex 30.2527 3.93229 59.9914
      vertex 30.2417 3.89989 59.9914
      vertex 30.721 3.70137 59.9231
    endloop
  endfacet
  facet normal 0.128296 -0.0255029 0.991408
    outer loop
      vertex 30.7737 3.89814 59.9231
      vertex 30.2527 3.93229 59.9914
      vertex 30.7538 3.79803 59.9231
    endloop
  endfacet
  facet normal 0.128289 -0.0256119 0.991406
    outer loop
      vertex 30.2594 3.96585 59.9914
      vertex 30.2527 3.93229 59.9914
      vertex 30.7737 3.89814 59.9231
    endloop
  endfacet
  facet normal -0.694274 -0.13802 0.706352
    outer loop
      vertex -32.5475 3.3174 59.0074
      vertex -32.9816 3.60746 58.6374
      vertex -32.9049 3.22164 58.6374
    endloop
  endfacet
  facet normal -0.778714 -0.154806 0.60798
    outer loop
      vertex -32.9816 3.60746 58.6374
      vertex -33.2126 3.1392 58.2223
      vertex -32.9049 3.22164 58.6374
    endloop
  endfacet
  facet normal -0.128296 -0.0255029 0.991408
    outer loop
      vertex -30.2527 3.93229 59.9914
      vertex -30.7737 3.89814 59.9231
      vertex -30.7538 3.79803 59.9231
    endloop
  endfacet
  facet normal -0.25431 -0.0505522 0.965801
    outer loop
      vertex -30.7737 3.89814 59.9231
      vertex -31.2748 3.83218 59.7877
      vertex -30.7538 3.79803 59.9231
    endloop
  endfacet
  facet normal -0.252743 -0.288225 0.923606
    outer loop
      vertex -30.9092 3.09083 59.7877
      vertex -31.251 2.74902 59.5875
      vertex -31.077 2.59644 59.5875
    endloop
  endfacet
  facet normal -0.2882 -0.252769 0.923606
    outer loop
      vertex -30.9092 3.09083 59.7877
      vertex -31.4036 2.92301 59.5875
      vertex -31.251 2.74902 59.5875
    endloop
  endfacet
  facet normal -0.108781 -0.0726742 0.991406
    outer loop
      vertex -30.2076 3.84074 59.9914
      vertex -30.6758 3.60982 59.9231
      vertex -30.6191 3.52495 59.9231
    endloop
  endfacet
  facet normal -0.215615 -0.144011 0.965801
    outer loop
      vertex -30.6191 3.52495 59.9231
      vertex -31.1135 3.35712 59.7877
      vertex -31.0201 3.21728 59.7877
    endloop
  endfacet
  facet normal 0.491137 -0.0975913 0.865598
    outer loop
      vertex 31.754 3.76908 59.5875
      vertex 31.7089 3.54211 59.5875
      vertex 32.2033 3.70993 59.3259
    endloop
  endfacet
  facet normal 0.499656 -0.0328892 0.865599
    outer loop
      vertex 31.7692 4 59.5875
      vertex 31.754 3.76908 59.5875
      vertex 32.2033 3.70993 59.3259
    endloop
  endfacet
  facet normal 0.474171 -0.161066 0.865575
    outer loop
      vertex 32.1466 3.42483 59.3259
      vertex 31.7089 3.54211 59.5875
      vertex 32.0531 3.14957 59.3259
    endloop
  endfacet
  facet normal 0.577225 -0.196071 0.792696
    outer loop
      vertex 32.1466 3.42483 59.3259
      vertex 32.0531 3.14957 59.3259
      vertex 32.5475 3.3174 59.0074
    endloop
  endfacet
  facet normal 0.608295 -0.0399345 0.792706
    outer loop
      vertex 32.6374 4 59.0074
      vertex 32.2033 3.70993 59.3259
      vertex 32.6148 3.65575 59.0074
    endloop
  endfacet
  facet normal 0.597893 -0.118925 0.792705
    outer loop
      vertex 32.6148 3.65575 59.0074
      vertex 32.2033 3.70993 59.3259
      vertex 32.5475 3.3174 59.0074
    endloop
  endfacet
  facet normal 0.45827 -0.40196 0.792727
    outer loop
      vertex 32.0924 2.39446 59.0074
      vertex 31.7631 2.64716 59.3259
      vertex 31.8649 2.13509 59.0074
    endloop
  endfacet
  facet normal 0.532185 -0.466793 0.706317
    outer loop
      vertex 32.0924 2.39446 59.0074
      vertex 31.8649 2.13509 59.0074
      vertex 32.1265 1.87348 58.6374
    endloop
  endfacet
  facet normal 0.634879 -0.312932 0.7064
    outer loop
      vertex 32.7784 2.84913 58.6374
      vertex 32.284 2.68131 59.0074
      vertex 32.6045 2.49632 58.6374
    endloop
  endfacet
  facet normal 0.712147 -0.351017 0.607975
    outer loop
      vertex 32.7784 2.84913 58.6374
      vertex 32.6045 2.49632 58.6374
      vertex 33.0727 2.72724 58.2223
    endloop
  endfacet
  facet normal -0.169524 -0.343818 0.923608
    outer loop
      vertex -30.6429 2.8865 59.7877
      vertex -30.8846 2.46787 59.5875
      vertex -30.677 2.36551 59.5875
    endloop
  endfacet
  facet normal 0.0726592 -0.108777 0.991407
    outer loop
      vertex 30.4751 3.3809 59.9231
      vertex 30.1593 3.79245 59.9914
      vertex 30.3902 3.32419 59.9231
    endloop
  endfacet
  facet normal 0.072582 -0.108816 0.991409
    outer loop
      vertex 30.1593 3.79245 59.9914
      vertex 30.1308 3.77344 59.9914
      vertex 30.3902 3.32419 59.9231
    endloop
  endfacet
  facet normal -0.114653 -0.232573 0.965797
    outer loop
      vertex -30.2986 3.27904 59.9231
      vertex -30.6429 2.8865 59.7877
      vertex -30.492 2.81211 59.7877
    endloop
  endfacet
  facet normal -0.114641 -0.232583 0.965796
    outer loop
      vertex -30.3902 3.32419 59.9231
      vertex -30.6429 2.8865 59.7877
      vertex -30.2986 3.27904 59.9231
    endloop
  endfacet
  facet normal 0.751786 -0.255304 0.607978
    outer loop
      vertex 33.2126 3.1392 58.2223
      vertex 32.9049 3.22164 58.6374
      vertex 33.0727 2.72724 58.2223
    endloop
  endfacet
  facet normal 0.864631 -0.0566868 0.4992
    outer loop
      vertex 33.5875 4 57.7692
      vertex 33.3259 4 58.2223
      vertex 33.5568 3.53174 57.7692
    endloop
  endfacet
  facet normal 0.820532 -0.278649 0.499081
    outer loop
      vertex 33.2126 3.1392 58.2223
      vertex 33.0727 2.72724 58.2223
      vertex 33.4652 3.07149 57.7692
    endloop
  endfacet
  facet normal 0.778744 -0.154767 0.607952
    outer loop
      vertex 33.2974 3.56589 58.2223
      vertex 32.9816 3.60746 58.6374
      vertex 33.2126 3.1392 58.2223
    endloop
  endfacet
  facet normal 0.751785 0.255304 0.607979
    outer loop
      vertex 33.0727 55.2728 58.2223
      vertex 32.7784 55.1509 58.6374
      vertex 32.9049 54.7784 58.6374
    endloop
  endfacet
  facet normal 0.71214 0.351023 0.60798
    outer loop
      vertex 33.0727 55.2728 58.2223
      vertex 32.6045 55.5037 58.6374
      vertex 32.7784 55.1509 58.6374
    endloop
  endfacet
  facet normal -0.288211 0.252765 0.923604
    outer loop
      vertex -31.251 55.251 59.5875
      vertex -31.4036 55.077 59.5875
      vertex -30.9092 54.9092 59.7877
    endloop
  endfacet
  facet normal -0.28824 0.252694 0.923615
    outer loop
      vertex -30.9092 54.9092 59.7877
      vertex -31.4036 55.077 59.5875
      vertex -31.0201 54.7827 59.7877
    endloop
  endfacet
  facet normal -0.330205 0.376512 0.865566
    outer loop
      vertex -31.077 55.4036 59.5875
      vertex -31.5714 55.5714 59.3259
      vertex -31.251 55.251 59.5875
    endloop
  endfacet
  facet normal -0.252765 0.288211 0.923604
    outer loop
      vertex -31.077 55.4036 59.5875
      vertex -31.251 55.251 59.5875
      vertex -30.9092 54.9092 59.7877
    endloop
  endfacet
  facet normal -0.128289 -0.0256119 0.991406
    outer loop
      vertex -30.2594 3.96585 59.9914
      vertex -30.7737 3.89814 59.9231
      vertex -30.2527 3.93229 59.9914
    endloop
  endfacet
  facet normal -0.13053 -0.00858584 0.991407
    outer loop
      vertex -30.2594 3.96585 59.9914
      vertex -30.7804 4 59.9231
      vertex -30.7737 3.89814 59.9231
    endloop
  endfacet
  facet normal -0.10879 -0.0726544 0.991406
    outer loop
      vertex -30.2266 3.86919 59.9914
      vertex -30.6758 3.60982 59.9231
      vertex -30.2076 3.84074 59.9914
    endloop
  endfacet
  facet normal -0.117302 -0.0579141 0.991406
    outer loop
      vertex -30.2266 3.86919 59.9914
      vertex -30.721 3.70137 59.9231
      vertex -30.6758 3.60982 59.9231
    endloop
  endfacet
  facet normal 0.597905 -0.11891 0.792698
    outer loop
      vertex 32.2033 3.70993 59.3259
      vertex 32.1466 3.42483 59.3259
      vertex 32.5475 3.3174 59.0074
    endloop
  endfacet
  facet normal 0.491156 -0.09768 0.865577
    outer loop
      vertex 32.2033 3.70993 59.3259
      vertex 31.7089 3.54211 59.5875
      vertex 32.1466 3.42483 59.3259
    endloop
  endfacet
  facet normal 0.670268 -0.227615 0.706352
    outer loop
      vertex 32.9049 3.22164 58.6374
      vertex 32.5475 3.3174 59.0074
      vertex 32.7784 2.84913 58.6374
    endloop
  endfacet
  facet normal 0.670324 -0.227559 0.706316
    outer loop
      vertex 32.5475 3.3174 59.0074
      vertex 32.4366 2.99072 59.0074
      vertex 32.7784 2.84913 58.6374
    endloop
  endfacet
  facet normal 0.707107 -0 0.707107
    outer loop
      vertex 32.6374 4 59.0074
      vertex 33.0074 54 58.6374
      vertex 32.6374 54 59.0074
    endloop
  endfacet
  facet normal 0.707107 0 0.707107
    outer loop
      vertex 33.0074 54 58.6374
      vertex 32.6374 4 59.0074
      vertex 33.0074 4 58.6374
    endloop
  endfacet
  facet normal 0.706346 -0.0463716 0.706346
    outer loop
      vertex 32.6374 4 59.0074
      vertex 32.6148 3.65575 59.0074
      vertex 33.0074 4 58.6374
    endloop
  endfacet
  facet normal 0.577201 0.195934 0.792748
    outer loop
      vertex 32.4366 55.0093 59.0074
      vertex 32.0531 54.8504 59.3259
      vertex 32.5475 54.6826 59.0074
    endloop
  endfacet
  facet normal 0.670326 0.227546 0.706319
    outer loop
      vertex 32.7784 55.1509 58.6374
      vertex 32.4366 55.0093 59.0074
      vertex 32.5475 54.6826 59.0074
    endloop
  endfacet
  facet normal 0.792293 -0.0520741 0.607915
    outer loop
      vertex 33.0074 4 58.6374
      vertex 32.9816 3.60746 58.6374
      vertex 33.3259 4 58.2223
    endloop
  endfacet
  facet normal 0.706369 -0.0464267 0.706319
    outer loop
      vertex 33.0074 4 58.6374
      vertex 32.6148 3.65575 59.0074
      vertex 32.9816 3.60746 58.6374
    endloop
  endfacet
  facet normal 0.849936 -0.168916 0.499075
    outer loop
      vertex 33.2974 3.56589 58.2223
      vertex 33.2126 3.1392 58.2223
      vertex 33.4652 3.07149 57.7692
    endloop
  endfacet
  facet normal 0.84979 -0.169127 0.499252
    outer loop
      vertex 33.5568 3.53174 57.7692
      vertex 33.2974 3.56589 58.2223
      vertex 33.4652 3.07149 57.7692
    endloop
  endfacet
  facet normal -1 0 0
    outer loop
      vertex 31.6 16.2 48.25
      vertex 31.6 13.2863 50.0912
      vertex 31.6 13.3 50.3
    endloop
  endfacet
  facet normal -1 0 0
    outer loop
      vertex 31.6 16.2 48.25
      vertex 31.6 13.2455 49.8859
      vertex 31.6 13.2863 50.0912
    endloop
  endfacet
  facet normal -1 0 0
    outer loop
      vertex 31.6 16.2 48.25
      vertex 31.6 13.1782 49.6877
      vertex 31.6 13.2455 49.8859
    endloop
  endfacet
  facet normal -1 0 0
    outer loop
      vertex 31.6 16.2 48.25
      vertex 31.6 13.0856 49.5
      vertex 31.6 13.1782 49.6877
    endloop
  endfacet
  facet normal -1 0 0
    outer loop
      vertex 31.6 16.2 48.25
      vertex 31.6 12.9694 49.326
      vertex 31.6 13.0856 49.5
    endloop
  endfacet
  facet normal -1 0 0
    outer loop
      vertex 31.6 16.2 48.25
      vertex 31.6 12.8314 49.1686
      vertex 31.6 12.9694 49.326
    endloop
  endfacet
  facet normal -1 0 0
    outer loop
      vertex 31.6 16.2 48.25
      vertex 31.6 12.674 49.0306
      vertex 31.6 12.8314 49.1686
    endloop
  endfacet
  facet normal -1 0 0
    outer loop
      vertex 31.6 16.2 48.25
      vertex 31.6 12.5 48.9144
      vertex 31.6 12.674 49.0306
    endloop
  endfacet
  facet normal -1 0 0
    outer loop
      vertex 31.6 16.2 48.25
      vertex 31.6 12.3123 48.8218
      vertex 31.6 12.5 48.9144
    endloop
  endfacet
  facet normal -1 0 0
    outer loop
      vertex 31.6 16.2 48.25
      vertex 31.6 12.1141 48.7545
      vertex 31.6 12.3123 48.8218
    endloop
  endfacet
  facet normal -1 0 0
    outer loop
      vertex 31.6 16.2 48.25
      vertex 31.6 11.9088 48.7137
      vertex 31.6 12.1141 48.7545
    endloop
  endfacet
  facet normal -1 0 0
    outer loop
      vertex 31.6 16.2 48.25
      vertex 31.6 11.7 48.7
      vertex 31.6 11.9088 48.7137
    endloop
  endfacet
  facet normal -1 0 0
    outer loop
      vertex 31.6 7.2 48.25
      vertex 31.6 11.7 48.7
      vertex 31.6 16.2 48.25
    endloop
  endfacet
  facet normal -1 -0 0
    outer loop
      vertex 31.6 10.1137 50.0912
      vertex 31.6 7.2 48.25
      vertex 31.6 10.1 50.3
    endloop
  endfacet
  facet normal -1 -0 0
    outer loop
      vertex 31.6 10.1545 49.8859
      vertex 31.6 7.2 48.25
      vertex 31.6 10.1137 50.0912
    endloop
  endfacet
  facet normal -1 -0 0
    outer loop
      vertex 31.6 10.2218 49.6877
      vertex 31.6 7.2 48.25
      vertex 31.6 10.1545 49.8859
    endloop
  endfacet
  facet normal -1 -0 0
    outer loop
      vertex 31.6 10.3144 49.5
      vertex 31.6 7.2 48.25
      vertex 31.6 10.2218 49.6877
    endloop
  endfacet
  facet normal -1 -0 0
    outer loop
      vertex 31.6 10.4306 49.326
      vertex 31.6 7.2 48.25
      vertex 31.6 10.3144 49.5
    endloop
  endfacet
  facet normal -1 -0 0
    outer loop
      vertex 31.6 10.5686 49.1686
      vertex 31.6 7.2 48.25
      vertex 31.6 10.4306 49.326
    endloop
  endfacet
  facet normal -1 -0 0
    outer loop
      vertex 31.6 10.726 49.0306
      vertex 31.6 7.2 48.25
      vertex 31.6 10.5686 49.1686
    endloop
  endfacet
  facet normal -1 -0 0
    outer loop
      vertex 31.6 10.9 48.9144
      vertex 31.6 7.2 48.25
      vertex 31.6 10.726 49.0306
    endloop
  endfacet
  facet normal -1 -0 0
    outer loop
      vertex 31.6 11.0877 48.8218
      vertex 31.6 7.2 48.25
      vertex 31.6 10.9 48.9144
    endloop
  endfacet
  facet normal -1 -0 0
    outer loop
      vertex 31.6 11.2859 48.7545
      vertex 31.6 7.2 48.25
      vertex 31.6 11.0877 48.8218
    endloop
  endfacet
  facet normal -1 -0 0
    outer loop
      vertex 31.6 11.4912 48.7137
      vertex 31.6 7.2 48.25
      vertex 31.6 11.2859 48.7545
    endloop
  endfacet
  facet normal -1 -0 0
    outer loop
      vertex 31.6 11.7 48.7
      vertex 31.6 7.2 48.25
      vertex 31.6 11.4912 48.7137
    endloop
  endfacet
  facet normal -1 0 0
    outer loop
      vertex 31.6 43 47.25
      vertex 31.6 52 49
      vertex 31.6 52 47.25
    endloop
  endfacet
  facet normal -1 -0 0
    outer loop
      vertex 31.6 52 49
      vertex 31.6 43 47.25
      vertex 31.6 43 49
    endloop
  endfacet
  facet normal -1 0 0
    outer loop
      vertex 31.6 43 44.25
      vertex 31.6 52 46
      vertex 31.6 52 44.25
    endloop
  endfacet
  facet normal -1 -0 0
    outer loop
      vertex 31.6 52 46
      vertex 31.6 43 44.25
      vertex 31.6 43 46
    endloop
  endfacet
  facet normal -1 0 0
    outer loop
      vertex 31.6 43 41.25
      vertex 31.6 52 43
      vertex 31.6 52 41.25
    endloop
  endfacet
  facet normal -1 -0 0
    outer loop
      vertex 31.6 52 43
      vertex 31.6 43 41.25
      vertex 31.6 43 43
    endloop
  endfacet
  facet normal -1 0 0
    outer loop
      vertex 31.6 43 38.25
      vertex 31.6 52 40
      vertex 31.6 52 38.25
    endloop
  endfacet
  facet normal -1 -0 0
    outer loop
      vertex 31.6 52 40
      vertex 31.6 43 38.25
      vertex 31.6 43 40
    endloop
  endfacet
  facet normal -1 0 0
    outer loop
      vertex 31.6 43 35.25
      vertex 31.6 52 37
      vertex 31.6 52 35.25
    endloop
  endfacet
  facet normal -1 -0 0
    outer loop
      vertex 31.6 52 37
      vertex 31.6 43 35.25
      vertex 31.6 43 37
    endloop
  endfacet
  facet normal -1 0 0
    outer loop
      vertex 31.6 55.6 2.4
      vertex 31.6 52 34
      vertex 31.6 55.6 57.6
    endloop
  endfacet
  facet normal -1 0 0
    outer loop
      vertex 31.6 55.6 2.4
      vertex 31.6 43 34
      vertex 31.6 52 34
    endloop
  endfacet
  facet normal -1 0 0
    outer loop
      vertex 31.6 16.2 36.75
      vertex 31.6 43 35.25
      vertex 31.6 43 34
    endloop
  endfacet
  facet normal -1 0 0
    outer loop
      vertex 31.6 43 35.25
      vertex 31.6 16.2 36.75
      vertex 31.6 43 37
    endloop
  endfacet
  facet normal -1 -0 0
    outer loop
      vertex 31.6 43 37
      vertex 31.6 16.2 36.75
      vertex 31.6 43 38.25
    endloop
  endfacet
  facet normal -1 -0 0
    outer loop
      vertex 31.6 43 38.25
      vertex 31.6 16.2 36.75
      vertex 31.6 43 40
    endloop
  endfacet
  facet normal -1 -0 0
    outer loop
      vertex 31.6 43 40
      vertex 31.6 16.2 36.75
      vertex 31.6 43 41.25
    endloop
  endfacet
  facet normal -1 -0 0
    outer loop
      vertex 31.6 43 41.25
      vertex 31.6 16.2 36.75
      vertex 31.6 43 43
    endloop
  endfacet
  facet normal -1 0 0
    outer loop
      vertex 31.6 16.2 48.25
      vertex 31.6 43 43
      vertex 31.6 16.2 36.75
    endloop
  endfacet
  facet normal -1 0 0
    outer loop
      vertex 31.6 43 43
      vertex 31.6 16.2 48.25
      vertex 31.6 43 44.25
    endloop
  endfacet
  facet normal -1 0 0
    outer loop
      vertex 31.6 43 44.25
      vertex 31.6 16.2 48.25
      vertex 31.6 43 46
    endloop
  endfacet
  facet normal -1 0 0
    outer loop
      vertex 31.6 43 46
      vertex 31.6 16.2 48.25
      vertex 31.6 43 47.25
    endloop
  endfacet
  facet normal -1 0 0
    outer loop
      vertex 31.6 43 47.25
      vertex 31.6 16.2 48.25
      vertex 31.6 43 49
    endloop
  endfacet
  facet normal -1 0 0
    outer loop
      vertex 31.6 0.719642 2.4
      vertex 31.6 43 34
      vertex 31.6 55.6 2.4
    endloop
  endfacet
  facet normal -1 -0 0
    outer loop
      vertex 31.6 43 34
      vertex 31.6 0.348169 3.73839
      vertex 31.6 16.2 36.75
    endloop
  endfacet
  facet normal -1 -0 0
    outer loop
      vertex 31.6 16.2 36.75
      vertex 31.6 0.348169 3.73839
      vertex 31.6 7.2 36.75
    endloop
  endfacet
  facet normal -1 0 0
    outer loop
      vertex 31.6 43 34
      vertex 31.6 0.719642 2.4
      vertex 31.6 0.348169 3.73839
    endloop
  endfacet
  facet normal -1 0 0
    outer loop
      vertex 31.6 52 35.25
      vertex 31.6 55.6 57.6
      vertex 31.6 52 34
    endloop
  endfacet
  facet normal -1 0 0
    outer loop
      vertex 31.6 52 37
      vertex 31.6 55.6 57.6
      vertex 31.6 52 35.25
    endloop
  endfacet
  facet normal -1 0 0
    outer loop
      vertex 31.6 52 38.25
      vertex 31.6 55.6 57.6
      vertex 31.6 52 37
    endloop
  endfacet
  facet normal -1 0 0
    outer loop
      vertex 31.6 52 40
      vertex 31.6 55.6 57.6
      vertex 31.6 52 38.25
    endloop
  endfacet
  facet normal -1 0 0
    outer loop
      vertex 31.6 52 41.25
      vertex 31.6 55.6 57.6
      vertex 31.6 52 40
    endloop
  endfacet
  facet normal -1 0 0
    outer loop
      vertex 31.6 52 43
      vertex 31.6 55.6 57.6
      vertex 31.6 52 41.25
    endloop
  endfacet
  facet normal -1 0 0
    outer loop
      vertex 31.6 52 44.25
      vertex 31.6 55.6 57.6
      vertex 31.6 52 43
    endloop
  endfacet
  facet normal -1 0 0
    outer loop
      vertex 31.6 52 46
      vertex 31.6 55.6 57.6
      vertex 31.6 52 44.25
    endloop
  endfacet
  facet normal -1 0 0
    outer loop
      vertex 31.6 52 47.25
      vertex 31.6 55.6 57.6
      vertex 31.6 52 46
    endloop
  endfacet
  facet normal -1 0 0
    outer loop
      vertex 31.6 52 49
      vertex 31.6 55.6 57.6
      vertex 31.6 52 47.25
    endloop
  endfacet
  facet normal -1 0 0
    outer loop
      vertex 31.6 52 50.25
      vertex 31.6 55.6 57.6
      vertex 31.6 52 49
    endloop
  endfacet
  facet normal -1 0 0
    outer loop
      vertex 31.6 43 50.25
      vertex 31.6 55.6 57.6
      vertex 31.6 52 50.25
    endloop
  endfacet
  facet normal -1 -0 0
    outer loop
      vertex 31.6 43 49
      vertex 31.6 16.2 48.25
      vertex 31.6 43 50.25
    endloop
  endfacet
  facet normal -1 0 0
    outer loop
      vertex 31.6 12.9694 51.274
      vertex 31.6 43 50.25
      vertex 31.6 16.2 48.25
    endloop
  endfacet
  facet normal -1 0 0
    outer loop
      vertex 31.6 13.2863 50.5088
      vertex 31.6 16.2 48.25
      vertex 31.6 13.3 50.3
    endloop
  endfacet
  facet normal -1 0 0
    outer loop
      vertex 31.6 13.2455 50.7141
      vertex 31.6 16.2 48.25
      vertex 31.6 13.2863 50.5088
    endloop
  endfacet
  facet normal -1 0 0
    outer loop
      vertex 31.6 13.1782 50.9123
      vertex 31.6 16.2 48.25
      vertex 31.6 13.2455 50.7141
    endloop
  endfacet
  facet normal -1 0 0
    outer loop
      vertex 31.6 13.0856 51.1
      vertex 31.6 16.2 48.25
      vertex 31.6 13.1782 50.9123
    endloop
  endfacet
  facet normal -1 0 0
    outer loop
      vertex 31.6 12.9694 51.274
      vertex 31.6 16.2 48.25
      vertex 31.6 13.0856 51.1
    endloop
  endfacet
  facet normal -1 0 0
    outer loop
      vertex 31.6 12.8314 51.4314
      vertex 31.6 43 50.25
      vertex 31.6 12.9694 51.274
    endloop
  endfacet
  facet normal -1 0 0
    outer loop
      vertex 31.6 12.674 51.5694
      vertex 31.6 43 50.25
      vertex 31.6 12.8314 51.4314
    endloop
  endfacet
  facet normal -1 0 0
    outer loop
      vertex 31.6 12.5 51.6856
      vertex 31.6 43 50.25
      vertex 31.6 12.674 51.5694
    endloop
  endfacet
  facet normal -1 0 0
    outer loop
      vertex 31.6 12.3123 51.7782
      vertex 31.6 43 50.25
      vertex 31.6 12.5 51.6856
    endloop
  endfacet
  facet normal -1 0 0
    outer loop
      vertex 31.6 43 50.25
      vertex 31.6 12.3123 51.7782
      vertex 31.6 55.6 57.6
    endloop
  endfacet
  facet normal -1 0 0
    outer loop
      vertex 31.6 12.1141 51.8455
      vertex 31.6 55.6 57.6
      vertex 31.6 12.3123 51.7782
    endloop
  endfacet
  facet normal -1 0 0
    outer loop
      vertex 31.6 0.719641 57.6
      vertex 31.6 12.1141 51.8455
      vertex 31.6 11.9088 51.8863
    endloop
  endfacet
  facet normal -1 0 0
    outer loop
      vertex 31.6 0.719641 57.6
      vertex 31.6 11.9088 51.8863
      vertex 31.6 11.7 51.9
    endloop
  endfacet
  facet normal -1 0 0
    outer loop
      vertex 31.6 0.719641 57.6
      vertex 31.6 11.7 51.9
      vertex 31.6 11.4912 51.8863
    endloop
  endfacet
  facet normal -1 0 0
    outer loop
      vertex 31.6 7.2 48.25
      vertex 31.6 10.1137 50.5088
      vertex 31.6 10.1 50.3
    endloop
  endfacet
  facet normal -1 0 0
    outer loop
      vertex 31.6 7.2 48.25
      vertex 31.6 10.1545 50.7141
      vertex 31.6 10.1137 50.5088
    endloop
  endfacet
  facet normal -1 0 0
    outer loop
      vertex 31.6 7.2 48.25
      vertex 31.6 10.2218 50.9123
      vertex 31.6 10.1545 50.7141
    endloop
  endfacet
  facet normal -1 0 0
    outer loop
      vertex 31.6 7.2 48.25
      vertex 31.6 10.3144 51.1
      vertex 31.6 10.2218 50.9123
    endloop
  endfacet
  facet normal -1 0 0
    outer loop
      vertex 31.6 0.348169 56.2616
      vertex 31.6 10.3144 51.1
      vertex 31.6 7.2 48.25
    endloop
  endfacet
  facet normal -1 0 0
    outer loop
      vertex 31.6 10.3144 51.1
      vertex 31.6 0.348169 56.2616
      vertex 31.6 10.4306 51.274
    endloop
  endfacet
  facet normal -1 0 0
    outer loop
      vertex 31.6 12.1141 51.8455
      vertex 31.6 0.719641 57.6
      vertex 31.6 55.6 57.6
    endloop
  endfacet
  facet normal -1 0 0
    outer loop
      vertex 31.6 11.2859 51.8455
      vertex 31.6 0.719641 57.6
      vertex 31.6 11.4912 51.8863
    endloop
  endfacet
  facet normal -1 0 0
    outer loop
      vertex 31.6 11.0877 51.7782
      vertex 31.6 0.719641 57.6
      vertex 31.6 11.2859 51.8455
    endloop
  endfacet
  facet normal -1 0 0
    outer loop
      vertex 31.6 10.9 51.6856
      vertex 31.6 0.719641 57.6
      vertex 31.6 11.0877 51.7782
    endloop
  endfacet
  facet normal -1 0 0
    outer loop
      vertex 31.6 10.726 51.5694
      vertex 31.6 0.719641 57.6
      vertex 31.6 10.9 51.6856
    endloop
  endfacet
  facet normal -1 0 0
    outer loop
      vertex 31.6 10.5686 51.4314
      vertex 31.6 0.719641 57.6
      vertex 31.6 10.726 51.5694
    endloop
  endfacet
  facet normal -1 0 0
    outer loop
      vertex 31.6 10.4306 51.274
      vertex 31.6 0.348169 56.2616
      vertex 31.6 10.5686 51.4314
    endloop
  endfacet
  facet normal -1 0 0
    outer loop
      vertex 31.6 0.348169 56.2616
      vertex 31.6 7.2 36.75
      vertex 31.6 0.348169 3.73839
    endloop
  endfacet
  facet normal -1 0 0
    outer loop
      vertex 31.6 0.360867 3.6517
      vertex 31.6 0.719642 2.4
      vertex 31.6 0.700477 2.44158
    endloop
  endfacet
  facet normal -1 0 0
    outer loop
      vertex 31.6 7.2 36.75
      vertex 31.6 0.348169 56.2616
      vertex 31.6 7.2 48.25
    endloop
  endfacet
  facet normal -1 0 0
    outer loop
      vertex 31.6 0.46203 3.09259
      vertex 31.6 0.700477 2.44158
      vertex 31.6 0.574822 2.71424
    endloop
  endfacet
  facet normal -1 0 0
    outer loop
      vertex 31.6 10.5686 51.4314
      vertex 31.6 0.348169 56.2616
      vertex 31.6 0.719641 57.6
    endloop
  endfacet
  facet normal -1 0 0
    outer loop
      vertex 31.6 0.700477 2.44158
      vertex 31.6 0.46203 3.09259
      vertex 31.6 0.360867 3.6517
    endloop
  endfacet
  facet normal -1 0 -0
    outer loop
      vertex 31.6 0.360867 56.3483
      vertex 31.6 0.719641 57.6
      vertex 31.6 0.348169 56.2616
    endloop
  endfacet
  facet normal -1 0 0
    outer loop
      vertex 31.6 0.360867 3.6517
      vertex 31.6 0.46203 3.09259
      vertex 31.6 0.424154 3.21964
    endloop
  endfacet
  facet normal -1 0 0
    outer loop
      vertex 31.6 0.719642 2.4
      vertex 31.6 0.360867 3.6517
      vertex 31.6 0.348169 3.73839
    endloop
  endfacet
  facet normal -1 0 0
    outer loop
      vertex 31.6 0.719641 57.6
      vertex 31.6 0.360867 56.3483
      vertex 31.6 0.700477 57.5584
    endloop
  endfacet
  facet normal -1 0 0
    outer loop
      vertex 31.6 0.46203 56.9074
      vertex 31.6 0.360867 56.3483
      vertex 31.6 0.424154 56.7804
    endloop
  endfacet
  facet normal -1 0 -0
    outer loop
      vertex 31.6 0.46203 56.9074
      vertex 31.6 0.700477 57.5584
      vertex 31.6 0.360867 56.3483
    endloop
  endfacet
  facet normal -1 0 0
    outer loop
      vertex 31.6 0.700477 57.5584
      vertex 31.6 0.46203 56.9074
      vertex 31.6 0.574822 57.2858
    endloop
  endfacet
  facet normal 0 0 -1
    outer loop
      vertex 31.1108 0.522801 57.6
      vertex 31.6 0.719641 57.6
      vertex 31.5552 0.69754 57.6
    endloop
  endfacet
  facet normal 0 0 -1
    outer loop
      vertex 31.1108 0.522801 57.6
      vertex 31.5552 0.69754 57.6
      vertex 31.3997 0.620858 57.6
    endloop
  endfacet
  facet normal 0 0 -1
    outer loop
      vertex 31.6 0.719641 57.6
      vertex 31.1108 0.522801 57.6
      vertex 30.173 0.353783 57.6
    endloop
  endfacet
  facet normal 0 0 -1
    outer loop
      vertex 30.7766 0.433247 57.6
      vertex 31.1108 0.522801 57.6
      vertex 30.9466 0.467071 57.6
    endloop
  endfacet
  facet normal 0 0 -1
    outer loop
      vertex 30.173 0.353783 57.6
      vertex 31.1108 0.522801 57.6
      vertex 30.7766 0.433247 57.6
    endloop
  endfacet
  facet normal 0 0 -1
    outer loop
      vertex 30.173 0.353783 57.6
      vertex 30.7766 0.433247 57.6
      vertex 30.4774 0.373734 57.6
    endloop
  endfacet
  facet normal 0 0 -1
    outer loop
      vertex 31.6 0.719641 57.6
      vertex 30.173 0.353783 57.6
      vertex 30 0.342444 57.6
    endloop
  endfacet
  facet normal -0 0 -1
    outer loop
      vertex 31.6 0.719641 57.6
      vertex 30 0.342444 57.6
      vertex 31.6 55.6 57.6
    endloop
  endfacet
  facet normal 0 0 -1
    outer loop
      vertex -30 0.342444 57.6
      vertex 31.6 55.6 57.6
      vertex 30 0.342444 57.6
    endloop
  endfacet
  facet normal 0 0 -1
    outer loop
      vertex -31.6 0.719641 57.6
      vertex -30 0.342444 57.6
      vertex -30.173 0.353783 57.6
    endloop
  endfacet
  facet normal 0 0 -1
    outer loop
      vertex -30.7766 0.433247 57.6
      vertex -30.173 0.353783 57.6
      vertex -30.4774 0.373734 57.6
    endloop
  endfacet
  facet normal 0 0 -1
    outer loop
      vertex -30.173 0.353783 57.6
      vertex -30.7766 0.433247 57.6
      vertex -31.6 0.719641 57.6
    endloop
  endfacet
  facet normal 0 0 -1
    outer loop
      vertex -31.1108 0.522801 57.6
      vertex -30.7766 0.433247 57.6
      vertex -30.9466 0.467071 57.6
    endloop
  endfacet
  facet normal 0 0 -1
    outer loop
      vertex -30.7766 0.433247 57.6
      vertex -31.1108 0.522801 57.6
      vertex -31.6 0.719641 57.6
    endloop
  endfacet
  facet normal 0 0 -1
    outer loop
      vertex -31.5552 0.69754 57.6
      vertex -31.1108 0.522801 57.6
      vertex -31.3997 0.620858 57.6
    endloop
  endfacet
  facet normal 0 0 -1
    outer loop
      vertex -31.6 0.719641 57.6
      vertex -31.1108 0.522801 57.6
      vertex -31.5552 0.69754 57.6
    endloop
  endfacet
  facet normal 0 0 -1
    outer loop
      vertex -30 0.342444 57.6
      vertex -31.6 0.719641 57.6
      vertex -31.6 55.6 57.6
    endloop
  endfacet
  facet normal 0 0 -1
    outer loop
      vertex -30 0.342444 57.6
      vertex -31.6 55.6 57.6
      vertex 31.6 55.6 57.6
    endloop
  endfacet
  facet normal 0 0 1
    outer loop
      vertex 30 0.342444 2.4
      vertex 31.6 0.719642 2.4
      vertex 31.6 55.6 2.4
    endloop
  endfacet
  facet normal 0 -0 1
    outer loop
      vertex 30.173 0.353783 2.4
      vertex 31.6 0.719642 2.4
      vertex 30 0.342444 2.4
    endloop
  endfacet
  facet normal 0 -0 1
    outer loop
      vertex 31.1108 0.522801 2.4
      vertex 31.6 0.719642 2.4
      vertex 30.173 0.353783 2.4
    endloop
  endfacet
  facet normal 0 0 1
    outer loop
      vertex 31.6 0.719642 2.4
      vertex 31.1108 0.522801 2.4
      vertex 31.5552 0.69754 2.4
    endloop
  endfacet
  facet normal 0 0 1
    outer loop
      vertex 31.5552 0.69754 2.4
      vertex 31.1108 0.522801 2.4
      vertex 31.3997 0.620858 2.4
    endloop
  endfacet
  facet normal 0 0 1
    outer loop
      vertex 31.1108 0.522801 2.4
      vertex 30.7766 0.433248 2.4
      vertex 30.9466 0.467072 2.4
    endloop
  endfacet
  facet normal 0 0 1
    outer loop
      vertex 30.7766 0.433248 2.4
      vertex 30.173 0.353783 2.4
      vertex 30.4774 0.373735 2.4
    endloop
  endfacet
  facet normal 0 0 1
    outer loop
      vertex 31.1108 0.522801 2.4
      vertex 30.173 0.353783 2.4
      vertex 30.7766 0.433248 2.4
    endloop
  endfacet
  facet normal -0 0 1
    outer loop
      vertex -2 55.6 2.4
      vertex 30 0.342444 2.4
      vertex 31.6 55.6 2.4
    endloop
  endfacet
  facet normal 0 0 1
    outer loop
      vertex 30 0.342444 2.4
      vertex -2 55.6 2.4
      vertex -2 0.342444 2.4
    endloop
  endfacet
  facet normal 0 0 1
    outer loop
      vertex -14 55.6 2.4
      vertex -30 0.342444 2.4
      vertex -14 0.342444 2.4
    endloop
  endfacet
  facet normal -0 0 1
    outer loop
      vertex -31.6 55.6 2.4
      vertex -30 0.342444 2.4
      vertex -14 55.6 2.4
    endloop
  endfacet
  facet normal -0 0 1
    outer loop
      vertex -31.6 0.719642 2.4
      vertex -30 0.342444 2.4
      vertex -31.6 55.6 2.4
    endloop
  endfacet
  facet normal -0 -0 1
    outer loop
      vertex -30.7766 0.433248 2.4
      vertex -30.173 0.353783 2.4
      vertex -31.6 0.719642 2.4
    endloop
  endfacet
  facet normal 0 0 1
    outer loop
      vertex -30.173 0.353783 2.4
      vertex -30.7766 0.433248 2.4
      vertex -30.4774 0.373735 2.4
    endloop
  endfacet
  facet normal -0 -0 1
    outer loop
      vertex -31.1108 0.522801 2.4
      vertex -30.7766 0.433248 2.4
      vertex -31.6 0.719642 2.4
    endloop
  endfacet
  facet normal 0 0 1
    outer loop
      vertex -30.7766 0.433248 2.4
      vertex -31.1108 0.522801 2.4
      vertex -30.9466 0.467072 2.4
    endloop
  endfacet
  facet normal 0 0 1
    outer loop
      vertex -31.1108 0.522801 2.4
      vertex -31.5552 0.69754 2.4
      vertex -31.3997 0.620858 2.4
    endloop
  endfacet
  facet normal 0 0 1
    outer loop
      vertex -30 0.342444 2.4
      vertex -31.6 0.719642 2.4
      vertex -30.173 0.353783 2.4
    endloop
  endfacet
  facet normal 0 0 1
    outer loop
      vertex -31.1108 0.522801 2.4
      vertex -31.6 0.719642 2.4
      vertex -31.5552 0.69754 2.4
    endloop
  endfacet
  facet normal 1 -0 0
    outer loop
      vertex -31.6 0.348169 3.73839
      vertex -31.6 55.6 2.4
      vertex -31.6 55.6 57.6
    endloop
  endfacet
  facet normal 1 0 0
    outer loop
      vertex -31.6 0.348169 56.2616
      vertex -31.6 55.6 57.6
      vertex -31.6 0.719641 57.6
    endloop
  endfacet
  facet normal 1 0 0
    outer loop
      vertex -31.6 0.360867 56.3483
      vertex -31.6 0.719641 57.6
      vertex -31.6 0.700477 57.5584
    endloop
  endfacet
  facet normal 1 0 0
    outer loop
      vertex -31.6 0.348169 3.73839
      vertex -31.6 55.6 57.6
      vertex -31.6 0.348169 56.2616
    endloop
  endfacet
  facet normal 1 0 0
    outer loop
      vertex -31.6 0.46203 56.9074
      vertex -31.6 0.700477 57.5584
      vertex -31.6 0.574822 57.2858
    endloop
  endfacet
  facet normal 1 0 0
    outer loop
      vertex -31.6 55.6 2.4
      vertex -31.6 0.348169 3.73839
      vertex -31.6 0.719642 2.4
    endloop
  endfacet
  facet normal 1 0 0
    outer loop
      vertex -31.6 0.700477 57.5584
      vertex -31.6 0.46203 56.9074
      vertex -31.6 0.360867 56.3483
    endloop
  endfacet
  facet normal 1 -0 -0
    outer loop
      vertex -31.6 0.360867 3.6517
      vertex -31.6 0.719642 2.4
      vertex -31.6 0.348169 3.73839
    endloop
  endfacet
  facet normal 1 0 0
    outer loop
      vertex -31.6 0.360867 56.3483
      vertex -31.6 0.46203 56.9074
      vertex -31.6 0.424154 56.7804
    endloop
  endfacet
  facet normal 1 0 0
    outer loop
      vertex -31.6 0.719641 57.6
      vertex -31.6 0.360867 56.3483
      vertex -31.6 0.348169 56.2616
    endloop
  endfacet
  facet normal 1 0 0
    outer loop
      vertex -31.6 0.719642 2.4
      vertex -31.6 0.360867 3.6517
      vertex -31.6 0.700477 2.44158
    endloop
  endfacet
  facet normal 1 0 0
    outer loop
      vertex -31.6 0.46203 3.09259
      vertex -31.6 0.360867 3.6517
      vertex -31.6 0.424154 3.21964
    endloop
  endfacet
  facet normal 1 -0 -0
    outer loop
      vertex -31.6 0.46203 3.09259
      vertex -31.6 0.700477 2.44158
      vertex -31.6 0.360867 3.6517
    endloop
  endfacet
  facet normal 1 0 0
    outer loop
      vertex -31.6 0.700477 2.44158
      vertex -31.6 0.46203 3.09259
      vertex -31.6 0.574822 2.71424
    endloop
  endfacet
  facet normal 0 -1 0
    outer loop
      vertex -14.6641 55.6 5.51797
      vertex -14 55.6 2.4
      vertex -14.39 55.6 5.5
    endloop
  endfacet
  facet normal 0 -1 0
    outer loop
      vertex -14.1159 55.6 5.51797
      vertex -14 55.6 2.4
      vertex -14 55.6 5.54102
    endloop
  endfacet
  facet normal 0 -1 0
    outer loop
      vertex -14.39 55.6 5.5
      vertex -14 55.6 2.4
      vertex -14.1159 55.6 5.51797
    endloop
  endfacet
  facet normal 0 -1 0
    outer loop
      vertex -31.6 55.6 57.6
      vertex 2.79 55.6 53.81
      vertex 31.6 55.6 57.6
    endloop
  endfacet
  facet normal 0 -1 0
    outer loop
      vertex -31.6 55.6 57.6
      vertex 2.51589 55.6 53.792
      vertex 2.79 55.6 53.81
    endloop
  endfacet
  facet normal 0 -1 0
    outer loop
      vertex -16.3359 55.6 53.592
      vertex 2.51589 55.6 53.792
      vertex -31.6 55.6 57.6
    endloop
  endfacet
  facet normal 0 -1 0
    outer loop
      vertex 2.51589 55.6 53.792
      vertex -16.3359 55.6 53.592
      vertex 2.24648 55.6 53.7384
    endloop
  endfacet
  facet normal 0 -1 0
    outer loop
      vertex -16.3359 55.6 53.592
      vertex -31.6 55.6 57.6
      vertex -16.61 55.6 53.61
    endloop
  endfacet
  facet normal 0 -1 0
    outer loop
      vertex -31.6 55.6 57.6
      vertex -16.8841 55.6 53.592
      vertex -16.61 55.6 53.61
    endloop
  endfacet
  facet normal 0 -1 0
    outer loop
      vertex -31.6 55.6 57.6
      vertex -17.1535 55.6 53.5384
      vertex -16.8841 55.6 53.592
    endloop
  endfacet
  facet normal 0 -1 0
    outer loop
      vertex -31.6 55.6 57.6
      vertex -17.4136 55.6 53.4501
      vertex -17.1535 55.6 53.5384
    endloop
  endfacet
  facet normal 0 -1 0
    outer loop
      vertex -31.6 55.6 57.6
      vertex -17.66 55.6 53.3287
      vertex -17.4136 55.6 53.4501
    endloop
  endfacet
  facet normal 0 -1 0
    outer loop
      vertex -31.6 55.6 57.6
      vertex -17.8884 55.6 53.176
      vertex -17.66 55.6 53.3287
    endloop
  endfacet
  facet normal 0 -1 0
    outer loop
      vertex -31.6 55.6 57.6
      vertex -18.0949 55.6 52.9949
      vertex -17.8884 55.6 53.176
    endloop
  endfacet
  facet normal 0 -1 0
    outer loop
      vertex -31.6 55.6 57.6
      vertex -18.276 55.6 52.7884
      vertex -18.0949 55.6 52.9949
    endloop
  endfacet
  facet normal 0 -1 0
    outer loop
      vertex -31.6 55.6 57.6
      vertex -18.4287 55.6 52.56
      vertex -18.276 55.6 52.7884
    endloop
  endfacet
  facet normal 0 -1 0
    outer loop
      vertex -31.6 55.6 57.6
      vertex -18.5501 55.6 52.3136
      vertex -18.4287 55.6 52.56
    endloop
  endfacet
  facet normal 0 -1 0
    outer loop
      vertex -31.6 55.6 57.6
      vertex -18.6384 55.6 52.0535
      vertex -18.5501 55.6 52.3136
    endloop
  endfacet
  facet normal 0 -1 0
    outer loop
      vertex -31.6 55.6 57.6
      vertex -18.692 55.6 51.7841
      vertex -18.6384 55.6 52.0535
    endloop
  endfacet
  facet normal 0 -1 0
    outer loop
      vertex -31.6 55.6 57.6
      vertex -18.71 55.6 51.51
      vertex -18.692 55.6 51.7841
    endloop
  endfacet
  facet normal 0 -1 0
    outer loop
      vertex -31.6 55.6 57.6
      vertex -18.692 55.6 51.2359
      vertex -18.71 55.6 51.51
    endloop
  endfacet
  facet normal 0 -1 0
    outer loop
      vertex -31.6 55.6 57.6
      vertex -18.6384 55.6 50.9665
      vertex -18.692 55.6 51.2359
    endloop
  endfacet
  facet normal 0 -1 0
    outer loop
      vertex -31.6 55.6 57.6
      vertex -18.5501 55.6 50.7064
      vertex -18.6384 55.6 50.9665
    endloop
  endfacet
  facet normal 0 -1 0
    outer loop
      vertex -31.6 55.6 57.6
      vertex -18.4287 55.6 50.46
      vertex -18.5501 55.6 50.7064
    endloop
  endfacet
  facet normal 0 -1 0
    outer loop
      vertex -31.6 55.6 57.6
      vertex -18.276 55.6 50.2316
      vertex -18.4287 55.6 50.46
    endloop
  endfacet
  facet normal 0 -1 0
    outer loop
      vertex -31.6 55.6 57.6
      vertex -18.0949 55.6 50.0251
      vertex -18.276 55.6 50.2316
    endloop
  endfacet
  facet normal 0 -1 0
    outer loop
      vertex -31.6 55.6 2.4
      vertex -18.0949 55.6 50.0251
      vertex -31.6 55.6 57.6
    endloop
  endfacet
  facet normal 0 -1 -0
    outer loop
      vertex -18.0949 55.6 50.0251
      vertex -31.6 55.6 2.4
      vertex -17.8884 55.6 49.844
    endloop
  endfacet
  facet normal 0 -1 0
    outer loop
      vertex -14.6641 55.6 9.68203
      vertex -16.61 55.6 49.41
      vertex -16.8841 55.6 49.428
    endloop
  endfacet
  facet normal 0 -1 0
    outer loop
      vertex -14.9335 55.6 9.62844
      vertex -16.8841 55.6 49.428
      vertex -17.1535 55.6 49.4816
    endloop
  endfacet
  facet normal 0 -1 0
    outer loop
      vertex -15.1936 55.6 9.54015
      vertex -17.1535 55.6 49.4816
      vertex -17.4136 55.6 49.5699
    endloop
  endfacet
  facet normal 0 -1 0
    outer loop
      vertex -15.44 55.6 9.41865
      vertex -17.4136 55.6 49.5699
      vertex -17.66 55.6 49.6913
    endloop
  endfacet
  facet normal -0 -1 0
    outer loop
      vertex -15.8749 55.6 9.08492
      vertex -17.8884 55.6 49.844
      vertex -31.6 55.6 2.4
    endloop
  endfacet
  facet normal 0 -1 0
    outer loop
      vertex -16.61 55.6 49.41
      vertex 9.43589 55.6 12.782
      vertex 9.71 55.6 12.8
    endloop
  endfacet
  facet normal 0 -1 0
    outer loop
      vertex -16.61 55.6 49.41
      vertex 9.16648 55.6 12.7284
      vertex 9.43589 55.6 12.782
    endloop
  endfacet
  facet normal 0 -1 0
    outer loop
      vertex -16.61 55.6 49.41
      vertex 8.90636 55.6 12.6401
      vertex 9.16648 55.6 12.7284
    endloop
  endfacet
  facet normal 0 -1 0
    outer loop
      vertex -16.61 55.6 49.41
      vertex 8.66 55.6 12.5187
      vertex 8.90636 55.6 12.6401
    endloop
  endfacet
  facet normal 0 -1 0
    outer loop
      vertex -16.61 55.6 49.41
      vertex -13.8465 55.6 9.62844
      vertex -13.5864 55.6 9.54015
    endloop
  endfacet
  facet normal 0 -1 0
    outer loop
      vertex -16.61 55.6 49.41
      vertex 8.4316 55.6 12.366
      vertex 8.66 55.6 12.5187
    endloop
  endfacet
  facet normal 0 -1 0
    outer loop
      vertex -16.61 55.6 49.41
      vertex -13.5864 55.6 9.54015
      vertex 8.4316 55.6 12.366
    endloop
  endfacet
  facet normal 0 -1 0
    outer loop
      vertex -2 55.6 8
      vertex 8.4316 55.6 12.366
      vertex -13.5864 55.6 9.54015
    endloop
  endfacet
  facet normal 0 -1 0
    outer loop
      vertex 8.4316 55.6 12.366
      vertex -2 55.6 8
      vertex 8.22508 55.6 12.1849
    endloop
  endfacet
  facet normal 0 -1 0
    outer loop
      vertex 8.22508 55.6 12.1849
      vertex -2 55.6 8
      vertex 8.04396 55.6 11.9784
    endloop
  endfacet
  facet normal 0 -1 0
    outer loop
      vertex 8.04396 55.6 11.9784
      vertex -2 55.6 8
      vertex 7.89135 55.6 11.75
    endloop
  endfacet
  facet normal 0 -1 0
    outer loop
      vertex 7.89135 55.6 11.75
      vertex -2 55.6 8
      vertex 7.76985 55.6 11.5036
    endloop
  endfacet
  facet normal 0 -1 0
    outer loop
      vertex 7.76985 55.6 11.5036
      vertex -2 55.6 8
      vertex 7.68156 55.6 11.2435
    endloop
  endfacet
  facet normal 0 -1 0
    outer loop
      vertex 7.68156 55.6 11.2435
      vertex -2 55.6 8
      vertex 7.62796 55.6 10.9741
    endloop
  endfacet
  facet normal 0 -1 0
    outer loop
      vertex 7.62796 55.6 10.9741
      vertex -2 55.6 8
      vertex 7.61 55.6 10.7
    endloop
  endfacet
  facet normal 0 -1 0
    outer loop
      vertex -16.61 55.6 49.41
      vertex -14.39 55.6 9.7
      vertex -14.1159 55.6 9.68203
    endloop
  endfacet
  facet normal 0 -1 0
    outer loop
      vertex -16.61 55.6 49.41
      vertex -14.6641 55.6 9.68203
      vertex -14.39 55.6 9.7
    endloop
  endfacet
  facet normal 0 -1 0
    outer loop
      vertex -16.8841 55.6 49.428
      vertex -14.9335 55.6 9.62844
      vertex -14.6641 55.6 9.68203
    endloop
  endfacet
  facet normal 0 -1 0
    outer loop
      vertex -17.1535 55.6 49.4816
      vertex -15.1936 55.6 9.54015
      vertex -14.9335 55.6 9.62844
    endloop
  endfacet
  facet normal 0 -1 0
    outer loop
      vertex -17.4136 55.6 49.5699
      vertex -15.44 55.6 9.41865
      vertex -15.1936 55.6 9.54015
    endloop
  endfacet
  facet normal 0 -1 0
    outer loop
      vertex -17.66 55.6 49.6913
      vertex -15.6684 55.6 9.26604
      vertex -15.44 55.6 9.41865
    endloop
  endfacet
  facet normal 0 -1 0
    outer loop
      vertex -17.8884 55.6 49.844
      vertex -15.6684 55.6 9.26604
      vertex -17.66 55.6 49.6913
    endloop
  endfacet
  facet normal -0 -1 0
    outer loop
      vertex -15.6684 55.6 9.26604
      vertex -17.8884 55.6 49.844
      vertex -15.8749 55.6 9.08492
    endloop
  endfacet
  facet normal 0 -1 0
    outer loop
      vertex -15.8749 55.6 9.08492
      vertex -31.6 55.6 2.4
      vertex -16.056 55.6 8.8784
    endloop
  endfacet
  facet normal 0 -1 0
    outer loop
      vertex -16.056 55.6 8.8784
      vertex -31.6 55.6 2.4
      vertex -16.2087 55.6 8.65
    endloop
  endfacet
  facet normal 0 -1 0
    outer loop
      vertex -16.2087 55.6 8.65
      vertex -31.6 55.6 2.4
      vertex -16.3301 55.6 8.40364
    endloop
  endfacet
  facet normal 0 -1 0
    outer loop
      vertex -16.3301 55.6 8.40364
      vertex -31.6 55.6 2.4
      vertex -16.4184 55.6 8.14352
    endloop
  endfacet
  facet normal 0 -1 0
    outer loop
      vertex -16.4184 55.6 8.14352
      vertex -31.6 55.6 2.4
      vertex -16.472 55.6 7.8741
    endloop
  endfacet
  facet normal 0 -1 0
    outer loop
      vertex -16.472 55.6 7.8741
      vertex -31.6 55.6 2.4
      vertex -16.49 55.6 7.6
    endloop
  endfacet
  facet normal 0 -1 -0
    outer loop
      vertex -16.49 55.6 7.6
      vertex -31.6 55.6 2.4
      vertex -16.472 55.6 7.32589
    endloop
  endfacet
  facet normal 0 -1 0
    outer loop
      vertex -14.9335 55.6 5.57156
      vertex -14 55.6 2.4
      vertex -14.6641 55.6 5.51797
    endloop
  endfacet
  facet normal 0 -1 0
    outer loop
      vertex -15.1936 55.6 5.65985
      vertex -14 55.6 2.4
      vertex -14.9335 55.6 5.57156
    endloop
  endfacet
  facet normal 0 -1 0
    outer loop
      vertex -15.44 55.6 5.78135
      vertex -14 55.6 2.4
      vertex -15.1936 55.6 5.65985
    endloop
  endfacet
  facet normal 0 -1 0
    outer loop
      vertex -15.6684 55.6 5.93396
      vertex -14 55.6 2.4
      vertex -15.44 55.6 5.78135
    endloop
  endfacet
  facet normal 0 -1 0
    outer loop
      vertex -15.8749 55.6 6.11508
      vertex -14 55.6 2.4
      vertex -15.6684 55.6 5.93396
    endloop
  endfacet
  facet normal 0 -1 0
    outer loop
      vertex -14 55.6 2.4
      vertex -15.8749 55.6 6.11508
      vertex -31.6 55.6 2.4
    endloop
  endfacet
  facet normal 0 -1 -0
    outer loop
      vertex -16.056 55.6 6.3216
      vertex -31.6 55.6 2.4
      vertex -15.8749 55.6 6.11508
    endloop
  endfacet
  facet normal 0 -1 -0
    outer loop
      vertex -16.2087 55.6 6.55
      vertex -31.6 55.6 2.4
      vertex -16.056 55.6 6.3216
    endloop
  endfacet
  facet normal 0 -1 -0
    outer loop
      vertex -16.3301 55.6 6.79636
      vertex -31.6 55.6 2.4
      vertex -16.2087 55.6 6.55
    endloop
  endfacet
  facet normal 0 -1 -0
    outer loop
      vertex -16.4184 55.6 7.05648
      vertex -31.6 55.6 2.4
      vertex -16.3301 55.6 6.79636
    endloop
  endfacet
  facet normal 0 -1 -0
    outer loop
      vertex -16.472 55.6 7.32589
      vertex -31.6 55.6 2.4
      vertex -16.4184 55.6 7.05648
    endloop
  endfacet
  facet normal 0 -1 0
    outer loop
      vertex 3.0641 55.6 53.792
      vertex 31.6 55.6 57.6
      vertex 2.79 55.6 53.81
    endloop
  endfacet
  facet normal 0 -1 0
    outer loop
      vertex 3.33352 55.6 53.7384
      vertex 31.6 55.6 57.6
      vertex 3.0641 55.6 53.792
    endloop
  endfacet
  facet normal 0 -1 0
    outer loop
      vertex 3.59363 55.6 53.6501
      vertex 31.6 55.6 57.6
      vertex 3.33352 55.6 53.7384
    endloop
  endfacet
  facet normal 0 -1 0
    outer loop
      vertex 3.84 55.6 53.5287
      vertex 31.6 55.6 57.6
      vertex 3.59363 55.6 53.6501
    endloop
  endfacet
  facet normal 0 -1 0
    outer loop
      vertex 4.0684 55.6 53.376
      vertex 31.6 55.6 57.6
      vertex 3.84 55.6 53.5287
    endloop
  endfacet
  facet normal 0 -1 0
    outer loop
      vertex 4.27492 55.6 53.1949
      vertex 31.6 55.6 57.6
      vertex 4.0684 55.6 53.376
    endloop
  endfacet
  facet normal 0 -1 0
    outer loop
      vertex 4.45604 55.6 52.9884
      vertex 31.6 55.6 57.6
      vertex 4.27492 55.6 53.1949
    endloop
  endfacet
  facet normal 0 -1 0
    outer loop
      vertex 4.60865 55.6 52.76
      vertex 31.6 55.6 57.6
      vertex 4.45604 55.6 52.9884
    endloop
  endfacet
  facet normal 0 -1 0
    outer loop
      vertex 4.73015 55.6 52.5136
      vertex 31.6 55.6 57.6
      vertex 4.60865 55.6 52.76
    endloop
  endfacet
  facet normal 0 -1 0
    outer loop
      vertex 4.81844 55.6 52.2535
      vertex 31.6 55.6 57.6
      vertex 4.73015 55.6 52.5136
    endloop
  endfacet
  facet normal 0 -1 0
    outer loop
      vertex 4.87203 55.6 51.9841
      vertex 31.6 55.6 57.6
      vertex 4.81844 55.6 52.2535
    endloop
  endfacet
  facet normal 0 -1 0
    outer loop
      vertex 4.89 55.6 51.71
      vertex 31.6 55.6 57.6
      vertex 4.87203 55.6 51.9841
    endloop
  endfacet
  facet normal 0 -1 0
    outer loop
      vertex 4.87203 55.6 51.4359
      vertex 31.6 55.6 57.6
      vertex 4.89 55.6 51.71
    endloop
  endfacet
  facet normal 0 -1 0
    outer loop
      vertex 4.81844 55.6 51.1665
      vertex 31.6 55.6 57.6
      vertex 4.87203 55.6 51.4359
    endloop
  endfacet
  facet normal 0 -1 0
    outer loop
      vertex 4.73015 55.6 50.9064
      vertex 31.6 55.6 57.6
      vertex 4.81844 55.6 51.1665
    endloop
  endfacet
  facet normal 0 -1 0
    outer loop
      vertex 4.60865 55.6 50.66
      vertex 31.6 55.6 57.6
      vertex 4.73015 55.6 50.9064
    endloop
  endfacet
  facet normal 0 -1 0
    outer loop
      vertex 4.45604 55.6 50.4316
      vertex 31.6 55.6 57.6
      vertex 4.60865 55.6 50.66
    endloop
  endfacet
  facet normal 0 -1 0
    outer loop
      vertex 10.76 55.6 12.5187
      vertex 4.45604 55.6 50.4316
      vertex 4.27492 55.6 50.2251
    endloop
  endfacet
  facet normal 0 -1 0
    outer loop
      vertex 10.5136 55.6 12.6401
      vertex 4.27492 55.6 50.2251
      vertex 4.0684 55.6 50.044
    endloop
  endfacet
  facet normal 0 -1 0
    outer loop
      vertex 10.2535 55.6 12.7284
      vertex 4.0684 55.6 50.044
      vertex 3.84 55.6 49.8913
    endloop
  endfacet
  facet normal 0 -1 0
    outer loop
      vertex 9.9841 55.6 12.782
      vertex 3.84 55.6 49.8913
      vertex 3.59363 55.6 49.7699
    endloop
  endfacet
  facet normal 0 -1 0
    outer loop
      vertex 9.71 55.6 12.8
      vertex 3.59363 55.6 49.7699
      vertex 3.33352 55.6 49.6816
    endloop
  endfacet
  facet normal 0 -1 0
    outer loop
      vertex 2.24648 55.6 49.6816
      vertex 9.71 55.6 12.8
      vertex 2.51589 55.6 49.628
    endloop
  endfacet
  facet normal 0 -1 0
    outer loop
      vertex 9.71 55.6 12.8
      vertex -16.0665 55.6 49.4816
      vertex -16.3359 55.6 49.428
    endloop
  endfacet
  facet normal 0 -1 0
    outer loop
      vertex 9.71 55.6 12.8
      vertex -16.3359 55.6 49.428
      vertex -16.61 55.6 49.41
    endloop
  endfacet
  facet normal 0 -1 0
    outer loop
      vertex 2.51589 55.6 49.628
      vertex 9.71 55.6 12.8
      vertex 2.79 55.6 49.61
    endloop
  endfacet
  facet normal 0 -1 0
    outer loop
      vertex 9.71 55.6 12.8
      vertex 3.0641 55.6 49.628
      vertex 2.79 55.6 49.61
    endloop
  endfacet
  facet normal 0 -1 0
    outer loop
      vertex 9.71 55.6 12.8
      vertex 3.33352 55.6 49.6816
      vertex 3.0641 55.6 49.628
    endloop
  endfacet
  facet normal 0 -1 0
    outer loop
      vertex 3.59363 55.6 49.7699
      vertex 9.71 55.6 12.8
      vertex 9.9841 55.6 12.782
    endloop
  endfacet
  facet normal 0 -1 0
    outer loop
      vertex 3.84 55.6 49.8913
      vertex 9.9841 55.6 12.782
      vertex 10.2535 55.6 12.7284
    endloop
  endfacet
  facet normal 0 -1 0
    outer loop
      vertex 4.0684 55.6 50.044
      vertex 10.2535 55.6 12.7284
      vertex 10.5136 55.6 12.6401
    endloop
  endfacet
  facet normal 0 -1 0
    outer loop
      vertex 4.27492 55.6 50.2251
      vertex 10.5136 55.6 12.6401
      vertex 10.76 55.6 12.5187
    endloop
  endfacet
  facet normal 0 -1 0
    outer loop
      vertex 4.45604 55.6 50.4316
      vertex 10.76 55.6 12.5187
      vertex 31.6 55.6 57.6
    endloop
  endfacet
  facet normal 0 -1 0
    outer loop
      vertex 10.9884 55.6 12.366
      vertex 31.6 55.6 57.6
      vertex 10.76 55.6 12.5187
    endloop
  endfacet
  facet normal 0 -1 0
    outer loop
      vertex 11.1949 55.6 12.1849
      vertex 31.6 55.6 57.6
      vertex 10.9884 55.6 12.366
    endloop
  endfacet
  facet normal 0 -1 0
    outer loop
      vertex 11.376 55.6 11.9784
      vertex 31.6 55.6 57.6
      vertex 11.1949 55.6 12.1849
    endloop
  endfacet
  facet normal 0 -1 0
    outer loop
      vertex 31.6 55.6 2.4
      vertex 11.376 55.6 11.9784
      vertex 11.5287 55.6 11.75
    endloop
  endfacet
  facet normal 0 -1 0
    outer loop
      vertex 31.6 55.6 2.4
      vertex 11.5287 55.6 11.75
      vertex 11.6501 55.6 11.5036
    endloop
  endfacet
  facet normal 0 -1 0
    outer loop
      vertex 31.6 55.6 2.4
      vertex 11.6501 55.6 11.5036
      vertex 11.7384 55.6 11.2435
    endloop
  endfacet
  facet normal 0 -1 0
    outer loop
      vertex 31.6 55.6 2.4
      vertex 11.7384 55.6 11.2435
      vertex 11.792 55.6 10.9741
    endloop
  endfacet
  facet normal 0 -1 0
    outer loop
      vertex 31.6 55.6 2.4
      vertex 11.792 55.6 10.9741
      vertex 11.81 55.6 10.7
    endloop
  endfacet
  facet normal 0 -1 0
    outer loop
      vertex 31.6 55.6 2.4
      vertex 11.81 55.6 10.7
      vertex 11.792 55.6 10.4259
    endloop
  endfacet
  facet normal 0 -1 0
    outer loop
      vertex 31.6 55.6 2.4
      vertex 11.792 55.6 10.4259
      vertex 11.7384 55.6 10.1565
    endloop
  endfacet
  facet normal 0 -1 0
    outer loop
      vertex 31.6 55.6 2.4
      vertex 11.7384 55.6 10.1565
      vertex 11.6501 55.6 9.89636
    endloop
  endfacet
  facet normal 0 -1 -0
    outer loop
      vertex 8.90636 55.6 8.75985
      vertex -2 55.6 2.4
      vertex 9.16648 55.6 8.67156
    endloop
  endfacet
  facet normal 0 -1 0
    outer loop
      vertex -2 55.6 8
      vertex -12.3616 55.6 8.14352
      vertex -12.333 55.6 8
    endloop
  endfacet
  facet normal 0 -1 -0
    outer loop
      vertex 9.16648 55.6 8.67156
      vertex -2 55.6 2.4
      vertex 9.43589 55.6 8.61797
    endloop
  endfacet
  facet normal 0 -1 -0
    outer loop
      vertex 9.43589 55.6 8.61797
      vertex -2 55.6 2.4
      vertex 9.71 55.6 8.6
    endloop
  endfacet
  facet normal 0 -1 0
    outer loop
      vertex -2 55.6 2.4
      vertex 9.9841 55.6 8.61797
      vertex 9.71 55.6 8.6
    endloop
  endfacet
  facet normal 0 -1 0
    outer loop
      vertex -2 55.6 2.4
      vertex 10.2535 55.6 8.67156
      vertex 9.9841 55.6 8.61797
    endloop
  endfacet
  facet normal 0 -1 0
    outer loop
      vertex 31.6 55.6 2.4
      vertex 10.2535 55.6 8.67156
      vertex -2 55.6 2.4
    endloop
  endfacet
  facet normal 0 -1 0
    outer loop
      vertex 10.2535 55.6 8.67156
      vertex 31.6 55.6 2.4
      vertex 10.5136 55.6 8.75985
    endloop
  endfacet
  facet normal 0 -1 0
    outer loop
      vertex 11.376 55.6 11.9784
      vertex 31.6 55.6 2.4
      vertex 31.6 55.6 57.6
    endloop
  endfacet
  facet normal 0 -1 0
    outer loop
      vertex 11.5287 55.6 9.65
      vertex 31.6 55.6 2.4
      vertex 11.6501 55.6 9.89636
    endloop
  endfacet
  facet normal 0 -1 0
    outer loop
      vertex 11.376 55.6 9.4216
      vertex 31.6 55.6 2.4
      vertex 11.5287 55.6 9.65
    endloop
  endfacet
  facet normal 0 -1 0
    outer loop
      vertex 11.1949 55.6 9.21508
      vertex 31.6 55.6 2.4
      vertex 11.376 55.6 9.4216
    endloop
  endfacet
  facet normal 0 -1 0
    outer loop
      vertex 10.9884 55.6 9.03396
      vertex 31.6 55.6 2.4
      vertex 11.1949 55.6 9.21508
    endloop
  endfacet
  facet normal 0 -1 0
    outer loop
      vertex 10.76 55.6 8.88135
      vertex 31.6 55.6 2.4
      vertex 10.9884 55.6 9.03396
    endloop
  endfacet
  facet normal 0 -1 0
    outer loop
      vertex 10.5136 55.6 8.75985
      vertex 31.6 55.6 2.4
      vertex 10.76 55.6 8.88135
    endloop
  endfacet
  facet normal 0 -1 0
    outer loop
      vertex -16.0665 55.6 53.5384
      vertex 2.24648 55.6 53.7384
      vertex -16.3359 55.6 53.592
    endloop
  endfacet
  facet normal 0 -1 0
    outer loop
      vertex 2.24648 55.6 53.7384
      vertex -16.0665 55.6 53.5384
      vertex 1.98636 55.6 53.6501
    endloop
  endfacet
  facet normal 0 -1 0
    outer loop
      vertex -15.8064 55.6 53.4501
      vertex 1.98636 55.6 53.6501
      vertex -16.0665 55.6 53.5384
    endloop
  endfacet
  facet normal 0 -1 0
    outer loop
      vertex 1.98636 55.6 53.6501
      vertex -15.8064 55.6 53.4501
      vertex 1.74 55.6 53.5287
    endloop
  endfacet
  facet normal 0 -1 0
    outer loop
      vertex -15.56 55.6 53.3287
      vertex 1.74 55.6 53.5287
      vertex -15.8064 55.6 53.4501
    endloop
  endfacet
  facet normal 0 -1 0
    outer loop
      vertex 1.74 55.6 53.5287
      vertex -15.56 55.6 53.3287
      vertex 1.5116 55.6 53.376
    endloop
  endfacet
  facet normal 0 -1 0
    outer loop
      vertex -15.3316 55.6 53.176
      vertex 1.5116 55.6 53.376
      vertex -15.56 55.6 53.3287
    endloop
  endfacet
  facet normal 0 -1 0
    outer loop
      vertex 1.5116 55.6 53.376
      vertex -15.3316 55.6 53.176
      vertex 1.30508 55.6 53.1949
    endloop
  endfacet
  facet normal 0 -1 0
    outer loop
      vertex -15.1251 55.6 52.9949
      vertex 1.30508 55.6 53.1949
      vertex -15.3316 55.6 53.176
    endloop
  endfacet
  facet normal 0 -1 0
    outer loop
      vertex -15.1251 55.6 52.9949
      vertex 1.12396 55.6 52.9884
      vertex 1.30508 55.6 53.1949
    endloop
  endfacet
  facet normal 0 -1 0
    outer loop
      vertex -14.944 55.6 52.7884
      vertex 1.12396 55.6 52.9884
      vertex -15.1251 55.6 52.9949
    endloop
  endfacet
  facet normal 0 -1 0
    outer loop
      vertex -14.944 55.6 52.7884
      vertex 0.971346 55.6 52.76
      vertex 1.12396 55.6 52.9884
    endloop
  endfacet
  facet normal 0 -1 0
    outer loop
      vertex -14.7913 55.6 52.56
      vertex 0.971346 55.6 52.76
      vertex -14.944 55.6 52.7884
    endloop
  endfacet
  facet normal 0 -1 0
    outer loop
      vertex -14.7913 55.6 52.56
      vertex 0.849853 55.6 52.5136
      vertex 0.971346 55.6 52.76
    endloop
  endfacet
  facet normal 0 -1 0
    outer loop
      vertex -14.6699 55.6 52.3136
      vertex 0.849853 55.6 52.5136
      vertex -14.7913 55.6 52.56
    endloop
  endfacet
  facet normal 0 -1 0
    outer loop
      vertex -14.6699 55.6 52.3136
      vertex 0.761556 55.6 52.2535
      vertex 0.849853 55.6 52.5136
    endloop
  endfacet
  facet normal 0 -1 0
    outer loop
      vertex -14.5816 55.6 52.0535
      vertex 0.761556 55.6 52.2535
      vertex -14.6699 55.6 52.3136
    endloop
  endfacet
  facet normal 0 -1 0
    outer loop
      vertex -14.5816 55.6 52.0535
      vertex 0.707965 55.6 51.9841
      vertex 0.761556 55.6 52.2535
    endloop
  endfacet
  facet normal 0 -1 0
    outer loop
      vertex -14.528 55.6 51.7841
      vertex 0.707965 55.6 51.9841
      vertex -14.5816 55.6 52.0535
    endloop
  endfacet
  facet normal 0 -1 0
    outer loop
      vertex -14.528 55.6 51.7841
      vertex 0.69 55.6 51.71
      vertex 0.707965 55.6 51.9841
    endloop
  endfacet
  facet normal 0 -1 0
    outer loop
      vertex -14.51 55.6 51.51
      vertex 0.69 55.6 51.71
      vertex -14.528 55.6 51.7841
    endloop
  endfacet
  facet normal 0 -1 0
    outer loop
      vertex -14.51 55.6 51.51
      vertex 0.707965 55.6 51.4359
      vertex 0.69 55.6 51.71
    endloop
  endfacet
  facet normal 0 -1 0
    outer loop
      vertex -14.528 55.6 51.2359
      vertex 0.707965 55.6 51.4359
      vertex -14.51 55.6 51.51
    endloop
  endfacet
  facet normal 0 -1 0
    outer loop
      vertex -14.528 55.6 51.2359
      vertex 0.761556 55.6 51.1665
      vertex 0.707965 55.6 51.4359
    endloop
  endfacet
  facet normal 0 -1 0
    outer loop
      vertex -14.5816 55.6 50.9665
      vertex 0.761556 55.6 51.1665
      vertex -14.528 55.6 51.2359
    endloop
  endfacet
  facet normal 0 -1 0
    outer loop
      vertex -14.5816 55.6 50.9665
      vertex 0.849853 55.6 50.9064
      vertex 0.761556 55.6 51.1665
    endloop
  endfacet
  facet normal 0 -1 0
    outer loop
      vertex -14.6699 55.6 50.7064
      vertex 0.849853 55.6 50.9064
      vertex -14.5816 55.6 50.9665
    endloop
  endfacet
  facet normal 0 -1 0
    outer loop
      vertex -14.6699 55.6 50.7064
      vertex 0.971346 55.6 50.66
      vertex 0.849853 55.6 50.9064
    endloop
  endfacet
  facet normal 0 -1 0
    outer loop
      vertex -14.7913 55.6 50.46
      vertex 0.971346 55.6 50.66
      vertex -14.6699 55.6 50.7064
    endloop
  endfacet
  facet normal 0 -1 0
    outer loop
      vertex -14.7913 55.6 50.46
      vertex 1.12396 55.6 50.4316
      vertex 0.971346 55.6 50.66
    endloop
  endfacet
  facet normal 0 -1 0
    outer loop
      vertex -14.944 55.6 50.2316
      vertex 1.12396 55.6 50.4316
      vertex -14.7913 55.6 50.46
    endloop
  endfacet
  facet normal 0 -1 0
    outer loop
      vertex -14.944 55.6 50.2316
      vertex 1.30508 55.6 50.2251
      vertex 1.12396 55.6 50.4316
    endloop
  endfacet
  facet normal 0 -1 0
    outer loop
      vertex -15.1251 55.6 50.0251
      vertex 1.30508 55.6 50.2251
      vertex -14.944 55.6 50.2316
    endloop
  endfacet
  facet normal 0 -1 -0
    outer loop
      vertex 1.30508 55.6 50.2251
      vertex -15.1251 55.6 50.0251
      vertex 1.5116 55.6 50.044
    endloop
  endfacet
  facet normal 0 -1 0
    outer loop
      vertex -15.3316 55.6 49.844
      vertex 1.5116 55.6 50.044
      vertex -15.1251 55.6 50.0251
    endloop
  endfacet
  facet normal 0 -1 -0
    outer loop
      vertex 1.5116 55.6 50.044
      vertex -15.3316 55.6 49.844
      vertex 1.74 55.6 49.8913
    endloop
  endfacet
  facet normal 0 -1 0
    outer loop
      vertex -15.56 55.6 49.6913
      vertex 1.74 55.6 49.8913
      vertex -15.3316 55.6 49.844
    endloop
  endfacet
  facet normal 0 -1 -0
    outer loop
      vertex 1.74 55.6 49.8913
      vertex -15.56 55.6 49.6913
      vertex 1.98636 55.6 49.7699
    endloop
  endfacet
  facet normal 0 -1 0
    outer loop
      vertex -15.8064 55.6 49.5699
      vertex 1.98636 55.6 49.7699
      vertex -15.56 55.6 49.6913
    endloop
  endfacet
  facet normal 0 -1 0
    outer loop
      vertex 9.71 55.6 12.8
      vertex 1.98636 55.6 49.7699
      vertex -15.8064 55.6 49.5699
    endloop
  endfacet
  facet normal 0 -1 0
    outer loop
      vertex 9.71 55.6 12.8
      vertex -15.8064 55.6 49.5699
      vertex -16.0665 55.6 49.4816
    endloop
  endfacet
  facet normal 0 -1 0
    outer loop
      vertex 1.98636 55.6 49.7699
      vertex 9.71 55.6 12.8
      vertex 2.24648 55.6 49.6816
    endloop
  endfacet
  facet normal 0 -1 0
    outer loop
      vertex -16.61 55.6 49.41
      vertex -14.1159 55.6 9.68203
      vertex -13.8465 55.6 9.62844
    endloop
  endfacet
  facet normal 0 -1 -0
    outer loop
      vertex 7.62796 55.6 10.4259
      vertex -2 55.6 8
      vertex 7.68156 55.6 10.1565
    endloop
  endfacet
  facet normal 0 -1 -0
    outer loop
      vertex 7.61 55.6 10.7
      vertex -2 55.6 8
      vertex 7.62796 55.6 10.4259
    endloop
  endfacet
  facet normal 0 -1 0
    outer loop
      vertex -2 55.6 8
      vertex -13.5864 55.6 9.54015
      vertex -13.34 55.6 9.41865
    endloop
  endfacet
  facet normal 0 -1 0
    outer loop
      vertex -2 55.6 8
      vertex -13.34 55.6 9.41865
      vertex -13.1116 55.6 9.26604
    endloop
  endfacet
  facet normal 0 -1 0
    outer loop
      vertex -2 55.6 8
      vertex -13.1116 55.6 9.26604
      vertex -12.9051 55.6 9.08492
    endloop
  endfacet
  facet normal 0 -1 0
    outer loop
      vertex -2 55.6 8
      vertex -12.9051 55.6 9.08492
      vertex -12.724 55.6 8.8784
    endloop
  endfacet
  facet normal 0 -1 0
    outer loop
      vertex -2 55.6 8
      vertex -12.724 55.6 8.8784
      vertex -12.5713 55.6 8.65
    endloop
  endfacet
  facet normal 0 -1 0
    outer loop
      vertex -2 55.6 8
      vertex -12.5713 55.6 8.65
      vertex -12.4499 55.6 8.40364
    endloop
  endfacet
  facet normal 0 -1 0
    outer loop
      vertex -2 55.6 8
      vertex -12.4499 55.6 8.40364
      vertex -12.3616 55.6 8.14352
    endloop
  endfacet
  facet normal 0 -1 -0
    outer loop
      vertex 7.68156 55.6 10.1565
      vertex -2 55.6 8
      vertex 7.76985 55.6 9.89636
    endloop
  endfacet
  facet normal 0 -1 -0
    outer loop
      vertex 7.76985 55.6 9.89636
      vertex -2 55.6 8
      vertex 7.89135 55.6 9.65
    endloop
  endfacet
  facet normal 0 -1 -0
    outer loop
      vertex 7.89135 55.6 9.65
      vertex -2 55.6 8
      vertex 8.04396 55.6 9.4216
    endloop
  endfacet
  facet normal 0 -1 -0
    outer loop
      vertex 8.04396 55.6 9.4216
      vertex -2 55.6 8
      vertex 8.22508 55.6 9.21508
    endloop
  endfacet
  facet normal 0 -1 0
    outer loop
      vertex -2 55.6 2.4
      vertex 8.22508 55.6 9.21508
      vertex -2 55.6 8
    endloop
  endfacet
  facet normal 0 -1 -0
    outer loop
      vertex 8.22508 55.6 9.21508
      vertex -2 55.6 2.4
      vertex 8.4316 55.6 9.03396
    endloop
  endfacet
  facet normal 0 -1 -0
    outer loop
      vertex 8.4316 55.6 9.03396
      vertex -2 55.6 2.4
      vertex 8.66 55.6 8.88135
    endloop
  endfacet
  facet normal 0 -1 -0
    outer loop
      vertex 8.66 55.6 8.88135
      vertex -2 55.6 2.4
      vertex 8.90636 55.6 8.75985
    endloop
  endfacet
  facet normal -1 0 0
    outer loop
      vertex -2 55.2858 0.21228
      vertex -2 55.6 2.4
      vertex -2 55.7692 0.41251
    endloop
  endfacet
  facet normal -1 0 0
    outer loop
      vertex -2 54.7804 0.0768595
      vertex -2 55.6 2.4
      vertex -2 55.2858 0.21228
    endloop
  endfacet
  facet normal -1 0 0
    outer loop
      vertex -2 54.2616 0.00856495
      vertex -2 55.6 2.4
      vertex -2 54.7804 0.0768595
    endloop
  endfacet
  facet normal -1 0 0
    outer loop
      vertex -2 3.73839 0.00856495
      vertex -2 55.6 2.4
      vertex -2 54.2616 0.00856495
    endloop
  endfacet
  facet normal -1 0 0
    outer loop
      vertex -2 0.342444 2.4
      vertex -2 3.73839 0.00856495
      vertex -2 3.21964 0.0768595
    endloop
  endfacet
  facet normal -1 0 0
    outer loop
      vertex -2 0.342444 2.4
      vertex -2 3.21964 0.0768595
      vertex -2 2.71424 0.21228
    endloop
  endfacet
  facet normal -1 0 0
    outer loop
      vertex -2 0.342444 2.4
      vertex -2 2.71424 0.21228
      vertex -2 2.23085 0.41251
    endloop
  endfacet
  facet normal -1 0 0
    outer loop
      vertex -2 0.342444 2.4
      vertex -2 2.23085 0.41251
      vertex -2 1.77772 0.674122
    endloop
  endfacet
  facet normal -1 0 0
    outer loop
      vertex -2 0.342444 2.4
      vertex -2 1.77772 0.674122
      vertex -2 1.36262 0.992641
    endloop
  endfacet
  facet normal -1 0 0
    outer loop
      vertex -2 0.342444 2.4
      vertex -2 1.36262 0.992641
      vertex -2 0.992641 1.36262
    endloop
  endfacet
  facet normal -1 0 0
    outer loop
      vertex -2 0.342444 2.4
      vertex -2 0.992641 1.36262
      vertex -2 0.674122 1.77772
    endloop
  endfacet
  facet normal -1 0 0
    outer loop
      vertex -2 0.342444 2.4
      vertex -2 0.674122 1.77772
      vertex -2 0.41251 2.23085
    endloop
  endfacet
  facet normal -1 0 0
    outer loop
      vertex -2 3.73839 0.00856495
      vertex -2 0.342444 2.4
      vertex -2 55.6 2.4
    endloop
  endfacet
  facet normal -1 0 0
    outer loop
      vertex -2 55.6 2.4
      vertex -2 57.9914 3.73839
      vertex -2 57.9231 3.21964
    endloop
  endfacet
  facet normal -1 0 0
    outer loop
      vertex -2 55.6 2.4
      vertex -2 57.9231 3.21964
      vertex -2 57.7877 2.71424
    endloop
  endfacet
  facet normal -1 0 0
    outer loop
      vertex -2 55.6 2.4
      vertex -2 57.7877 2.71424
      vertex -2 57.5875 2.23085
    endloop
  endfacet
  facet normal -1 0 0
    outer loop
      vertex -2 55.6 2.4
      vertex -2 57.5875 2.23085
      vertex -2 57.3259 1.77772
    endloop
  endfacet
  facet normal -1 0 0
    outer loop
      vertex -2 55.6 2.4
      vertex -2 57.3259 1.77772
      vertex -2 57.0074 1.36262
    endloop
  endfacet
  facet normal -1 0 0
    outer loop
      vertex -2 55.6 2.4
      vertex -2 57.0074 1.36262
      vertex -2 56.6374 0.992641
    endloop
  endfacet
  facet normal -1 0 0
    outer loop
      vertex -2 55.6 2.4
      vertex -2 56.6374 0.992641
      vertex -2 56.2223 0.674122
    endloop
  endfacet
  facet normal -1 0 0
    outer loop
      vertex -2 55.6 2.4
      vertex -2 56.2223 0.674122
      vertex -2 55.7692 0.41251
    endloop
  endfacet
  facet normal -1 -0 0
    outer loop
      vertex -2 57.9914 3.73839
      vertex -2 55.6 2.4
      vertex -2 55.6 8
    endloop
  endfacet
  facet normal -1 0 0
    outer loop
      vertex -2 57.9914 3.73839
      vertex -2 55.6 8
      vertex -2 57.9914 8
    endloop
  endfacet
  facet normal 0 0 -1
    outer loop
      vertex -12.333 55.7 8
      vertex -2 55.6 8
      vertex -12.333 55.6 8
    endloop
  endfacet
  facet normal 0 0 -1
    outer loop
      vertex -2 55.6 8
      vertex -12.333 55.7 8
      vertex -2 57.9914 8
    endloop
  endfacet
  facet normal 0 0 -1
    outer loop
      vertex -14 57.9914 8
      vertex -12.333 55.7 8
      vertex -14 55.7 8
    endloop
  endfacet
  facet normal 0 0 -1
    outer loop
      vertex -12.333 55.7 8
      vertex -14 57.9914 8
      vertex -2 57.9914 8
    endloop
  endfacet
  facet normal 1 -0 0
    outer loop
      vertex -14 55.7 5.54102
      vertex -14 57.9914 3.73839
      vertex -14 57.9914 8
    endloop
  endfacet
  facet normal 1 0 0
    outer loop
      vertex -14 55.6 2.4
      vertex -14 57.9914 3.73839
      vertex -14 55.7 5.54102
    endloop
  endfacet
  facet normal 1 0 0
    outer loop
      vertex -14 57.9914 3.73839
      vertex -14 55.6 2.4
      vertex -14 57.9231 3.21964
    endloop
  endfacet
  facet normal 1 0 0
    outer loop
      vertex -14 57.9231 3.21964
      vertex -14 55.6 2.4
      vertex -14 57.7877 2.71424
    endloop
  endfacet
  facet normal 1 0 0
    outer loop
      vertex -14 57.7877 2.71424
      vertex -14 55.6 2.4
      vertex -14 57.5875 2.23085
    endloop
  endfacet
  facet normal 1 0 0
    outer loop
      vertex -14 57.5875 2.23085
      vertex -14 55.6 2.4
      vertex -14 57.3259 1.77772
    endloop
  endfacet
  facet normal 1 0 0
    outer loop
      vertex -14 57.3259 1.77772
      vertex -14 55.6 2.4
      vertex -14 57.0074 1.36262
    endloop
  endfacet
  facet normal 1 0 0
    outer loop
      vertex -14 56.6374 0.992641
      vertex -14 55.6 2.4
      vertex -14 56.2223 0.674122
    endloop
  endfacet
  facet normal 1 0 0
    outer loop
      vertex -14 55.7 5.54102
      vertex -14 57.9914 8
      vertex -14 55.7 8
    endloop
  endfacet
  facet normal 1 0 0
    outer loop
      vertex -14 57.0074 1.36262
      vertex -14 55.6 2.4
      vertex -14 56.6374 0.992641
    endloop
  endfacet
  facet normal 1 0 0
    outer loop
      vertex -14 55.6 2.4
      vertex -14 55.7 5.54102
      vertex -14 55.6 5.54102
    endloop
  endfacet
  facet normal 1 0 0
    outer loop
      vertex -14 56.2223 0.674122
      vertex -14 55.6 2.4
      vertex -14 55.7692 0.41251
    endloop
  endfacet
  facet normal 1 0 0
    outer loop
      vertex -14 55.6 2.4
      vertex -14 55.2858 0.21228
      vertex -14 55.7692 0.41251
    endloop
  endfacet
  facet normal 1 0 0
    outer loop
      vertex -14 55.6 2.4
      vertex -14 54.7804 0.0768595
      vertex -14 55.2858 0.21228
    endloop
  endfacet
  facet normal 1 0 0
    outer loop
      vertex -14 55.6 2.4
      vertex -14 54.2616 0.00856495
      vertex -14 54.7804 0.0768595
    endloop
  endfacet
  facet normal 1 0 0
    outer loop
      vertex -14 55.6 2.4
      vertex -14 3.73839 0.00856495
      vertex -14 54.2616 0.00856495
    endloop
  endfacet
  facet normal 1 -0 0
    outer loop
      vertex -14 0.342444 2.4
      vertex -14 3.73839 0.00856495
      vertex -14 55.6 2.4
    endloop
  endfacet
  facet normal 1 0 0
    outer loop
      vertex -14 3.73839 0.00856495
      vertex -14 0.342444 2.4
      vertex -14 3.21964 0.0768595
    endloop
  endfacet
  facet normal 1 0 0
    outer loop
      vertex -14 3.21964 0.0768595
      vertex -14 0.342444 2.4
      vertex -14 2.71424 0.21228
    endloop
  endfacet
  facet normal 1 0 0
    outer loop
      vertex -14 2.71424 0.21228
      vertex -14 0.342444 2.4
      vertex -14 2.23085 0.41251
    endloop
  endfacet
  facet normal 1 0 0
    outer loop
      vertex -14 2.23085 0.41251
      vertex -14 0.342444 2.4
      vertex -14 1.77772 0.674122
    endloop
  endfacet
  facet normal 1 0 0
    outer loop
      vertex -14 1.77772 0.674122
      vertex -14 0.342444 2.4
      vertex -14 1.36262 0.992641
    endloop
  endfacet
  facet normal 1 0 0
    outer loop
      vertex -14 1.36262 0.992641
      vertex -14 0.342444 2.4
      vertex -14 0.992641 1.36262
    endloop
  endfacet
  facet normal 1 0 0
    outer loop
      vertex -14 0.992641 1.36262
      vertex -14 0.342444 2.4
      vertex -14 0.674122 1.77772
    endloop
  endfacet
  facet normal 1 0 0
    outer loop
      vertex -14 0.674122 1.77772
      vertex -14 0.342444 2.4
      vertex -14 0.41251 2.23085
    endloop
  endfacet
  facet normal 0.980776 -0 0.195136
    outer loop
      vertex -14.5816 14.8 52.0535
      vertex -14.528 55.6 51.7841
      vertex -14.5816 55.6 52.0535
    endloop
  endfacet
  facet normal 0.980776 0 0.195136
    outer loop
      vertex -14.528 55.6 51.7841
      vertex -14.5816 14.8 52.0535
      vertex -14.528 14.8 51.7841
    endloop
  endfacet
  facet normal 0.997851 -0 0.0655283
    outer loop
      vertex -14.528 14.8 51.7841
      vertex -14.51 55.6 51.51
      vertex -14.528 55.6 51.7841
    endloop
  endfacet
  facet normal 0.997851 0 0.0655283
    outer loop
      vertex -14.51 55.6 51.51
      vertex -14.528 14.8 51.7841
      vertex -14.51 14.8 51.51
    endloop
  endfacet
  facet normal -0.946921 0 0.321465
    outer loop
      vertex -18.6384 14.8 52.0535
      vertex -18.5501 55.6 52.3136
      vertex -18.6384 55.6 52.0535
    endloop
  endfacet
  facet normal -0.946921 0 0.321465
    outer loop
      vertex -18.5501 55.6 52.3136
      vertex -18.6384 14.8 52.0535
      vertex -18.5501 14.8 52.3136
    endloop
  endfacet
  facet normal -0.997851 0 0.0655283
    outer loop
      vertex -18.71 14.8 51.51
      vertex -18.692 55.6 51.7841
      vertex -18.71 55.6 51.51
    endloop
  endfacet
  facet normal -0.997851 0 0.0655283
    outer loop
      vertex -18.692 55.6 51.7841
      vertex -18.71 14.8 51.51
      vertex -18.692 14.8 51.7841
    endloop
  endfacet
  facet normal -0.0655283 0 -0.997851
    outer loop
      vertex -16.8841 14.8 49.428
      vertex -16.61 55.6 49.41
      vertex -16.61 14.8 49.41
    endloop
  endfacet
  facet normal -0.0655283 0 -0.997851
    outer loop
      vertex -16.61 55.6 49.41
      vertex -16.8841 14.8 49.428
      vertex -16.8841 55.6 49.428
    endloop
  endfacet
  facet normal 0.195136 0 -0.980776
    outer loop
      vertex -16.3359 14.8 49.428
      vertex -16.0665 55.6 49.4816
      vertex -16.0665 14.8 49.4816
    endloop
  endfacet
  facet normal 0.195136 0 -0.980776
    outer loop
      vertex -16.0665 55.6 49.4816
      vertex -16.3359 14.8 49.428
      vertex -16.3359 55.6 49.428
    endloop
  endfacet
  facet normal -0.321465 0 0.946921
    outer loop
      vertex -17.4136 55.6 53.4501
      vertex -17.1535 14.8 53.5384
      vertex -17.1535 55.6 53.5384
    endloop
  endfacet
  facet normal -0.321465 0 0.946921
    outer loop
      vertex -17.1535 14.8 53.5384
      vertex -17.4136 55.6 53.4501
      vertex -17.4136 14.8 53.4501
    endloop
  endfacet
  facet normal 0.555792 0 -0.831322
    outer loop
      vertex -15.56 14.8 49.6913
      vertex -15.3316 55.6 49.844
      vertex -15.3316 14.8 49.844
    endloop
  endfacet
  facet normal 0.555792 0 -0.831322
    outer loop
      vertex -15.3316 55.6 49.844
      vertex -15.56 14.8 49.6913
      vertex -15.56 55.6 49.6913
    endloop
  endfacet
  facet normal 0.0655283 0 0.997851
    outer loop
      vertex -16.61 55.6 53.61
      vertex -16.3359 14.8 53.592
      vertex -16.3359 55.6 53.592
    endloop
  endfacet
  facet normal 0.0655283 0 0.997851
    outer loop
      vertex -16.3359 14.8 53.592
      vertex -16.61 55.6 53.61
      vertex -16.61 14.8 53.61
    endloop
  endfacet
  facet normal 0.751832 -0 0.659355
    outer loop
      vertex -15.1251 14.8 52.9949
      vertex -14.944 55.6 52.7884
      vertex -15.1251 55.6 52.9949
    endloop
  endfacet
  facet normal 0.751832 0 0.659355
    outer loop
      vertex -14.944 55.6 52.7884
      vertex -15.1251 14.8 52.9949
      vertex -14.944 14.8 52.7884
    endloop
  endfacet
  facet normal 0.659355 0 -0.751832
    outer loop
      vertex -15.3316 14.8 49.844
      vertex -15.1251 55.6 50.0251
      vertex -15.1251 14.8 50.0251
    endloop
  endfacet
  facet normal 0.659355 0 -0.751832
    outer loop
      vertex -15.1251 55.6 50.0251
      vertex -15.3316 14.8 49.844
      vertex -15.3316 55.6 49.844
    endloop
  endfacet
  facet normal 0.946921 -0 0.321465
    outer loop
      vertex -14.6699 14.8 52.3136
      vertex -14.5816 55.6 52.0535
      vertex -14.6699 55.6 52.3136
    endloop
  endfacet
  facet normal 0.946921 0 0.321465
    outer loop
      vertex -14.5816 55.6 52.0535
      vertex -14.6699 14.8 52.3136
      vertex -14.5816 14.8 52.0535
    endloop
  endfacet
  facet normal 0.946921 0 -0.321465
    outer loop
      vertex -14.5816 14.8 50.9665
      vertex -14.6699 55.6 50.7064
      vertex -14.5816 55.6 50.9665
    endloop
  endfacet
  facet normal 0.946921 0 -0.321465
    outer loop
      vertex -14.6699 55.6 50.7064
      vertex -14.5816 14.8 50.9665
      vertex -14.6699 14.8 50.7064
    endloop
  endfacet
  facet normal -0.980776 0 -0.195136
    outer loop
      vertex -18.6384 14.8 50.9665
      vertex -18.692 55.6 51.2359
      vertex -18.6384 55.6 50.9665
    endloop
  endfacet
  facet normal -0.980776 -0 -0.195136
    outer loop
      vertex -18.692 55.6 51.2359
      vertex -18.6384 14.8 50.9665
      vertex -18.692 14.8 51.2359
    endloop
  endfacet
  facet normal -0.751832 0 0.659355
    outer loop
      vertex -18.276 14.8 52.7884
      vertex -18.0949 55.6 52.9949
      vertex -18.276 55.6 52.7884
    endloop
  endfacet
  facet normal -0.751832 0 0.659355
    outer loop
      vertex -18.0949 55.6 52.9949
      vertex -18.276 14.8 52.7884
      vertex -18.0949 14.8 52.9949
    endloop
  endfacet
  facet normal -0.441964 0 0.897033
    outer loop
      vertex -17.66 55.6 53.3287
      vertex -17.4136 14.8 53.4501
      vertex -17.4136 55.6 53.4501
    endloop
  endfacet
  facet normal -0.441964 0 0.897033
    outer loop
      vertex -17.4136 14.8 53.4501
      vertex -17.66 55.6 53.3287
      vertex -17.66 14.8 53.3287
    endloop
  endfacet
  facet normal -0.195136 0 0.980776
    outer loop
      vertex -17.1535 55.6 53.5384
      vertex -16.8841 14.8 53.592
      vertex -16.8841 55.6 53.592
    endloop
  endfacet
  facet normal -0.195136 0 0.980776
    outer loop
      vertex -16.8841 14.8 53.592
      vertex -17.1535 55.6 53.5384
      vertex -17.1535 14.8 53.5384
    endloop
  endfacet
  facet normal 0.897033 -0 0.441964
    outer loop
      vertex -14.7913 14.8 52.56
      vertex -14.6699 55.6 52.3136
      vertex -14.7913 55.6 52.56
    endloop
  endfacet
  facet normal 0.897033 0 0.441964
    outer loop
      vertex -14.6699 55.6 52.3136
      vertex -14.7913 14.8 52.56
      vertex -14.6699 14.8 52.3136
    endloop
  endfacet
  facet normal 0.0655283 0 -0.997851
    outer loop
      vertex -16.61 14.8 49.41
      vertex -16.3359 55.6 49.428
      vertex -16.3359 14.8 49.428
    endloop
  endfacet
  facet normal 0.0655283 0 -0.997851
    outer loop
      vertex -16.3359 55.6 49.428
      vertex -16.61 14.8 49.41
      vertex -16.61 55.6 49.41
    endloop
  endfacet
  facet normal 0 -1 0
    outer loop
      vertex -16.61 14.8 51.96
      vertex -16.61 14.8 53.61
      vertex -16.8841 14.8 53.592
    endloop
  endfacet
  facet normal 0 -1 0
    outer loop
      vertex -16.6687 14.8 51.9562
      vertex -16.8841 14.8 53.592
      vertex -17.1535 14.8 53.5384
    endloop
  endfacet
  facet normal 0 -1 0
    outer loop
      vertex -16.61 14.8 53.61
      vertex -16.61 14.8 51.96
      vertex -16.3359 14.8 53.592
    endloop
  endfacet
  facet normal 0 -1 0
    outer loop
      vertex -16.7265 14.8 51.9447
      vertex -17.1535 14.8 53.5384
      vertex -17.4136 14.8 53.4501
    endloop
  endfacet
  facet normal 0 -1 0
    outer loop
      vertex -16.5513 14.8 51.9562
      vertex -16.3359 14.8 53.592
      vertex -16.61 14.8 51.96
    endloop
  endfacet
  facet normal 0 -1 0
    outer loop
      vertex -16.7822 14.8 51.9257
      vertex -17.4136 14.8 53.4501
      vertex -17.66 14.8 53.3287
    endloop
  endfacet
  facet normal 0 -1 -0
    outer loop
      vertex -16.3359 14.8 53.592
      vertex -16.5513 14.8 51.9562
      vertex -16.0665 14.8 53.5384
    endloop
  endfacet
  facet normal 0 -1 0
    outer loop
      vertex -16.835 14.8 51.8997
      vertex -17.66 14.8 53.3287
      vertex -17.8884 14.8 53.176
    endloop
  endfacet
  facet normal 0 -1 0
    outer loop
      vertex -16.4935 14.8 51.9447
      vertex -16.0665 14.8 53.5384
      vertex -16.5513 14.8 51.9562
    endloop
  endfacet
  facet normal 0 -1 0
    outer loop
      vertex -16.8839 14.8 51.867
      vertex -17.8884 14.8 53.176
      vertex -18.0949 14.8 52.9949
    endloop
  endfacet
  facet normal 0 -1 -0
    outer loop
      vertex -16.0665 14.8 53.5384
      vertex -16.4935 14.8 51.9447
      vertex -15.8064 14.8 53.4501
    endloop
  endfacet
  facet normal 0 -1 0
    outer loop
      vertex -16.9282 14.8 51.8282
      vertex -18.0949 14.8 52.9949
      vertex -18.276 14.8 52.7884
    endloop
  endfacet
  facet normal 0 -1 0
    outer loop
      vertex -16.4378 14.8 51.9257
      vertex -15.8064 14.8 53.4501
      vertex -16.4935 14.8 51.9447
    endloop
  endfacet
  facet normal 0 -1 0
    outer loop
      vertex -16.967 14.8 51.7839
      vertex -18.276 14.8 52.7884
      vertex -18.4287 14.8 52.56
    endloop
  endfacet
  facet normal 0 -1 -0
    outer loop
      vertex -15.8064 14.8 53.4501
      vertex -16.4378 14.8 51.9257
      vertex -15.56 14.8 53.3287
    endloop
  endfacet
  facet normal 0 -1 0
    outer loop
      vertex -16.9997 14.8 51.735
      vertex -18.4287 14.8 52.56
      vertex -18.5501 14.8 52.3136
    endloop
  endfacet
  facet normal 0 -1 0
    outer loop
      vertex -16.385 14.8 51.8997
      vertex -15.56 14.8 53.3287
      vertex -16.4378 14.8 51.9257
    endloop
  endfacet
  facet normal 0 -1 0
    outer loop
      vertex -17.0257 14.8 51.6822
      vertex -18.5501 14.8 52.3136
      vertex -18.6384 14.8 52.0535
    endloop
  endfacet
  facet normal 0 -1 -0
    outer loop
      vertex -15.56 14.8 53.3287
      vertex -16.385 14.8 51.8997
      vertex -15.3316 14.8 53.176
    endloop
  endfacet
  facet normal 0 -1 0
    outer loop
      vertex -16.3361 14.8 51.867
      vertex -15.3316 14.8 53.176
      vertex -16.385 14.8 51.8997
    endloop
  endfacet
  facet normal 0 -1 0
    outer loop
      vertex -16.8841 14.8 53.592
      vertex -16.6687 14.8 51.9562
      vertex -16.61 14.8 51.96
    endloop
  endfacet
  facet normal 0 -1 0
    outer loop
      vertex -17.1535 14.8 53.5384
      vertex -16.7265 14.8 51.9447
      vertex -16.6687 14.8 51.9562
    endloop
  endfacet
  facet normal 0 -1 0
    outer loop
      vertex -17.4136 14.8 53.4501
      vertex -16.7822 14.8 51.9257
      vertex -16.7265 14.8 51.9447
    endloop
  endfacet
  facet normal 0 -1 0
    outer loop
      vertex -17.66 14.8 53.3287
      vertex -16.835 14.8 51.8997
      vertex -16.7822 14.8 51.9257
    endloop
  endfacet
  facet normal 0 -1 0
    outer loop
      vertex -17.8884 14.8 53.176
      vertex -16.8839 14.8 51.867
      vertex -16.835 14.8 51.8997
    endloop
  endfacet
  facet normal 0 -1 0
    outer loop
      vertex -18.0949 14.8 52.9949
      vertex -16.9282 14.8 51.8282
      vertex -16.8839 14.8 51.867
    endloop
  endfacet
  facet normal 0 -1 0
    outer loop
      vertex -17.0447 14.8 51.6265
      vertex -18.6384 14.8 52.0535
      vertex -18.692 14.8 51.7841
    endloop
  endfacet
  facet normal 0 -1 0
    outer loop
      vertex -18.276 14.8 52.7884
      vertex -16.967 14.8 51.7839
      vertex -16.9282 14.8 51.8282
    endloop
  endfacet
  facet normal 0 -1 0
    outer loop
      vertex -18.4287 14.8 52.56
      vertex -16.9997 14.8 51.735
      vertex -16.967 14.8 51.7839
    endloop
  endfacet
  facet normal 0 -1 0
    outer loop
      vertex -18.5501 14.8 52.3136
      vertex -17.0257 14.8 51.6822
      vertex -16.9997 14.8 51.735
    endloop
  endfacet
  facet normal 0 -1 0
    outer loop
      vertex -18.6384 14.8 52.0535
      vertex -17.0447 14.8 51.6265
      vertex -17.0257 14.8 51.6822
    endloop
  endfacet
  facet normal 0 -1 0
    outer loop
      vertex -18.692 14.8 51.7841
      vertex -17.0561 14.8 51.5687
      vertex -17.0447 14.8 51.6265
    endloop
  endfacet
  facet normal 0 -1 0
    outer loop
      vertex -18.71 14.8 51.51
      vertex -17.0561 14.8 51.5687
      vertex -18.692 14.8 51.7841
    endloop
  endfacet
  facet normal 0 -1 0
    outer loop
      vertex -18.71 14.8 51.51
      vertex -17.06 14.8 51.51
      vertex -17.0561 14.8 51.5687
    endloop
  endfacet
  facet normal 0 -1 0
    outer loop
      vertex -18.71 14.8 51.51
      vertex -17.0561 14.8 51.4513
      vertex -17.06 14.8 51.51
    endloop
  endfacet
  facet normal 0 -1 0
    outer loop
      vertex -18.692 14.8 51.2359
      vertex -17.0561 14.8 51.4513
      vertex -18.71 14.8 51.51
    endloop
  endfacet
  facet normal 0 -1 -0
    outer loop
      vertex -17.0561 14.8 51.4513
      vertex -18.692 14.8 51.2359
      vertex -17.0447 14.8 51.3935
    endloop
  endfacet
  facet normal 0 -1 0
    outer loop
      vertex -18.6384 14.8 50.9665
      vertex -17.0447 14.8 51.3935
      vertex -18.692 14.8 51.2359
    endloop
  endfacet
  facet normal 0 -1 -0
    outer loop
      vertex -17.0447 14.8 51.3935
      vertex -18.6384 14.8 50.9665
      vertex -17.0257 14.8 51.3378
    endloop
  endfacet
  facet normal 0 -1 0
    outer loop
      vertex -18.5501 14.8 50.7064
      vertex -17.0257 14.8 51.3378
      vertex -18.6384 14.8 50.9665
    endloop
  endfacet
  facet normal 0 -1 -0
    outer loop
      vertex -17.0257 14.8 51.3378
      vertex -18.5501 14.8 50.7064
      vertex -16.9997 14.8 51.285
    endloop
  endfacet
  facet normal 0 -1 0
    outer loop
      vertex -18.4287 14.8 50.46
      vertex -16.9997 14.8 51.285
      vertex -18.5501 14.8 50.7064
    endloop
  endfacet
  facet normal 0 -1 -0
    outer loop
      vertex -16.9997 14.8 51.285
      vertex -18.4287 14.8 50.46
      vertex -16.967 14.8 51.2361
    endloop
  endfacet
  facet normal 0 -1 0
    outer loop
      vertex -18.276 14.8 50.2316
      vertex -16.967 14.8 51.2361
      vertex -18.4287 14.8 50.46
    endloop
  endfacet
  facet normal 0 -1 -0
    outer loop
      vertex -16.967 14.8 51.2361
      vertex -18.276 14.8 50.2316
      vertex -16.9282 14.8 51.1918
    endloop
  endfacet
  facet normal 0 -1 0
    outer loop
      vertex -18.0949 14.8 50.0251
      vertex -16.9282 14.8 51.1918
      vertex -18.276 14.8 50.2316
    endloop
  endfacet
  facet normal 0 -1 0
    outer loop
      vertex -17.8884 14.8 49.844
      vertex -16.8839 14.8 51.153
      vertex -18.0949 14.8 50.0251
    endloop
  endfacet
  facet normal 0 -1 -0
    outer loop
      vertex -16.9282 14.8 51.1918
      vertex -18.0949 14.8 50.0251
      vertex -16.8839 14.8 51.153
    endloop
  endfacet
  facet normal 0 -1 -0
    outer loop
      vertex -15.3316 14.8 53.176
      vertex -16.3361 14.8 51.867
      vertex -15.1251 14.8 52.9949
    endloop
  endfacet
  facet normal 0 -1 0
    outer loop
      vertex -16.2918 14.8 51.8282
      vertex -15.1251 14.8 52.9949
      vertex -16.3361 14.8 51.867
    endloop
  endfacet
  facet normal 0 -1 -0
    outer loop
      vertex -15.1251 14.8 52.9949
      vertex -16.2918 14.8 51.8282
      vertex -14.944 14.8 52.7884
    endloop
  endfacet
  facet normal 0 -1 0
    outer loop
      vertex -16.253 14.8 51.7839
      vertex -14.944 14.8 52.7884
      vertex -16.2918 14.8 51.8282
    endloop
  endfacet
  facet normal 0 -1 -0
    outer loop
      vertex -14.944 14.8 52.7884
      vertex -16.253 14.8 51.7839
      vertex -14.7913 14.8 52.56
    endloop
  endfacet
  facet normal 0 -1 0
    outer loop
      vertex -16.2203 14.8 51.735
      vertex -14.7913 14.8 52.56
      vertex -16.253 14.8 51.7839
    endloop
  endfacet
  facet normal 0 -1 -0
    outer loop
      vertex -14.7913 14.8 52.56
      vertex -16.2203 14.8 51.735
      vertex -14.6699 14.8 52.3136
    endloop
  endfacet
  facet normal 0 -1 0
    outer loop
      vertex -16.1943 14.8 51.6822
      vertex -14.6699 14.8 52.3136
      vertex -16.2203 14.8 51.735
    endloop
  endfacet
  facet normal 0 -1 -0
    outer loop
      vertex -14.6699 14.8 52.3136
      vertex -16.1943 14.8 51.6822
      vertex -14.5816 14.8 52.0535
    endloop
  endfacet
  facet normal 0 -1 0
    outer loop
      vertex -16.1753 14.8 51.6265
      vertex -14.5816 14.8 52.0535
      vertex -16.1943 14.8 51.6822
    endloop
  endfacet
  facet normal 0 -1 -0
    outer loop
      vertex -14.5816 14.8 52.0535
      vertex -16.1753 14.8 51.6265
      vertex -14.528 14.8 51.7841
    endloop
  endfacet
  facet normal 0 -1 0
    outer loop
      vertex -16.1638 14.8 51.5687
      vertex -14.528 14.8 51.7841
      vertex -16.1753 14.8 51.6265
    endloop
  endfacet
  facet normal 0 -1 0
    outer loop
      vertex -16.16 14.8 51.51
      vertex -14.528 14.8 51.7841
      vertex -16.1638 14.8 51.5687
    endloop
  endfacet
  facet normal 0 -1 0
    outer loop
      vertex -16.16 14.8 51.51
      vertex -14.51 14.8 51.51
      vertex -14.528 14.8 51.7841
    endloop
  endfacet
  facet normal 0 -1 0
    outer loop
      vertex -16.1638 14.8 51.4513
      vertex -14.51 14.8 51.51
      vertex -16.16 14.8 51.51
    endloop
  endfacet
  facet normal 0 -1 0
    outer loop
      vertex -14.528 14.8 51.2359
      vertex -16.1638 14.8 51.4513
      vertex -16.1753 14.8 51.3935
    endloop
  endfacet
  facet normal 0 -1 0
    outer loop
      vertex -14.5816 14.8 50.9665
      vertex -16.1753 14.8 51.3935
      vertex -16.1943 14.8 51.3378
    endloop
  endfacet
  facet normal 0 -1 0
    outer loop
      vertex -14.6699 14.8 50.7064
      vertex -16.1943 14.8 51.3378
      vertex -16.2203 14.8 51.285
    endloop
  endfacet
  facet normal 0 -1 0
    outer loop
      vertex -14.7913 14.8 50.46
      vertex -16.2203 14.8 51.285
      vertex -16.253 14.8 51.2361
    endloop
  endfacet
  facet normal 0 -1 0
    outer loop
      vertex -16.1638 14.8 51.4513
      vertex -14.528 14.8 51.2359
      vertex -14.51 14.8 51.51
    endloop
  endfacet
  facet normal 0 -1 0
    outer loop
      vertex -14.944 14.8 50.2316
      vertex -16.253 14.8 51.2361
      vertex -16.2918 14.8 51.1918
    endloop
  endfacet
  facet normal 0 -1 0
    outer loop
      vertex -15.1251 14.8 50.0251
      vertex -16.2918 14.8 51.1918
      vertex -16.3361 14.8 51.153
    endloop
  endfacet
  facet normal 0 -1 0
    outer loop
      vertex -15.3316 14.8 49.844
      vertex -16.3361 14.8 51.153
      vertex -16.385 14.8 51.1203
    endloop
  endfacet
  facet normal 0 -1 0
    outer loop
      vertex -15.56 14.8 49.6913
      vertex -16.385 14.8 51.1203
      vertex -16.4378 14.8 51.0943
    endloop
  endfacet
  facet normal 0 -1 0
    outer loop
      vertex -15.8064 14.8 49.5699
      vertex -16.4378 14.8 51.0943
      vertex -16.4935 14.8 51.0753
    endloop
  endfacet
  facet normal 0 -1 0
    outer loop
      vertex -16.0665 14.8 49.4816
      vertex -16.4935 14.8 51.0753
      vertex -16.5513 14.8 51.0639
    endloop
  endfacet
  facet normal 0 -1 0
    outer loop
      vertex -16.1753 14.8 51.3935
      vertex -14.5816 14.8 50.9665
      vertex -14.528 14.8 51.2359
    endloop
  endfacet
  facet normal 0 -1 0
    outer loop
      vertex -16.3359 14.8 49.428
      vertex -16.5513 14.8 51.0639
      vertex -16.61 14.8 51.06
    endloop
  endfacet
  facet normal 0 -1 -0
    outer loop
      vertex -16.8839 14.8 51.153
      vertex -17.8884 14.8 49.844
      vertex -16.835 14.8 51.1203
    endloop
  endfacet
  facet normal 0 -1 0
    outer loop
      vertex -17.66 14.8 49.6913
      vertex -16.835 14.8 51.1203
      vertex -17.8884 14.8 49.844
    endloop
  endfacet
  facet normal 0 -1 0
    outer loop
      vertex -16.1943 14.8 51.3378
      vertex -14.6699 14.8 50.7064
      vertex -14.5816 14.8 50.9665
    endloop
  endfacet
  facet normal 0 -1 -0
    outer loop
      vertex -16.835 14.8 51.1203
      vertex -17.66 14.8 49.6913
      vertex -16.7822 14.8 51.0943
    endloop
  endfacet
  facet normal 0 -1 0
    outer loop
      vertex -16.2203 14.8 51.285
      vertex -14.7913 14.8 50.46
      vertex -14.6699 14.8 50.7064
    endloop
  endfacet
  facet normal 0 -1 0
    outer loop
      vertex -17.4136 14.8 49.5699
      vertex -16.7822 14.8 51.0943
      vertex -17.66 14.8 49.6913
    endloop
  endfacet
  facet normal 0 -1 0
    outer loop
      vertex -16.253 14.8 51.2361
      vertex -14.944 14.8 50.2316
      vertex -14.7913 14.8 50.46
    endloop
  endfacet
  facet normal 0 -1 -0
    outer loop
      vertex -16.7822 14.8 51.0943
      vertex -17.4136 14.8 49.5699
      vertex -16.7265 14.8 51.0753
    endloop
  endfacet
  facet normal 0 -1 0
    outer loop
      vertex -16.2918 14.8 51.1918
      vertex -15.1251 14.8 50.0251
      vertex -14.944 14.8 50.2316
    endloop
  endfacet
  facet normal 0 -1 0
    outer loop
      vertex -17.1535 14.8 49.4816
      vertex -16.7265 14.8 51.0753
      vertex -17.4136 14.8 49.5699
    endloop
  endfacet
  facet normal 0 -1 0
    outer loop
      vertex -16.3361 14.8 51.153
      vertex -15.3316 14.8 49.844
      vertex -15.1251 14.8 50.0251
    endloop
  endfacet
  facet normal 0 -1 -0
    outer loop
      vertex -16.7265 14.8 51.0753
      vertex -17.1535 14.8 49.4816
      vertex -16.6687 14.8 51.0639
    endloop
  endfacet
  facet normal 0 -1 0
    outer loop
      vertex -16.385 14.8 51.1203
      vertex -15.56 14.8 49.6913
      vertex -15.3316 14.8 49.844
    endloop
  endfacet
  facet normal 0 -1 0
    outer loop
      vertex -16.8841 14.8 49.428
      vertex -16.6687 14.8 51.0639
      vertex -17.1535 14.8 49.4816
    endloop
  endfacet
  facet normal 0 -1 0
    outer loop
      vertex -16.4378 14.8 51.0943
      vertex -15.8064 14.8 49.5699
      vertex -15.56 14.8 49.6913
    endloop
  endfacet
  facet normal 0 -1 -0
    outer loop
      vertex -16.6687 14.8 51.0639
      vertex -16.8841 14.8 49.428
      vertex -16.61 14.8 51.06
    endloop
  endfacet
  facet normal 0 -1 0
    outer loop
      vertex -16.4935 14.8 51.0753
      vertex -16.0665 14.8 49.4816
      vertex -15.8064 14.8 49.5699
    endloop
  endfacet
  facet normal 0 -1 0
    outer loop
      vertex -16.61 14.8 49.41
      vertex -16.61 14.8 51.06
      vertex -16.8841 14.8 49.428
    endloop
  endfacet
  facet normal 0 -1 0
    outer loop
      vertex -16.5513 14.8 51.0639
      vertex -16.3359 14.8 49.428
      vertex -16.0665 14.8 49.4816
    endloop
  endfacet
  facet normal 0 -1 0
    outer loop
      vertex -16.61 14.8 51.06
      vertex -16.61 14.8 49.41
      vertex -16.3359 14.8 49.428
    endloop
  endfacet
  facet normal 0.831322 0 -0.555792
    outer loop
      vertex -14.7913 14.8 50.46
      vertex -14.944 55.6 50.2316
      vertex -14.7913 55.6 50.46
    endloop
  endfacet
  facet normal 0.831322 0 -0.555792
    outer loop
      vertex -14.944 55.6 50.2316
      vertex -14.7913 14.8 50.46
      vertex -14.944 14.8 50.2316
    endloop
  endfacet
  facet normal -0.659355 0 0.751832
    outer loop
      vertex -18.0949 55.6 52.9949
      vertex -17.8884 14.8 53.176
      vertex -17.8884 55.6 53.176
    endloop
  endfacet
  facet normal -0.659355 0 0.751832
    outer loop
      vertex -17.8884 14.8 53.176
      vertex -18.0949 55.6 52.9949
      vertex -18.0949 14.8 52.9949
    endloop
  endfacet
  facet normal -0.897033 0 0.441964
    outer loop
      vertex -18.5501 14.8 52.3136
      vertex -18.4287 55.6 52.56
      vertex -18.5501 55.6 52.3136
    endloop
  endfacet
  facet normal -0.897033 0 0.441964
    outer loop
      vertex -18.4287 55.6 52.56
      vertex -18.5501 14.8 52.3136
      vertex -18.4287 14.8 52.56
    endloop
  endfacet
  facet normal 0.831322 -0 0.555792
    outer loop
      vertex -14.944 14.8 52.7884
      vertex -14.7913 55.6 52.56
      vertex -14.944 55.6 52.7884
    endloop
  endfacet
  facet normal 0.831322 0 0.555792
    outer loop
      vertex -14.7913 55.6 52.56
      vertex -14.944 14.8 52.7884
      vertex -14.7913 14.8 52.56
    endloop
  endfacet
  facet normal 0.321465 0 -0.946921
    outer loop
      vertex -16.0665 14.8 49.4816
      vertex -15.8064 55.6 49.5699
      vertex -15.8064 14.8 49.5699
    endloop
  endfacet
  facet normal 0.321465 0 -0.946921
    outer loop
      vertex -15.8064 55.6 49.5699
      vertex -16.0665 14.8 49.4816
      vertex -16.0665 55.6 49.4816
    endloop
  endfacet
  facet normal 0.321465 0 0.946921
    outer loop
      vertex -16.0665 55.6 53.5384
      vertex -15.8064 14.8 53.4501
      vertex -15.8064 55.6 53.4501
    endloop
  endfacet
  facet normal 0.321465 0 0.946921
    outer loop
      vertex -15.8064 14.8 53.4501
      vertex -16.0665 55.6 53.5384
      vertex -16.0665 14.8 53.5384
    endloop
  endfacet
  facet normal -0.997851 0 -0.0655283
    outer loop
      vertex -18.692 14.8 51.2359
      vertex -18.71 55.6 51.51
      vertex -18.692 55.6 51.2359
    endloop
  endfacet
  facet normal -0.997851 -0 -0.0655283
    outer loop
      vertex -18.71 55.6 51.51
      vertex -18.692 14.8 51.2359
      vertex -18.71 14.8 51.51
    endloop
  endfacet
  facet normal 0.980776 0 -0.195136
    outer loop
      vertex -14.528 14.8 51.2359
      vertex -14.5816 55.6 50.9665
      vertex -14.528 55.6 51.2359
    endloop
  endfacet
  facet normal 0.980776 0 -0.195136
    outer loop
      vertex -14.5816 55.6 50.9665
      vertex -14.528 14.8 51.2359
      vertex -14.5816 14.8 50.9665
    endloop
  endfacet
  facet normal 0.555792 0 0.831322
    outer loop
      vertex -15.56 55.6 53.3287
      vertex -15.3316 14.8 53.176
      vertex -15.3316 55.6 53.176
    endloop
  endfacet
  facet normal 0.555792 0 0.831322
    outer loop
      vertex -15.3316 14.8 53.176
      vertex -15.56 55.6 53.3287
      vertex -15.56 14.8 53.3287
    endloop
  endfacet
  facet normal 0.441964 0 -0.897033
    outer loop
      vertex -15.8064 14.8 49.5699
      vertex -15.56 55.6 49.6913
      vertex -15.56 14.8 49.6913
    endloop
  endfacet
  facet normal 0.441964 0 -0.897033
    outer loop
      vertex -15.56 55.6 49.6913
      vertex -15.8064 14.8 49.5699
      vertex -15.8064 55.6 49.5699
    endloop
  endfacet
  facet normal -0.555792 0 -0.831322
    outer loop
      vertex -17.8884 14.8 49.844
      vertex -17.66 55.6 49.6913
      vertex -17.66 14.8 49.6913
    endloop
  endfacet
  facet normal -0.555792 0 -0.831322
    outer loop
      vertex -17.66 55.6 49.6913
      vertex -17.8884 14.8 49.844
      vertex -17.8884 55.6 49.844
    endloop
  endfacet
  facet normal -0.831322 0 0.555792
    outer loop
      vertex -18.4287 14.8 52.56
      vertex -18.276 55.6 52.7884
      vertex -18.4287 55.6 52.56
    endloop
  endfacet
  facet normal -0.831322 0 0.555792
    outer loop
      vertex -18.276 55.6 52.7884
      vertex -18.4287 14.8 52.56
      vertex -18.276 14.8 52.7884
    endloop
  endfacet
  facet normal -0.946921 0 -0.321465
    outer loop
      vertex -18.5501 14.8 50.7064
      vertex -18.6384 55.6 50.9665
      vertex -18.5501 55.6 50.7064
    endloop
  endfacet
  facet normal -0.946921 -0 -0.321465
    outer loop
      vertex -18.6384 55.6 50.9665
      vertex -18.5501 14.8 50.7064
      vertex -18.6384 14.8 50.9665
    endloop
  endfacet
  facet normal 0.751832 0 -0.659355
    outer loop
      vertex -14.944 14.8 50.2316
      vertex -15.1251 55.6 50.0251
      vertex -14.944 55.6 50.2316
    endloop
  endfacet
  facet normal 0.751832 0 -0.659355
    outer loop
      vertex -15.1251 55.6 50.0251
      vertex -14.944 14.8 50.2316
      vertex -15.1251 14.8 50.0251
    endloop
  endfacet
  facet normal 0.897033 0 -0.441964
    outer loop
      vertex -14.6699 14.8 50.7064
      vertex -14.7913 55.6 50.46
      vertex -14.6699 55.6 50.7064
    endloop
  endfacet
  facet normal 0.897033 0 -0.441964
    outer loop
      vertex -14.7913 55.6 50.46
      vertex -14.6699 14.8 50.7064
      vertex -14.7913 14.8 50.46
    endloop
  endfacet
  facet normal 0.659355 0 0.751832
    outer loop
      vertex -15.3316 55.6 53.176
      vertex -15.1251 14.8 52.9949
      vertex -15.1251 55.6 52.9949
    endloop
  endfacet
  facet normal 0.659355 0 0.751832
    outer loop
      vertex -15.1251 14.8 52.9949
      vertex -15.3316 55.6 53.176
      vertex -15.3316 14.8 53.176
    endloop
  endfacet
  facet normal -0.659355 0 -0.751832
    outer loop
      vertex -18.0949 14.8 50.0251
      vertex -17.8884 55.6 49.844
      vertex -17.8884 14.8 49.844
    endloop
  endfacet
  facet normal -0.659355 0 -0.751832
    outer loop
      vertex -17.8884 55.6 49.844
      vertex -18.0949 14.8 50.0251
      vertex -18.0949 55.6 50.0251
    endloop
  endfacet
  facet normal 0.441964 0 0.897033
    outer loop
      vertex -15.8064 55.6 53.4501
      vertex -15.56 14.8 53.3287
      vertex -15.56 55.6 53.3287
    endloop
  endfacet
  facet normal 0.441964 0 0.897033
    outer loop
      vertex -15.56 14.8 53.3287
      vertex -15.8064 55.6 53.4501
      vertex -15.8064 14.8 53.4501
    endloop
  endfacet
  facet normal -0.555792 0 0.831322
    outer loop
      vertex -17.8884 55.6 53.176
      vertex -17.66 14.8 53.3287
      vertex -17.66 55.6 53.3287
    endloop
  endfacet
  facet normal -0.555792 0 0.831322
    outer loop
      vertex -17.66 14.8 53.3287
      vertex -17.8884 55.6 53.176
      vertex -17.8884 14.8 53.176
    endloop
  endfacet
  facet normal -0.980776 0 0.195136
    outer loop
      vertex -18.692 14.8 51.7841
      vertex -18.6384 55.6 52.0535
      vertex -18.692 55.6 51.7841
    endloop
  endfacet
  facet normal -0.980776 0 0.195136
    outer loop
      vertex -18.6384 55.6 52.0535
      vertex -18.692 14.8 51.7841
      vertex -18.6384 14.8 52.0535
    endloop
  endfacet
  facet normal -0.897033 0 -0.441964
    outer loop
      vertex -18.4287 14.8 50.46
      vertex -18.5501 55.6 50.7064
      vertex -18.4287 55.6 50.46
    endloop
  endfacet
  facet normal -0.897033 -0 -0.441964
    outer loop
      vertex -18.5501 55.6 50.7064
      vertex -18.4287 14.8 50.46
      vertex -18.5501 14.8 50.7064
    endloop
  endfacet
  facet normal 0.195136 0 0.980776
    outer loop
      vertex -16.3359 55.6 53.592
      vertex -16.0665 14.8 53.5384
      vertex -16.0665 55.6 53.5384
    endloop
  endfacet
  facet normal 0.195136 0 0.980776
    outer loop
      vertex -16.0665 14.8 53.5384
      vertex -16.3359 55.6 53.592
      vertex -16.3359 14.8 53.592
    endloop
  endfacet
  facet normal -0.0655283 0 0.997851
    outer loop
      vertex -16.8841 55.6 53.592
      vertex -16.61 14.8 53.61
      vertex -16.61 55.6 53.61
    endloop
  endfacet
  facet normal -0.0655283 0 0.997851
    outer loop
      vertex -16.61 14.8 53.61
      vertex -16.8841 55.6 53.592
      vertex -16.8841 14.8 53.592
    endloop
  endfacet
  facet normal -0.831322 0 -0.555792
    outer loop
      vertex -18.276 14.8 50.2316
      vertex -18.4287 55.6 50.46
      vertex -18.276 55.6 50.2316
    endloop
  endfacet
  facet normal -0.831322 -0 -0.555792
    outer loop
      vertex -18.4287 55.6 50.46
      vertex -18.276 14.8 50.2316
      vertex -18.4287 14.8 50.46
    endloop
  endfacet
  facet normal -0.195136 0 -0.980776
    outer loop
      vertex -17.1535 14.8 49.4816
      vertex -16.8841 55.6 49.428
      vertex -16.8841 14.8 49.428
    endloop
  endfacet
  facet normal -0.195136 0 -0.980776
    outer loop
      vertex -16.8841 55.6 49.428
      vertex -17.1535 14.8 49.4816
      vertex -17.1535 55.6 49.4816
    endloop
  endfacet
  facet normal -0.321465 0 -0.946921
    outer loop
      vertex -17.4136 14.8 49.5699
      vertex -17.1535 55.6 49.4816
      vertex -17.1535 14.8 49.4816
    endloop
  endfacet
  facet normal -0.321465 0 -0.946921
    outer loop
      vertex -17.1535 55.6 49.4816
      vertex -17.4136 14.8 49.5699
      vertex -17.4136 55.6 49.5699
    endloop
  endfacet
  facet normal -0.441964 0 -0.897033
    outer loop
      vertex -17.66 14.8 49.6913
      vertex -17.4136 55.6 49.5699
      vertex -17.4136 14.8 49.5699
    endloop
  endfacet
  facet normal -0.441964 0 -0.897033
    outer loop
      vertex -17.4136 55.6 49.5699
      vertex -17.66 14.8 49.6913
      vertex -17.66 55.6 49.6913
    endloop
  endfacet
  facet normal 0.997851 0 -0.0655283
    outer loop
      vertex -14.51 14.8 51.51
      vertex -14.528 55.6 51.2359
      vertex -14.51 55.6 51.51
    endloop
  endfacet
  facet normal 0.997851 0 -0.0655283
    outer loop
      vertex -14.528 55.6 51.2359
      vertex -14.51 14.8 51.51
      vertex -14.528 14.8 51.2359
    endloop
  endfacet
  facet normal -0.751832 0 -0.659355
    outer loop
      vertex -18.0949 14.8 50.0251
      vertex -18.276 55.6 50.2316
      vertex -18.0949 55.6 50.0251
    endloop
  endfacet
  facet normal -0.751832 -0 -0.659355
    outer loop
      vertex -18.276 55.6 50.2316
      vertex -18.0949 14.8 50.0251
      vertex -18.276 14.8 50.2316
    endloop
  endfacet
  facet normal 0.980776 -0 0.195137
    outer loop
      vertex -16.1753 12.3 51.6265
      vertex -16.1638 14.8 51.5687
      vertex -16.1753 14.8 51.6265
    endloop
  endfacet
  facet normal 0.980776 0 0.195137
    outer loop
      vertex -16.1638 14.8 51.5687
      vertex -16.1753 12.3 51.6265
      vertex -16.1638 12.3 51.5687
    endloop
  endfacet
  facet normal 0.997911 -0 0.0646007
    outer loop
      vertex -16.1638 12.3 51.5687
      vertex -16.16 14.8 51.51
      vertex -16.1638 14.8 51.5687
    endloop
  endfacet
  facet normal 0.997911 0 0.0646007
    outer loop
      vertex -16.16 14.8 51.51
      vertex -16.1638 12.3 51.5687
      vertex -16.16 12.3 51.51
    endloop
  endfacet
  facet normal 0.193504 0 -0.981099
    outer loop
      vertex -16.5513 12.3 51.0639
      vertex -16.4935 14.8 51.0753
      vertex -16.4935 12.3 51.0753
    endloop
  endfacet
  facet normal 0.193504 0 -0.981099
    outer loop
      vertex -16.4935 14.8 51.0753
      vertex -16.5513 12.3 51.0639
      vertex -16.5513 14.8 51.0639
    endloop
  endfacet
  facet normal 0.980776 0 -0.195137
    outer loop
      vertex -16.1638 12.3 51.4513
      vertex -16.1753 14.8 51.3935
      vertex -16.1638 14.8 51.4513
    endloop
  endfacet
  facet normal 0.980776 0 -0.195137
    outer loop
      vertex -16.1753 14.8 51.3935
      vertex -16.1638 12.3 51.4513
      vertex -16.1753 12.3 51.3935
    endloop
  endfacet
  facet normal 0.946451 0 -0.322847
    outer loop
      vertex -16.1753 12.3 51.3935
      vertex -16.1943 14.8 51.3378
      vertex -16.1753 14.8 51.3935
    endloop
  endfacet
  facet normal 0.946451 0 -0.322847
    outer loop
      vertex -16.1943 14.8 51.3378
      vertex -16.1753 12.3 51.3935
      vertex -16.1943 12.3 51.3378
    endloop
  endfacet
  facet normal 0.322847 0 -0.946451
    outer loop
      vertex -16.4935 12.3 51.0753
      vertex -16.4378 14.8 51.0943
      vertex -16.4378 12.3 51.0943
    endloop
  endfacet
  facet normal 0.322847 0 -0.946451
    outer loop
      vertex -16.4378 14.8 51.0943
      vertex -16.4935 12.3 51.0753
      vertex -16.4935 14.8 51.0753
    endloop
  endfacet
  facet normal 0.658865 0 0.752261
    outer loop
      vertex -16.3361 14.8 51.867
      vertex -16.2918 12.3 51.8282
      vertex -16.2918 14.8 51.8282
    endloop
  endfacet
  facet normal 0.658865 0 0.752261
    outer loop
      vertex -16.2918 12.3 51.8282
      vertex -16.3361 14.8 51.867
      vertex -16.3361 12.3 51.867
    endloop
  endfacet
  facet normal -0.322847 0 -0.946451
    outer loop
      vertex -16.7822 12.3 51.0943
      vertex -16.7265 14.8 51.0753
      vertex -16.7265 12.3 51.0753
    endloop
  endfacet
  facet normal -0.322847 0 -0.946451
    outer loop
      vertex -16.7265 14.8 51.0753
      vertex -16.7822 12.3 51.0943
      vertex -16.7822 14.8 51.0943
    endloop
  endfacet
  facet normal 0.0662934 0 -0.9978
    outer loop
      vertex -16.61 12.3 51.06
      vertex -16.5513 14.8 51.0639
      vertex -16.5513 12.3 51.0639
    endloop
  endfacet
  facet normal 0.0662934 0 -0.9978
    outer loop
      vertex -16.5513 14.8 51.0639
      vertex -16.61 12.3 51.06
      vertex -16.61 14.8 51.06
    endloop
  endfacet
  facet normal -0.831265 0 0.555877
    outer loop
      vertex -16.9997 12.3 51.735
      vertex -16.967 14.8 51.7839
      vertex -16.9997 14.8 51.735
    endloop
  endfacet
  facet normal -0.831265 0 0.555877
    outer loop
      vertex -16.967 14.8 51.7839
      vertex -16.9997 12.3 51.735
      vertex -16.967 12.3 51.7839
    endloop
  endfacet
  facet normal -0.946451 0 -0.322847
    outer loop
      vertex -17.0257 12.3 51.3378
      vertex -17.0447 14.8 51.3935
      vertex -17.0257 14.8 51.3378
    endloop
  endfacet
  facet normal -0.946451 -0 -0.322847
    outer loop
      vertex -17.0447 14.8 51.3935
      vertex -17.0257 12.3 51.3378
      vertex -17.0447 12.3 51.3935
    endloop
  endfacet
  facet normal -0.555877 0 0.831265
    outer loop
      vertex -16.8839 14.8 51.867
      vertex -16.835 12.3 51.8997
      vertex -16.835 14.8 51.8997
    endloop
  endfacet
  facet normal -0.555877 0 0.831265
    outer loop
      vertex -16.835 12.3 51.8997
      vertex -16.8839 14.8 51.867
      vertex -16.8839 12.3 51.867
    endloop
  endfacet
  facet normal -0.946451 0 0.322847
    outer loop
      vertex -17.0447 12.3 51.6265
      vertex -17.0257 14.8 51.6822
      vertex -17.0447 14.8 51.6265
    endloop
  endfacet
  facet normal -0.946451 0 0.322847
    outer loop
      vertex -17.0257 14.8 51.6822
      vertex -17.0447 12.3 51.6265
      vertex -17.0257 12.3 51.6822
    endloop
  endfacet
  facet normal 0.897129 0 -0.441768
    outer loop
      vertex -16.1943 12.3 51.3378
      vertex -16.2203 14.8 51.285
      vertex -16.1943 14.8 51.3378
    endloop
  endfacet
  facet normal 0.897129 0 -0.441768
    outer loop
      vertex -16.2203 14.8 51.285
      vertex -16.1943 12.3 51.3378
      vertex -16.2203 12.3 51.285
    endloop
  endfacet
  facet normal -0.658865 0 0.752261
    outer loop
      vertex -16.9282 14.8 51.8282
      vertex -16.8839 12.3 51.867
      vertex -16.8839 14.8 51.867
    endloop
  endfacet
  facet normal -0.658865 0 0.752261
    outer loop
      vertex -16.8839 12.3 51.867
      vertex -16.9282 14.8 51.8282
      vertex -16.9282 12.3 51.8282
    endloop
  endfacet
  facet normal 0.752261 0 -0.658865
    outer loop
      vertex -16.253 12.3 51.2361
      vertex -16.2918 14.8 51.1918
      vertex -16.253 14.8 51.2361
    endloop
  endfacet
  facet normal 0.752261 0 -0.658865
    outer loop
      vertex -16.2918 14.8 51.1918
      vertex -16.253 12.3 51.2361
      vertex -16.2918 12.3 51.1918
    endloop
  endfacet
  facet normal 0.322847 0 0.946451
    outer loop
      vertex -16.4935 14.8 51.9447
      vertex -16.4378 12.3 51.9257
      vertex -16.4378 14.8 51.9257
    endloop
  endfacet
  facet normal 0.322847 0 0.946451
    outer loop
      vertex -16.4378 12.3 51.9257
      vertex -16.4935 14.8 51.9447
      vertex -16.4935 12.3 51.9447
    endloop
  endfacet
  facet normal 0.946451 -0 0.322847
    outer loop
      vertex -16.1943 12.3 51.6822
      vertex -16.1753 14.8 51.6265
      vertex -16.1943 14.8 51.6822
    endloop
  endfacet
  facet normal 0.946451 0 0.322847
    outer loop
      vertex -16.1753 14.8 51.6265
      vertex -16.1943 12.3 51.6822
      vertex -16.1753 12.3 51.6265
    endloop
  endfacet
  facet normal -0.322847 0 0.946451
    outer loop
      vertex -16.7822 14.8 51.9257
      vertex -16.7265 12.3 51.9447
      vertex -16.7265 14.8 51.9447
    endloop
  endfacet
  facet normal -0.322847 0 0.946451
    outer loop
      vertex -16.7265 12.3 51.9447
      vertex -16.7822 14.8 51.9257
      vertex -16.7822 12.3 51.9257
    endloop
  endfacet
  facet normal 0.897129 -0 0.441768
    outer loop
      vertex -16.2203 12.3 51.735
      vertex -16.1943 14.8 51.6822
      vertex -16.2203 14.8 51.735
    endloop
  endfacet
  facet normal 0.897129 0 0.441768
    outer loop
      vertex -16.1943 14.8 51.6822
      vertex -16.2203 12.3 51.735
      vertex -16.1943 12.3 51.6822
    endloop
  endfacet
  facet normal -0.981099 0 -0.193504
    outer loop
      vertex -17.0447 12.3 51.3935
      vertex -17.0561 14.8 51.4513
      vertex -17.0447 14.8 51.3935
    endloop
  endfacet
  facet normal -0.981099 -0 -0.193504
    outer loop
      vertex -17.0561 14.8 51.4513
      vertex -17.0447 12.3 51.3935
      vertex -17.0561 12.3 51.4513
    endloop
  endfacet
  facet normal 0.195137 0 0.980776
    outer loop
      vertex -16.5513 14.8 51.9562
      vertex -16.4935 12.3 51.9447
      vertex -16.4935 14.8 51.9447
    endloop
  endfacet
  facet normal 0.195137 0 0.980776
    outer loop
      vertex -16.4935 12.3 51.9447
      vertex -16.5513 14.8 51.9562
      vertex -16.5513 12.3 51.9562
    endloop
  endfacet
  facet normal -0.555877 0 -0.831265
    outer loop
      vertex -16.8839 12.3 51.153
      vertex -16.835 14.8 51.1203
      vertex -16.835 12.3 51.1203
    endloop
  endfacet
  facet normal -0.555877 0 -0.831265
    outer loop
      vertex -16.835 14.8 51.1203
      vertex -16.8839 12.3 51.153
      vertex -16.8839 14.8 51.153
    endloop
  endfacet
  facet normal 0.441768 0 0.897129
    outer loop
      vertex -16.4378 14.8 51.9257
      vertex -16.385 12.3 51.8997
      vertex -16.385 14.8 51.8997
    endloop
  endfacet
  facet normal 0.441768 0 0.897129
    outer loop
      vertex -16.385 12.3 51.8997
      vertex -16.4378 14.8 51.9257
      vertex -16.4378 12.3 51.9257
    endloop
  endfacet
  facet normal 0.555877 0 0.831265
    outer loop
      vertex -16.385 14.8 51.8997
      vertex -16.3361 12.3 51.867
      vertex -16.3361 14.8 51.867
    endloop
  endfacet
  facet normal 0.555877 0 0.831265
    outer loop
      vertex -16.3361 12.3 51.867
      vertex -16.385 14.8 51.8997
      vertex -16.385 12.3 51.8997
    endloop
  endfacet
  facet normal -0.0646007 0 0.997911
    outer loop
      vertex -16.6687 14.8 51.9562
      vertex -16.61 12.3 51.96
      vertex -16.61 14.8 51.96
    endloop
  endfacet
  facet normal -0.0646007 0 0.997911
    outer loop
      vertex -16.61 12.3 51.96
      vertex -16.6687 14.8 51.9562
      vertex -16.6687 12.3 51.9562
    endloop
  endfacet
  facet normal 0.997911 0 -0.0646007
    outer loop
      vertex -16.16 12.3 51.51
      vertex -16.1638 14.8 51.4513
      vertex -16.16 14.8 51.51
    endloop
  endfacet
  facet normal 0.997911 0 -0.0646007
    outer loop
      vertex -16.1638 14.8 51.4513
      vertex -16.16 12.3 51.51
      vertex -16.1638 12.3 51.4513
    endloop
  endfacet
  facet normal 0.441768 0 -0.897129
    outer loop
      vertex -16.4378 12.3 51.0943
      vertex -16.385 14.8 51.1203
      vertex -16.385 12.3 51.1203
    endloop
  endfacet
  facet normal 0.441768 0 -0.897129
    outer loop
      vertex -16.385 14.8 51.1203
      vertex -16.4378 12.3 51.0943
      vertex -16.4378 14.8 51.0943
    endloop
  endfacet
  facet normal 0.831265 -0 0.555877
    outer loop
      vertex -16.253 12.3 51.7839
      vertex -16.2203 14.8 51.735
      vertex -16.253 14.8 51.7839
    endloop
  endfacet
  facet normal 0.831265 0 0.555877
    outer loop
      vertex -16.2203 14.8 51.735
      vertex -16.253 12.3 51.7839
      vertex -16.2203 12.3 51.735
    endloop
  endfacet
  facet normal -0.195137 0 0.980776
    outer loop
      vertex -16.7265 14.8 51.9447
      vertex -16.6687 12.3 51.9562
      vertex -16.6687 14.8 51.9562
    endloop
  endfacet
  facet normal -0.195137 0 0.980776
    outer loop
      vertex -16.6687 12.3 51.9562
      vertex -16.7265 14.8 51.9447
      vertex -16.7265 12.3 51.9447
    endloop
  endfacet
  facet normal -0.897129 0 -0.441768
    outer loop
      vertex -16.9997 12.3 51.285
      vertex -17.0257 14.8 51.3378
      vertex -16.9997 14.8 51.285
    endloop
  endfacet
  facet normal -0.897129 -0 -0.441768
    outer loop
      vertex -17.0257 14.8 51.3378
      vertex -16.9997 12.3 51.285
      vertex -17.0257 12.3 51.3378
    endloop
  endfacet
  facet normal -0.441768 0 0.897129
    outer loop
      vertex -16.835 14.8 51.8997
      vertex -16.7822 12.3 51.9257
      vertex -16.7822 14.8 51.9257
    endloop
  endfacet
  facet normal -0.441768 0 0.897129
    outer loop
      vertex -16.7822 12.3 51.9257
      vertex -16.835 14.8 51.8997
      vertex -16.835 12.3 51.8997
    endloop
  endfacet
  facet normal 0.752261 -0 0.658865
    outer loop
      vertex -16.2918 12.3 51.8282
      vertex -16.253 14.8 51.7839
      vertex -16.2918 14.8 51.8282
    endloop
  endfacet
  facet normal 0.752261 0 0.658865
    outer loop
      vertex -16.253 14.8 51.7839
      vertex -16.2918 12.3 51.8282
      vertex -16.253 12.3 51.7839
    endloop
  endfacet
  facet normal -0.193504 0 -0.981099
    outer loop
      vertex -16.7265 12.3 51.0753
      vertex -16.6687 14.8 51.0639
      vertex -16.6687 12.3 51.0639
    endloop
  endfacet
  facet normal -0.193504 0 -0.981099
    outer loop
      vertex -16.6687 14.8 51.0639
      vertex -16.7265 12.3 51.0753
      vertex -16.7265 14.8 51.0753
    endloop
  endfacet
  facet normal 0.831265 0 -0.555877
    outer loop
      vertex -16.2203 12.3 51.285
      vertex -16.253 14.8 51.2361
      vertex -16.2203 14.8 51.285
    endloop
  endfacet
  facet normal 0.831265 0 -0.555877
    outer loop
      vertex -16.253 14.8 51.2361
      vertex -16.2203 12.3 51.285
      vertex -16.253 12.3 51.2361
    endloop
  endfacet
  facet normal -0.831265 0 -0.555877
    outer loop
      vertex -16.967 12.3 51.2361
      vertex -16.9997 14.8 51.285
      vertex -16.967 14.8 51.2361
    endloop
  endfacet
  facet normal -0.831265 -0 -0.555877
    outer loop
      vertex -16.9997 14.8 51.285
      vertex -16.967 12.3 51.2361
      vertex -16.9997 12.3 51.285
    endloop
  endfacet
  facet normal -0.897129 0 0.441768
    outer loop
      vertex -17.0257 12.3 51.6822
      vertex -16.9997 14.8 51.735
      vertex -17.0257 14.8 51.6822
    endloop
  endfacet
  facet normal -0.897129 0 0.441768
    outer loop
      vertex -16.9997 14.8 51.735
      vertex -17.0257 12.3 51.6822
      vertex -16.9997 12.3 51.735
    endloop
  endfacet
  facet normal 0.0646007 0 0.997911
    outer loop
      vertex -16.61 14.8 51.96
      vertex -16.5513 12.3 51.9562
      vertex -16.5513 14.8 51.9562
    endloop
  endfacet
  facet normal 0.0646007 0 0.997911
    outer loop
      vertex -16.5513 12.3 51.9562
      vertex -16.61 14.8 51.96
      vertex -16.61 12.3 51.96
    endloop
  endfacet
  facet normal -0.441768 0 -0.897129
    outer loop
      vertex -16.835 12.3 51.1203
      vertex -16.7822 14.8 51.0943
      vertex -16.7822 12.3 51.0943
    endloop
  endfacet
  facet normal -0.441768 0 -0.897129
    outer loop
      vertex -16.7822 14.8 51.0943
      vertex -16.835 12.3 51.1203
      vertex -16.835 14.8 51.1203
    endloop
  endfacet
  facet normal -0.9978 0 -0.0662934
    outer loop
      vertex -17.0561 12.3 51.4513
      vertex -17.06 14.8 51.51
      vertex -17.0561 14.8 51.4513
    endloop
  endfacet
  facet normal -0.9978 -0 -0.0662934
    outer loop
      vertex -17.06 14.8 51.51
      vertex -17.0561 12.3 51.4513
      vertex -17.06 12.3 51.51
    endloop
  endfacet
  facet normal 0 -1 0
    outer loop
      vertex -16.6687 12.3 51.9562
      vertex -16.5513 12.3 51.9562
      vertex -16.61 12.3 51.96
    endloop
  endfacet
  facet normal 0 -1 0
    outer loop
      vertex -16.7265 12.3 51.9447
      vertex -16.5513 12.3 51.9562
      vertex -16.6687 12.3 51.9562
    endloop
  endfacet
  facet normal 0 -1 0
    outer loop
      vertex -16.7265 12.3 51.9447
      vertex -16.4935 12.3 51.9447
      vertex -16.5513 12.3 51.9562
    endloop
  endfacet
  facet normal 0 -1 0
    outer loop
      vertex -16.7822 12.3 51.9257
      vertex -16.4935 12.3 51.9447
      vertex -16.7265 12.3 51.9447
    endloop
  endfacet
  facet normal 0 -1 0
    outer loop
      vertex -16.7822 12.3 51.9257
      vertex -16.4378 12.3 51.9257
      vertex -16.4935 12.3 51.9447
    endloop
  endfacet
  facet normal 0 -1 0
    outer loop
      vertex -16.835 12.3 51.8997
      vertex -16.4378 12.3 51.9257
      vertex -16.7822 12.3 51.9257
    endloop
  endfacet
  facet normal 0 -1 0
    outer loop
      vertex -16.835 12.3 51.8997
      vertex -16.385 12.3 51.8997
      vertex -16.4378 12.3 51.9257
    endloop
  endfacet
  facet normal 0 -1 0
    outer loop
      vertex -16.8839 12.3 51.867
      vertex -16.385 12.3 51.8997
      vertex -16.835 12.3 51.8997
    endloop
  endfacet
  facet normal 0 -1 0
    outer loop
      vertex -16.8839 12.3 51.867
      vertex -16.3361 12.3 51.867
      vertex -16.385 12.3 51.8997
    endloop
  endfacet
  facet normal 0 -1 0
    outer loop
      vertex -16.9282 12.3 51.8282
      vertex -16.3361 12.3 51.867
      vertex -16.8839 12.3 51.867
    endloop
  endfacet
  facet normal 0 -1 0
    outer loop
      vertex -16.9282 12.3 51.8282
      vertex -16.2918 12.3 51.8282
      vertex -16.3361 12.3 51.867
    endloop
  endfacet
  facet normal 0 -1 0
    outer loop
      vertex -16.967 12.3 51.7839
      vertex -16.2918 12.3 51.8282
      vertex -16.9282 12.3 51.8282
    endloop
  endfacet
  facet normal 0 -1 0
    outer loop
      vertex -16.967 12.3 51.7839
      vertex -16.253 12.3 51.7839
      vertex -16.2918 12.3 51.8282
    endloop
  endfacet
  facet normal 0 -1 0
    outer loop
      vertex -16.9997 12.3 51.735
      vertex -16.253 12.3 51.7839
      vertex -16.967 12.3 51.7839
    endloop
  endfacet
  facet normal 0 -1 0
    outer loop
      vertex -16.9997 12.3 51.735
      vertex -16.2203 12.3 51.735
      vertex -16.253 12.3 51.7839
    endloop
  endfacet
  facet normal 0 -1 0
    outer loop
      vertex -17.0257 12.3 51.6822
      vertex -16.2203 12.3 51.735
      vertex -16.9997 12.3 51.735
    endloop
  endfacet
  facet normal 0 -1 0
    outer loop
      vertex -17.0257 12.3 51.6822
      vertex -16.1943 12.3 51.6822
      vertex -16.2203 12.3 51.735
    endloop
  endfacet
  facet normal 0 -1 0
    outer loop
      vertex -17.0447 12.3 51.6265
      vertex -16.1943 12.3 51.6822
      vertex -17.0257 12.3 51.6822
    endloop
  endfacet
  facet normal 0 -1 0
    outer loop
      vertex -17.0447 12.3 51.6265
      vertex -16.1753 12.3 51.6265
      vertex -16.1943 12.3 51.6822
    endloop
  endfacet
  facet normal 0 -1 0
    outer loop
      vertex -17.0561 12.3 51.5687
      vertex -16.1753 12.3 51.6265
      vertex -17.0447 12.3 51.6265
    endloop
  endfacet
  facet normal 0 -1 0
    outer loop
      vertex -17.0561 12.3 51.5687
      vertex -16.1638 12.3 51.5687
      vertex -16.1753 12.3 51.6265
    endloop
  endfacet
  facet normal 0 -1 0
    outer loop
      vertex -17.06 12.3 51.51
      vertex -16.1638 12.3 51.5687
      vertex -17.0561 12.3 51.5687
    endloop
  endfacet
  facet normal 0 -1 0
    outer loop
      vertex -17.06 12.3 51.51
      vertex -16.16 12.3 51.51
      vertex -16.1638 12.3 51.5687
    endloop
  endfacet
  facet normal 0 -1 0
    outer loop
      vertex -17.0561 12.3 51.4513
      vertex -16.16 12.3 51.51
      vertex -17.06 12.3 51.51
    endloop
  endfacet
  facet normal 0 -1 0
    outer loop
      vertex -17.0561 12.3 51.4513
      vertex -16.1638 12.3 51.4513
      vertex -16.16 12.3 51.51
    endloop
  endfacet
  facet normal 0 -1 0
    outer loop
      vertex -17.0447 12.3 51.3935
      vertex -16.1638 12.3 51.4513
      vertex -17.0561 12.3 51.4513
    endloop
  endfacet
  facet normal 0 -1 0
    outer loop
      vertex -17.0447 12.3 51.3935
      vertex -16.1753 12.3 51.3935
      vertex -16.1638 12.3 51.4513
    endloop
  endfacet
  facet normal 0 -1 0
    outer loop
      vertex -17.0257 12.3 51.3378
      vertex -16.1753 12.3 51.3935
      vertex -17.0447 12.3 51.3935
    endloop
  endfacet
  facet normal 0 -1 0
    outer loop
      vertex -17.0257 12.3 51.3378
      vertex -16.1943 12.3 51.3378
      vertex -16.1753 12.3 51.3935
    endloop
  endfacet
  facet normal 0 -1 0
    outer loop
      vertex -16.9997 12.3 51.285
      vertex -16.1943 12.3 51.3378
      vertex -17.0257 12.3 51.3378
    endloop
  endfacet
  facet normal 0 -1 0
    outer loop
      vertex -16.9997 12.3 51.285
      vertex -16.2203 12.3 51.285
      vertex -16.1943 12.3 51.3378
    endloop
  endfacet
  facet normal 0 -1 0
    outer loop
      vertex -16.967 12.3 51.2361
      vertex -16.2203 12.3 51.285
      vertex -16.9997 12.3 51.285
    endloop
  endfacet
  facet normal 0 -1 0
    outer loop
      vertex -16.967 12.3 51.2361
      vertex -16.253 12.3 51.2361
      vertex -16.2203 12.3 51.285
    endloop
  endfacet
  facet normal 0 -1 0
    outer loop
      vertex -16.9282 12.3 51.1918
      vertex -16.253 12.3 51.2361
      vertex -16.967 12.3 51.2361
    endloop
  endfacet
  facet normal 0 -1 0
    outer loop
      vertex -16.9282 12.3 51.1918
      vertex -16.2918 12.3 51.1918
      vertex -16.253 12.3 51.2361
    endloop
  endfacet
  facet normal 0 -1 0
    outer loop
      vertex -16.8839 12.3 51.153
      vertex -16.2918 12.3 51.1918
      vertex -16.9282 12.3 51.1918
    endloop
  endfacet
  facet normal 0 -1 0
    outer loop
      vertex -16.8839 12.3 51.153
      vertex -16.3361 12.3 51.153
      vertex -16.2918 12.3 51.1918
    endloop
  endfacet
  facet normal 0 -1 0
    outer loop
      vertex -16.835 12.3 51.1203
      vertex -16.3361 12.3 51.153
      vertex -16.8839 12.3 51.153
    endloop
  endfacet
  facet normal 0 -1 0
    outer loop
      vertex -16.835 12.3 51.1203
      vertex -16.385 12.3 51.1203
      vertex -16.3361 12.3 51.153
    endloop
  endfacet
  facet normal 0 -1 0
    outer loop
      vertex -16.7822 12.3 51.0943
      vertex -16.385 12.3 51.1203
      vertex -16.835 12.3 51.1203
    endloop
  endfacet
  facet normal 0 -1 0
    outer loop
      vertex -16.7822 12.3 51.0943
      vertex -16.4378 12.3 51.0943
      vertex -16.385 12.3 51.1203
    endloop
  endfacet
  facet normal 0 -1 0
    outer loop
      vertex -16.7265 12.3 51.0753
      vertex -16.4378 12.3 51.0943
      vertex -16.7822 12.3 51.0943
    endloop
  endfacet
  facet normal 0 -1 0
    outer loop
      vertex -16.7265 12.3 51.0753
      vertex -16.4935 12.3 51.0753
      vertex -16.4378 12.3 51.0943
    endloop
  endfacet
  facet normal 0 -1 0
    outer loop
      vertex -16.6687 12.3 51.0639
      vertex -16.4935 12.3 51.0753
      vertex -16.7265 12.3 51.0753
    endloop
  endfacet
  facet normal 0 -1 0
    outer loop
      vertex -16.6687 12.3 51.0639
      vertex -16.5513 12.3 51.0639
      vertex -16.4935 12.3 51.0753
    endloop
  endfacet
  facet normal -0 -1 0
    outer loop
      vertex -16.5513 12.3 51.0639
      vertex -16.6687 12.3 51.0639
      vertex -16.61 12.3 51.06
    endloop
  endfacet
  facet normal -0.752261 0 -0.658865
    outer loop
      vertex -16.9282 12.3 51.1918
      vertex -16.967 14.8 51.2361
      vertex -16.9282 14.8 51.1918
    endloop
  endfacet
  facet normal -0.752261 -0 -0.658865
    outer loop
      vertex -16.967 14.8 51.2361
      vertex -16.9282 12.3 51.1918
      vertex -16.967 12.3 51.2361
    endloop
  endfacet
  facet normal -0.9978 0 0.0662934
    outer loop
      vertex -17.06 12.3 51.51
      vertex -17.0561 14.8 51.5687
      vertex -17.06 14.8 51.51
    endloop
  endfacet
  facet normal -0.9978 0 0.0662934
    outer loop
      vertex -17.0561 14.8 51.5687
      vertex -17.06 12.3 51.51
      vertex -17.0561 12.3 51.5687
    endloop
  endfacet
  facet normal -0.981099 0 0.193504
    outer loop
      vertex -17.0561 12.3 51.5687
      vertex -17.0447 14.8 51.6265
      vertex -17.0561 14.8 51.5687
    endloop
  endfacet
  facet normal -0.981099 0 0.193504
    outer loop
      vertex -17.0447 14.8 51.6265
      vertex -17.0561 12.3 51.5687
      vertex -17.0447 12.3 51.6265
    endloop
  endfacet
  facet normal -0.658865 0 -0.752261
    outer loop
      vertex -16.9282 12.3 51.1918
      vertex -16.8839 14.8 51.153
      vertex -16.8839 12.3 51.153
    endloop
  endfacet
  facet normal -0.658865 0 -0.752261
    outer loop
      vertex -16.8839 14.8 51.153
      vertex -16.9282 12.3 51.1918
      vertex -16.9282 14.8 51.1918
    endloop
  endfacet
  facet normal -0.0662934 0 -0.9978
    outer loop
      vertex -16.6687 12.3 51.0639
      vertex -16.61 14.8 51.06
      vertex -16.61 12.3 51.06
    endloop
  endfacet
  facet normal -0.0662934 0 -0.9978
    outer loop
      vertex -16.61 14.8 51.06
      vertex -16.6687 12.3 51.0639
      vertex -16.6687 14.8 51.0639
    endloop
  endfacet
  facet normal 0.555877 0 -0.831265
    outer loop
      vertex -16.385 12.3 51.1203
      vertex -16.3361 14.8 51.153
      vertex -16.3361 12.3 51.153
    endloop
  endfacet
  facet normal 0.555877 0 -0.831265
    outer loop
      vertex -16.3361 14.8 51.153
      vertex -16.385 12.3 51.1203
      vertex -16.385 14.8 51.1203
    endloop
  endfacet
  facet normal 0.658865 0 -0.752261
    outer loop
      vertex -16.3361 12.3 51.153
      vertex -16.2918 14.8 51.1918
      vertex -16.2918 12.3 51.1918
    endloop
  endfacet
  facet normal 0.658865 0 -0.752261
    outer loop
      vertex -16.2918 14.8 51.1918
      vertex -16.3361 12.3 51.153
      vertex -16.3361 14.8 51.153
    endloop
  endfacet
  facet normal -0.752261 0 0.658865
    outer loop
      vertex -16.967 12.3 51.7839
      vertex -16.9282 14.8 51.8282
      vertex -16.967 14.8 51.7839
    endloop
  endfacet
  facet normal -0.752261 0 0.658865
    outer loop
      vertex -16.9282 14.8 51.8282
      vertex -16.967 12.3 51.7839
      vertex -16.9282 12.3 51.8282
    endloop
  endfacet
  facet normal -0.0655259 0 0.997851
    outer loop
      vertex 2.51589 55.6 53.792
      vertex 2.79 14.8 53.81
      vertex 2.79 55.6 53.81
    endloop
  endfacet
  facet normal -0.0655259 0 0.997851
    outer loop
      vertex 2.79 14.8 53.81
      vertex 2.51589 55.6 53.792
      vertex 2.51589 14.8 53.792
    endloop
  endfacet
  facet normal 0.751796 0 -0.659396
    outer loop
      vertex 4.45604 14.8 50.4316
      vertex 4.27492 55.6 50.2251
      vertex 4.45604 55.6 50.4316
    endloop
  endfacet
  facet normal 0.751796 0 -0.659396
    outer loop
      vertex 4.27492 55.6 50.2251
      vertex 4.45604 14.8 50.4316
      vertex 4.27492 14.8 50.2251
    endloop
  endfacet
  facet normal 0.980783 -0 0.195101
    outer loop
      vertex 4.81844 14.8 52.2535
      vertex 4.87203 55.6 51.9841
      vertex 4.81844 55.6 52.2535
    endloop
  endfacet
  facet normal 0.980783 0 0.195101
    outer loop
      vertex 4.87203 55.6 51.9841
      vertex 4.81844 14.8 52.2535
      vertex 4.87203 14.8 51.9841
    endloop
  endfacet
  facet normal 0.997858 -0 0.0654196
    outer loop
      vertex 4.87203 14.8 51.9841
      vertex 4.89 55.6 51.71
      vertex 4.87203 55.6 51.9841
    endloop
  endfacet
  facet normal 0.997858 0 0.0654196
    outer loop
      vertex 4.89 55.6 51.71
      vertex 4.87203 14.8 51.9841
      vertex 4.89 14.8 51.71
    endloop
  endfacet
  facet normal 0.946932 -0 0.321433
    outer loop
      vertex 4.73015 14.8 52.5136
      vertex 4.81844 55.6 52.2535
      vertex 4.73015 55.6 52.5136
    endloop
  endfacet
  facet normal 0.946932 0 0.321433
    outer loop
      vertex 4.81844 55.6 52.2535
      vertex 4.73015 14.8 52.5136
      vertex 4.81844 14.8 52.2535
    endloop
  endfacet
  facet normal -0.0655259 0 -0.997851
    outer loop
      vertex 2.51589 14.8 49.628
      vertex 2.79 55.6 49.61
      vertex 2.79 14.8 49.61
    endloop
  endfacet
  facet normal -0.0655259 0 -0.997851
    outer loop
      vertex 2.79 55.6 49.61
      vertex 2.51589 14.8 49.628
      vertex 2.51589 55.6 49.628
    endloop
  endfacet
  facet normal 0.195122 0 0.980779
    outer loop
      vertex 3.0641 55.6 53.792
      vertex 3.33352 14.8 53.7384
      vertex 3.33352 55.6 53.7384
    endloop
  endfacet
  facet normal 0.195122 0 0.980779
    outer loop
      vertex 3.33352 14.8 53.7384
      vertex 3.0641 55.6 53.792
      vertex 3.0641 14.8 53.792
    endloop
  endfacet
  facet normal -0.980782 0 0.195104
    outer loop
      vertex 0.707965 14.8 51.9841
      vertex 0.761556 55.6 52.2535
      vertex 0.707965 55.6 51.9841
    endloop
  endfacet
  facet normal -0.980782 0 0.195104
    outer loop
      vertex 0.761556 55.6 52.2535
      vertex 0.707965 14.8 51.9841
      vertex 0.761556 14.8 52.2535
    endloop
  endfacet
  facet normal -0.946925 0 -0.321456
    outer loop
      vertex 0.849853 14.8 50.9064
      vertex 0.761556 55.6 51.1665
      vertex 0.849853 55.6 50.9064
    endloop
  endfacet
  facet normal -0.946925 -0 -0.321456
    outer loop
      vertex 0.761556 55.6 51.1665
      vertex 0.849853 14.8 50.9064
      vertex 0.761556 14.8 51.1665
    endloop
  endfacet
  facet normal -0.659319 0 -0.751864
    outer loop
      vertex 1.30508 14.8 50.2251
      vertex 1.5116 55.6 50.044
      vertex 1.5116 14.8 50.044
    endloop
  endfacet
  facet normal -0.659319 0 -0.751864
    outer loop
      vertex 1.5116 55.6 50.044
      vertex 1.30508 14.8 50.2251
      vertex 1.30508 55.6 50.2251
    endloop
  endfacet
  facet normal 0.555792 0 -0.831322
    outer loop
      vertex 3.84 14.8 49.8913
      vertex 4.0684 55.6 50.044
      vertex 4.0684 14.8 50.044
    endloop
  endfacet
  facet normal 0.555792 0 -0.831322
    outer loop
      vertex 4.0684 55.6 50.044
      vertex 3.84 14.8 49.8913
      vertex 3.84 55.6 49.8913
    endloop
  endfacet
  facet normal 0.980783 0 -0.195101
    outer loop
      vertex 4.87203 14.8 51.4359
      vertex 4.81844 55.6 51.1665
      vertex 4.87203 55.6 51.4359
    endloop
  endfacet
  facet normal 0.980783 0 -0.195101
    outer loop
      vertex 4.81844 55.6 51.1665
      vertex 4.87203 14.8 51.4359
      vertex 4.81844 14.8 51.1665
    endloop
  endfacet
  facet normal 0.896889 0 -0.442256
    outer loop
      vertex 4.73015 14.8 50.9064
      vertex 4.60865 55.6 50.66
      vertex 4.73015 55.6 50.9064
    endloop
  endfacet
  facet normal 0.896889 0 -0.442256
    outer loop
      vertex 4.60865 55.6 50.66
      vertex 4.73015 14.8 50.9064
      vertex 4.60865 14.8 50.66
    endloop
  endfacet
  facet normal 0.442007 0 0.897012
    outer loop
      vertex 3.59363 55.6 53.6501
      vertex 3.84 14.8 53.5287
      vertex 3.84 55.6 53.5287
    endloop
  endfacet
  facet normal 0.442007 0 0.897012
    outer loop
      vertex 3.84 14.8 53.5287
      vertex 3.59363 55.6 53.6501
      vertex 3.59363 14.8 53.6501
    endloop
  endfacet
  facet normal 0.896889 -0 0.442256
    outer loop
      vertex 4.60865 14.8 52.76
      vertex 4.73015 55.6 52.5136
      vertex 4.60865 55.6 52.76
    endloop
  endfacet
  facet normal 0.896889 0 0.442256
    outer loop
      vertex 4.73015 55.6 52.5136
      vertex 4.60865 14.8 52.76
      vertex 4.73015 14.8 52.5136
    endloop
  endfacet
  facet normal 0.831473 0 -0.555565
    outer loop
      vertex 4.60865 14.8 50.66
      vertex 4.45604 55.6 50.4316
      vertex 4.60865 55.6 50.66
    endloop
  endfacet
  facet normal 0.831473 0 -0.555565
    outer loop
      vertex 4.45604 55.6 50.4316
      vertex 4.60865 14.8 50.66
      vertex 4.45604 14.8 50.4316
    endloop
  endfacet
  facet normal 0.442007 0 -0.897012
    outer loop
      vertex 3.59363 14.8 49.7699
      vertex 3.84 55.6 49.8913
      vertex 3.84 14.8 49.8913
    endloop
  endfacet
  facet normal 0.442007 0 -0.897012
    outer loop
      vertex 3.84 55.6 49.8913
      vertex 3.59363 14.8 49.7699
      vertex 3.59363 55.6 49.7699
    endloop
  endfacet
  facet normal -0.831466 0 0.555575
    outer loop
      vertex 0.971346 14.8 52.76
      vertex 1.12396 55.6 52.9884
      vertex 0.971346 55.6 52.76
    endloop
  endfacet
  facet normal -0.831466 0 0.555575
    outer loop
      vertex 1.12396 55.6 52.9884
      vertex 0.971346 14.8 52.76
      vertex 1.12396 14.8 52.9884
    endloop
  endfacet
  facet normal -0.555792 0 0.831322
    outer loop
      vertex 1.5116 55.6 53.376
      vertex 1.74 14.8 53.5287
      vertex 1.74 55.6 53.5287
    endloop
  endfacet
  facet normal -0.555792 0 0.831322
    outer loop
      vertex 1.74 14.8 53.5287
      vertex 1.5116 55.6 53.376
      vertex 1.5116 14.8 53.376
    endloop
  endfacet
  facet normal 0 -1 0
    outer loop
      vertex 2.79 14.8 52.16
      vertex 2.79 14.8 53.81
      vertex 2.51589 14.8 53.792
    endloop
  endfacet
  facet normal 0 -1 0
    outer loop
      vertex 2.73126 14.8 52.1562
      vertex 2.51589 14.8 53.792
      vertex 2.24648 14.8 53.7384
    endloop
  endfacet
  facet normal 0 -1 0
    outer loop
      vertex 2.79 14.8 53.81
      vertex 2.79 14.8 52.16
      vertex 3.0641 14.8 53.792
    endloop
  endfacet
  facet normal 0 -1 0
    outer loop
      vertex 2.67353 14.8 52.1447
      vertex 2.24648 14.8 53.7384
      vertex 1.98636 14.8 53.6501
    endloop
  endfacet
  facet normal 0 -1 0
    outer loop
      vertex 2.84874 14.8 52.1562
      vertex 3.0641 14.8 53.792
      vertex 2.79 14.8 52.16
    endloop
  endfacet
  facet normal 0 -1 0
    outer loop
      vertex 2.61779 14.8 52.1257
      vertex 1.98636 14.8 53.6501
      vertex 1.74 14.8 53.5287
    endloop
  endfacet
  facet normal 0 -1 -0
    outer loop
      vertex 3.0641 14.8 53.792
      vertex 2.84874 14.8 52.1562
      vertex 3.33352 14.8 53.7384
    endloop
  endfacet
  facet normal 0 -1 0
    outer loop
      vertex 2.565 14.8 52.0997
      vertex 1.74 14.8 53.5287
      vertex 1.5116 14.8 53.376
    endloop
  endfacet
  facet normal 0 -1 0
    outer loop
      vertex 2.90647 14.8 52.1447
      vertex 3.33352 14.8 53.7384
      vertex 2.84874 14.8 52.1562
    endloop
  endfacet
  facet normal 0 -1 0
    outer loop
      vertex 2.51606 14.8 52.067
      vertex 1.5116 14.8 53.376
      vertex 1.30508 14.8 53.1949
    endloop
  endfacet
  facet normal 0 -1 -0
    outer loop
      vertex 3.33352 14.8 53.7384
      vertex 2.90647 14.8 52.1447
      vertex 3.59363 14.8 53.6501
    endloop
  endfacet
  facet normal 0 -1 0
    outer loop
      vertex 2.4718 14.8 52.0282
      vertex 1.30508 14.8 53.1949
      vertex 1.12396 14.8 52.9884
    endloop
  endfacet
  facet normal 0 -1 0
    outer loop
      vertex 2.96221 14.8 52.1257
      vertex 3.59363 14.8 53.6501
      vertex 2.90647 14.8 52.1447
    endloop
  endfacet
  facet normal 0 -1 0
    outer loop
      vertex 2.43299 14.8 51.9839
      vertex 1.12396 14.8 52.9884
      vertex 0.971346 14.8 52.76
    endloop
  endfacet
  facet normal 0 -1 -0
    outer loop
      vertex 3.59363 14.8 53.6501
      vertex 2.96221 14.8 52.1257
      vertex 3.84 14.8 53.5287
    endloop
  endfacet
  facet normal 0 -1 0
    outer loop
      vertex 2.40029 14.8 51.935
      vertex 0.971346 14.8 52.76
      vertex 0.849853 14.8 52.5136
    endloop
  endfacet
  facet normal 0 -1 0
    outer loop
      vertex 3.015 14.8 52.0997
      vertex 3.84 14.8 53.5287
      vertex 2.96221 14.8 52.1257
    endloop
  endfacet
  facet normal 0 -1 0
    outer loop
      vertex 2.37425 14.8 51.8822
      vertex 0.849853 14.8 52.5136
      vertex 0.761556 14.8 52.2535
    endloop
  endfacet
  facet normal 0 -1 -0
    outer loop
      vertex 3.84 14.8 53.5287
      vertex 3.015 14.8 52.0997
      vertex 4.0684 14.8 53.376
    endloop
  endfacet
  facet normal 0 -1 0
    outer loop
      vertex 3.06394 14.8 52.067
      vertex 4.0684 14.8 53.376
      vertex 3.015 14.8 52.0997
    endloop
  endfacet
  facet normal 0 -1 0
    outer loop
      vertex 2.51589 14.8 53.792
      vertex 2.73126 14.8 52.1562
      vertex 2.79 14.8 52.16
    endloop
  endfacet
  facet normal 0 -1 0
    outer loop
      vertex 2.24648 14.8 53.7384
      vertex 2.67353 14.8 52.1447
      vertex 2.73126 14.8 52.1562
    endloop
  endfacet
  facet normal 0 -1 0
    outer loop
      vertex 1.98636 14.8 53.6501
      vertex 2.61779 14.8 52.1257
      vertex 2.67353 14.8 52.1447
    endloop
  endfacet
  facet normal 0 -1 0
    outer loop
      vertex 1.74 14.8 53.5287
      vertex 2.565 14.8 52.0997
      vertex 2.61779 14.8 52.1257
    endloop
  endfacet
  facet normal 0 -1 0
    outer loop
      vertex 1.5116 14.8 53.376
      vertex 2.51606 14.8 52.067
      vertex 2.565 14.8 52.0997
    endloop
  endfacet
  facet normal 0 -1 0
    outer loop
      vertex 1.30508 14.8 53.1949
      vertex 2.4718 14.8 52.0282
      vertex 2.51606 14.8 52.067
    endloop
  endfacet
  facet normal 0 -1 0
    outer loop
      vertex 2.35533 14.8 51.8265
      vertex 0.761556 14.8 52.2535
      vertex 0.707965 14.8 51.9841
    endloop
  endfacet
  facet normal 0 -1 0
    outer loop
      vertex 1.12396 14.8 52.9884
      vertex 2.43299 14.8 51.9839
      vertex 2.4718 14.8 52.0282
    endloop
  endfacet
  facet normal 0 -1 0
    outer loop
      vertex 0.971346 14.8 52.76
      vertex 2.40029 14.8 51.935
      vertex 2.43299 14.8 51.9839
    endloop
  endfacet
  facet normal 0 -1 0
    outer loop
      vertex 0.849853 14.8 52.5136
      vertex 2.37425 14.8 51.8822
      vertex 2.40029 14.8 51.935
    endloop
  endfacet
  facet normal 0 -1 0
    outer loop
      vertex 0.761556 14.8 52.2535
      vertex 2.35533 14.8 51.8265
      vertex 2.37425 14.8 51.8822
    endloop
  endfacet
  facet normal 0 -1 0
    outer loop
      vertex 0.707965 14.8 51.9841
      vertex 2.34385 14.8 51.7687
      vertex 2.35533 14.8 51.8265
    endloop
  endfacet
  facet normal 0 -1 0
    outer loop
      vertex 0.69 14.8 51.71
      vertex 2.34385 14.8 51.7687
      vertex 0.707965 14.8 51.9841
    endloop
  endfacet
  facet normal 0 -1 0
    outer loop
      vertex 0.69 14.8 51.71
      vertex 2.34 14.8 51.71
      vertex 2.34385 14.8 51.7687
    endloop
  endfacet
  facet normal 0 -1 0
    outer loop
      vertex 0.69 14.8 51.71
      vertex 2.34385 14.8 51.6513
      vertex 2.34 14.8 51.71
    endloop
  endfacet
  facet normal 0 -1 0
    outer loop
      vertex 0.707965 14.8 51.4359
      vertex 2.34385 14.8 51.6513
      vertex 0.69 14.8 51.71
    endloop
  endfacet
  facet normal 0 -1 -0
    outer loop
      vertex 2.34385 14.8 51.6513
      vertex 0.707965 14.8 51.4359
      vertex 2.35533 14.8 51.5935
    endloop
  endfacet
  facet normal 0 -1 0
    outer loop
      vertex 0.761556 14.8 51.1665
      vertex 2.35533 14.8 51.5935
      vertex 0.707965 14.8 51.4359
    endloop
  endfacet
  facet normal 0 -1 -0
    outer loop
      vertex 2.35533 14.8 51.5935
      vertex 0.761556 14.8 51.1665
      vertex 2.37425 14.8 51.5378
    endloop
  endfacet
  facet normal 0 -1 0
    outer loop
      vertex 0.849853 14.8 50.9064
      vertex 2.37425 14.8 51.5378
      vertex 0.761556 14.8 51.1665
    endloop
  endfacet
  facet normal 0 -1 -0
    outer loop
      vertex 2.37425 14.8 51.5378
      vertex 0.849853 14.8 50.9064
      vertex 2.40029 14.8 51.485
    endloop
  endfacet
  facet normal 0 -1 0
    outer loop
      vertex 0.971346 14.8 50.66
      vertex 2.40029 14.8 51.485
      vertex 0.849853 14.8 50.9064
    endloop
  endfacet
  facet normal 0 -1 -0
    outer loop
      vertex 2.40029 14.8 51.485
      vertex 0.971346 14.8 50.66
      vertex 2.43299 14.8 51.4361
    endloop
  endfacet
  facet normal 0 -1 0
    outer loop
      vertex 1.12396 14.8 50.4316
      vertex 2.43299 14.8 51.4361
      vertex 0.971346 14.8 50.66
    endloop
  endfacet
  facet normal 0 -1 -0
    outer loop
      vertex 2.43299 14.8 51.4361
      vertex 1.12396 14.8 50.4316
      vertex 2.4718 14.8 51.3918
    endloop
  endfacet
  facet normal 0 -1 0
    outer loop
      vertex 1.30508 14.8 50.2251
      vertex 2.4718 14.8 51.3918
      vertex 1.12396 14.8 50.4316
    endloop
  endfacet
  facet normal 0 -1 0
    outer loop
      vertex 1.5116 14.8 50.044
      vertex 2.51606 14.8 51.353
      vertex 1.30508 14.8 50.2251
    endloop
  endfacet
  facet normal 0 -1 -0
    outer loop
      vertex 2.4718 14.8 51.3918
      vertex 1.30508 14.8 50.2251
      vertex 2.51606 14.8 51.353
    endloop
  endfacet
  facet normal 0 -1 -0
    outer loop
      vertex 4.0684 14.8 53.376
      vertex 3.06394 14.8 52.067
      vertex 4.27492 14.8 53.1949
    endloop
  endfacet
  facet normal 0 -1 0
    outer loop
      vertex 3.1082 14.8 52.0282
      vertex 4.27492 14.8 53.1949
      vertex 3.06394 14.8 52.067
    endloop
  endfacet
  facet normal 0 -1 -0
    outer loop
      vertex 4.27492 14.8 53.1949
      vertex 3.1082 14.8 52.0282
      vertex 4.45604 14.8 52.9884
    endloop
  endfacet
  facet normal 0 -1 0
    outer loop
      vertex 3.14701 14.8 51.9839
      vertex 4.45604 14.8 52.9884
      vertex 3.1082 14.8 52.0282
    endloop
  endfacet
  facet normal 0 -1 -0
    outer loop
      vertex 4.45604 14.8 52.9884
      vertex 3.14701 14.8 51.9839
      vertex 4.60865 14.8 52.76
    endloop
  endfacet
  facet normal 0 -1 0
    outer loop
      vertex 3.17971 14.8 51.935
      vertex 4.60865 14.8 52.76
      vertex 3.14701 14.8 51.9839
    endloop
  endfacet
  facet normal 0 -1 -0
    outer loop
      vertex 4.60865 14.8 52.76
      vertex 3.17971 14.8 51.935
      vertex 4.73015 14.8 52.5136
    endloop
  endfacet
  facet normal 0 -1 0
    outer loop
      vertex 3.20575 14.8 51.8822
      vertex 4.73015 14.8 52.5136
      vertex 3.17971 14.8 51.935
    endloop
  endfacet
  facet normal 0 -1 -0
    outer loop
      vertex 4.73015 14.8 52.5136
      vertex 3.20575 14.8 51.8822
      vertex 4.81844 14.8 52.2535
    endloop
  endfacet
  facet normal 0 -1 0
    outer loop
      vertex 3.22467 14.8 51.8265
      vertex 4.81844 14.8 52.2535
      vertex 3.20575 14.8 51.8822
    endloop
  endfacet
  facet normal 0 -1 -0
    outer loop
      vertex 4.81844 14.8 52.2535
      vertex 3.22467 14.8 51.8265
      vertex 4.87203 14.8 51.9841
    endloop
  endfacet
  facet normal 0 -1 0
    outer loop
      vertex 3.23615 14.8 51.7687
      vertex 4.87203 14.8 51.9841
      vertex 3.22467 14.8 51.8265
    endloop
  endfacet
  facet normal 0 -1 0
    outer loop
      vertex 3.24 14.8 51.71
      vertex 4.87203 14.8 51.9841
      vertex 3.23615 14.8 51.7687
    endloop
  endfacet
  facet normal 0 -1 0
    outer loop
      vertex 3.24 14.8 51.71
      vertex 4.89 14.8 51.71
      vertex 4.87203 14.8 51.9841
    endloop
  endfacet
  facet normal 0 -1 0
    outer loop
      vertex 3.23615 14.8 51.6513
      vertex 4.89 14.8 51.71
      vertex 3.24 14.8 51.71
    endloop
  endfacet
  facet normal 0 -1 0
    outer loop
      vertex 4.87203 14.8 51.4359
      vertex 3.23615 14.8 51.6513
      vertex 3.22467 14.8 51.5935
    endloop
  endfacet
  facet normal 0 -1 0
    outer loop
      vertex 4.81844 14.8 51.1665
      vertex 3.22467 14.8 51.5935
      vertex 3.20575 14.8 51.5378
    endloop
  endfacet
  facet normal 0 -1 0
    outer loop
      vertex 4.73015 14.8 50.9064
      vertex 3.20575 14.8 51.5378
      vertex 3.17971 14.8 51.485
    endloop
  endfacet
  facet normal 0 -1 0
    outer loop
      vertex 4.60865 14.8 50.66
      vertex 3.17971 14.8 51.485
      vertex 3.14701 14.8 51.4361
    endloop
  endfacet
  facet normal 0 -1 0
    outer loop
      vertex 3.23615 14.8 51.6513
      vertex 4.87203 14.8 51.4359
      vertex 4.89 14.8 51.71
    endloop
  endfacet
  facet normal 0 -1 0
    outer loop
      vertex 4.45604 14.8 50.4316
      vertex 3.14701 14.8 51.4361
      vertex 3.1082 14.8 51.3918
    endloop
  endfacet
  facet normal 0 -1 0
    outer loop
      vertex 4.27492 14.8 50.2251
      vertex 3.1082 14.8 51.3918
      vertex 3.06394 14.8 51.353
    endloop
  endfacet
  facet normal 0 -1 0
    outer loop
      vertex 4.0684 14.8 50.044
      vertex 3.06394 14.8 51.353
      vertex 3.015 14.8 51.3203
    endloop
  endfacet
  facet normal 0 -1 0
    outer loop
      vertex 3.84 14.8 49.8913
      vertex 3.015 14.8 51.3203
      vertex 2.96221 14.8 51.2943
    endloop
  endfacet
  facet normal 0 -1 0
    outer loop
      vertex 3.59363 14.8 49.7699
      vertex 2.96221 14.8 51.2943
      vertex 2.90647 14.8 51.2753
    endloop
  endfacet
  facet normal 0 -1 0
    outer loop
      vertex 3.33352 14.8 49.6816
      vertex 2.90647 14.8 51.2753
      vertex 2.84874 14.8 51.2638
    endloop
  endfacet
  facet normal 0 -1 0
    outer loop
      vertex 3.22467 14.8 51.5935
      vertex 4.81844 14.8 51.1665
      vertex 4.87203 14.8 51.4359
    endloop
  endfacet
  facet normal 0 -1 0
    outer loop
      vertex 3.0641 14.8 49.628
      vertex 2.84874 14.8 51.2638
      vertex 2.79 14.8 51.26
    endloop
  endfacet
  facet normal 0 -1 -0
    outer loop
      vertex 2.51606 14.8 51.353
      vertex 1.5116 14.8 50.044
      vertex 2.565 14.8 51.3203
    endloop
  endfacet
  facet normal 0 -1 0
    outer loop
      vertex 1.74 14.8 49.8913
      vertex 2.565 14.8 51.3203
      vertex 1.5116 14.8 50.044
    endloop
  endfacet
  facet normal 0 -1 0
    outer loop
      vertex 3.20575 14.8 51.5378
      vertex 4.73015 14.8 50.9064
      vertex 4.81844 14.8 51.1665
    endloop
  endfacet
  facet normal 0 -1 -0
    outer loop
      vertex 2.565 14.8 51.3203
      vertex 1.74 14.8 49.8913
      vertex 2.61779 14.8 51.2943
    endloop
  endfacet
  facet normal 0 -1 0
    outer loop
      vertex 3.17971 14.8 51.485
      vertex 4.60865 14.8 50.66
      vertex 4.73015 14.8 50.9064
    endloop
  endfacet
  facet normal 0 -1 0
    outer loop
      vertex 1.98636 14.8 49.7699
      vertex 2.61779 14.8 51.2943
      vertex 1.74 14.8 49.8913
    endloop
  endfacet
  facet normal 0 -1 0
    outer loop
      vertex 3.14701 14.8 51.4361
      vertex 4.45604 14.8 50.4316
      vertex 4.60865 14.8 50.66
    endloop
  endfacet
  facet normal 0 -1 -0
    outer loop
      vertex 2.61779 14.8 51.2943
      vertex 1.98636 14.8 49.7699
      vertex 2.67353 14.8 51.2753
    endloop
  endfacet
  facet normal 0 -1 0
    outer loop
      vertex 3.1082 14.8 51.3918
      vertex 4.27492 14.8 50.2251
      vertex 4.45604 14.8 50.4316
    endloop
  endfacet
  facet normal 0 -1 0
    outer loop
      vertex 2.24648 14.8 49.6816
      vertex 2.67353 14.8 51.2753
      vertex 1.98636 14.8 49.7699
    endloop
  endfacet
  facet normal 0 -1 0
    outer loop
      vertex 3.06394 14.8 51.353
      vertex 4.0684 14.8 50.044
      vertex 4.27492 14.8 50.2251
    endloop
  endfacet
  facet normal 0 -1 -0
    outer loop
      vertex 2.67353 14.8 51.2753
      vertex 2.24648 14.8 49.6816
      vertex 2.73126 14.8 51.2638
    endloop
  endfacet
  facet normal 0 -1 0
    outer loop
      vertex 3.015 14.8 51.3203
      vertex 3.84 14.8 49.8913
      vertex 4.0684 14.8 50.044
    endloop
  endfacet
  facet normal 0 -1 0
    outer loop
      vertex 2.51589 14.8 49.628
      vertex 2.73126 14.8 51.2638
      vertex 2.24648 14.8 49.6816
    endloop
  endfacet
  facet normal 0 -1 0
    outer loop
      vertex 2.96221 14.8 51.2943
      vertex 3.59363 14.8 49.7699
      vertex 3.84 14.8 49.8913
    endloop
  endfacet
  facet normal 0 -1 -0
    outer loop
      vertex 2.73126 14.8 51.2638
      vertex 2.51589 14.8 49.628
      vertex 2.79 14.8 51.26
    endloop
  endfacet
  facet normal 0 -1 0
    outer loop
      vertex 2.90647 14.8 51.2753
      vertex 3.33352 14.8 49.6816
      vertex 3.59363 14.8 49.7699
    endloop
  endfacet
  facet normal 0 -1 0
    outer loop
      vertex 2.79 14.8 49.61
      vertex 2.79 14.8 51.26
      vertex 2.51589 14.8 49.628
    endloop
  endfacet
  facet normal 0 -1 0
    outer loop
      vertex 2.84874 14.8 51.2638
      vertex 3.0641 14.8 49.628
      vertex 3.33352 14.8 49.6816
    endloop
  endfacet
  facet normal 0 -1 0
    outer loop
      vertex 2.79 14.8 51.26
      vertex 2.79 14.8 49.61
      vertex 3.0641 14.8 49.628
    endloop
  endfacet
  facet normal -0.321443 0 0.946929
    outer loop
      vertex 1.98636 55.6 53.6501
      vertex 2.24648 14.8 53.7384
      vertex 2.24648 55.6 53.7384
    endloop
  endfacet
  facet normal -0.321443 0 0.946929
    outer loop
      vertex 2.24648 14.8 53.7384
      vertex 1.98636 55.6 53.6501
      vertex 1.98636 14.8 53.6501
    endloop
  endfacet
  facet normal 0.997858 0 -0.0654196
    outer loop
      vertex 4.89 14.8 51.71
      vertex 4.87203 55.6 51.4359
      vertex 4.89 55.6 51.71
    endloop
  endfacet
  facet normal 0.997858 0 -0.0654196
    outer loop
      vertex 4.87203 55.6 51.4359
      vertex 4.89 14.8 51.71
      vertex 4.87203 14.8 51.4359
    endloop
  endfacet
  facet normal 0.831473 -0 0.555565
    outer loop
      vertex 4.45604 14.8 52.9884
      vertex 4.60865 55.6 52.76
      vertex 4.45604 55.6 52.9884
    endloop
  endfacet
  facet normal 0.831473 0 0.555565
    outer loop
      vertex 4.60865 55.6 52.76
      vertex 4.45604 14.8 52.9884
      vertex 4.60865 14.8 52.76
    endloop
  endfacet
  facet normal 0.195122 0 -0.980779
    outer loop
      vertex 3.0641 14.8 49.628
      vertex 3.33352 55.6 49.6816
      vertex 3.33352 14.8 49.6816
    endloop
  endfacet
  facet normal 0.195122 0 -0.980779
    outer loop
      vertex 3.33352 55.6 49.6816
      vertex 3.0641 14.8 49.628
      vertex 3.0641 55.6 49.628
    endloop
  endfacet
  facet normal -0.195129 0 0.980778
    outer loop
      vertex 2.24648 55.6 53.7384
      vertex 2.51589 14.8 53.792
      vertex 2.51589 55.6 53.792
    endloop
  endfacet
  facet normal -0.195129 0 0.980778
    outer loop
      vertex 2.51589 14.8 53.792
      vertex 2.24648 55.6 53.7384
      vertex 2.24648 14.8 53.7384
    endloop
  endfacet
  facet normal -0.751796 0 0.659396
    outer loop
      vertex 1.12396 14.8 52.9884
      vertex 1.30508 55.6 53.1949
      vertex 1.12396 55.6 52.9884
    endloop
  endfacet
  facet normal -0.751796 0 0.659396
    outer loop
      vertex 1.30508 55.6 53.1949
      vertex 1.12396 14.8 52.9884
      vertex 1.30508 14.8 53.1949
    endloop
  endfacet
  facet normal 0.555792 0 0.831322
    outer loop
      vertex 3.84 55.6 53.5287
      vertex 4.0684 14.8 53.376
      vertex 4.0684 55.6 53.376
    endloop
  endfacet
  facet normal 0.555792 0 0.831322
    outer loop
      vertex 4.0684 14.8 53.376
      vertex 3.84 55.6 53.5287
      vertex 3.84 14.8 53.5287
    endloop
  endfacet
  facet normal -0.442021 0 0.897005
    outer loop
      vertex 1.74 55.6 53.5287
      vertex 1.98636 14.8 53.6501
      vertex 1.98636 55.6 53.6501
    endloop
  endfacet
  facet normal -0.442021 0 0.897005
    outer loop
      vertex 1.98636 14.8 53.6501
      vertex 1.74 55.6 53.5287
      vertex 1.74 14.8 53.5287
    endloop
  endfacet
  facet normal 0.321454 0 -0.946925
    outer loop
      vertex 3.33352 14.8 49.6816
      vertex 3.59363 55.6 49.7699
      vertex 3.59363 14.8 49.7699
    endloop
  endfacet
  facet normal 0.321454 0 -0.946925
    outer loop
      vertex 3.59363 55.6 49.7699
      vertex 3.33352 14.8 49.6816
      vertex 3.33352 55.6 49.6816
    endloop
  endfacet
  facet normal -0.321443 0 -0.946929
    outer loop
      vertex 1.98636 14.8 49.7699
      vertex 2.24648 55.6 49.6816
      vertex 2.24648 14.8 49.6816
    endloop
  endfacet
  facet normal -0.321443 0 -0.946929
    outer loop
      vertex 2.24648 55.6 49.6816
      vertex 1.98636 14.8 49.7699
      vertex 1.98636 55.6 49.7699
    endloop
  endfacet
  facet normal -0.896899 0 0.442236
    outer loop
      vertex 0.849853 14.8 52.5136
      vertex 0.971346 55.6 52.76
      vertex 0.849853 55.6 52.5136
    endloop
  endfacet
  facet normal -0.896899 0 0.442236
    outer loop
      vertex 0.971346 55.6 52.76
      vertex 0.849853 14.8 52.5136
      vertex 0.971346 14.8 52.76
    endloop
  endfacet
  facet normal 0.751796 -0 0.659396
    outer loop
      vertex 4.27492 14.8 53.1949
      vertex 4.45604 55.6 52.9884
      vertex 4.27492 55.6 53.1949
    endloop
  endfacet
  facet normal 0.751796 0 0.659396
    outer loop
      vertex 4.45604 55.6 52.9884
      vertex 4.27492 14.8 53.1949
      vertex 4.45604 14.8 52.9884
    endloop
  endfacet
  facet normal -0.946925 0 0.321456
    outer loop
      vertex 0.761556 14.8 52.2535
      vertex 0.849853 55.6 52.5136
      vertex 0.761556 55.6 52.2535
    endloop
  endfacet
  facet normal -0.946925 0 0.321456
    outer loop
      vertex 0.849853 55.6 52.5136
      vertex 0.761556 14.8 52.2535
      vertex 0.849853 14.8 52.5136
    endloop
  endfacet
  facet normal -0.751796 0 -0.659396
    outer loop
      vertex 1.30508 14.8 50.2251
      vertex 1.12396 55.6 50.4316
      vertex 1.30508 55.6 50.2251
    endloop
  endfacet
  facet normal -0.751796 -0 -0.659396
    outer loop
      vertex 1.12396 55.6 50.4316
      vertex 1.30508 14.8 50.2251
      vertex 1.12396 14.8 50.4316
    endloop
  endfacet
  facet normal 0.321454 0 0.946925
    outer loop
      vertex 3.33352 55.6 53.7384
      vertex 3.59363 14.8 53.6501
      vertex 3.59363 55.6 53.6501
    endloop
  endfacet
  facet normal 0.321454 0 0.946925
    outer loop
      vertex 3.59363 14.8 53.6501
      vertex 3.33352 55.6 53.7384
      vertex 3.33352 14.8 53.7384
    endloop
  endfacet
  facet normal 0.946932 0 -0.321433
    outer loop
      vertex 4.81844 14.8 51.1665
      vertex 4.73015 55.6 50.9064
      vertex 4.81844 55.6 51.1665
    endloop
  endfacet
  facet normal 0.946932 0 -0.321433
    outer loop
      vertex 4.73015 55.6 50.9064
      vertex 4.81844 14.8 51.1665
      vertex 4.73015 14.8 50.9064
    endloop
  endfacet
  facet normal -0.980782 0 -0.195104
    outer loop
      vertex 0.761556 14.8 51.1665
      vertex 0.707965 55.6 51.4359
      vertex 0.761556 55.6 51.1665
    endloop
  endfacet
  facet normal -0.980782 -0 -0.195104
    outer loop
      vertex 0.707965 55.6 51.4359
      vertex 0.761556 14.8 51.1665
      vertex 0.707965 14.8 51.4359
    endloop
  endfacet
  facet normal -0.659319 0 0.751864
    outer loop
      vertex 1.30508 55.6 53.1949
      vertex 1.5116 14.8 53.376
      vertex 1.5116 55.6 53.376
    endloop
  endfacet
  facet normal -0.659319 0 0.751864
    outer loop
      vertex 1.5116 14.8 53.376
      vertex 1.30508 55.6 53.1949
      vertex 1.30508 14.8 53.1949
    endloop
  endfacet
  facet normal -0.442021 0 -0.897005
    outer loop
      vertex 1.74 14.8 49.8913
      vertex 1.98636 55.6 49.7699
      vertex 1.98636 14.8 49.7699
    endloop
  endfacet
  facet normal -0.442021 0 -0.897005
    outer loop
      vertex 1.98636 55.6 49.7699
      vertex 1.74 14.8 49.8913
      vertex 1.74 55.6 49.8913
    endloop
  endfacet
  facet normal -0.896899 0 -0.442236
    outer loop
      vertex 0.971346 14.8 50.66
      vertex 0.849853 55.6 50.9064
      vertex 0.971346 55.6 50.66
    endloop
  endfacet
  facet normal -0.896899 -0 -0.442236
    outer loop
      vertex 0.849853 55.6 50.9064
      vertex 0.971346 14.8 50.66
      vertex 0.849853 14.8 50.9064
    endloop
  endfacet
  facet normal -0.997859 0 -0.0654015
    outer loop
      vertex 0.707965 14.8 51.4359
      vertex 0.69 55.6 51.71
      vertex 0.707965 55.6 51.4359
    endloop
  endfacet
  facet normal -0.997859 -0 -0.0654015
    outer loop
      vertex 0.69 55.6 51.71
      vertex 0.707965 14.8 51.4359
      vertex 0.69 14.8 51.71
    endloop
  endfacet
  facet normal 0.0655283 0 -0.997851
    outer loop
      vertex 2.79 14.8 49.61
      vertex 3.0641 55.6 49.628
      vertex 3.0641 14.8 49.628
    endloop
  endfacet
  facet normal 0.0655283 0 -0.997851
    outer loop
      vertex 3.0641 55.6 49.628
      vertex 2.79 14.8 49.61
      vertex 2.79 55.6 49.61
    endloop
  endfacet
  facet normal -0.997859 0 0.0654015
    outer loop
      vertex 0.69 14.8 51.71
      vertex 0.707965 55.6 51.9841
      vertex 0.69 55.6 51.71
    endloop
  endfacet
  facet normal -0.997859 0 0.0654015
    outer loop
      vertex 0.707965 55.6 51.9841
      vertex 0.69 14.8 51.71
      vertex 0.707965 14.8 51.9841
    endloop
  endfacet
  facet normal 0.659319 0 0.751864
    outer loop
      vertex 4.0684 55.6 53.376
      vertex 4.27492 14.8 53.1949
      vertex 4.27492 55.6 53.1949
    endloop
  endfacet
  facet normal 0.659319 0 0.751864
    outer loop
      vertex 4.27492 14.8 53.1949
      vertex 4.0684 55.6 53.376
      vertex 4.0684 14.8 53.376
    endloop
  endfacet
  facet normal -0.831466 0 -0.555575
    outer loop
      vertex 1.12396 14.8 50.4316
      vertex 0.971346 55.6 50.66
      vertex 1.12396 55.6 50.4316
    endloop
  endfacet
  facet normal -0.831466 -0 -0.555575
    outer loop
      vertex 0.971346 55.6 50.66
      vertex 1.12396 14.8 50.4316
      vertex 0.971346 14.8 50.66
    endloop
  endfacet
  facet normal -0.555792 0 -0.831322
    outer loop
      vertex 1.5116 14.8 50.044
      vertex 1.74 55.6 49.8913
      vertex 1.74 14.8 49.8913
    endloop
  endfacet
  facet normal -0.555792 0 -0.831322
    outer loop
      vertex 1.74 55.6 49.8913
      vertex 1.5116 14.8 50.044
      vertex 1.5116 55.6 50.044
    endloop
  endfacet
  facet normal 0.0655283 0 0.997851
    outer loop
      vertex 2.79 55.6 53.81
      vertex 3.0641 14.8 53.792
      vertex 3.0641 55.6 53.792
    endloop
  endfacet
  facet normal 0.0655283 0 0.997851
    outer loop
      vertex 3.0641 14.8 53.792
      vertex 2.79 55.6 53.81
      vertex 2.79 14.8 53.81
    endloop
  endfacet
  facet normal -0.195129 0 -0.980778
    outer loop
      vertex 2.24648 14.8 49.6816
      vertex 2.51589 55.6 49.628
      vertex 2.51589 14.8 49.628
    endloop
  endfacet
  facet normal -0.195129 0 -0.980778
    outer loop
      vertex 2.51589 55.6 49.628
      vertex 2.24648 14.8 49.6816
      vertex 2.24648 55.6 49.6816
    endloop
  endfacet
  facet normal 0.659319 0 -0.751864
    outer loop
      vertex 4.0684 14.8 50.044
      vertex 4.27492 55.6 50.2251
      vertex 4.27492 14.8 50.2251
    endloop
  endfacet
  facet normal 0.659319 0 -0.751864
    outer loop
      vertex 4.27492 55.6 50.2251
      vertex 4.0684 14.8 50.044
      vertex 4.0684 55.6 50.044
    endloop
  endfacet
  facet normal -0.946866 0 0.321628
    outer loop
      vertex 2.35533 12.3 51.8265
      vertex 2.37425 14.8 51.8822
      vertex 2.35533 14.8 51.8265
    endloop
  endfacet
  facet normal -0.946866 0 0.321628
    outer loop
      vertex 2.37425 14.8 51.8822
      vertex 2.35533 12.3 51.8265
      vertex 2.37425 12.3 51.8822
    endloop
  endfacet
  facet normal 0.980841 -0 0.194811
    outer loop
      vertex 3.22467 12.3 51.8265
      vertex 3.23615 14.8 51.7687
      vertex 3.22467 14.8 51.8265
    endloop
  endfacet
  facet normal 0.980841 0 0.194811
    outer loop
      vertex 3.23615 14.8 51.7687
      vertex 3.22467 12.3 51.8265
      vertex 3.23615 12.3 51.7687
    endloop
  endfacet
  facet normal 0.997856 -0 0.0654471
    outer loop
      vertex 3.23615 12.3 51.7687
      vertex 3.24 14.8 51.71
      vertex 3.23615 14.8 51.7687
    endloop
  endfacet
  facet normal 0.997856 0 0.0654471
    outer loop
      vertex 3.24 14.8 51.71
      vertex 3.23615 12.3 51.7687
      vertex 3.24 12.3 51.71
    endloop
  endfacet
  facet normal 0.831265 -0 0.555877
    outer loop
      vertex 3.14701 12.3 51.9839
      vertex 3.17971 14.8 51.935
      vertex 3.14701 14.8 51.9839
    endloop
  endfacet
  facet normal 0.831265 0 0.555877
    outer loop
      vertex 3.17971 14.8 51.935
      vertex 3.14701 12.3 51.9839
      vertex 3.17971 12.3 51.935
    endloop
  endfacet
  facet normal 0.831265 0 -0.555877
    outer loop
      vertex 3.17971 12.3 51.485
      vertex 3.14701 14.8 51.4361
      vertex 3.17971 14.8 51.485
    endloop
  endfacet
  facet normal 0.831265 0 -0.555877
    outer loop
      vertex 3.14701 14.8 51.4361
      vertex 3.17971 12.3 51.485
      vertex 3.14701 12.3 51.4361
    endloop
  endfacet
  facet normal -0.195365 0 -0.980731
    outer loop
      vertex 2.67353 12.3 51.2753
      vertex 2.73126 14.8 51.2638
      vertex 2.73126 12.3 51.2638
    endloop
  endfacet
  facet normal -0.195365 0 -0.980731
    outer loop
      vertex 2.73126 14.8 51.2638
      vertex 2.67353 12.3 51.2753
      vertex 2.67353 14.8 51.2753
    endloop
  endfacet
  facet normal -0.555562 0 -0.831475
    outer loop
      vertex 2.51606 12.3 51.353
      vertex 2.565 14.8 51.3203
      vertex 2.565 12.3 51.3203
    endloop
  endfacet
  facet normal -0.555562 0 -0.831475
    outer loop
      vertex 2.565 14.8 51.3203
      vertex 2.51606 12.3 51.353
      vertex 2.51606 14.8 51.353
    endloop
  endfacet
  facet normal -0.831265 0 -0.555877
    outer loop
      vertex 2.43299 12.3 51.4361
      vertex 2.40029 14.8 51.485
      vertex 2.43299 14.8 51.4361
    endloop
  endfacet
  facet normal -0.831265 -0 -0.555877
    outer loop
      vertex 2.40029 14.8 51.485
      vertex 2.43299 12.3 51.4361
      vertex 2.40029 12.3 51.485
    endloop
  endfacet
  facet normal -0.997856 0 0.0654471
    outer loop
      vertex 2.34 12.3 51.71
      vertex 2.34385 14.8 51.7687
      vertex 2.34 14.8 51.71
    endloop
  endfacet
  facet normal -0.997856 0 0.0654471
    outer loop
      vertex 2.34385 14.8 51.7687
      vertex 2.34 12.3 51.71
      vertex 2.34385 12.3 51.7687
    endloop
  endfacet
  facet normal -0.0645569 0 -0.997914
    outer loop
      vertex 2.73126 12.3 51.2638
      vertex 2.79 14.8 51.26
      vertex 2.79 12.3 51.26
    endloop
  endfacet
  facet normal -0.0645569 0 -0.997914
    outer loop
      vertex 2.79 14.8 51.26
      vertex 2.73126 12.3 51.2638
      vertex 2.73126 14.8 51.2638
    endloop
  endfacet
  facet normal 0.89686 0 -0.442315
    outer loop
      vertex 3.20575 12.3 51.5378
      vertex 3.17971 14.8 51.485
      vertex 3.20575 14.8 51.5378
    endloop
  endfacet
  facet normal 0.89686 0 -0.442315
    outer loop
      vertex 3.17971 14.8 51.485
      vertex 3.20575 12.3 51.5378
      vertex 3.17971 12.3 51.485
    endloop
  endfacet
  facet normal 0.555562 0 -0.831475
    outer loop
      vertex 3.015 12.3 51.3203
      vertex 3.06394 14.8 51.353
      vertex 3.06394 12.3 51.353
    endloop
  endfacet
  facet normal 0.555562 0 -0.831475
    outer loop
      vertex 3.06394 14.8 51.353
      vertex 3.015 12.3 51.3203
      vertex 3.015 14.8 51.3203
    endloop
  endfacet
  facet normal 0.322639 0 0.946522
    outer loop
      vertex 2.90647 14.8 52.1447
      vertex 2.96221 12.3 52.1257
      vertex 2.96221 14.8 52.1257
    endloop
  endfacet
  facet normal 0.322639 0 0.946522
    outer loop
      vertex 2.96221 12.3 52.1257
      vertex 2.90647 14.8 52.1447
      vertex 2.90647 12.3 52.1447
    endloop
  endfacet
  facet normal 0.659202 0 0.751966
    outer loop
      vertex 3.06394 14.8 52.067
      vertex 3.1082 12.3 52.0282
      vertex 3.1082 14.8 52.0282
    endloop
  endfacet
  facet normal 0.659202 0 0.751966
    outer loop
      vertex 3.1082 12.3 52.0282
      vertex 3.06394 14.8 52.067
      vertex 3.06394 12.3 52.067
    endloop
  endfacet
  facet normal 0.195365 0 0.980731
    outer loop
      vertex 2.84874 14.8 52.1562
      vertex 2.90647 12.3 52.1447
      vertex 2.90647 14.8 52.1447
    endloop
  endfacet
  facet normal 0.195365 0 0.980731
    outer loop
      vertex 2.90647 12.3 52.1447
      vertex 2.84874 14.8 52.1562
      vertex 2.84874 12.3 52.1562
    endloop
  endfacet
  facet normal -0.997856 0 -0.0654471
    outer loop
      vertex 2.34385 12.3 51.6513
      vertex 2.34 14.8 51.71
      vertex 2.34385 14.8 51.6513
    endloop
  endfacet
  facet normal -0.997856 -0 -0.0654471
    outer loop
      vertex 2.34 14.8 51.71
      vertex 2.34385 12.3 51.6513
      vertex 2.34 12.3 51.71
    endloop
  endfacet
  facet normal -0.980841 0 0.194811
    outer loop
      vertex 2.34385 12.3 51.7687
      vertex 2.35533 14.8 51.8265
      vertex 2.34385 14.8 51.7687
    endloop
  endfacet
  facet normal -0.980841 0 0.194811
    outer loop
      vertex 2.35533 14.8 51.8265
      vertex 2.34385 12.3 51.7687
      vertex 2.35533 12.3 51.8265
    endloop
  endfacet
  facet normal 0.980841 0 -0.194811
    outer loop
      vertex 3.23615 12.3 51.6513
      vertex 3.22467 14.8 51.5935
      vertex 3.23615 14.8 51.6513
    endloop
  endfacet
  facet normal 0.980841 0 -0.194811
    outer loop
      vertex 3.22467 14.8 51.5935
      vertex 3.23615 12.3 51.6513
      vertex 3.22467 12.3 51.5935
    endloop
  endfacet
  facet normal -0.89686 0 -0.442315
    outer loop
      vertex 2.40029 12.3 51.485
      vertex 2.37425 14.8 51.5378
      vertex 2.40029 14.8 51.485
    endloop
  endfacet
  facet normal -0.89686 -0 -0.442315
    outer loop
      vertex 2.37425 14.8 51.5378
      vertex 2.40029 12.3 51.485
      vertex 2.37425 12.3 51.5378
    endloop
  endfacet
  facet normal -0.752177 0 -0.658961
    outer loop
      vertex 2.4718 12.3 51.3918
      vertex 2.43299 14.8 51.4361
      vertex 2.4718 14.8 51.3918
    endloop
  endfacet
  facet normal -0.752177 -0 -0.658961
    outer loop
      vertex 2.43299 14.8 51.4361
      vertex 2.4718 12.3 51.3918
      vertex 2.43299 12.3 51.4361
    endloop
  endfacet
  facet normal -0.659202 0 0.751966
    outer loop
      vertex 2.4718 14.8 52.0282
      vertex 2.51606 12.3 52.067
      vertex 2.51606 14.8 52.067
    endloop
  endfacet
  facet normal -0.659202 0 0.751966
    outer loop
      vertex 2.51606 12.3 52.067
      vertex 2.4718 14.8 52.0282
      vertex 2.4718 12.3 52.0282
    endloop
  endfacet
  facet normal -0.441836 0 -0.897096
    outer loop
      vertex 2.565 12.3 51.3203
      vertex 2.61779 14.8 51.2943
      vertex 2.61779 12.3 51.2943
    endloop
  endfacet
  facet normal -0.441836 0 -0.897096
    outer loop
      vertex 2.61779 14.8 51.2943
      vertex 2.565 12.3 51.3203
      vertex 2.565 14.8 51.3203
    endloop
  endfacet
  facet normal -0.980841 0 -0.194811
    outer loop
      vertex 2.35533 12.3 51.5935
      vertex 2.34385 14.8 51.6513
      vertex 2.35533 14.8 51.5935
    endloop
  endfacet
  facet normal -0.980841 -0 -0.194811
    outer loop
      vertex 2.34385 14.8 51.6513
      vertex 2.35533 12.3 51.5935
      vertex 2.34385 12.3 51.6513
    endloop
  endfacet
  facet normal 0.752177 -0 0.658961
    outer loop
      vertex 3.1082 12.3 52.0282
      vertex 3.14701 14.8 51.9839
      vertex 3.1082 14.8 52.0282
    endloop
  endfacet
  facet normal 0.752177 0 0.658961
    outer loop
      vertex 3.14701 14.8 51.9839
      vertex 3.1082 12.3 52.0282
      vertex 3.14701 12.3 51.9839
    endloop
  endfacet
  facet normal 0.946866 -0 0.321628
    outer loop
      vertex 3.20575 12.3 51.8822
      vertex 3.22467 14.8 51.8265
      vertex 3.20575 14.8 51.8822
    endloop
  endfacet
  facet normal 0.946866 0 0.321628
    outer loop
      vertex 3.22467 14.8 51.8265
      vertex 3.20575 12.3 51.8822
      vertex 3.22467 12.3 51.8265
    endloop
  endfacet
  facet normal 0.441836 0 0.897096
    outer loop
      vertex 2.96221 14.8 52.1257
      vertex 3.015 12.3 52.0997
      vertex 3.015 14.8 52.0997
    endloop
  endfacet
  facet normal 0.441836 0 0.897096
    outer loop
      vertex 3.015 12.3 52.0997
      vertex 2.96221 14.8 52.1257
      vertex 2.96221 12.3 52.1257
    endloop
  endfacet
  facet normal 0.555562 0 0.831475
    outer loop
      vertex 3.015 14.8 52.0997
      vertex 3.06394 12.3 52.067
      vertex 3.06394 14.8 52.067
    endloop
  endfacet
  facet normal 0.555562 0 0.831475
    outer loop
      vertex 3.06394 12.3 52.067
      vertex 3.015 14.8 52.0997
      vertex 3.015 12.3 52.0997
    endloop
  endfacet
  facet normal -0.322639 0 0.946522
    outer loop
      vertex 2.61779 14.8 52.1257
      vertex 2.67353 12.3 52.1447
      vertex 2.67353 14.8 52.1447
    endloop
  endfacet
  facet normal -0.322639 0 0.946522
    outer loop
      vertex 2.67353 12.3 52.1447
      vertex 2.61779 14.8 52.1257
      vertex 2.61779 12.3 52.1257
    endloop
  endfacet
  facet normal 0.659202 0 -0.751966
    outer loop
      vertex 3.06394 12.3 51.353
      vertex 3.1082 14.8 51.3918
      vertex 3.1082 12.3 51.3918
    endloop
  endfacet
  facet normal 0.659202 0 -0.751966
    outer loop
      vertex 3.1082 14.8 51.3918
      vertex 3.06394 12.3 51.353
      vertex 3.06394 14.8 51.353
    endloop
  endfacet
  facet normal -0.831265 0 0.555877
    outer loop
      vertex 2.40029 12.3 51.935
      vertex 2.43299 14.8 51.9839
      vertex 2.40029 14.8 51.935
    endloop
  endfacet
  facet normal -0.831265 0 0.555877
    outer loop
      vertex 2.43299 14.8 51.9839
      vertex 2.40029 12.3 51.935
      vertex 2.43299 12.3 51.9839
    endloop
  endfacet
  facet normal 0.322639 0 -0.946522
    outer loop
      vertex 2.90647 12.3 51.2753
      vertex 2.96221 14.8 51.2943
      vertex 2.96221 12.3 51.2943
    endloop
  endfacet
  facet normal 0.322639 0 -0.946522
    outer loop
      vertex 2.96221 14.8 51.2943
      vertex 2.90647 12.3 51.2753
      vertex 2.90647 14.8 51.2753
    endloop
  endfacet
  facet normal 0.0645569 0 -0.997914
    outer loop
      vertex 2.79 12.3 51.26
      vertex 2.84874 14.8 51.2638
      vertex 2.84874 12.3 51.2638
    endloop
  endfacet
  facet normal 0.0645569 0 -0.997914
    outer loop
      vertex 2.84874 14.8 51.2638
      vertex 2.79 12.3 51.26
      vertex 2.79 14.8 51.26
    endloop
  endfacet
  facet normal 0.195365 0 -0.980731
    outer loop
      vertex 2.84874 12.3 51.2638
      vertex 2.90647 14.8 51.2753
      vertex 2.90647 12.3 51.2753
    endloop
  endfacet
  facet normal 0.195365 0 -0.980731
    outer loop
      vertex 2.90647 14.8 51.2753
      vertex 2.84874 12.3 51.2638
      vertex 2.84874 14.8 51.2638
    endloop
  endfacet
  facet normal -0.946866 0 -0.321628
    outer loop
      vertex 2.37425 12.3 51.5378
      vertex 2.35533 14.8 51.5935
      vertex 2.37425 14.8 51.5378
    endloop
  endfacet
  facet normal -0.946866 -0 -0.321628
    outer loop
      vertex 2.35533 14.8 51.5935
      vertex 2.37425 12.3 51.5378
      vertex 2.35533 12.3 51.5935
    endloop
  endfacet
  facet normal -0.0645569 0 0.997914
    outer loop
      vertex 2.73126 14.8 52.1562
      vertex 2.79 12.3 52.16
      vertex 2.79 14.8 52.16
    endloop
  endfacet
  facet normal -0.0645569 0 0.997914
    outer loop
      vertex 2.79 12.3 52.16
      vertex 2.73126 14.8 52.1562
      vertex 2.73126 12.3 52.1562
    endloop
  endfacet
  facet normal 0.89686 -0 0.442315
    outer loop
      vertex 3.17971 12.3 51.935
      vertex 3.20575 14.8 51.8822
      vertex 3.17971 14.8 51.935
    endloop
  endfacet
  facet normal 0.89686 0 0.442315
    outer loop
      vertex 3.20575 14.8 51.8822
      vertex 3.17971 12.3 51.935
      vertex 3.20575 12.3 51.8822
    endloop
  endfacet
  facet normal -0.322639 0 -0.946522
    outer loop
      vertex 2.61779 12.3 51.2943
      vertex 2.67353 14.8 51.2753
      vertex 2.67353 12.3 51.2753
    endloop
  endfacet
  facet normal -0.322639 0 -0.946522
    outer loop
      vertex 2.67353 14.8 51.2753
      vertex 2.61779 12.3 51.2943
      vertex 2.61779 14.8 51.2943
    endloop
  endfacet
  facet normal -0.659202 0 -0.751966
    outer loop
      vertex 2.4718 12.3 51.3918
      vertex 2.51606 14.8 51.353
      vertex 2.51606 12.3 51.353
    endloop
  endfacet
  facet normal -0.659202 0 -0.751966
    outer loop
      vertex 2.51606 14.8 51.353
      vertex 2.4718 12.3 51.3918
      vertex 2.4718 14.8 51.3918
    endloop
  endfacet
  facet normal 0.0645569 0 0.997914
    outer loop
      vertex 2.79 14.8 52.16
      vertex 2.84874 12.3 52.1562
      vertex 2.84874 14.8 52.1562
    endloop
  endfacet
  facet normal 0.0645569 0 0.997914
    outer loop
      vertex 2.84874 12.3 52.1562
      vertex 2.79 14.8 52.16
      vertex 2.79 12.3 52.16
    endloop
  endfacet
  facet normal -0.555562 0 0.831475
    outer loop
      vertex 2.51606 14.8 52.067
      vertex 2.565 12.3 52.0997
      vertex 2.565 14.8 52.0997
    endloop
  endfacet
  facet normal -0.555562 0 0.831475
    outer loop
      vertex 2.565 12.3 52.0997
      vertex 2.51606 14.8 52.067
      vertex 2.51606 12.3 52.067
    endloop
  endfacet
  facet normal 0.997856 0 -0.0654471
    outer loop
      vertex 3.24 12.3 51.71
      vertex 3.23615 14.8 51.6513
      vertex 3.24 14.8 51.71
    endloop
  endfacet
  facet normal 0.997856 0 -0.0654471
    outer loop
      vertex 3.23615 14.8 51.6513
      vertex 3.24 12.3 51.71
      vertex 3.23615 12.3 51.6513
    endloop
  endfacet
  facet normal 0.441836 0 -0.897096
    outer loop
      vertex 2.96221 12.3 51.2943
      vertex 3.015 14.8 51.3203
      vertex 3.015 12.3 51.3203
    endloop
  endfacet
  facet normal 0.441836 0 -0.897096
    outer loop
      vertex 3.015 14.8 51.3203
      vertex 2.96221 12.3 51.2943
      vertex 2.96221 14.8 51.2943
    endloop
  endfacet
  facet normal -0.195365 0 0.980731
    outer loop
      vertex 2.67353 14.8 52.1447
      vertex 2.73126 12.3 52.1562
      vertex 2.73126 14.8 52.1562
    endloop
  endfacet
  facet normal -0.195365 0 0.980731
    outer loop
      vertex 2.73126 12.3 52.1562
      vertex 2.67353 14.8 52.1447
      vertex 2.67353 12.3 52.1447
    endloop
  endfacet
  facet normal 0.946866 0 -0.321628
    outer loop
      vertex 3.22467 12.3 51.5935
      vertex 3.20575 14.8 51.5378
      vertex 3.22467 14.8 51.5935
    endloop
  endfacet
  facet normal 0.946866 0 -0.321628
    outer loop
      vertex 3.20575 14.8 51.5378
      vertex 3.22467 12.3 51.5935
      vertex 3.20575 12.3 51.5378
    endloop
  endfacet
  facet normal -0.89686 0 0.442315
    outer loop
      vertex 2.37425 12.3 51.8822
      vertex 2.40029 14.8 51.935
      vertex 2.37425 14.8 51.8822
    endloop
  endfacet
  facet normal -0.89686 0 0.442315
    outer loop
      vertex 2.40029 14.8 51.935
      vertex 2.37425 12.3 51.8822
      vertex 2.40029 12.3 51.935
    endloop
  endfacet
  facet normal -0.441836 0 0.897096
    outer loop
      vertex 2.565 14.8 52.0997
      vertex 2.61779 12.3 52.1257
      vertex 2.61779 14.8 52.1257
    endloop
  endfacet
  facet normal -0.441836 0 0.897096
    outer loop
      vertex 2.61779 12.3 52.1257
      vertex 2.565 14.8 52.0997
      vertex 2.565 12.3 52.0997
    endloop
  endfacet
  facet normal -0.752177 0 0.658961
    outer loop
      vertex 2.43299 12.3 51.9839
      vertex 2.4718 14.8 52.0282
      vertex 2.43299 14.8 51.9839
    endloop
  endfacet
  facet normal -0.752177 0 0.658961
    outer loop
      vertex 2.4718 14.8 52.0282
      vertex 2.43299 12.3 51.9839
      vertex 2.4718 12.3 52.0282
    endloop
  endfacet
  facet normal 0.752177 0 -0.658961
    outer loop
      vertex 3.14701 12.3 51.4361
      vertex 3.1082 14.8 51.3918
      vertex 3.14701 14.8 51.4361
    endloop
  endfacet
  facet normal 0.752177 0 -0.658961
    outer loop
      vertex 3.1082 14.8 51.3918
      vertex 3.14701 12.3 51.4361
      vertex 3.1082 12.3 51.3918
    endloop
  endfacet
  facet normal 0 -1 0
    outer loop
      vertex 2.73126 12.3 52.1562
      vertex 2.84874 12.3 52.1562
      vertex 2.79 12.3 52.16
    endloop
  endfacet
  facet normal 0 -1 0
    outer loop
      vertex 2.67353 12.3 52.1447
      vertex 2.84874 12.3 52.1562
      vertex 2.73126 12.3 52.1562
    endloop
  endfacet
  facet normal 0 -1 0
    outer loop
      vertex 2.67353 12.3 52.1447
      vertex 2.90647 12.3 52.1447
      vertex 2.84874 12.3 52.1562
    endloop
  endfacet
  facet normal 0 -1 0
    outer loop
      vertex 2.61779 12.3 52.1257
      vertex 2.90647 12.3 52.1447
      vertex 2.67353 12.3 52.1447
    endloop
  endfacet
  facet normal 0 -1 0
    outer loop
      vertex 2.61779 12.3 52.1257
      vertex 2.96221 12.3 52.1257
      vertex 2.90647 12.3 52.1447
    endloop
  endfacet
  facet normal 0 -1 0
    outer loop
      vertex 2.565 12.3 52.0997
      vertex 2.96221 12.3 52.1257
      vertex 2.61779 12.3 52.1257
    endloop
  endfacet
  facet normal 0 -1 0
    outer loop
      vertex 2.565 12.3 52.0997
      vertex 3.015 12.3 52.0997
      vertex 2.96221 12.3 52.1257
    endloop
  endfacet
  facet normal 0 -1 0
    outer loop
      vertex 2.51606 12.3 52.067
      vertex 3.015 12.3 52.0997
      vertex 2.565 12.3 52.0997
    endloop
  endfacet
  facet normal 0 -1 0
    outer loop
      vertex 2.51606 12.3 52.067
      vertex 3.06394 12.3 52.067
      vertex 3.015 12.3 52.0997
    endloop
  endfacet
  facet normal 0 -1 0
    outer loop
      vertex 2.4718 12.3 52.0282
      vertex 3.06394 12.3 52.067
      vertex 2.51606 12.3 52.067
    endloop
  endfacet
  facet normal 0 -1 0
    outer loop
      vertex 2.4718 12.3 52.0282
      vertex 3.1082 12.3 52.0282
      vertex 3.06394 12.3 52.067
    endloop
  endfacet
  facet normal 0 -1 0
    outer loop
      vertex 2.43299 12.3 51.9839
      vertex 3.1082 12.3 52.0282
      vertex 2.4718 12.3 52.0282
    endloop
  endfacet
  facet normal 0 -1 0
    outer loop
      vertex 2.43299 12.3 51.9839
      vertex 3.14701 12.3 51.9839
      vertex 3.1082 12.3 52.0282
    endloop
  endfacet
  facet normal 0 -1 0
    outer loop
      vertex 2.40029 12.3 51.935
      vertex 3.14701 12.3 51.9839
      vertex 2.43299 12.3 51.9839
    endloop
  endfacet
  facet normal 0 -1 0
    outer loop
      vertex 2.40029 12.3 51.935
      vertex 3.17971 12.3 51.935
      vertex 3.14701 12.3 51.9839
    endloop
  endfacet
  facet normal 0 -1 0
    outer loop
      vertex 2.37425 12.3 51.8822
      vertex 3.17971 12.3 51.935
      vertex 2.40029 12.3 51.935
    endloop
  endfacet
  facet normal 0 -1 0
    outer loop
      vertex 2.37425 12.3 51.8822
      vertex 3.20575 12.3 51.8822
      vertex 3.17971 12.3 51.935
    endloop
  endfacet
  facet normal 0 -1 0
    outer loop
      vertex 2.35533 12.3 51.8265
      vertex 3.20575 12.3 51.8822
      vertex 2.37425 12.3 51.8822
    endloop
  endfacet
  facet normal 0 -1 0
    outer loop
      vertex 2.35533 12.3 51.8265
      vertex 3.22467 12.3 51.8265
      vertex 3.20575 12.3 51.8822
    endloop
  endfacet
  facet normal 0 -1 0
    outer loop
      vertex 2.34385 12.3 51.7687
      vertex 3.22467 12.3 51.8265
      vertex 2.35533 12.3 51.8265
    endloop
  endfacet
  facet normal 0 -1 0
    outer loop
      vertex 2.34385 12.3 51.7687
      vertex 3.23615 12.3 51.7687
      vertex 3.22467 12.3 51.8265
    endloop
  endfacet
  facet normal 0 -1 0
    outer loop
      vertex 2.34 12.3 51.71
      vertex 3.23615 12.3 51.7687
      vertex 2.34385 12.3 51.7687
    endloop
  endfacet
  facet normal 0 -1 0
    outer loop
      vertex 2.34 12.3 51.71
      vertex 3.24 12.3 51.71
      vertex 3.23615 12.3 51.7687
    endloop
  endfacet
  facet normal 0 -1 0
    outer loop
      vertex 2.34385 12.3 51.6513
      vertex 3.24 12.3 51.71
      vertex 2.34 12.3 51.71
    endloop
  endfacet
  facet normal 0 -1 0
    outer loop
      vertex 2.34385 12.3 51.6513
      vertex 3.23615 12.3 51.6513
      vertex 3.24 12.3 51.71
    endloop
  endfacet
  facet normal 0 -1 0
    outer loop
      vertex 2.35533 12.3 51.5935
      vertex 3.23615 12.3 51.6513
      vertex 2.34385 12.3 51.6513
    endloop
  endfacet
  facet normal 0 -1 0
    outer loop
      vertex 2.35533 12.3 51.5935
      vertex 3.22467 12.3 51.5935
      vertex 3.23615 12.3 51.6513
    endloop
  endfacet
  facet normal 0 -1 0
    outer loop
      vertex 2.37425 12.3 51.5378
      vertex 3.22467 12.3 51.5935
      vertex 2.35533 12.3 51.5935
    endloop
  endfacet
  facet normal 0 -1 0
    outer loop
      vertex 2.37425 12.3 51.5378
      vertex 3.20575 12.3 51.5378
      vertex 3.22467 12.3 51.5935
    endloop
  endfacet
  facet normal 0 -1 0
    outer loop
      vertex 2.40029 12.3 51.485
      vertex 3.20575 12.3 51.5378
      vertex 2.37425 12.3 51.5378
    endloop
  endfacet
  facet normal 0 -1 0
    outer loop
      vertex 2.40029 12.3 51.485
      vertex 3.17971 12.3 51.485
      vertex 3.20575 12.3 51.5378
    endloop
  endfacet
  facet normal 0 -1 0
    outer loop
      vertex 2.43299 12.3 51.4361
      vertex 3.17971 12.3 51.485
      vertex 2.40029 12.3 51.485
    endloop
  endfacet
  facet normal 0 -1 0
    outer loop
      vertex 2.43299 12.3 51.4361
      vertex 3.14701 12.3 51.4361
      vertex 3.17971 12.3 51.485
    endloop
  endfacet
  facet normal 0 -1 0
    outer loop
      vertex 2.4718 12.3 51.3918
      vertex 3.14701 12.3 51.4361
      vertex 2.43299 12.3 51.4361
    endloop
  endfacet
  facet normal 0 -1 0
    outer loop
      vertex 2.4718 12.3 51.3918
      vertex 3.1082 12.3 51.3918
      vertex 3.14701 12.3 51.4361
    endloop
  endfacet
  facet normal 0 -1 0
    outer loop
      vertex 2.51606 12.3 51.353
      vertex 3.1082 12.3 51.3918
      vertex 2.4718 12.3 51.3918
    endloop
  endfacet
  facet normal 0 -1 0
    outer loop
      vertex 2.51606 12.3 51.353
      vertex 3.06394 12.3 51.353
      vertex 3.1082 12.3 51.3918
    endloop
  endfacet
  facet normal 0 -1 0
    outer loop
      vertex 2.565 12.3 51.3203
      vertex 3.06394 12.3 51.353
      vertex 2.51606 12.3 51.353
    endloop
  endfacet
  facet normal 0 -1 0
    outer loop
      vertex 2.565 12.3 51.3203
      vertex 3.015 12.3 51.3203
      vertex 3.06394 12.3 51.353
    endloop
  endfacet
  facet normal 0 -1 0
    outer loop
      vertex 2.61779 12.3 51.2943
      vertex 3.015 12.3 51.3203
      vertex 2.565 12.3 51.3203
    endloop
  endfacet
  facet normal 0 -1 0
    outer loop
      vertex 2.61779 12.3 51.2943
      vertex 2.96221 12.3 51.2943
      vertex 3.015 12.3 51.3203
    endloop
  endfacet
  facet normal 0 -1 0
    outer loop
      vertex 2.67353 12.3 51.2753
      vertex 2.96221 12.3 51.2943
      vertex 2.61779 12.3 51.2943
    endloop
  endfacet
  facet normal 0 -1 0
    outer loop
      vertex 2.67353 12.3 51.2753
      vertex 2.90647 12.3 51.2753
      vertex 2.96221 12.3 51.2943
    endloop
  endfacet
  facet normal 0 -1 0
    outer loop
      vertex 2.73126 12.3 51.2638
      vertex 2.90647 12.3 51.2753
      vertex 2.67353 12.3 51.2753
    endloop
  endfacet
  facet normal 0 -1 0
    outer loop
      vertex 2.73126 12.3 51.2638
      vertex 2.84874 12.3 51.2638
      vertex 2.90647 12.3 51.2753
    endloop
  endfacet
  facet normal -0 -1 0
    outer loop
      vertex 2.84874 12.3 51.2638
      vertex 2.73126 12.3 51.2638
      vertex 2.79 12.3 51.26
    endloop
  endfacet
  facet normal 0.442256 0 0.896889
    outer loop
      vertex -13.5864 55.6 9.54015
      vertex -13.34 14.8 9.41865
      vertex -13.34 55.6 9.41865
    endloop
  endfacet
  facet normal 0.442256 0 0.896889
    outer loop
      vertex -13.34 14.8 9.41865
      vertex -13.5864 55.6 9.54015
      vertex -13.5864 14.8 9.54015
    endloop
  endfacet
  facet normal 0.980717 0 0.195433
    outer loop
      vertex -12.3616 55.6 8.14352
      vertex -12.3616 14.8 8.14352
      vertex -12.333 55.6 8
    endloop
  endfacet
  facet normal 0.980849 -0 0.194768
    outer loop
      vertex -12.333 55.6 8
      vertex -12.308 55.7 7.8741
      vertex -12.333 55.7 8
    endloop
  endfacet
  facet normal 0.980779 -1.13671e-06 0.195122
    outer loop
      vertex -12.308 14.8 7.8741
      vertex -12.333 55.6 8
      vertex -12.3616 14.8 8.14352
    endloop
  endfacet
  facet normal 0.980849 0 0.194768
    outer loop
      vertex -12.333 55.6 8
      vertex -12.308 14.8 7.8741
      vertex -12.308 55.7 7.8741
    endloop
  endfacet
  facet normal 0.997851 -0 0.0655283
    outer loop
      vertex -12.308 14.8 7.8741
      vertex -12.29 55.7 7.6
      vertex -12.308 55.7 7.8741
    endloop
  endfacet
  facet normal 0.997851 0 0.0655283
    outer loop
      vertex -12.29 55.7 7.6
      vertex -12.308 14.8 7.8741
      vertex -12.29 14.8 7.6
    endloop
  endfacet
  facet normal -0.897005 0 0.442021
    outer loop
      vertex -16.3301 14.8 8.40364
      vertex -16.2087 55.6 8.65
      vertex -16.3301 55.6 8.40364
    endloop
  endfacet
  facet normal -0.897005 0 0.442021
    outer loop
      vertex -16.2087 55.6 8.65
      vertex -16.3301 14.8 8.40364
      vertex -16.2087 14.8 8.65
    endloop
  endfacet
  facet normal 0.831322 -0 0.555792
    outer loop
      vertex -12.724 14.8 8.8784
      vertex -12.5713 55.6 8.65
      vertex -12.724 55.6 8.8784
    endloop
  endfacet
  facet normal 0.831322 0 0.555792
    outer loop
      vertex -12.5713 55.6 8.65
      vertex -12.724 14.8 8.8784
      vertex -12.5713 14.8 8.65
    endloop
  endfacet
  facet normal -0.195101 0 0.980783
    outer loop
      vertex -14.9335 55.6 9.62844
      vertex -14.6641 14.8 9.68203
      vertex -14.6641 55.6 9.68203
    endloop
  endfacet
  facet normal -0.195101 0 0.980783
    outer loop
      vertex -14.6641 14.8 9.68203
      vertex -14.9335 55.6 9.62844
      vertex -14.9335 14.8 9.62844
    endloop
  endfacet
  facet normal -0.980778 0 -0.195129
    outer loop
      vertex -16.4184 14.8 7.05648
      vertex -16.472 55.6 7.32589
      vertex -16.4184 55.6 7.05648
    endloop
  endfacet
  facet normal -0.980778 -0 -0.195129
    outer loop
      vertex -16.472 55.6 7.32589
      vertex -16.4184 14.8 7.05648
      vertex -16.472 14.8 7.32589
    endloop
  endfacet
  facet normal 0.442256 0 -0.896889
    outer loop
      vertex -13.5864 14.8 5.65985
      vertex -13.34 55.7 5.78135
      vertex -13.34 14.8 5.78135
    endloop
  endfacet
  facet normal 0.442256 0 -0.896889
    outer loop
      vertex -13.34 55.7 5.78135
      vertex -13.5864 14.8 5.65985
      vertex -13.5864 55.7 5.65985
    endloop
  endfacet
  facet normal -0.555565 0 -0.831473
    outer loop
      vertex -15.6684 14.8 5.93396
      vertex -15.44 55.6 5.78135
      vertex -15.44 14.8 5.78135
    endloop
  endfacet
  facet normal -0.555565 0 -0.831473
    outer loop
      vertex -15.44 55.6 5.78135
      vertex -15.6684 14.8 5.93396
      vertex -15.6684 55.6 5.93396
    endloop
  endfacet
  facet normal 0.555565 0 0.831473
    outer loop
      vertex -13.34 55.6 9.41865
      vertex -13.1116 14.8 9.26604
      vertex -13.1116 55.6 9.26604
    endloop
  endfacet
  facet normal 0.555565 0 0.831473
    outer loop
      vertex -13.1116 14.8 9.26604
      vertex -13.34 55.6 9.41865
      vertex -13.34 14.8 9.41865
    endloop
  endfacet
  facet normal -0.751864 0 -0.659319
    outer loop
      vertex -15.8749 14.8 6.11508
      vertex -16.056 55.6 6.3216
      vertex -15.8749 55.6 6.11508
    endloop
  endfacet
  facet normal -0.751864 -0 -0.659319
    outer loop
      vertex -16.056 55.6 6.3216
      vertex -15.8749 14.8 6.11508
      vertex -16.056 14.8 6.3216
    endloop
  endfacet
  facet normal 0.0654196 0 -0.997858
    outer loop
      vertex -14.39 14.8 5.5
      vertex -14.1159 55.6 5.51797
      vertex -14.1159 14.8 5.51797
    endloop
  endfacet
  facet normal 0.0654196 0 -0.997858
    outer loop
      vertex -14.1159 55.6 5.51797
      vertex -14.39 14.8 5.5
      vertex -14.39 55.6 5.5
    endloop
  endfacet
  facet normal -0.997851 0 -0.0655259
    outer loop
      vertex -16.472 14.8 7.32589
      vertex -16.49 55.6 7.6
      vertex -16.472 55.6 7.32589
    endloop
  endfacet
  facet normal -0.997851 -0 -0.0655259
    outer loop
      vertex -16.49 55.6 7.6
      vertex -16.472 14.8 7.32589
      vertex -16.49 14.8 7.6
    endloop
  endfacet
  facet normal 0.195133 0 -0.980777
    outer loop
      vertex -13.8465 14.8 5.57156
      vertex -14 55.6 5.54102
      vertex -13.8465 55.7 5.57156
    endloop
  endfacet
  facet normal 0.195101 -1.25905e-07 -0.980783
    outer loop
      vertex -14.1159 14.8 5.51797
      vertex -14 55.6 5.54102
      vertex -13.8465 14.8 5.57156
    endloop
  endfacet
  facet normal 0.195058 0 -0.980792
    outer loop
      vertex -14 55.6 5.54102
      vertex -14.1159 14.8 5.51797
      vertex -14.1159 55.6 5.51797
    endloop
  endfacet
  facet normal 0.195133 0 -0.980777
    outer loop
      vertex -13.8465 55.7 5.57156
      vertex -14 55.6 5.54102
      vertex -14 55.7 5.54102
    endloop
  endfacet
  facet normal 0.751864 0 -0.659319
    outer loop
      vertex -12.724 14.8 6.3216
      vertex -12.9051 55.7 6.11508
      vertex -12.724 55.7 6.3216
    endloop
  endfacet
  facet normal 0.751864 0 -0.659319
    outer loop
      vertex -12.9051 55.7 6.11508
      vertex -12.724 14.8 6.3216
      vertex -12.9051 14.8 6.11508
    endloop
  endfacet
  facet normal -0.0654196 0 -0.997858
    outer loop
      vertex -14.6641 14.8 5.51797
      vertex -14.39 55.6 5.5
      vertex -14.39 14.8 5.5
    endloop
  endfacet
  facet normal -0.0654196 0 -0.997858
    outer loop
      vertex -14.39 55.6 5.5
      vertex -14.6641 14.8 5.51797
      vertex -14.6641 55.6 5.51797
    endloop
  endfacet
  facet normal -0.980779 0 0.195122
    outer loop
      vertex -16.472 14.8 7.8741
      vertex -16.4184 55.6 8.14352
      vertex -16.472 55.6 7.8741
    endloop
  endfacet
  facet normal -0.980779 0 0.195122
    outer loop
      vertex -16.4184 55.6 8.14352
      vertex -16.472 14.8 7.8741
      vertex -16.4184 14.8 8.14352
    endloop
  endfacet
  facet normal 0 1 0
    outer loop
      vertex -12.308 55.7 7.8741
      vertex -14 55.7 8
      vertex -12.333 55.7 8
    endloop
  endfacet
  facet normal 0 1 0
    outer loop
      vertex -12.29 55.7 7.6
      vertex -14 55.7 8
      vertex -12.308 55.7 7.8741
    endloop
  endfacet
  facet normal 0 1 -0
    outer loop
      vertex -12.308 55.7 7.32589
      vertex -14 55.7 8
      vertex -12.29 55.7 7.6
    endloop
  endfacet
  facet normal 0 1 -0
    outer loop
      vertex -12.3616 55.7 7.05648
      vertex -14 55.7 8
      vertex -12.308 55.7 7.32589
    endloop
  endfacet
  facet normal 0 1 -0
    outer loop
      vertex -12.4499 55.7 6.79636
      vertex -14 55.7 8
      vertex -12.3616 55.7 7.05648
    endloop
  endfacet
  facet normal 0 1 -0
    outer loop
      vertex -12.5713 55.7 6.55
      vertex -14 55.7 8
      vertex -12.4499 55.7 6.79636
    endloop
  endfacet
  facet normal 0 1 -0
    outer loop
      vertex -12.724 55.7 6.3216
      vertex -14 55.7 8
      vertex -12.5713 55.7 6.55
    endloop
  endfacet
  facet normal 0 1 -0
    outer loop
      vertex -12.9051 55.7 6.11508
      vertex -14 55.7 8
      vertex -12.724 55.7 6.3216
    endloop
  endfacet
  facet normal 0 1 -0
    outer loop
      vertex -13.1116 55.7 5.93396
      vertex -14 55.7 8
      vertex -12.9051 55.7 6.11508
    endloop
  endfacet
  facet normal 0 1 -0
    outer loop
      vertex -13.34 55.7 5.78135
      vertex -14 55.7 8
      vertex -13.1116 55.7 5.93396
    endloop
  endfacet
  facet normal 0 1 -0
    outer loop
      vertex -13.5864 55.7 5.65985
      vertex -14 55.7 8
      vertex -13.34 55.7 5.78135
    endloop
  endfacet
  facet normal 0 1 -0
    outer loop
      vertex -13.8465 55.7 5.57156
      vertex -14 55.7 8
      vertex -13.5864 55.7 5.65985
    endloop
  endfacet
  facet normal 0 1 0
    outer loop
      vertex -14 55.7 8
      vertex -13.8465 55.7 5.57156
      vertex -14 55.7 5.54102
    endloop
  endfacet
  facet normal -0.195101 0 -0.980783
    outer loop
      vertex -14.9335 14.8 5.57156
      vertex -14.6641 55.6 5.51797
      vertex -14.6641 14.8 5.51797
    endloop
  endfacet
  facet normal -0.195101 0 -0.980783
    outer loop
      vertex -14.6641 55.6 5.51797
      vertex -14.9335 14.8 5.57156
      vertex -14.9335 55.6 5.57156
    endloop
  endfacet
  facet normal 0.321433 0 0.946932
    outer loop
      vertex -13.8465 55.6 9.62844
      vertex -13.5864 14.8 9.54015
      vertex -13.5864 55.6 9.54015
    endloop
  endfacet
  facet normal 0.321433 0 0.946932
    outer loop
      vertex -13.5864 14.8 9.54015
      vertex -13.8465 55.6 9.62844
      vertex -13.8465 14.8 9.62844
    endloop
  endfacet
  facet normal -0.659396 0 0.751796
    outer loop
      vertex -15.8749 55.6 9.08492
      vertex -15.6684 14.8 9.26604
      vertex -15.6684 55.6 9.26604
    endloop
  endfacet
  facet normal -0.659396 0 0.751796
    outer loop
      vertex -15.6684 14.8 9.26604
      vertex -15.8749 55.6 9.08492
      vertex -15.8749 14.8 9.08492
    endloop
  endfacet
  facet normal 0.659396 0 0.751796
    outer loop
      vertex -13.1116 55.6 9.26604
      vertex -12.9051 14.8 9.08492
      vertex -12.9051 55.6 9.08492
    endloop
  endfacet
  facet normal 0.659396 0 0.751796
    outer loop
      vertex -12.9051 14.8 9.08492
      vertex -13.1116 55.6 9.26604
      vertex -13.1116 14.8 9.26604
    endloop
  endfacet
  facet normal 0.897005 -0 0.442021
    outer loop
      vertex -12.5713 14.8 8.65
      vertex -12.4499 55.6 8.40364
      vertex -12.5713 55.6 8.65
    endloop
  endfacet
  facet normal 0.897005 0 0.442021
    outer loop
      vertex -12.4499 55.6 8.40364
      vertex -12.5713 14.8 8.65
      vertex -12.4499 14.8 8.40364
    endloop
  endfacet
  facet normal 0 -1 0
    outer loop
      vertex -14.39 14.8 8.05
      vertex -14.39 14.8 9.7
      vertex -14.6641 14.8 9.68203
    endloop
  endfacet
  facet normal 0 -1 0
    outer loop
      vertex -14.4487 14.8 8.04615
      vertex -14.6641 14.8 9.68203
      vertex -14.9335 14.8 9.62844
    endloop
  endfacet
  facet normal 0 -1 0
    outer loop
      vertex -14.39 14.8 9.7
      vertex -14.39 14.8 8.05
      vertex -14.1159 14.8 9.68203
    endloop
  endfacet
  facet normal 0 -1 0
    outer loop
      vertex -14.5065 14.8 8.03467
      vertex -14.9335 14.8 9.62844
      vertex -15.1936 14.8 9.54015
    endloop
  endfacet
  facet normal 0 -1 0
    outer loop
      vertex -14.3313 14.8 8.04615
      vertex -14.1159 14.8 9.68203
      vertex -14.39 14.8 8.05
    endloop
  endfacet
  facet normal 0 -1 0
    outer loop
      vertex -14.5622 14.8 8.01575
      vertex -15.1936 14.8 9.54015
      vertex -15.44 14.8 9.41865
    endloop
  endfacet
  facet normal 0 -1 -0
    outer loop
      vertex -14.1159 14.8 9.68203
      vertex -14.3313 14.8 8.04615
      vertex -13.8465 14.8 9.62844
    endloop
  endfacet
  facet normal 0 -1 0
    outer loop
      vertex -14.615 14.8 7.98971
      vertex -15.44 14.8 9.41865
      vertex -15.6684 14.8 9.26604
    endloop
  endfacet
  facet normal 0 -1 0
    outer loop
      vertex -14.2735 14.8 8.03467
      vertex -13.8465 14.8 9.62844
      vertex -14.3313 14.8 8.04615
    endloop
  endfacet
  facet normal 0 -1 0
    outer loop
      vertex -14.6639 14.8 7.95701
      vertex -15.6684 14.8 9.26604
      vertex -15.8749 14.8 9.08492
    endloop
  endfacet
  facet normal 0 -1 -0
    outer loop
      vertex -13.8465 14.8 9.62844
      vertex -14.2735 14.8 8.03467
      vertex -13.5864 14.8 9.54015
    endloop
  endfacet
  facet normal 0 -1 0
    outer loop
      vertex -14.7082 14.8 7.9182
      vertex -15.8749 14.8 9.08492
      vertex -16.056 14.8 8.8784
    endloop
  endfacet
  facet normal 0 -1 0
    outer loop
      vertex -14.2178 14.8 8.01575
      vertex -13.5864 14.8 9.54015
      vertex -14.2735 14.8 8.03467
    endloop
  endfacet
  facet normal 0 -1 0
    outer loop
      vertex -14.747 14.8 7.87394
      vertex -16.056 14.8 8.8784
      vertex -16.2087 14.8 8.65
    endloop
  endfacet
  facet normal 0 -1 -0
    outer loop
      vertex -13.5864 14.8 9.54015
      vertex -14.2178 14.8 8.01575
      vertex -13.34 14.8 9.41865
    endloop
  endfacet
  facet normal 0 -1 0
    outer loop
      vertex -14.7797 14.8 7.825
      vertex -16.2087 14.8 8.65
      vertex -16.3301 14.8 8.40364
    endloop
  endfacet
  facet normal 0 -1 0
    outer loop
      vertex -14.165 14.8 7.98971
      vertex -13.34 14.8 9.41865
      vertex -14.2178 14.8 8.01575
    endloop
  endfacet
  facet normal 0 -1 0
    outer loop
      vertex -14.8057 14.8 7.77221
      vertex -16.3301 14.8 8.40364
      vertex -16.4184 14.8 8.14352
    endloop
  endfacet
  facet normal 0 -1 -0
    outer loop
      vertex -13.34 14.8 9.41865
      vertex -14.165 14.8 7.98971
      vertex -13.1116 14.8 9.26604
    endloop
  endfacet
  facet normal 0 -1 0
    outer loop
      vertex -14.1161 14.8 7.95701
      vertex -13.1116 14.8 9.26604
      vertex -14.165 14.8 7.98971
    endloop
  endfacet
  facet normal 0 -1 0
    outer loop
      vertex -14.6641 14.8 9.68203
      vertex -14.4487 14.8 8.04615
      vertex -14.39 14.8 8.05
    endloop
  endfacet
  facet normal 0 -1 0
    outer loop
      vertex -14.9335 14.8 9.62844
      vertex -14.5065 14.8 8.03467
      vertex -14.4487 14.8 8.04615
    endloop
  endfacet
  facet normal 0 -1 0
    outer loop
      vertex -15.1936 14.8 9.54015
      vertex -14.5622 14.8 8.01575
      vertex -14.5065 14.8 8.03467
    endloop
  endfacet
  facet normal 0 -1 0
    outer loop
      vertex -15.44 14.8 9.41865
      vertex -14.615 14.8 7.98971
      vertex -14.5622 14.8 8.01575
    endloop
  endfacet
  facet normal 0 -1 0
    outer loop
      vertex -15.6684 14.8 9.26604
      vertex -14.6639 14.8 7.95701
      vertex -14.615 14.8 7.98971
    endloop
  endfacet
  facet normal 0 -1 0
    outer loop
      vertex -15.8749 14.8 9.08492
      vertex -14.7082 14.8 7.9182
      vertex -14.6639 14.8 7.95701
    endloop
  endfacet
  facet normal 0 -1 0
    outer loop
      vertex -14.8247 14.8 7.71647
      vertex -16.4184 14.8 8.14352
      vertex -16.472 14.8 7.8741
    endloop
  endfacet
  facet normal 0 -1 0
    outer loop
      vertex -16.056 14.8 8.8784
      vertex -14.747 14.8 7.87394
      vertex -14.7082 14.8 7.9182
    endloop
  endfacet
  facet normal 0 -1 0
    outer loop
      vertex -16.2087 14.8 8.65
      vertex -14.7797 14.8 7.825
      vertex -14.747 14.8 7.87394
    endloop
  endfacet
  facet normal 0 -1 0
    outer loop
      vertex -16.3301 14.8 8.40364
      vertex -14.8057 14.8 7.77221
      vertex -14.7797 14.8 7.825
    endloop
  endfacet
  facet normal 0 -1 0
    outer loop
      vertex -16.4184 14.8 8.14352
      vertex -14.8247 14.8 7.71647
      vertex -14.8057 14.8 7.77221
    endloop
  endfacet
  facet normal 0 -1 0
    outer loop
      vertex -16.472 14.8 7.8741
      vertex -14.8362 14.8 7.65874
      vertex -14.8247 14.8 7.71647
    endloop
  endfacet
  facet normal 0 -1 0
    outer loop
      vertex -16.49 14.8 7.6
      vertex -14.8362 14.8 7.65874
      vertex -16.472 14.8 7.8741
    endloop
  endfacet
  facet normal 0 -1 0
    outer loop
      vertex -16.49 14.8 7.6
      vertex -14.84 14.8 7.6
      vertex -14.8362 14.8 7.65874
    endloop
  endfacet
  facet normal 0 -1 0
    outer loop
      vertex -16.49 14.8 7.6
      vertex -14.8362 14.8 7.54126
      vertex -14.84 14.8 7.6
    endloop
  endfacet
  facet normal 0 -1 0
    outer loop
      vertex -16.472 14.8 7.32589
      vertex -14.8362 14.8 7.54126
      vertex -16.49 14.8 7.6
    endloop
  endfacet
  facet normal 0 -1 -0
    outer loop
      vertex -14.8362 14.8 7.54126
      vertex -16.472 14.8 7.32589
      vertex -14.8247 14.8 7.48353
    endloop
  endfacet
  facet normal 0 -1 0
    outer loop
      vertex -16.4184 14.8 7.05648
      vertex -14.8247 14.8 7.48353
      vertex -16.472 14.8 7.32589
    endloop
  endfacet
  facet normal 0 -1 -0
    outer loop
      vertex -14.8247 14.8 7.48353
      vertex -16.4184 14.8 7.05648
      vertex -14.8057 14.8 7.42779
    endloop
  endfacet
  facet normal 0 -1 0
    outer loop
      vertex -16.3301 14.8 6.79636
      vertex -14.8057 14.8 7.42779
      vertex -16.4184 14.8 7.05648
    endloop
  endfacet
  facet normal 0 -1 -0
    outer loop
      vertex -14.8057 14.8 7.42779
      vertex -16.3301 14.8 6.79636
      vertex -14.7797 14.8 7.375
    endloop
  endfacet
  facet normal 0 -1 0
    outer loop
      vertex -16.2087 14.8 6.55
      vertex -14.7797 14.8 7.375
      vertex -16.3301 14.8 6.79636
    endloop
  endfacet
  facet normal 0 -1 -0
    outer loop
      vertex -14.7797 14.8 7.375
      vertex -16.2087 14.8 6.55
      vertex -14.747 14.8 7.32606
    endloop
  endfacet
  facet normal 0 -1 0
    outer loop
      vertex -16.056 14.8 6.3216
      vertex -14.747 14.8 7.32606
      vertex -16.2087 14.8 6.55
    endloop
  endfacet
  facet normal 0 -1 -0
    outer loop
      vertex -14.747 14.8 7.32606
      vertex -16.056 14.8 6.3216
      vertex -14.7082 14.8 7.2818
    endloop
  endfacet
  facet normal 0 -1 0
    outer loop
      vertex -15.8749 14.8 6.11508
      vertex -14.7082 14.8 7.2818
      vertex -16.056 14.8 6.3216
    endloop
  endfacet
  facet normal 0 -1 0
    outer loop
      vertex -15.6684 14.8 5.93396
      vertex -14.6639 14.8 7.24299
      vertex -15.8749 14.8 6.11508
    endloop
  endfacet
  facet normal 0 -1 -0
    outer loop
      vertex -14.7082 14.8 7.2818
      vertex -15.8749 14.8 6.11508
      vertex -14.6639 14.8 7.24299
    endloop
  endfacet
  facet normal 0 -1 -0
    outer loop
      vertex -13.1116 14.8 9.26604
      vertex -14.1161 14.8 7.95701
      vertex -12.9051 14.8 9.08492
    endloop
  endfacet
  facet normal 0 -1 0
    outer loop
      vertex -14.0718 14.8 7.9182
      vertex -12.9051 14.8 9.08492
      vertex -14.1161 14.8 7.95701
    endloop
  endfacet
  facet normal 0 -1 -0
    outer loop
      vertex -12.9051 14.8 9.08492
      vertex -14.0718 14.8 7.9182
      vertex -12.724 14.8 8.8784
    endloop
  endfacet
  facet normal 0 -1 0
    outer loop
      vertex -14.033 14.8 7.87394
      vertex -12.724 14.8 8.8784
      vertex -14.0718 14.8 7.9182
    endloop
  endfacet
  facet normal 0 -1 -0
    outer loop
      vertex -12.724 14.8 8.8784
      vertex -14.033 14.8 7.87394
      vertex -12.5713 14.8 8.65
    endloop
  endfacet
  facet normal 0 -1 0
    outer loop
      vertex -14.0003 14.8 7.825
      vertex -12.5713 14.8 8.65
      vertex -14.033 14.8 7.87394
    endloop
  endfacet
  facet normal 0 -1 -0
    outer loop
      vertex -12.5713 14.8 8.65
      vertex -14.0003 14.8 7.825
      vertex -12.4499 14.8 8.40364
    endloop
  endfacet
  facet normal 0 -1 0
    outer loop
      vertex -13.9743 14.8 7.77221
      vertex -12.4499 14.8 8.40364
      vertex -14.0003 14.8 7.825
    endloop
  endfacet
  facet normal 0 -1 -0
    outer loop
      vertex -12.4499 14.8 8.40364
      vertex -13.9743 14.8 7.77221
      vertex -12.3616 14.8 8.14352
    endloop
  endfacet
  facet normal 0 -1 0
    outer loop
      vertex -13.9553 14.8 7.71647
      vertex -12.3616 14.8 8.14352
      vertex -13.9743 14.8 7.77221
    endloop
  endfacet
  facet normal 0 -1 -0
    outer loop
      vertex -12.3616 14.8 8.14352
      vertex -13.9553 14.8 7.71647
      vertex -12.308 14.8 7.8741
    endloop
  endfacet
  facet normal 0 -1 0
    outer loop
      vertex -13.9438 14.8 7.65874
      vertex -12.308 14.8 7.8741
      vertex -13.9553 14.8 7.71647
    endloop
  endfacet
  facet normal 0 -1 0
    outer loop
      vertex -13.94 14.8 7.6
      vertex -12.308 14.8 7.8741
      vertex -13.9438 14.8 7.65874
    endloop
  endfacet
  facet normal 0 -1 0
    outer loop
      vertex -13.94 14.8 7.6
      vertex -12.29 14.8 7.6
      vertex -12.308 14.8 7.8741
    endloop
  endfacet
  facet normal 0 -1 0
    outer loop
      vertex -13.9438 14.8 7.54126
      vertex -12.29 14.8 7.6
      vertex -13.94 14.8 7.6
    endloop
  endfacet
  facet normal 0 -1 0
    outer loop
      vertex -12.308 14.8 7.32589
      vertex -13.9438 14.8 7.54126
      vertex -13.9553 14.8 7.48353
    endloop
  endfacet
  facet normal 0 -1 0
    outer loop
      vertex -12.3616 14.8 7.05648
      vertex -13.9553 14.8 7.48353
      vertex -13.9743 14.8 7.42779
    endloop
  endfacet
  facet normal 0 -1 0
    outer loop
      vertex -12.4499 14.8 6.79636
      vertex -13.9743 14.8 7.42779
      vertex -14.0003 14.8 7.375
    endloop
  endfacet
  facet normal 0 -1 0
    outer loop
      vertex -12.5713 14.8 6.55
      vertex -14.0003 14.8 7.375
      vertex -14.033 14.8 7.32606
    endloop
  endfacet
  facet normal 0 -1 0
    outer loop
      vertex -13.9438 14.8 7.54126
      vertex -12.308 14.8 7.32589
      vertex -12.29 14.8 7.6
    endloop
  endfacet
  facet normal 0 -1 0
    outer loop
      vertex -12.724 14.8 6.3216
      vertex -14.033 14.8 7.32606
      vertex -14.0718 14.8 7.2818
    endloop
  endfacet
  facet normal 0 -1 0
    outer loop
      vertex -12.9051 14.8 6.11508
      vertex -14.0718 14.8 7.2818
      vertex -14.1161 14.8 7.24299
    endloop
  endfacet
  facet normal 0 -1 0
    outer loop
      vertex -13.1116 14.8 5.93396
      vertex -14.1161 14.8 7.24299
      vertex -14.165 14.8 7.21029
    endloop
  endfacet
  facet normal 0 -1 0
    outer loop
      vertex -13.34 14.8 5.78135
      vertex -14.165 14.8 7.21029
      vertex -14.2178 14.8 7.18425
    endloop
  endfacet
  facet normal 0 -1 0
    outer loop
      vertex -13.5864 14.8 5.65985
      vertex -14.2178 14.8 7.18425
      vertex -14.2735 14.8 7.16533
    endloop
  endfacet
  facet normal 0 -1 0
    outer loop
      vertex -13.8465 14.8 5.57156
      vertex -14.2735 14.8 7.16533
      vertex -14.3313 14.8 7.15385
    endloop
  endfacet
  facet normal 0 -1 0
    outer loop
      vertex -13.9553 14.8 7.48353
      vertex -12.3616 14.8 7.05648
      vertex -12.308 14.8 7.32589
    endloop
  endfacet
  facet normal 0 -1 0
    outer loop
      vertex -14.1159 14.8 5.51797
      vertex -14.3313 14.8 7.15385
      vertex -14.39 14.8 7.15
    endloop
  endfacet
  facet normal 0 -1 -0
    outer loop
      vertex -14.6639 14.8 7.24299
      vertex -15.6684 14.8 5.93396
      vertex -14.615 14.8 7.21029
    endloop
  endfacet
  facet normal 0 -1 0
    outer loop
      vertex -15.44 14.8 5.78135
      vertex -14.615 14.8 7.21029
      vertex -15.6684 14.8 5.93396
    endloop
  endfacet
  facet normal 0 -1 0
    outer loop
      vertex -13.9743 14.8 7.42779
      vertex -12.4499 14.8 6.79636
      vertex -12.3616 14.8 7.05648
    endloop
  endfacet
  facet normal 0 -1 -0
    outer loop
      vertex -14.615 14.8 7.21029
      vertex -15.44 14.8 5.78135
      vertex -14.5622 14.8 7.18425
    endloop
  endfacet
  facet normal 0 -1 0
    outer loop
      vertex -14.0003 14.8 7.375
      vertex -12.5713 14.8 6.55
      vertex -12.4499 14.8 6.79636
    endloop
  endfacet
  facet normal 0 -1 0
    outer loop
      vertex -15.1936 14.8 5.65985
      vertex -14.5622 14.8 7.18425
      vertex -15.44 14.8 5.78135
    endloop
  endfacet
  facet normal 0 -1 0
    outer loop
      vertex -14.033 14.8 7.32606
      vertex -12.724 14.8 6.3216
      vertex -12.5713 14.8 6.55
    endloop
  endfacet
  facet normal 0 -1 -0
    outer loop
      vertex -14.5622 14.8 7.18425
      vertex -15.1936 14.8 5.65985
      vertex -14.5065 14.8 7.16533
    endloop
  endfacet
  facet normal 0 -1 0
    outer loop
      vertex -14.0718 14.8 7.2818
      vertex -12.9051 14.8 6.11508
      vertex -12.724 14.8 6.3216
    endloop
  endfacet
  facet normal 0 -1 0
    outer loop
      vertex -14.9335 14.8 5.57156
      vertex -14.5065 14.8 7.16533
      vertex -15.1936 14.8 5.65985
    endloop
  endfacet
  facet normal 0 -1 0
    outer loop
      vertex -14.1161 14.8 7.24299
      vertex -13.1116 14.8 5.93396
      vertex -12.9051 14.8 6.11508
    endloop
  endfacet
  facet normal 0 -1 -0
    outer loop
      vertex -14.5065 14.8 7.16533
      vertex -14.9335 14.8 5.57156
      vertex -14.4487 14.8 7.15385
    endloop
  endfacet
  facet normal 0 -1 0
    outer loop
      vertex -14.165 14.8 7.21029
      vertex -13.34 14.8 5.78135
      vertex -13.1116 14.8 5.93396
    endloop
  endfacet
  facet normal 0 -1 0
    outer loop
      vertex -14.6641 14.8 5.51797
      vertex -14.4487 14.8 7.15385
      vertex -14.9335 14.8 5.57156
    endloop
  endfacet
  facet normal 0 -1 0
    outer loop
      vertex -14.2178 14.8 7.18425
      vertex -13.5864 14.8 5.65985
      vertex -13.34 14.8 5.78135
    endloop
  endfacet
  facet normal 0 -1 -0
    outer loop
      vertex -14.4487 14.8 7.15385
      vertex -14.6641 14.8 5.51797
      vertex -14.39 14.8 7.15
    endloop
  endfacet
  facet normal 0 -1 0
    outer loop
      vertex -14.2735 14.8 7.16533
      vertex -13.8465 14.8 5.57156
      vertex -13.5864 14.8 5.65985
    endloop
  endfacet
  facet normal 0 -1 0
    outer loop
      vertex -14.39 14.8 5.5
      vertex -14.39 14.8 7.15
      vertex -14.6641 14.8 5.51797
    endloop
  endfacet
  facet normal 0 -1 0
    outer loop
      vertex -14.3313 14.8 7.15385
      vertex -14.1159 14.8 5.51797
      vertex -13.8465 14.8 5.57156
    endloop
  endfacet
  facet normal 0 -1 0
    outer loop
      vertex -14.39 14.8 7.15
      vertex -14.39 14.8 5.5
      vertex -14.1159 14.8 5.51797
    endloop
  endfacet
  facet normal 0.751864 -0 0.659319
    outer loop
      vertex -12.9051 14.8 9.08492
      vertex -12.724 55.6 8.8784
      vertex -12.9051 55.6 9.08492
    endloop
  endfacet
  facet normal 0.751864 0 0.659319
    outer loop
      vertex -12.724 55.6 8.8784
      vertex -12.9051 14.8 9.08492
      vertex -12.724 14.8 8.8784
    endloop
  endfacet
  facet normal 0.997851 0 -0.0655259
    outer loop
      vertex -12.29 14.8 7.6
      vertex -12.308 55.7 7.32589
      vertex -12.29 55.7 7.6
    endloop
  endfacet
  facet normal 0.997851 0 -0.0655259
    outer loop
      vertex -12.308 55.7 7.32589
      vertex -12.29 14.8 7.6
      vertex -12.308 14.8 7.32589
    endloop
  endfacet
  facet normal 0.321433 0 -0.946932
    outer loop
      vertex -13.8465 14.8 5.57156
      vertex -13.5864 55.7 5.65985
      vertex -13.5864 14.8 5.65985
    endloop
  endfacet
  facet normal 0.321433 0 -0.946932
    outer loop
      vertex -13.5864 55.7 5.65985
      vertex -13.8465 14.8 5.57156
      vertex -13.8465 55.7 5.57156
    endloop
  endfacet
  facet normal 0.831322 0 -0.555792
    outer loop
      vertex -12.5713 14.8 6.55
      vertex -12.724 55.7 6.3216
      vertex -12.5713 55.7 6.55
    endloop
  endfacet
  facet normal 0.831322 0 -0.555792
    outer loop
      vertex -12.724 55.7 6.3216
      vertex -12.5713 14.8 6.55
      vertex -12.724 14.8 6.3216
    endloop
  endfacet
  facet normal 0.195101 0 0.980783
    outer loop
      vertex -14.1159 55.6 9.68203
      vertex -13.8465 14.8 9.62844
      vertex -13.8465 55.6 9.62844
    endloop
  endfacet
  facet normal 0.195101 0 0.980783
    outer loop
      vertex -13.8465 14.8 9.62844
      vertex -14.1159 55.6 9.68203
      vertex -14.1159 14.8 9.68203
    endloop
  endfacet
  facet normal 0.980778 0 -0.195129
    outer loop
      vertex -12.308 14.8 7.32589
      vertex -12.3616 55.7 7.05648
      vertex -12.308 55.7 7.32589
    endloop
  endfacet
  facet normal 0.980778 0 -0.195129
    outer loop
      vertex -12.3616 55.7 7.05648
      vertex -12.308 14.8 7.32589
      vertex -12.3616 14.8 7.05648
    endloop
  endfacet
  facet normal -0.659396 0 -0.751796
    outer loop
      vertex -15.8749 14.8 6.11508
      vertex -15.6684 55.6 5.93396
      vertex -15.6684 14.8 5.93396
    endloop
  endfacet
  facet normal -0.659396 0 -0.751796
    outer loop
      vertex -15.6684 55.6 5.93396
      vertex -15.8749 14.8 6.11508
      vertex -15.8749 55.6 6.11508
    endloop
  endfacet
  facet normal -0.946929 0 0.321443
    outer loop
      vertex -16.4184 14.8 8.14352
      vertex -16.3301 55.6 8.40364
      vertex -16.4184 55.6 8.14352
    endloop
  endfacet
  facet normal -0.946929 0 0.321443
    outer loop
      vertex -16.3301 55.6 8.40364
      vertex -16.4184 14.8 8.14352
      vertex -16.3301 14.8 8.40364
    endloop
  endfacet
  facet normal -0.321433 0 0.946932
    outer loop
      vertex -15.1936 55.6 9.54015
      vertex -14.9335 14.8 9.62844
      vertex -14.9335 55.6 9.62844
    endloop
  endfacet
  facet normal -0.321433 0 0.946932
    outer loop
      vertex -14.9335 14.8 9.62844
      vertex -15.1936 55.6 9.54015
      vertex -15.1936 14.8 9.54015
    endloop
  endfacet
  facet normal -0.555565 0 0.831473
    outer loop
      vertex -15.6684 55.6 9.26604
      vertex -15.44 14.8 9.41865
      vertex -15.44 55.6 9.41865
    endloop
  endfacet
  facet normal -0.555565 0 0.831473
    outer loop
      vertex -15.44 14.8 9.41865
      vertex -15.6684 55.6 9.26604
      vertex -15.6684 14.8 9.26604
    endloop
  endfacet
  facet normal -0.321433 0 -0.946932
    outer loop
      vertex -15.1936 14.8 5.65985
      vertex -14.9335 55.6 5.57156
      vertex -14.9335 14.8 5.57156
    endloop
  endfacet
  facet normal -0.321433 0 -0.946932
    outer loop
      vertex -14.9335 55.6 5.57156
      vertex -15.1936 14.8 5.65985
      vertex -15.1936 55.6 5.65985
    endloop
  endfacet
  facet normal 0.897005 0 -0.442021
    outer loop
      vertex -12.4499 14.8 6.79636
      vertex -12.5713 55.7 6.55
      vertex -12.4499 55.7 6.79636
    endloop
  endfacet
  facet normal 0.897005 0 -0.442021
    outer loop
      vertex -12.5713 55.7 6.55
      vertex -12.4499 14.8 6.79636
      vertex -12.5713 14.8 6.55
    endloop
  endfacet
  facet normal 0.555565 0 -0.831473
    outer loop
      vertex -13.34 14.8 5.78135
      vertex -13.1116 55.7 5.93396
      vertex -13.1116 14.8 5.93396
    endloop
  endfacet
  facet normal 0.555565 0 -0.831473
    outer loop
      vertex -13.1116 55.7 5.93396
      vertex -13.34 14.8 5.78135
      vertex -13.34 55.7 5.78135
    endloop
  endfacet
  facet normal -0.751864 0 0.659319
    outer loop
      vertex -16.056 14.8 8.8784
      vertex -15.8749 55.6 9.08492
      vertex -16.056 55.6 8.8784
    endloop
  endfacet
  facet normal -0.751864 0 0.659319
    outer loop
      vertex -15.8749 55.6 9.08492
      vertex -16.056 14.8 8.8784
      vertex -15.8749 14.8 9.08492
    endloop
  endfacet
  facet normal -0.442256 0 -0.896889
    outer loop
      vertex -15.44 14.8 5.78135
      vertex -15.1936 55.6 5.65985
      vertex -15.1936 14.8 5.65985
    endloop
  endfacet
  facet normal -0.442256 0 -0.896889
    outer loop
      vertex -15.1936 55.6 5.65985
      vertex -15.44 14.8 5.78135
      vertex -15.44 55.6 5.78135
    endloop
  endfacet
  facet normal 0.946929 -0 0.321443
    outer loop
      vertex -12.4499 14.8 8.40364
      vertex -12.3616 55.6 8.14352
      vertex -12.4499 55.6 8.40364
    endloop
  endfacet
  facet normal 0.946929 0 0.321443
    outer loop
      vertex -12.3616 55.6 8.14352
      vertex -12.4499 14.8 8.40364
      vertex -12.3616 14.8 8.14352
    endloop
  endfacet
  facet normal -0.897005 0 -0.442021
    outer loop
      vertex -16.2087 14.8 6.55
      vertex -16.3301 55.6 6.79636
      vertex -16.2087 55.6 6.55
    endloop
  endfacet
  facet normal -0.897005 -0 -0.442021
    outer loop
      vertex -16.3301 55.6 6.79636
      vertex -16.2087 14.8 6.55
      vertex -16.3301 14.8 6.79636
    endloop
  endfacet
  facet normal 0.659396 0 -0.751796
    outer loop
      vertex -13.1116 14.8 5.93396
      vertex -12.9051 55.7 6.11508
      vertex -12.9051 14.8 6.11508
    endloop
  endfacet
  facet normal 0.659396 0 -0.751796
    outer loop
      vertex -12.9051 55.7 6.11508
      vertex -13.1116 14.8 5.93396
      vertex -13.1116 55.7 5.93396
    endloop
  endfacet
  facet normal -0.997851 0 0.0655283
    outer loop
      vertex -16.49 14.8 7.6
      vertex -16.472 55.6 7.8741
      vertex -16.49 55.6 7.6
    endloop
  endfacet
  facet normal -0.997851 0 0.0655283
    outer loop
      vertex -16.472 55.6 7.8741
      vertex -16.49 14.8 7.6
      vertex -16.472 14.8 7.8741
    endloop
  endfacet
  facet normal -0.946929 0 -0.321443
    outer loop
      vertex -16.3301 14.8 6.79636
      vertex -16.4184 55.6 7.05648
      vertex -16.3301 55.6 6.79636
    endloop
  endfacet
  facet normal -0.946929 -0 -0.321443
    outer loop
      vertex -16.4184 55.6 7.05648
      vertex -16.3301 14.8 6.79636
      vertex -16.4184 14.8 7.05648
    endloop
  endfacet
  facet normal -0.0654196 0 0.997858
    outer loop
      vertex -14.6641 55.6 9.68203
      vertex -14.39 14.8 9.7
      vertex -14.39 55.6 9.7
    endloop
  endfacet
  facet normal -0.0654196 0 0.997858
    outer loop
      vertex -14.39 14.8 9.7
      vertex -14.6641 55.6 9.68203
      vertex -14.6641 14.8 9.68203
    endloop
  endfacet
  facet normal 0.0654196 0 0.997858
    outer loop
      vertex -14.39 55.6 9.7
      vertex -14.1159 14.8 9.68203
      vertex -14.1159 55.6 9.68203
    endloop
  endfacet
  facet normal 0.0654196 0 0.997858
    outer loop
      vertex -14.1159 14.8 9.68203
      vertex -14.39 55.6 9.7
      vertex -14.39 14.8 9.7
    endloop
  endfacet
  facet normal -0.831322 0 -0.555792
    outer loop
      vertex -16.056 14.8 6.3216
      vertex -16.2087 55.6 6.55
      vertex -16.056 55.6 6.3216
    endloop
  endfacet
  facet normal -0.831322 -0 -0.555792
    outer loop
      vertex -16.2087 55.6 6.55
      vertex -16.056 14.8 6.3216
      vertex -16.2087 14.8 6.55
    endloop
  endfacet
  facet normal 0.946929 0 -0.321443
    outer loop
      vertex -12.3616 14.8 7.05648
      vertex -12.4499 55.7 6.79636
      vertex -12.3616 55.7 7.05648
    endloop
  endfacet
  facet normal 0.946929 0 -0.321443
    outer loop
      vertex -12.4499 55.7 6.79636
      vertex -12.3616 14.8 7.05648
      vertex -12.4499 14.8 6.79636
    endloop
  endfacet
  facet normal -0.831322 0 0.555792
    outer loop
      vertex -16.2087 14.8 8.65
      vertex -16.056 55.6 8.8784
      vertex -16.2087 55.6 8.65
    endloop
  endfacet
  facet normal -0.831322 0 0.555792
    outer loop
      vertex -16.056 55.6 8.8784
      vertex -16.2087 14.8 8.65
      vertex -16.056 14.8 8.8784
    endloop
  endfacet
  facet normal -0.442256 0 0.896889
    outer loop
      vertex -15.44 55.6 9.41865
      vertex -15.1936 14.8 9.54015
      vertex -15.1936 55.6 9.54015
    endloop
  endfacet
  facet normal -0.442256 0 0.896889
    outer loop
      vertex -15.1936 14.8 9.54015
      vertex -15.44 55.6 9.41865
      vertex -15.44 14.8 9.41865
    endloop
  endfacet
  facet normal -0.831475 0 -0.555562
    outer loop
      vertex -14.747 12.3 7.32606
      vertex -14.7797 14.8 7.375
      vertex -14.747 14.8 7.32606
    endloop
  endfacet
  facet normal -0.831475 -0 -0.555562
    outer loop
      vertex -14.7797 14.8 7.375
      vertex -14.747 12.3 7.32606
      vertex -14.7797 12.3 7.375
    endloop
  endfacet
  facet normal -0.194811 0 0.980841
    outer loop
      vertex -14.5065 14.8 8.03467
      vertex -14.4487 12.3 8.04615
      vertex -14.4487 14.8 8.04615
    endloop
  endfacet
  facet normal -0.194811 0 0.980841
    outer loop
      vertex -14.4487 12.3 8.04615
      vertex -14.5065 14.8 8.03467
      vertex -14.5065 12.3 8.03467
    endloop
  endfacet
  facet normal 0.980731 -0 0.195365
    outer loop
      vertex -13.9553 12.3 7.71647
      vertex -13.9438 14.8 7.65874
      vertex -13.9553 14.8 7.71647
    endloop
  endfacet
  facet normal 0.980731 0 0.195365
    outer loop
      vertex -13.9438 14.8 7.65874
      vertex -13.9553 12.3 7.71647
      vertex -13.9438 12.3 7.65874
    endloop
  endfacet
  facet normal 0.997914 -0 0.0645569
    outer loop
      vertex -13.9438 12.3 7.65874
      vertex -13.94 14.8 7.6
      vertex -13.9438 14.8 7.65874
    endloop
  endfacet
  facet normal 0.997914 0 0.0645569
    outer loop
      vertex -13.94 14.8 7.6
      vertex -13.9438 12.3 7.65874
      vertex -13.94 12.3 7.6
    endloop
  endfacet
  facet normal -0.997914 0 0.0645569
    outer loop
      vertex -14.84 12.3 7.6
      vertex -14.8362 14.8 7.65874
      vertex -14.84 14.8 7.6
    endloop
  endfacet
  facet normal -0.997914 0 0.0645569
    outer loop
      vertex -14.8362 14.8 7.65874
      vertex -14.84 12.3 7.6
      vertex -14.8362 12.3 7.65874
    endloop
  endfacet
  facet normal -0.946522 0 -0.322639
    outer loop
      vertex -14.8057 12.3 7.42779
      vertex -14.8247 14.8 7.48353
      vertex -14.8057 14.8 7.42779
    endloop
  endfacet
  facet normal -0.946522 -0 -0.322639
    outer loop
      vertex -14.8247 14.8 7.48353
      vertex -14.8057 12.3 7.42779
      vertex -14.8247 12.3 7.48353
    endloop
  endfacet
  facet normal 0.555877 0 0.831265
    outer loop
      vertex -14.165 14.8 7.98971
      vertex -14.1161 12.3 7.95701
      vertex -14.1161 14.8 7.95701
    endloop
  endfacet
  facet normal 0.555877 0 0.831265
    outer loop
      vertex -14.1161 12.3 7.95701
      vertex -14.165 14.8 7.98971
      vertex -14.165 12.3 7.98971
    endloop
  endfacet
  facet normal 0.194811 0 0.980841
    outer loop
      vertex -14.3313 14.8 8.04615
      vertex -14.2735 12.3 8.03467
      vertex -14.2735 14.8 8.03467
    endloop
  endfacet
  facet normal 0.194811 0 0.980841
    outer loop
      vertex -14.2735 12.3 8.03467
      vertex -14.3313 14.8 8.04615
      vertex -14.3313 12.3 8.04615
    endloop
  endfacet
  facet normal 0.658961 0 -0.752177
    outer loop
      vertex -14.1161 12.3 7.24299
      vertex -14.0718 14.8 7.2818
      vertex -14.0718 12.3 7.2818
    endloop
  endfacet
  facet normal 0.658961 0 -0.752177
    outer loop
      vertex -14.0718 14.8 7.2818
      vertex -14.1161 12.3 7.24299
      vertex -14.1161 14.8 7.24299
    endloop
  endfacet
  facet normal -0.555877 0 0.831265
    outer loop
      vertex -14.6639 14.8 7.95701
      vertex -14.615 12.3 7.98971
      vertex -14.615 14.8 7.98971
    endloop
  endfacet
  facet normal -0.555877 0 0.831265
    outer loop
      vertex -14.615 12.3 7.98971
      vertex -14.6639 14.8 7.95701
      vertex -14.6639 12.3 7.95701
    endloop
  endfacet
  facet normal -0.442315 0 0.89686
    outer loop
      vertex -14.615 14.8 7.98971
      vertex -14.5622 12.3 8.01575
      vertex -14.5622 14.8 8.01575
    endloop
  endfacet
  facet normal -0.442315 0 0.89686
    outer loop
      vertex -14.5622 12.3 8.01575
      vertex -14.615 14.8 7.98971
      vertex -14.615 12.3 7.98971
    endloop
  endfacet
  facet normal 0.658961 0 0.752177
    outer loop
      vertex -14.1161 14.8 7.95701
      vertex -14.0718 12.3 7.9182
      vertex -14.0718 14.8 7.9182
    endloop
  endfacet
  facet normal 0.658961 0 0.752177
    outer loop
      vertex -14.0718 12.3 7.9182
      vertex -14.1161 14.8 7.95701
      vertex -14.1161 12.3 7.95701
    endloop
  endfacet
  facet normal 0.321628 0 -0.946866
    outer loop
      vertex -14.2735 12.3 7.16533
      vertex -14.2178 14.8 7.18425
      vertex -14.2178 12.3 7.18425
    endloop
  endfacet
  facet normal 0.321628 0 -0.946866
    outer loop
      vertex -14.2178 14.8 7.18425
      vertex -14.2735 12.3 7.16533
      vertex -14.2735 14.8 7.16533
    endloop
  endfacet
  facet normal 0.751966 0 -0.659202
    outer loop
      vertex -14.033 12.3 7.32606
      vertex -14.0718 14.8 7.2818
      vertex -14.033 14.8 7.32606
    endloop
  endfacet
  facet normal 0.751966 0 -0.659202
    outer loop
      vertex -14.0718 14.8 7.2818
      vertex -14.033 12.3 7.32606
      vertex -14.0718 12.3 7.2818
    endloop
  endfacet
  facet normal 0.946522 0 -0.322639
    outer loop
      vertex -13.9553 12.3 7.48353
      vertex -13.9743 14.8 7.42779
      vertex -13.9553 14.8 7.48353
    endloop
  endfacet
  facet normal 0.946522 0 -0.322639
    outer loop
      vertex -13.9743 14.8 7.42779
      vertex -13.9553 12.3 7.48353
      vertex -13.9743 12.3 7.42779
    endloop
  endfacet
  facet normal 0.321628 0 0.946866
    outer loop
      vertex -14.2735 14.8 8.03467
      vertex -14.2178 12.3 8.01575
      vertex -14.2178 14.8 8.01575
    endloop
  endfacet
  facet normal 0.321628 0 0.946866
    outer loop
      vertex -14.2178 12.3 8.01575
      vertex -14.2735 14.8 8.03467
      vertex -14.2735 12.3 8.03467
    endloop
  endfacet
  facet normal -0.946522 0 0.322639
    outer loop
      vertex -14.8247 12.3 7.71647
      vertex -14.8057 14.8 7.77221
      vertex -14.8247 14.8 7.71647
    endloop
  endfacet
  facet normal -0.946522 0 0.322639
    outer loop
      vertex -14.8057 14.8 7.77221
      vertex -14.8247 12.3 7.71647
      vertex -14.8057 12.3 7.77221
    endloop
  endfacet
  facet normal -0.321628 0 -0.946866
    outer loop
      vertex -14.5622 12.3 7.18425
      vertex -14.5065 14.8 7.16533
      vertex -14.5065 12.3 7.16533
    endloop
  endfacet
  facet normal -0.321628 0 -0.946866
    outer loop
      vertex -14.5065 14.8 7.16533
      vertex -14.5622 12.3 7.18425
      vertex -14.5622 14.8 7.18425
    endloop
  endfacet
  facet normal -0.980731 0 0.195365
    outer loop
      vertex -14.8362 12.3 7.65874
      vertex -14.8247 14.8 7.71647
      vertex -14.8362 14.8 7.65874
    endloop
  endfacet
  facet normal -0.980731 0 0.195365
    outer loop
      vertex -14.8247 14.8 7.71647
      vertex -14.8362 12.3 7.65874
      vertex -14.8247 12.3 7.71647
    endloop
  endfacet
  facet normal -0.555877 0 -0.831265
    outer loop
      vertex -14.6639 12.3 7.24299
      vertex -14.615 14.8 7.21029
      vertex -14.615 12.3 7.21029
    endloop
  endfacet
  facet normal -0.555877 0 -0.831265
    outer loop
      vertex -14.615 14.8 7.21029
      vertex -14.6639 12.3 7.24299
      vertex -14.6639 14.8 7.24299
    endloop
  endfacet
  facet normal 0 -1 0
    outer loop
      vertex -14.4487 12.3 8.04615
      vertex -14.3313 12.3 8.04615
      vertex -14.39 12.3 8.05
    endloop
  endfacet
  facet normal 0 -1 0
    outer loop
      vertex -14.5065 12.3 8.03467
      vertex -14.3313 12.3 8.04615
      vertex -14.4487 12.3 8.04615
    endloop
  endfacet
  facet normal 0 -1 0
    outer loop
      vertex -14.5065 12.3 8.03467
      vertex -14.2735 12.3 8.03467
      vertex -14.3313 12.3 8.04615
    endloop
  endfacet
  facet normal 0 -1 0
    outer loop
      vertex -14.5622 12.3 8.01575
      vertex -14.2735 12.3 8.03467
      vertex -14.5065 12.3 8.03467
    endloop
  endfacet
  facet normal 0 -1 0
    outer loop
      vertex -14.5622 12.3 8.01575
      vertex -14.2178 12.3 8.01575
      vertex -14.2735 12.3 8.03467
    endloop
  endfacet
  facet normal 0 -1 0
    outer loop
      vertex -14.615 12.3 7.98971
      vertex -14.2178 12.3 8.01575
      vertex -14.5622 12.3 8.01575
    endloop
  endfacet
  facet normal 0 -1 0
    outer loop
      vertex -14.615 12.3 7.98971
      vertex -14.165 12.3 7.98971
      vertex -14.2178 12.3 8.01575
    endloop
  endfacet
  facet normal 0 -1 0
    outer loop
      vertex -14.6639 12.3 7.95701
      vertex -14.165 12.3 7.98971
      vertex -14.615 12.3 7.98971
    endloop
  endfacet
  facet normal 0 -1 0
    outer loop
      vertex -14.6639 12.3 7.95701
      vertex -14.1161 12.3 7.95701
      vertex -14.165 12.3 7.98971
    endloop
  endfacet
  facet normal 0 -1 0
    outer loop
      vertex -14.7082 12.3 7.9182
      vertex -14.1161 12.3 7.95701
      vertex -14.6639 12.3 7.95701
    endloop
  endfacet
  facet normal 0 -1 0
    outer loop
      vertex -14.7082 12.3 7.9182
      vertex -14.0718 12.3 7.9182
      vertex -14.1161 12.3 7.95701
    endloop
  endfacet
  facet normal 0 -1 0
    outer loop
      vertex -14.747 12.3 7.87394
      vertex -14.0718 12.3 7.9182
      vertex -14.7082 12.3 7.9182
    endloop
  endfacet
  facet normal 0 -1 0
    outer loop
      vertex -14.747 12.3 7.87394
      vertex -14.033 12.3 7.87394
      vertex -14.0718 12.3 7.9182
    endloop
  endfacet
  facet normal 0 -1 0
    outer loop
      vertex -14.7797 12.3 7.825
      vertex -14.033 12.3 7.87394
      vertex -14.747 12.3 7.87394
    endloop
  endfacet
  facet normal 0 -1 0
    outer loop
      vertex -14.7797 12.3 7.825
      vertex -14.0003 12.3 7.825
      vertex -14.033 12.3 7.87394
    endloop
  endfacet
  facet normal 0 -1 0
    outer loop
      vertex -14.8057 12.3 7.77221
      vertex -14.0003 12.3 7.825
      vertex -14.7797 12.3 7.825
    endloop
  endfacet
  facet normal 0 -1 0
    outer loop
      vertex -14.8057 12.3 7.77221
      vertex -13.9743 12.3 7.77221
      vertex -14.0003 12.3 7.825
    endloop
  endfacet
  facet normal 0 -1 0
    outer loop
      vertex -14.8247 12.3 7.71647
      vertex -13.9743 12.3 7.77221
      vertex -14.8057 12.3 7.77221
    endloop
  endfacet
  facet normal 0 -1 0
    outer loop
      vertex -14.8247 12.3 7.71647
      vertex -13.9553 12.3 7.71647
      vertex -13.9743 12.3 7.77221
    endloop
  endfacet
  facet normal 0 -1 0
    outer loop
      vertex -14.8362 12.3 7.65874
      vertex -13.9553 12.3 7.71647
      vertex -14.8247 12.3 7.71647
    endloop
  endfacet
  facet normal 0 -1 0
    outer loop
      vertex -14.8362 12.3 7.65874
      vertex -13.9438 12.3 7.65874
      vertex -13.9553 12.3 7.71647
    endloop
  endfacet
  facet normal 0 -1 0
    outer loop
      vertex -14.84 12.3 7.6
      vertex -13.9438 12.3 7.65874
      vertex -14.8362 12.3 7.65874
    endloop
  endfacet
  facet normal 0 -1 0
    outer loop
      vertex -14.84 12.3 7.6
      vertex -13.94 12.3 7.6
      vertex -13.9438 12.3 7.65874
    endloop
  endfacet
  facet normal 0 -1 0
    outer loop
      vertex -14.8362 12.3 7.54126
      vertex -13.94 12.3 7.6
      vertex -14.84 12.3 7.6
    endloop
  endfacet
  facet normal 0 -1 0
    outer loop
      vertex -14.8362 12.3 7.54126
      vertex -13.9438 12.3 7.54126
      vertex -13.94 12.3 7.6
    endloop
  endfacet
  facet normal 0 -1 0
    outer loop
      vertex -14.8247 12.3 7.48353
      vertex -13.9438 12.3 7.54126
      vertex -14.8362 12.3 7.54126
    endloop
  endfacet
  facet normal 0 -1 0
    outer loop
      vertex -14.8247 12.3 7.48353
      vertex -13.9553 12.3 7.48353
      vertex -13.9438 12.3 7.54126
    endloop
  endfacet
  facet normal 0 -1 0
    outer loop
      vertex -14.8057 12.3 7.42779
      vertex -13.9553 12.3 7.48353
      vertex -14.8247 12.3 7.48353
    endloop
  endfacet
  facet normal 0 -1 0
    outer loop
      vertex -14.8057 12.3 7.42779
      vertex -13.9743 12.3 7.42779
      vertex -13.9553 12.3 7.48353
    endloop
  endfacet
  facet normal 0 -1 0
    outer loop
      vertex -14.7797 12.3 7.375
      vertex -13.9743 12.3 7.42779
      vertex -14.8057 12.3 7.42779
    endloop
  endfacet
  facet normal 0 -1 0
    outer loop
      vertex -14.7797 12.3 7.375
      vertex -14.0003 12.3 7.375
      vertex -13.9743 12.3 7.42779
    endloop
  endfacet
  facet normal 0 -1 0
    outer loop
      vertex -14.747 12.3 7.32606
      vertex -14.0003 12.3 7.375
      vertex -14.7797 12.3 7.375
    endloop
  endfacet
  facet normal 0 -1 0
    outer loop
      vertex -14.747 12.3 7.32606
      vertex -14.033 12.3 7.32606
      vertex -14.0003 12.3 7.375
    endloop
  endfacet
  facet normal 0 -1 0
    outer loop
      vertex -14.7082 12.3 7.2818
      vertex -14.033 12.3 7.32606
      vertex -14.747 12.3 7.32606
    endloop
  endfacet
  facet normal 0 -1 0
    outer loop
      vertex -14.7082 12.3 7.2818
      vertex -14.0718 12.3 7.2818
      vertex -14.033 12.3 7.32606
    endloop
  endfacet
  facet normal 0 -1 0
    outer loop
      vertex -14.6639 12.3 7.24299
      vertex -14.0718 12.3 7.2818
      vertex -14.7082 12.3 7.2818
    endloop
  endfacet
  facet normal 0 -1 0
    outer loop
      vertex -14.6639 12.3 7.24299
      vertex -14.1161 12.3 7.24299
      vertex -14.0718 12.3 7.2818
    endloop
  endfacet
  facet normal 0 -1 0
    outer loop
      vertex -14.615 12.3 7.21029
      vertex -14.1161 12.3 7.24299
      vertex -14.6639 12.3 7.24299
    endloop
  endfacet
  facet normal 0 -1 0
    outer loop
      vertex -14.615 12.3 7.21029
      vertex -14.165 12.3 7.21029
      vertex -14.1161 12.3 7.24299
    endloop
  endfacet
  facet normal 0 -1 0
    outer loop
      vertex -14.5622 12.3 7.18425
      vertex -14.165 12.3 7.21029
      vertex -14.615 12.3 7.21029
    endloop
  endfacet
  facet normal 0 -1 0
    outer loop
      vertex -14.5622 12.3 7.18425
      vertex -14.2178 12.3 7.18425
      vertex -14.165 12.3 7.21029
    endloop
  endfacet
  facet normal 0 -1 0
    outer loop
      vertex -14.5065 12.3 7.16533
      vertex -14.2178 12.3 7.18425
      vertex -14.5622 12.3 7.18425
    endloop
  endfacet
  facet normal 0 -1 0
    outer loop
      vertex -14.5065 12.3 7.16533
      vertex -14.2735 12.3 7.16533
      vertex -14.2178 12.3 7.18425
    endloop
  endfacet
  facet normal 0 -1 0
    outer loop
      vertex -14.4487 12.3 7.15385
      vertex -14.2735 12.3 7.16533
      vertex -14.5065 12.3 7.16533
    endloop
  endfacet
  facet normal 0 -1 0
    outer loop
      vertex -14.4487 12.3 7.15385
      vertex -14.3313 12.3 7.15385
      vertex -14.2735 12.3 7.16533
    endloop
  endfacet
  facet normal -0 -1 0
    outer loop
      vertex -14.3313 12.3 7.15385
      vertex -14.4487 12.3 7.15385
      vertex -14.39 12.3 7.15
    endloop
  endfacet
  facet normal -0.751966 0 -0.659202
    outer loop
      vertex -14.7082 12.3 7.2818
      vertex -14.747 14.8 7.32606
      vertex -14.7082 14.8 7.2818
    endloop
  endfacet
  facet normal -0.751966 -0 -0.659202
    outer loop
      vertex -14.747 14.8 7.32606
      vertex -14.7082 12.3 7.2818
      vertex -14.747 12.3 7.32606
    endloop
  endfacet
  facet normal -0.321628 0 0.946866
    outer loop
      vertex -14.5622 14.8 8.01575
      vertex -14.5065 12.3 8.03467
      vertex -14.5065 14.8 8.03467
    endloop
  endfacet
  facet normal -0.321628 0 0.946866
    outer loop
      vertex -14.5065 12.3 8.03467
      vertex -14.5622 14.8 8.01575
      vertex -14.5622 12.3 8.01575
    endloop
  endfacet
  facet normal 0.897096 -0 0.441836
    outer loop
      vertex -14.0003 12.3 7.825
      vertex -13.9743 14.8 7.77221
      vertex -14.0003 14.8 7.825
    endloop
  endfacet
  facet normal 0.897096 0 0.441836
    outer loop
      vertex -13.9743 14.8 7.77221
      vertex -14.0003 12.3 7.825
      vertex -13.9743 12.3 7.77221
    endloop
  endfacet
  facet normal -0.980731 0 -0.195365
    outer loop
      vertex -14.8247 12.3 7.48353
      vertex -14.8362 14.8 7.54126
      vertex -14.8247 14.8 7.48353
    endloop
  endfacet
  facet normal -0.980731 -0 -0.195365
    outer loop
      vertex -14.8362 14.8 7.54126
      vertex -14.8247 12.3 7.48353
      vertex -14.8362 12.3 7.54126
    endloop
  endfacet
  facet normal 0.897096 0 -0.441836
    outer loop
      vertex -13.9743 12.3 7.42779
      vertex -14.0003 14.8 7.375
      vertex -13.9743 14.8 7.42779
    endloop
  endfacet
  facet normal 0.897096 0 -0.441836
    outer loop
      vertex -14.0003 14.8 7.375
      vertex -13.9743 12.3 7.42779
      vertex -14.0003 12.3 7.375
    endloop
  endfacet
  facet normal -0.751966 0 0.659202
    outer loop
      vertex -14.747 12.3 7.87394
      vertex -14.7082 14.8 7.9182
      vertex -14.747 14.8 7.87394
    endloop
  endfacet
  facet normal -0.751966 0 0.659202
    outer loop
      vertex -14.7082 14.8 7.9182
      vertex -14.747 12.3 7.87394
      vertex -14.7082 12.3 7.9182
    endloop
  endfacet
  facet normal 0.831475 -0 0.555562
    outer loop
      vertex -14.033 12.3 7.87394
      vertex -14.0003 14.8 7.825
      vertex -14.033 14.8 7.87394
    endloop
  endfacet
  facet normal 0.831475 0 0.555562
    outer loop
      vertex -14.0003 14.8 7.825
      vertex -14.033 12.3 7.87394
      vertex -14.0003 12.3 7.825
    endloop
  endfacet
  facet normal -0.831475 0 0.555562
    outer loop
      vertex -14.7797 12.3 7.825
      vertex -14.747 14.8 7.87394
      vertex -14.7797 14.8 7.825
    endloop
  endfacet
  facet normal -0.831475 0 0.555562
    outer loop
      vertex -14.747 14.8 7.87394
      vertex -14.7797 12.3 7.825
      vertex -14.747 12.3 7.87394
    endloop
  endfacet
  facet normal -0.997914 0 -0.0645569
    outer loop
      vertex -14.8362 12.3 7.54126
      vertex -14.84 14.8 7.6
      vertex -14.8362 14.8 7.54126
    endloop
  endfacet
  facet normal -0.997914 -0 -0.0645569
    outer loop
      vertex -14.84 14.8 7.6
      vertex -14.8362 12.3 7.54126
      vertex -14.84 12.3 7.6
    endloop
  endfacet
  facet normal 0.831475 0 -0.555562
    outer loop
      vertex -14.0003 12.3 7.375
      vertex -14.033 14.8 7.32606
      vertex -14.0003 14.8 7.375
    endloop
  endfacet
  facet normal 0.831475 0 -0.555562
    outer loop
      vertex -14.033 14.8 7.32606
      vertex -14.0003 12.3 7.375
      vertex -14.033 12.3 7.32606
    endloop
  endfacet
  facet normal 0.442315 0 -0.89686
    outer loop
      vertex -14.2178 12.3 7.18425
      vertex -14.165 14.8 7.21029
      vertex -14.165 12.3 7.21029
    endloop
  endfacet
  facet normal 0.442315 0 -0.89686
    outer loop
      vertex -14.165 14.8 7.21029
      vertex -14.2178 12.3 7.18425
      vertex -14.2178 14.8 7.18425
    endloop
  endfacet
  facet normal 0.980731 0 -0.195365
    outer loop
      vertex -13.9438 12.3 7.54126
      vertex -13.9553 14.8 7.48353
      vertex -13.9438 14.8 7.54126
    endloop
  endfacet
  facet normal 0.980731 0 -0.195365
    outer loop
      vertex -13.9553 14.8 7.48353
      vertex -13.9438 12.3 7.54126
      vertex -13.9553 12.3 7.48353
    endloop
  endfacet
  facet normal 0.555877 0 -0.831265
    outer loop
      vertex -14.165 12.3 7.21029
      vertex -14.1161 14.8 7.24299
      vertex -14.1161 12.3 7.24299
    endloop
  endfacet
  facet normal 0.555877 0 -0.831265
    outer loop
      vertex -14.1161 14.8 7.24299
      vertex -14.165 12.3 7.21029
      vertex -14.165 14.8 7.21029
    endloop
  endfacet
  facet normal 0.0654471 0 -0.997856
    outer loop
      vertex -14.39 12.3 7.15
      vertex -14.3313 14.8 7.15385
      vertex -14.3313 12.3 7.15385
    endloop
  endfacet
  facet normal 0.0654471 0 -0.997856
    outer loop
      vertex -14.3313 14.8 7.15385
      vertex -14.39 12.3 7.15
      vertex -14.39 14.8 7.15
    endloop
  endfacet
  facet normal 0.997914 0 -0.0645569
    outer loop
      vertex -13.94 12.3 7.6
      vertex -13.9438 14.8 7.54126
      vertex -13.94 14.8 7.6
    endloop
  endfacet
  facet normal 0.997914 0 -0.0645569
    outer loop
      vertex -13.9438 14.8 7.54126
      vertex -13.94 12.3 7.6
      vertex -13.9438 12.3 7.54126
    endloop
  endfacet
  facet normal 0.194811 0 -0.980841
    outer loop
      vertex -14.3313 12.3 7.15385
      vertex -14.2735 14.8 7.16533
      vertex -14.2735 12.3 7.16533
    endloop
  endfacet
  facet normal 0.194811 0 -0.980841
    outer loop
      vertex -14.2735 14.8 7.16533
      vertex -14.3313 12.3 7.15385
      vertex -14.3313 14.8 7.15385
    endloop
  endfacet
  facet normal 0.946522 -0 0.322639
    outer loop
      vertex -13.9743 12.3 7.77221
      vertex -13.9553 14.8 7.71647
      vertex -13.9743 14.8 7.77221
    endloop
  endfacet
  facet normal 0.946522 0 0.322639
    outer loop
      vertex -13.9553 14.8 7.71647
      vertex -13.9743 12.3 7.77221
      vertex -13.9553 12.3 7.71647
    endloop
  endfacet
  facet normal 0.442315 0 0.89686
    outer loop
      vertex -14.2178 14.8 8.01575
      vertex -14.165 12.3 7.98971
      vertex -14.165 14.8 7.98971
    endloop
  endfacet
  facet normal 0.442315 0 0.89686
    outer loop
      vertex -14.165 12.3 7.98971
      vertex -14.2178 14.8 8.01575
      vertex -14.2178 12.3 8.01575
    endloop
  endfacet
  facet normal -0.0654471 0 0.997856
    outer loop
      vertex -14.4487 14.8 8.04615
      vertex -14.39 12.3 8.05
      vertex -14.39 14.8 8.05
    endloop
  endfacet
  facet normal -0.0654471 0 0.997856
    outer loop
      vertex -14.39 12.3 8.05
      vertex -14.4487 14.8 8.04615
      vertex -14.4487 12.3 8.04615
    endloop
  endfacet
  facet normal -0.897096 0 -0.441836
    outer loop
      vertex -14.7797 12.3 7.375
      vertex -14.8057 14.8 7.42779
      vertex -14.7797 14.8 7.375
    endloop
  endfacet
  facet normal -0.897096 -0 -0.441836
    outer loop
      vertex -14.8057 14.8 7.42779
      vertex -14.7797 12.3 7.375
      vertex -14.8057 12.3 7.42779
    endloop
  endfacet
  facet normal 0.751966 -0 0.659202
    outer loop
      vertex -14.0718 12.3 7.9182
      vertex -14.033 14.8 7.87394
      vertex -14.0718 14.8 7.9182
    endloop
  endfacet
  facet normal 0.751966 0 0.659202
    outer loop
      vertex -14.033 14.8 7.87394
      vertex -14.0718 12.3 7.9182
      vertex -14.033 12.3 7.87394
    endloop
  endfacet
  facet normal -0.897096 0 0.441836
    outer loop
      vertex -14.8057 12.3 7.77221
      vertex -14.7797 14.8 7.825
      vertex -14.8057 14.8 7.77221
    endloop
  endfacet
  facet normal -0.897096 0 0.441836
    outer loop
      vertex -14.7797 14.8 7.825
      vertex -14.8057 12.3 7.77221
      vertex -14.7797 12.3 7.825
    endloop
  endfacet
  facet normal -0.658961 0 0.752177
    outer loop
      vertex -14.7082 14.8 7.9182
      vertex -14.6639 12.3 7.95701
      vertex -14.6639 14.8 7.95701
    endloop
  endfacet
  facet normal -0.658961 0 0.752177
    outer loop
      vertex -14.6639 12.3 7.95701
      vertex -14.7082 14.8 7.9182
      vertex -14.7082 12.3 7.9182
    endloop
  endfacet
  facet normal -0.194811 0 -0.980841
    outer loop
      vertex -14.5065 12.3 7.16533
      vertex -14.4487 14.8 7.15385
      vertex -14.4487 12.3 7.15385
    endloop
  endfacet
  facet normal -0.194811 0 -0.980841
    outer loop
      vertex -14.4487 14.8 7.15385
      vertex -14.5065 12.3 7.16533
      vertex -14.5065 14.8 7.16533
    endloop
  endfacet
  facet normal -0.0654471 0 -0.997856
    outer loop
      vertex -14.4487 12.3 7.15385
      vertex -14.39 14.8 7.15
      vertex -14.39 12.3 7.15
    endloop
  endfacet
  facet normal -0.0654471 0 -0.997856
    outer loop
      vertex -14.39 14.8 7.15
      vertex -14.4487 12.3 7.15385
      vertex -14.4487 14.8 7.15385
    endloop
  endfacet
  facet normal -0.658961 0 -0.752177
    outer loop
      vertex -14.7082 12.3 7.2818
      vertex -14.6639 14.8 7.24299
      vertex -14.6639 12.3 7.24299
    endloop
  endfacet
  facet normal -0.658961 0 -0.752177
    outer loop
      vertex -14.6639 14.8 7.24299
      vertex -14.7082 12.3 7.2818
      vertex -14.7082 14.8 7.2818
    endloop
  endfacet
  facet normal -0.442315 0 -0.89686
    outer loop
      vertex -14.615 12.3 7.21029
      vertex -14.5622 14.8 7.18425
      vertex -14.5622 12.3 7.18425
    endloop
  endfacet
  facet normal -0.442315 0 -0.89686
    outer loop
      vertex -14.5622 14.8 7.18425
      vertex -14.615 12.3 7.21029
      vertex -14.615 14.8 7.21029
    endloop
  endfacet
  facet normal 0.0654471 0 0.997856
    outer loop
      vertex -14.39 14.8 8.05
      vertex -14.3313 12.3 8.04615
      vertex -14.3313 14.8 8.04615
    endloop
  endfacet
  facet normal 0.0654471 0 0.997856
    outer loop
      vertex -14.3313 12.3 8.04615
      vertex -14.39 14.8 8.05
      vertex -14.39 12.3 8.05
    endloop
  endfacet
  facet normal 0.0654196 0 -0.997858
    outer loop
      vertex 9.71 14.8 8.6
      vertex 9.9841 55.6 8.61797
      vertex 9.9841 14.8 8.61797
    endloop
  endfacet
  facet normal 0.0654196 0 -0.997858
    outer loop
      vertex 9.9841 55.6 8.61797
      vertex 9.71 14.8 8.6
      vertex 9.71 55.6 8.6
    endloop
  endfacet
  facet normal 0 -1 0
    outer loop
      vertex 9.71 14.8 11.15
      vertex 9.71 14.8 12.8
      vertex 9.43589 14.8 12.782
    endloop
  endfacet
  facet normal 0 -1 0
    outer loop
      vertex 9.65126 14.8 11.1461
      vertex 9.43589 14.8 12.782
      vertex 9.16648 14.8 12.7284
    endloop
  endfacet
  facet normal 0 -1 0
    outer loop
      vertex 9.71 14.8 12.8
      vertex 9.71 14.8 11.15
      vertex 9.9841 14.8 12.782
    endloop
  endfacet
  facet normal 0 -1 0
    outer loop
      vertex 9.59353 14.8 11.1347
      vertex 9.16648 14.8 12.7284
      vertex 8.90636 14.8 12.6401
    endloop
  endfacet
  facet normal 0 -1 0
    outer loop
      vertex 9.76874 14.8 11.1461
      vertex 9.9841 14.8 12.782
      vertex 9.71 14.8 11.15
    endloop
  endfacet
  facet normal 0 -1 0
    outer loop
      vertex 9.53779 14.8 11.1157
      vertex 8.90636 14.8 12.6401
      vertex 8.66 14.8 12.5187
    endloop
  endfacet
  facet normal 0 -1 -0
    outer loop
      vertex 9.9841 14.8 12.782
      vertex 9.76874 14.8 11.1461
      vertex 10.2535 14.8 12.7284
    endloop
  endfacet
  facet normal 0 -1 0
    outer loop
      vertex 9.485 14.8 11.0897
      vertex 8.66 14.8 12.5187
      vertex 8.4316 14.8 12.366
    endloop
  endfacet
  facet normal 0 -1 0
    outer loop
      vertex 9.82647 14.8 11.1347
      vertex 10.2535 14.8 12.7284
      vertex 9.76874 14.8 11.1461
    endloop
  endfacet
  facet normal 0 -1 0
    outer loop
      vertex 9.43606 14.8 11.057
      vertex 8.4316 14.8 12.366
      vertex 8.22508 14.8 12.1849
    endloop
  endfacet
  facet normal 0 -1 -0
    outer loop
      vertex 10.2535 14.8 12.7284
      vertex 9.82647 14.8 11.1347
      vertex 10.5136 14.8 12.6401
    endloop
  endfacet
  facet normal 0 -1 0
    outer loop
      vertex 9.3918 14.8 11.0182
      vertex 8.22508 14.8 12.1849
      vertex 8.04396 14.8 11.9784
    endloop
  endfacet
  facet normal 0 -1 0
    outer loop
      vertex 9.88221 14.8 11.1157
      vertex 10.5136 14.8 12.6401
      vertex 9.82647 14.8 11.1347
    endloop
  endfacet
  facet normal 0 -1 0
    outer loop
      vertex 9.35299 14.8 10.9739
      vertex 8.04396 14.8 11.9784
      vertex 7.89135 14.8 11.75
    endloop
  endfacet
  facet normal 0 -1 -0
    outer loop
      vertex 10.5136 14.8 12.6401
      vertex 9.88221 14.8 11.1157
      vertex 10.76 14.8 12.5187
    endloop
  endfacet
  facet normal 0 -1 0
    outer loop
      vertex 9.32029 14.8 10.925
      vertex 7.89135 14.8 11.75
      vertex 7.76985 14.8 11.5036
    endloop
  endfacet
  facet normal 0 -1 0
    outer loop
      vertex 9.935 14.8 11.0897
      vertex 10.76 14.8 12.5187
      vertex 9.88221 14.8 11.1157
    endloop
  endfacet
  facet normal 0 -1 0
    outer loop
      vertex 9.29425 14.8 10.8722
      vertex 7.76985 14.8 11.5036
      vertex 7.68156 14.8 11.2435
    endloop
  endfacet
  facet normal 0 -1 -0
    outer loop
      vertex 10.76 14.8 12.5187
      vertex 9.935 14.8 11.0897
      vertex 10.9884 14.8 12.366
    endloop
  endfacet
  facet normal 0 -1 0
    outer loop
      vertex 9.98394 14.8 11.057
      vertex 10.9884 14.8 12.366
      vertex 9.935 14.8 11.0897
    endloop
  endfacet
  facet normal 0 -1 0
    outer loop
      vertex 9.43589 14.8 12.782
      vertex 9.65126 14.8 11.1461
      vertex 9.71 14.8 11.15
    endloop
  endfacet
  facet normal 0 -1 0
    outer loop
      vertex 9.16648 14.8 12.7284
      vertex 9.59353 14.8 11.1347
      vertex 9.65126 14.8 11.1461
    endloop
  endfacet
  facet normal 0 -1 0
    outer loop
      vertex 8.90636 14.8 12.6401
      vertex 9.53779 14.8 11.1157
      vertex 9.59353 14.8 11.1347
    endloop
  endfacet
  facet normal 0 -1 0
    outer loop
      vertex 8.66 14.8 12.5187
      vertex 9.485 14.8 11.0897
      vertex 9.53779 14.8 11.1157
    endloop
  endfacet
  facet normal 0 -1 0
    outer loop
      vertex 8.4316 14.8 12.366
      vertex 9.43606 14.8 11.057
      vertex 9.485 14.8 11.0897
    endloop
  endfacet
  facet normal 0 -1 0
    outer loop
      vertex 8.22508 14.8 12.1849
      vertex 9.3918 14.8 11.0182
      vertex 9.43606 14.8 11.057
    endloop
  endfacet
  facet normal 0 -1 0
    outer loop
      vertex 9.27533 14.8 10.8165
      vertex 7.68156 14.8 11.2435
      vertex 7.62796 14.8 10.9741
    endloop
  endfacet
  facet normal 0 -1 0
    outer loop
      vertex 8.04396 14.8 11.9784
      vertex 9.35299 14.8 10.9739
      vertex 9.3918 14.8 11.0182
    endloop
  endfacet
  facet normal 0 -1 0
    outer loop
      vertex 7.89135 14.8 11.75
      vertex 9.32029 14.8 10.925
      vertex 9.35299 14.8 10.9739
    endloop
  endfacet
  facet normal 0 -1 0
    outer loop
      vertex 7.76985 14.8 11.5036
      vertex 9.29425 14.8 10.8722
      vertex 9.32029 14.8 10.925
    endloop
  endfacet
  facet normal 0 -1 0
    outer loop
      vertex 7.68156 14.8 11.2435
      vertex 9.27533 14.8 10.8165
      vertex 9.29425 14.8 10.8722
    endloop
  endfacet
  facet normal 0 -1 0
    outer loop
      vertex 7.62796 14.8 10.9741
      vertex 9.26385 14.8 10.7587
      vertex 9.27533 14.8 10.8165
    endloop
  endfacet
  facet normal 0 -1 0
    outer loop
      vertex 7.61 14.8 10.7
      vertex 9.26385 14.8 10.7587
      vertex 7.62796 14.8 10.9741
    endloop
  endfacet
  facet normal 0 -1 0
    outer loop
      vertex 7.61 14.8 10.7
      vertex 9.26 14.8 10.7
      vertex 9.26385 14.8 10.7587
    endloop
  endfacet
  facet normal 0 -1 0
    outer loop
      vertex 7.61 14.8 10.7
      vertex 9.26385 14.8 10.6413
      vertex 9.26 14.8 10.7
    endloop
  endfacet
  facet normal 0 -1 0
    outer loop
      vertex 7.62796 14.8 10.4259
      vertex 9.26385 14.8 10.6413
      vertex 7.61 14.8 10.7
    endloop
  endfacet
  facet normal 0 -1 -0
    outer loop
      vertex 9.26385 14.8 10.6413
      vertex 7.62796 14.8 10.4259
      vertex 9.27533 14.8 10.5835
    endloop
  endfacet
  facet normal 0 -1 0
    outer loop
      vertex 7.68156 14.8 10.1565
      vertex 9.27533 14.8 10.5835
      vertex 7.62796 14.8 10.4259
    endloop
  endfacet
  facet normal 0 -1 -0
    outer loop
      vertex 9.27533 14.8 10.5835
      vertex 7.68156 14.8 10.1565
      vertex 9.29425 14.8 10.5278
    endloop
  endfacet
  facet normal 0 -1 0
    outer loop
      vertex 7.76985 14.8 9.89636
      vertex 9.29425 14.8 10.5278
      vertex 7.68156 14.8 10.1565
    endloop
  endfacet
  facet normal 0 -1 -0
    outer loop
      vertex 9.29425 14.8 10.5278
      vertex 7.76985 14.8 9.89636
      vertex 9.32029 14.8 10.475
    endloop
  endfacet
  facet normal 0 -1 0
    outer loop
      vertex 7.89135 14.8 9.65
      vertex 9.32029 14.8 10.475
      vertex 7.76985 14.8 9.89636
    endloop
  endfacet
  facet normal 0 -1 -0
    outer loop
      vertex 9.32029 14.8 10.475
      vertex 7.89135 14.8 9.65
      vertex 9.35299 14.8 10.4261
    endloop
  endfacet
  facet normal 0 -1 0
    outer loop
      vertex 8.04396 14.8 9.4216
      vertex 9.35299 14.8 10.4261
      vertex 7.89135 14.8 9.65
    endloop
  endfacet
  facet normal 0 -1 -0
    outer loop
      vertex 9.35299 14.8 10.4261
      vertex 8.04396 14.8 9.4216
      vertex 9.3918 14.8 10.3818
    endloop
  endfacet
  facet normal 0 -1 0
    outer loop
      vertex 8.22508 14.8 9.21508
      vertex 9.3918 14.8 10.3818
      vertex 8.04396 14.8 9.4216
    endloop
  endfacet
  facet normal 0 -1 0
    outer loop
      vertex 8.4316 14.8 9.03396
      vertex 9.43606 14.8 10.343
      vertex 8.22508 14.8 9.21508
    endloop
  endfacet
  facet normal 0 -1 -0
    outer loop
      vertex 9.3918 14.8 10.3818
      vertex 8.22508 14.8 9.21508
      vertex 9.43606 14.8 10.343
    endloop
  endfacet
  facet normal 0 -1 -0
    outer loop
      vertex 10.9884 14.8 12.366
      vertex 9.98394 14.8 11.057
      vertex 11.1949 14.8 12.1849
    endloop
  endfacet
  facet normal 0 -1 0
    outer loop
      vertex 10.0282 14.8 11.0182
      vertex 11.1949 14.8 12.1849
      vertex 9.98394 14.8 11.057
    endloop
  endfacet
  facet normal 0 -1 -0
    outer loop
      vertex 11.1949 14.8 12.1849
      vertex 10.0282 14.8 11.0182
      vertex 11.376 14.8 11.9784
    endloop
  endfacet
  facet normal 0 -1 0
    outer loop
      vertex 10.067 14.8 10.9739
      vertex 11.376 14.8 11.9784
      vertex 10.0282 14.8 11.0182
    endloop
  endfacet
  facet normal 0 -1 -0
    outer loop
      vertex 11.376 14.8 11.9784
      vertex 10.067 14.8 10.9739
      vertex 11.5287 14.8 11.75
    endloop
  endfacet
  facet normal 0 -1 0
    outer loop
      vertex 10.0997 14.8 10.925
      vertex 11.5287 14.8 11.75
      vertex 10.067 14.8 10.9739
    endloop
  endfacet
  facet normal 0 -1 -0
    outer loop
      vertex 11.5287 14.8 11.75
      vertex 10.0997 14.8 10.925
      vertex 11.6501 14.8 11.5036
    endloop
  endfacet
  facet normal 0 -1 0
    outer loop
      vertex 10.1257 14.8 10.8722
      vertex 11.6501 14.8 11.5036
      vertex 10.0997 14.8 10.925
    endloop
  endfacet
  facet normal 0 -1 -0
    outer loop
      vertex 11.6501 14.8 11.5036
      vertex 10.1257 14.8 10.8722
      vertex 11.7384 14.8 11.2435
    endloop
  endfacet
  facet normal 0 -1 0
    outer loop
      vertex 10.1447 14.8 10.8165
      vertex 11.7384 14.8 11.2435
      vertex 10.1257 14.8 10.8722
    endloop
  endfacet
  facet normal 0 -1 -0
    outer loop
      vertex 11.7384 14.8 11.2435
      vertex 10.1447 14.8 10.8165
      vertex 11.792 14.8 10.9741
    endloop
  endfacet
  facet normal 0 -1 0
    outer loop
      vertex 10.1561 14.8 10.7587
      vertex 11.792 14.8 10.9741
      vertex 10.1447 14.8 10.8165
    endloop
  endfacet
  facet normal 0 -1 0
    outer loop
      vertex 10.16 14.8 10.7
      vertex 11.792 14.8 10.9741
      vertex 10.1561 14.8 10.7587
    endloop
  endfacet
  facet normal 0 -1 0
    outer loop
      vertex 10.16 14.8 10.7
      vertex 11.81 14.8 10.7
      vertex 11.792 14.8 10.9741
    endloop
  endfacet
  facet normal 0 -1 0
    outer loop
      vertex 10.1561 14.8 10.6413
      vertex 11.81 14.8 10.7
      vertex 10.16 14.8 10.7
    endloop
  endfacet
  facet normal 0 -1 0
    outer loop
      vertex 11.792 14.8 10.4259
      vertex 10.1561 14.8 10.6413
      vertex 10.1447 14.8 10.5835
    endloop
  endfacet
  facet normal 0 -1 0
    outer loop
      vertex 11.7384 14.8 10.1565
      vertex 10.1447 14.8 10.5835
      vertex 10.1257 14.8 10.5278
    endloop
  endfacet
  facet normal 0 -1 0
    outer loop
      vertex 11.6501 14.8 9.89636
      vertex 10.1257 14.8 10.5278
      vertex 10.0997 14.8 10.475
    endloop
  endfacet
  facet normal 0 -1 0
    outer loop
      vertex 11.5287 14.8 9.65
      vertex 10.0997 14.8 10.475
      vertex 10.067 14.8 10.4261
    endloop
  endfacet
  facet normal 0 -1 0
    outer loop
      vertex 10.1561 14.8 10.6413
      vertex 11.792 14.8 10.4259
      vertex 11.81 14.8 10.7
    endloop
  endfacet
  facet normal 0 -1 0
    outer loop
      vertex 11.376 14.8 9.4216
      vertex 10.067 14.8 10.4261
      vertex 10.0282 14.8 10.3818
    endloop
  endfacet
  facet normal 0 -1 0
    outer loop
      vertex 11.1949 14.8 9.21508
      vertex 10.0282 14.8 10.3818
      vertex 9.98394 14.8 10.343
    endloop
  endfacet
  facet normal 0 -1 0
    outer loop
      vertex 10.9884 14.8 9.03396
      vertex 9.98394 14.8 10.343
      vertex 9.935 14.8 10.3103
    endloop
  endfacet
  facet normal 0 -1 0
    outer loop
      vertex 10.76 14.8 8.88135
      vertex 9.935 14.8 10.3103
      vertex 9.88221 14.8 10.2843
    endloop
  endfacet
  facet normal 0 -1 0
    outer loop
      vertex 10.5136 14.8 8.75985
      vertex 9.88221 14.8 10.2843
      vertex 9.82647 14.8 10.2653
    endloop
  endfacet
  facet normal 0 -1 0
    outer loop
      vertex 10.2535 14.8 8.67156
      vertex 9.82647 14.8 10.2653
      vertex 9.76874 14.8 10.2538
    endloop
  endfacet
  facet normal 0 -1 0
    outer loop
      vertex 10.1447 14.8 10.5835
      vertex 11.7384 14.8 10.1565
      vertex 11.792 14.8 10.4259
    endloop
  endfacet
  facet normal 0 -1 0
    outer loop
      vertex 9.9841 14.8 8.61797
      vertex 9.76874 14.8 10.2538
      vertex 9.71 14.8 10.25
    endloop
  endfacet
  facet normal 0 -1 -0
    outer loop
      vertex 9.43606 14.8 10.343
      vertex 8.4316 14.8 9.03396
      vertex 9.485 14.8 10.3103
    endloop
  endfacet
  facet normal 0 -1 0
    outer loop
      vertex 8.66 14.8 8.88135
      vertex 9.485 14.8 10.3103
      vertex 8.4316 14.8 9.03396
    endloop
  endfacet
  facet normal 0 -1 0
    outer loop
      vertex 10.1257 14.8 10.5278
      vertex 11.6501 14.8 9.89636
      vertex 11.7384 14.8 10.1565
    endloop
  endfacet
  facet normal 0 -1 -0
    outer loop
      vertex 9.485 14.8 10.3103
      vertex 8.66 14.8 8.88135
      vertex 9.53779 14.8 10.2843
    endloop
  endfacet
  facet normal 0 -1 0
    outer loop
      vertex 10.0997 14.8 10.475
      vertex 11.5287 14.8 9.65
      vertex 11.6501 14.8 9.89636
    endloop
  endfacet
  facet normal 0 -1 0
    outer loop
      vertex 8.90636 14.8 8.75985
      vertex 9.53779 14.8 10.2843
      vertex 8.66 14.8 8.88135
    endloop
  endfacet
  facet normal 0 -1 0
    outer loop
      vertex 10.067 14.8 10.4261
      vertex 11.376 14.8 9.4216
      vertex 11.5287 14.8 9.65
    endloop
  endfacet
  facet normal 0 -1 -0
    outer loop
      vertex 9.53779 14.8 10.2843
      vertex 8.90636 14.8 8.75985
      vertex 9.59353 14.8 10.2653
    endloop
  endfacet
  facet normal 0 -1 0
    outer loop
      vertex 10.0282 14.8 10.3818
      vertex 11.1949 14.8 9.21508
      vertex 11.376 14.8 9.4216
    endloop
  endfacet
  facet normal 0 -1 0
    outer loop
      vertex 9.16648 14.8 8.67156
      vertex 9.59353 14.8 10.2653
      vertex 8.90636 14.8 8.75985
    endloop
  endfacet
  facet normal 0 -1 0
    outer loop
      vertex 9.98394 14.8 10.343
      vertex 10.9884 14.8 9.03396
      vertex 11.1949 14.8 9.21508
    endloop
  endfacet
  facet normal 0 -1 -0
    outer loop
      vertex 9.59353 14.8 10.2653
      vertex 9.16648 14.8 8.67156
      vertex 9.65126 14.8 10.2538
    endloop
  endfacet
  facet normal 0 -1 0
    outer loop
      vertex 9.935 14.8 10.3103
      vertex 10.76 14.8 8.88135
      vertex 10.9884 14.8 9.03396
    endloop
  endfacet
  facet normal 0 -1 0
    outer loop
      vertex 9.43589 14.8 8.61797
      vertex 9.65126 14.8 10.2538
      vertex 9.16648 14.8 8.67156
    endloop
  endfacet
  facet normal 0 -1 0
    outer loop
      vertex 9.88221 14.8 10.2843
      vertex 10.5136 14.8 8.75985
      vertex 10.76 14.8 8.88135
    endloop
  endfacet
  facet normal 0 -1 -0
    outer loop
      vertex 9.65126 14.8 10.2538
      vertex 9.43589 14.8 8.61797
      vertex 9.71 14.8 10.25
    endloop
  endfacet
  facet normal 0 -1 0
    outer loop
      vertex 9.82647 14.8 10.2653
      vertex 10.2535 14.8 8.67156
      vertex 10.5136 14.8 8.75985
    endloop
  endfacet
  facet normal 0 -1 0
    outer loop
      vertex 9.71 14.8 8.6
      vertex 9.71 14.8 10.25
      vertex 9.43589 14.8 8.61797
    endloop
  endfacet
  facet normal 0 -1 0
    outer loop
      vertex 9.76874 14.8 10.2538
      vertex 9.9841 14.8 8.61797
      vertex 10.2535 14.8 8.67156
    endloop
  endfacet
  facet normal 0 -1 0
    outer loop
      vertex 9.71 14.8 10.25
      vertex 9.71 14.8 8.6
      vertex 9.9841 14.8 8.61797
    endloop
  endfacet
  facet normal 0.980776 -0 0.195136
    outer loop
      vertex 11.7384 14.8 11.2435
      vertex 11.792 55.6 10.9741
      vertex 11.7384 55.6 11.2435
    endloop
  endfacet
  facet normal 0.980776 0 0.195136
    outer loop
      vertex 11.792 55.6 10.9741
      vertex 11.7384 14.8 11.2435
      vertex 11.792 14.8 10.9741
    endloop
  endfacet
  facet normal 0.997851 -0 0.0655283
    outer loop
      vertex 11.792 14.8 10.9741
      vertex 11.81 55.6 10.7
      vertex 11.792 55.6 10.9741
    endloop
  endfacet
  facet normal 0.997851 0 0.0655283
    outer loop
      vertex 11.81 55.6 10.7
      vertex 11.792 14.8 10.9741
      vertex 11.81 14.8 10.7
    endloop
  endfacet
  facet normal -0.946932 0 0.321433
    outer loop
      vertex 7.68156 14.8 11.2435
      vertex 7.76985 55.6 11.5036
      vertex 7.68156 55.6 11.2435
    endloop
  endfacet
  facet normal -0.946932 0 0.321433
    outer loop
      vertex 7.76985 55.6 11.5036
      vertex 7.68156 14.8 11.2435
      vertex 7.76985 14.8 11.5036
    endloop
  endfacet
  facet normal -0.555792 0 0.831322
    outer loop
      vertex 8.4316 55.6 12.366
      vertex 8.66 14.8 12.5187
      vertex 8.66 55.6 12.5187
    endloop
  endfacet
  facet normal -0.555792 0 0.831322
    outer loop
      vertex 8.66 14.8 12.5187
      vertex 8.4316 55.6 12.366
      vertex 8.4316 14.8 12.366
    endloop
  endfacet
  facet normal 0.980776 0 -0.195136
    outer loop
      vertex 11.792 14.8 10.4259
      vertex 11.7384 55.6 10.1565
      vertex 11.792 55.6 10.4259
    endloop
  endfacet
  facet normal 0.980776 0 -0.195136
    outer loop
      vertex 11.7384 55.6 10.1565
      vertex 11.792 14.8 10.4259
      vertex 11.7384 14.8 10.1565
    endloop
  endfacet
  facet normal 0.897005 0 -0.442021
    outer loop
      vertex 11.6501 14.8 9.89636
      vertex 11.5287 55.6 9.65
      vertex 11.6501 55.6 9.89636
    endloop
  endfacet
  facet normal 0.897005 0 -0.442021
    outer loop
      vertex 11.5287 55.6 9.65
      vertex 11.6501 14.8 9.89636
      vertex 11.5287 14.8 9.65
    endloop
  endfacet
  facet normal -0.195129 0 0.980778
    outer loop
      vertex 9.16648 55.6 12.7284
      vertex 9.43589 14.8 12.782
      vertex 9.43589 55.6 12.782
    endloop
  endfacet
  facet normal -0.195129 0 0.980778
    outer loop
      vertex 9.43589 14.8 12.782
      vertex 9.16648 55.6 12.7284
      vertex 9.16648 14.8 12.7284
    endloop
  endfacet
  facet normal -0.659319 0 0.751864
    outer loop
      vertex 8.22508 55.6 12.1849
      vertex 8.4316 14.8 12.366
      vertex 8.4316 55.6 12.366
    endloop
  endfacet
  facet normal -0.659319 0 0.751864
    outer loop
      vertex 8.4316 14.8 12.366
      vertex 8.22508 55.6 12.1849
      vertex 8.22508 14.8 12.1849
    endloop
  endfacet
  facet normal 0.555565 0 -0.831473
    outer loop
      vertex 10.76 14.8 8.88135
      vertex 10.9884 55.6 9.03396
      vertex 10.9884 14.8 9.03396
    endloop
  endfacet
  facet normal 0.555565 0 -0.831473
    outer loop
      vertex 10.9884 55.6 9.03396
      vertex 10.76 14.8 8.88135
      vertex 10.76 55.6 8.88135
    endloop
  endfacet
  facet normal -0.195094 0 -0.980785
    outer loop
      vertex 9.16648 14.8 8.67156
      vertex 9.43589 55.6 8.61797
      vertex 9.43589 14.8 8.61797
    endloop
  endfacet
  facet normal -0.195094 0 -0.980785
    outer loop
      vertex 9.43589 55.6 8.61797
      vertex 9.16648 14.8 8.67156
      vertex 9.16648 55.6 8.67156
    endloop
  endfacet
  facet normal 0.321433 0 -0.946932
    outer loop
      vertex 10.2535 14.8 8.67156
      vertex 10.5136 55.6 8.75985
      vertex 10.5136 14.8 8.75985
    endloop
  endfacet
  facet normal 0.321433 0 -0.946932
    outer loop
      vertex 10.5136 55.6 8.75985
      vertex 10.2535 14.8 8.67156
      vertex 10.2535 55.6 8.67156
    endloop
  endfacet
  facet normal 0.831322 0 -0.555792
    outer loop
      vertex 11.5287 14.8 9.65
      vertex 11.376 55.6 9.4216
      vertex 11.5287 55.6 9.65
    endloop
  endfacet
  facet normal 0.831322 0 -0.555792
    outer loop
      vertex 11.376 55.6 9.4216
      vertex 11.5287 14.8 9.65
      vertex 11.376 14.8 9.4216
    endloop
  endfacet
  facet normal -0.442021 0 0.897005
    outer loop
      vertex 8.66 55.6 12.5187
      vertex 8.90636 14.8 12.6401
      vertex 8.90636 55.6 12.6401
    endloop
  endfacet
  facet normal -0.442021 0 0.897005
    outer loop
      vertex 8.90636 14.8 12.6401
      vertex 8.66 55.6 12.5187
      vertex 8.66 14.8 12.5187
    endloop
  endfacet
  facet normal -0.65936 0 -0.751827
    outer loop
      vertex 8.22508 14.8 9.21508
      vertex 8.4316 55.6 9.03396
      vertex 8.4316 14.8 9.03396
    endloop
  endfacet
  facet normal -0.65936 0 -0.751827
    outer loop
      vertex 8.4316 55.6 9.03396
      vertex 8.22508 14.8 9.21508
      vertex 8.22508 55.6 9.21508
    endloop
  endfacet
  facet normal 0.321465 0 0.946921
    outer loop
      vertex 10.2535 55.6 12.7284
      vertex 10.5136 14.8 12.6401
      vertex 10.5136 55.6 12.6401
    endloop
  endfacet
  facet normal 0.321465 0 0.946921
    outer loop
      vertex 10.5136 14.8 12.6401
      vertex 10.2535 55.6 12.7284
      vertex 10.2535 14.8 12.7284
    endloop
  endfacet
  facet normal 0.946921 -0 0.321465
    outer loop
      vertex 11.6501 14.8 11.5036
      vertex 11.7384 55.6 11.2435
      vertex 11.6501 55.6 11.5036
    endloop
  endfacet
  facet normal 0.946921 0 0.321465
    outer loop
      vertex 11.7384 55.6 11.2435
      vertex 11.6501 14.8 11.5036
      vertex 11.7384 14.8 11.2435
    endloop
  endfacet
  facet normal 0.897033 -0 0.441964
    outer loop
      vertex 11.5287 14.8 11.75
      vertex 11.6501 55.6 11.5036
      vertex 11.5287 55.6 11.75
    endloop
  endfacet
  facet normal 0.897033 0 0.441964
    outer loop
      vertex 11.6501 55.6 11.5036
      vertex 11.5287 14.8 11.75
      vertex 11.6501 14.8 11.5036
    endloop
  endfacet
  facet normal 0.751864 0 -0.659319
    outer loop
      vertex 11.376 14.8 9.4216
      vertex 11.1949 55.6 9.21508
      vertex 11.376 55.6 9.4216
    endloop
  endfacet
  facet normal 0.751864 0 -0.659319
    outer loop
      vertex 11.1949 55.6 9.21508
      vertex 11.376 14.8 9.4216
      vertex 11.1949 14.8 9.21508
    endloop
  endfacet
  facet normal -0.321443 0 0.946929
    outer loop
      vertex 8.90636 55.6 12.6401
      vertex 9.16648 14.8 12.7284
      vertex 9.16648 55.6 12.7284
    endloop
  endfacet
  facet normal -0.321443 0 0.946929
    outer loop
      vertex 9.16648 14.8 12.7284
      vertex 8.90636 55.6 12.6401
      vertex 8.90636 14.8 12.6401
    endloop
  endfacet
  facet normal -0.99786 0 -0.0653833
    outer loop
      vertex 7.62796 14.8 10.4259
      vertex 7.61 55.6 10.7
      vertex 7.62796 55.6 10.4259
    endloop
  endfacet
  facet normal -0.99786 -0 -0.0653833
    outer loop
      vertex 7.61 55.6 10.7
      vertex 7.62796 14.8 10.4259
      vertex 7.61 14.8 10.7
    endloop
  endfacet
  facet normal 0.441964 0 0.897033
    outer loop
      vertex 10.5136 55.6 12.6401
      vertex 10.76 14.8 12.5187
      vertex 10.76 55.6 12.5187
    endloop
  endfacet
  facet normal 0.441964 0 0.897033
    outer loop
      vertex 10.76 14.8 12.5187
      vertex 10.5136 55.6 12.6401
      vertex 10.5136 14.8 12.6401
    endloop
  endfacet
  facet normal 0.751832 -0 0.659355
    outer loop
      vertex 11.1949 14.8 12.1849
      vertex 11.376 55.6 11.9784
      vertex 11.1949 55.6 12.1849
    endloop
  endfacet
  facet normal 0.751832 0 0.659355
    outer loop
      vertex 11.376 55.6 11.9784
      vertex 11.1949 14.8 12.1849
      vertex 11.376 14.8 11.9784
    endloop
  endfacet
  facet normal 0.997851 0 -0.0655283
    outer loop
      vertex 11.81 14.8 10.7
      vertex 11.792 55.6 10.4259
      vertex 11.81 55.6 10.7
    endloop
  endfacet
  facet normal 0.997851 0 -0.0655283
    outer loop
      vertex 11.792 55.6 10.4259
      vertex 11.81 14.8 10.7
      vertex 11.792 14.8 10.4259
    endloop
  endfacet
  facet normal -0.751827 0 -0.65936
    outer loop
      vertex 8.22508 14.8 9.21508
      vertex 8.04396 55.6 9.4216
      vertex 8.22508 55.6 9.21508
    endloop
  endfacet
  facet normal -0.751827 -0 -0.65936
    outer loop
      vertex 8.04396 55.6 9.4216
      vertex 8.22508 14.8 9.21508
      vertex 8.04396 14.8 9.4216
    endloop
  endfacet
  facet normal 0.659355 0 0.751832
    outer loop
      vertex 10.9884 55.6 12.366
      vertex 11.1949 14.8 12.1849
      vertex 11.1949 55.6 12.1849
    endloop
  endfacet
  facet normal 0.659355 0 0.751832
    outer loop
      vertex 11.1949 14.8 12.1849
      vertex 10.9884 55.6 12.366
      vertex 10.9884 14.8 12.366
    endloop
  endfacet
  facet normal 0.831322 -0 0.555792
    outer loop
      vertex 11.376 14.8 11.9784
      vertex 11.5287 55.6 11.75
      vertex 11.376 55.6 11.9784
    endloop
  endfacet
  facet normal 0.831322 0 0.555792
    outer loop
      vertex 11.5287 55.6 11.75
      vertex 11.376 14.8 11.9784
      vertex 11.5287 14.8 11.75
    endloop
  endfacet
  facet normal 0.555792 0 0.831322
    outer loop
      vertex 10.76 55.6 12.5187
      vertex 10.9884 14.8 12.366
      vertex 10.9884 55.6 12.366
    endloop
  endfacet
  facet normal 0.555792 0 0.831322
    outer loop
      vertex 10.9884 14.8 12.366
      vertex 10.76 55.6 12.5187
      vertex 10.76 14.8 12.5187
    endloop
  endfacet
  facet normal -0.99786 0 0.0653833
    outer loop
      vertex 7.61 14.8 10.7
      vertex 7.62796 55.6 10.9741
      vertex 7.61 55.6 10.7
    endloop
  endfacet
  facet normal -0.99786 0 0.0653833
    outer loop
      vertex 7.62796 55.6 10.9741
      vertex 7.61 14.8 10.7
      vertex 7.62796 14.8 10.9741
    endloop
  endfacet
  facet normal 0.195101 0 -0.980783
    outer loop
      vertex 9.9841 14.8 8.61797
      vertex 10.2535 55.6 8.67156
      vertex 10.2535 14.8 8.67156
    endloop
  endfacet
  facet normal 0.195101 0 -0.980783
    outer loop
      vertex 10.2535 55.6 8.67156
      vertex 9.9841 14.8 8.61797
      vertex 9.9841 55.6 8.61797
    endloop
  endfacet
  facet normal -0.89686 0 -0.442314
    outer loop
      vertex 7.89135 14.8 9.65
      vertex 7.76985 55.6 9.89636
      vertex 7.89135 55.6 9.65
    endloop
  endfacet
  facet normal -0.89686 -0 -0.442314
    outer loop
      vertex 7.76985 55.6 9.89636
      vertex 7.89135 14.8 9.65
      vertex 7.76985 14.8 9.89636
    endloop
  endfacet
  facet normal 0.195136 0 0.980776
    outer loop
      vertex 9.9841 55.6 12.782
      vertex 10.2535 14.8 12.7284
      vertex 10.2535 55.6 12.7284
    endloop
  endfacet
  facet normal 0.195136 0 0.980776
    outer loop
      vertex 10.2535 14.8 12.7284
      vertex 9.9841 55.6 12.782
      vertex 9.9841 14.8 12.782
    endloop
  endfacet
  facet normal 0.946936 0 -0.321421
    outer loop
      vertex 11.7384 14.8 10.1565
      vertex 11.6501 55.6 9.89636
      vertex 11.7384 55.6 10.1565
    endloop
  endfacet
  facet normal 0.946936 0 -0.321421
    outer loop
      vertex 11.6501 55.6 9.89636
      vertex 11.7384 14.8 10.1565
      vertex 11.6501 14.8 9.89636
    endloop
  endfacet
  facet normal 0.0655283 0 0.997851
    outer loop
      vertex 9.71 55.6 12.8
      vertex 9.9841 14.8 12.782
      vertex 9.9841 55.6 12.782
    endloop
  endfacet
  facet normal 0.0655283 0 0.997851
    outer loop
      vertex 9.9841 14.8 12.782
      vertex 9.71 55.6 12.8
      vertex 9.71 14.8 12.8
    endloop
  endfacet
  facet normal -0.0655259 0 0.997851
    outer loop
      vertex 9.43589 55.6 12.782
      vertex 9.71 14.8 12.8
      vertex 9.71 55.6 12.8
    endloop
  endfacet
  facet normal -0.0655259 0 0.997851
    outer loop
      vertex 9.71 14.8 12.8
      vertex 9.43589 55.6 12.782
      vertex 9.43589 14.8 12.782
    endloop
  endfacet
  facet normal 0.659396 0 -0.751796
    outer loop
      vertex 10.9884 14.8 9.03396
      vertex 11.1949 55.6 9.21508
      vertex 11.1949 14.8 9.21508
    endloop
  endfacet
  facet normal 0.659396 0 -0.751796
    outer loop
      vertex 11.1949 55.6 9.21508
      vertex 10.9884 14.8 9.03396
      vertex 10.9884 55.6 9.03396
    endloop
  endfacet
  facet normal 0.442256 0 -0.896889
    outer loop
      vertex 10.5136 14.8 8.75985
      vertex 10.76 55.6 8.88135
      vertex 10.76 14.8 8.88135
    endloop
  endfacet
  facet normal 0.442256 0 -0.896889
    outer loop
      vertex 10.76 55.6 8.88135
      vertex 10.5136 14.8 8.75985
      vertex 10.5136 55.6 8.75985
    endloop
  endfacet
  facet normal -0.0654172 0 -0.997858
    outer loop
      vertex 9.43589 14.8 8.61797
      vertex 9.71 55.6 8.6
      vertex 9.71 14.8 8.6
    endloop
  endfacet
  facet normal -0.0654172 0 -0.997858
    outer loop
      vertex 9.71 55.6 8.6
      vertex 9.43589 14.8 8.61797
      vertex 9.43589 55.6 8.61797
    endloop
  endfacet
  facet normal -0.896889 0 0.442256
    outer loop
      vertex 7.76985 14.8 11.5036
      vertex 7.89135 55.6 11.75
      vertex 7.76985 55.6 11.5036
    endloop
  endfacet
  facet normal -0.896889 0 0.442256
    outer loop
      vertex 7.89135 55.6 11.75
      vertex 7.76985 14.8 11.5036
      vertex 7.89135 14.8 11.75
    endloop
  endfacet
  facet normal -0.946947 0 -0.321388
    outer loop
      vertex 7.76985 14.8 9.89636
      vertex 7.68156 55.6 10.1565
      vertex 7.76985 55.6 9.89636
    endloop
  endfacet
  facet normal -0.946947 -0 -0.321388
    outer loop
      vertex 7.68156 55.6 10.1565
      vertex 7.76985 14.8 9.89636
      vertex 7.68156 14.8 10.1565
    endloop
  endfacet
  facet normal -0.980776 0 0.195136
    outer loop
      vertex 7.62796 14.8 10.9741
      vertex 7.68156 55.6 11.2435
      vertex 7.62796 55.6 10.9741
    endloop
  endfacet
  facet normal -0.980776 0 0.195136
    outer loop
      vertex 7.68156 55.6 11.2435
      vertex 7.62796 14.8 10.9741
      vertex 7.68156 14.8 11.2435
    endloop
  endfacet
  facet normal -0.980776 0 -0.195136
    outer loop
      vertex 7.68156 14.8 10.1565
      vertex 7.62796 55.6 10.4259
      vertex 7.68156 55.6 10.1565
    endloop
  endfacet
  facet normal -0.980776 -0 -0.195136
    outer loop
      vertex 7.62796 55.6 10.4259
      vertex 7.68156 14.8 10.1565
      vertex 7.62796 14.8 10.4259
    endloop
  endfacet
  facet normal -0.321411 0 -0.94694
    outer loop
      vertex 8.90636 14.8 8.75985
      vertex 9.16648 55.6 8.67156
      vertex 9.16648 14.8 8.67156
    endloop
  endfacet
  facet normal -0.321411 0 -0.94694
    outer loop
      vertex 9.16648 55.6 8.67156
      vertex 8.90636 14.8 8.75985
      vertex 8.90636 55.6 8.75985
    endloop
  endfacet
  facet normal -0.442314 0 -0.89686
    outer loop
      vertex 8.66 14.8 8.88135
      vertex 8.90636 55.6 8.75985
      vertex 8.90636 14.8 8.75985
    endloop
  endfacet
  facet normal -0.442314 0 -0.89686
    outer loop
      vertex 8.90636 55.6 8.75985
      vertex 8.66 14.8 8.88135
      vertex 8.66 55.6 8.88135
    endloop
  endfacet
  facet normal -0.831473 0 -0.555565
    outer loop
      vertex 8.04396 14.8 9.4216
      vertex 7.89135 55.6 9.65
      vertex 8.04396 55.6 9.4216
    endloop
  endfacet
  facet normal -0.831473 -0 -0.555565
    outer loop
      vertex 7.89135 55.6 9.65
      vertex 8.04396 14.8 9.4216
      vertex 7.89135 14.8 9.65
    endloop
  endfacet
  facet normal -0.555565 0 -0.831473
    outer loop
      vertex 8.4316 14.8 9.03396
      vertex 8.66 55.6 8.88135
      vertex 8.66 14.8 8.88135
    endloop
  endfacet
  facet normal -0.555565 0 -0.831473
    outer loop
      vertex 8.66 55.6 8.88135
      vertex 8.4316 14.8 9.03396
      vertex 8.4316 55.6 9.03396
    endloop
  endfacet
  facet normal -0.831473 0 0.555565
    outer loop
      vertex 7.89135 14.8 11.75
      vertex 8.04396 55.6 11.9784
      vertex 7.89135 55.6 11.75
    endloop
  endfacet
  facet normal -0.831473 0 0.555565
    outer loop
      vertex 8.04396 55.6 11.9784
      vertex 7.89135 14.8 11.75
      vertex 8.04396 14.8 11.9784
    endloop
  endfacet
  facet normal -0.751796 0 0.659396
    outer loop
      vertex 8.04396 14.8 11.9784
      vertex 8.22508 55.6 12.1849
      vertex 8.04396 55.6 11.9784
    endloop
  endfacet
  facet normal -0.751796 0 0.659396
    outer loop
      vertex 8.22508 55.6 12.1849
      vertex 8.04396 14.8 11.9784
      vertex 8.22508 14.8 12.1849
    endloop
  endfacet
  facet normal -0.322639 0 -0.946522
    outer loop
      vertex 9.53779 12.3 10.2843
      vertex 9.59353 14.8 10.2653
      vertex 9.59353 12.3 10.2653
    endloop
  endfacet
  facet normal -0.322639 0 -0.946522
    outer loop
      vertex 9.59353 14.8 10.2653
      vertex 9.53779 12.3 10.2843
      vertex 9.53779 14.8 10.2843
    endloop
  endfacet
  facet normal 0.981099 -0 0.193504
    outer loop
      vertex 10.1447 12.3 10.8165
      vertex 10.1561 14.8 10.7587
      vertex 10.1447 14.8 10.8165
    endloop
  endfacet
  facet normal 0.981099 0 0.193504
    outer loop
      vertex 10.1561 14.8 10.7587
      vertex 10.1447 12.3 10.8165
      vertex 10.1561 12.3 10.7587
    endloop
  endfacet
  facet normal 0.9978 -0 0.0662934
    outer loop
      vertex 10.1561 12.3 10.7587
      vertex 10.16 14.8 10.7
      vertex 10.1561 14.8 10.7587
    endloop
  endfacet
  facet normal 0.9978 0 0.0662934
    outer loop
      vertex 10.16 14.8 10.7
      vertex 10.1561 12.3 10.7587
      vertex 10.16 12.3 10.7
    endloop
  endfacet
  facet normal 0.441836 0 0.897096
    outer loop
      vertex 9.88221 14.8 11.1157
      vertex 9.935 12.3 11.0897
      vertex 9.935 14.8 11.0897
    endloop
  endfacet
  facet normal 0.441836 0 0.897096
    outer loop
      vertex 9.935 12.3 11.0897
      vertex 9.88221 14.8 11.1157
      vertex 9.88221 12.3 11.1157
    endloop
  endfacet
  facet normal 0.831265 0 -0.555877
    outer loop
      vertex 10.0997 12.3 10.475
      vertex 10.067 14.8 10.4261
      vertex 10.0997 14.8 10.475
    endloop
  endfacet
  facet normal 0.831265 0 -0.555877
    outer loop
      vertex 10.067 14.8 10.4261
      vertex 10.0997 12.3 10.475
      vertex 10.067 12.3 10.4261
    endloop
  endfacet
  facet normal -0.659202 0 -0.751966
    outer loop
      vertex 9.3918 12.3 10.3818
      vertex 9.43606 14.8 10.343
      vertex 9.43606 12.3 10.343
    endloop
  endfacet
  facet normal -0.659202 0 -0.751966
    outer loop
      vertex 9.43606 14.8 10.343
      vertex 9.3918 12.3 10.3818
      vertex 9.3918 14.8 10.3818
    endloop
  endfacet
  facet normal 0.322639 0 -0.946522
    outer loop
      vertex 9.82647 12.3 10.2653
      vertex 9.88221 14.8 10.2843
      vertex 9.88221 12.3 10.2843
    endloop
  endfacet
  facet normal 0.322639 0 -0.946522
    outer loop
      vertex 9.88221 14.8 10.2843
      vertex 9.82647 12.3 10.2653
      vertex 9.82647 14.8 10.2653
    endloop
  endfacet
  facet normal 0.322639 0 0.946522
    outer loop
      vertex 9.82647 14.8 11.1347
      vertex 9.88221 12.3 11.1157
      vertex 9.88221 14.8 11.1157
    endloop
  endfacet
  facet normal 0.322639 0 0.946522
    outer loop
      vertex 9.88221 12.3 11.1157
      vertex 9.82647 14.8 11.1347
      vertex 9.82647 12.3 11.1347
    endloop
  endfacet
  facet normal 0.752261 0 -0.658865
    outer loop
      vertex 10.067 12.3 10.4261
      vertex 10.0282 14.8 10.3818
      vertex 10.067 14.8 10.4261
    endloop
  endfacet
  facet normal 0.752261 0 -0.658865
    outer loop
      vertex 10.0282 14.8 10.3818
      vertex 10.067 12.3 10.4261
      vertex 10.0282 12.3 10.3818
    endloop
  endfacet
  facet normal 0.946451 0 -0.322847
    outer loop
      vertex 10.1447 12.3 10.5835
      vertex 10.1257 14.8 10.5278
      vertex 10.1447 14.8 10.5835
    endloop
  endfacet
  facet normal 0.946451 0 -0.322847
    outer loop
      vertex 10.1257 14.8 10.5278
      vertex 10.1447 12.3 10.5835
      vertex 10.1257 12.3 10.5278
    endloop
  endfacet
  facet normal 0.946451 -0 0.322847
    outer loop
      vertex 10.1257 12.3 10.8722
      vertex 10.1447 14.8 10.8165
      vertex 10.1257 14.8 10.8722
    endloop
  endfacet
  facet normal 0.946451 0 0.322847
    outer loop
      vertex 10.1447 14.8 10.8165
      vertex 10.1257 12.3 10.8722
      vertex 10.1447 12.3 10.8165
    endloop
  endfacet
  facet normal -0.659202 0 0.751966
    outer loop
      vertex 9.3918 14.8 11.0182
      vertex 9.43606 12.3 11.057
      vertex 9.43606 14.8 11.057
    endloop
  endfacet
  facet normal -0.659202 0 0.751966
    outer loop
      vertex 9.43606 12.3 11.057
      vertex 9.3918 14.8 11.0182
      vertex 9.3918 12.3 11.0182
    endloop
  endfacet
  facet normal 0 -1 0
    outer loop
      vertex 9.65126 12.3 11.1461
      vertex 9.76874 12.3 11.1461
      vertex 9.71 12.3 11.15
    endloop
  endfacet
  facet normal 0 -1 0
    outer loop
      vertex 9.59353 12.3 11.1347
      vertex 9.76874 12.3 11.1461
      vertex 9.65126 12.3 11.1461
    endloop
  endfacet
  facet normal 0 -1 0
    outer loop
      vertex 9.59353 12.3 11.1347
      vertex 9.82647 12.3 11.1347
      vertex 9.76874 12.3 11.1461
    endloop
  endfacet
  facet normal 0 -1 0
    outer loop
      vertex 9.53779 12.3 11.1157
      vertex 9.82647 12.3 11.1347
      vertex 9.59353 12.3 11.1347
    endloop
  endfacet
  facet normal 0 -1 0
    outer loop
      vertex 9.53779 12.3 11.1157
      vertex 9.88221 12.3 11.1157
      vertex 9.82647 12.3 11.1347
    endloop
  endfacet
  facet normal 0 -1 0
    outer loop
      vertex 9.485 12.3 11.0897
      vertex 9.88221 12.3 11.1157
      vertex 9.53779 12.3 11.1157
    endloop
  endfacet
  facet normal 0 -1 0
    outer loop
      vertex 9.485 12.3 11.0897
      vertex 9.935 12.3 11.0897
      vertex 9.88221 12.3 11.1157
    endloop
  endfacet
  facet normal 0 -1 0
    outer loop
      vertex 9.43606 12.3 11.057
      vertex 9.935 12.3 11.0897
      vertex 9.485 12.3 11.0897
    endloop
  endfacet
  facet normal 0 -1 0
    outer loop
      vertex 9.43606 12.3 11.057
      vertex 9.98394 12.3 11.057
      vertex 9.935 12.3 11.0897
    endloop
  endfacet
  facet normal 0 -1 0
    outer loop
      vertex 9.3918 12.3 11.0182
      vertex 9.98394 12.3 11.057
      vertex 9.43606 12.3 11.057
    endloop
  endfacet
  facet normal 0 -1 0
    outer loop
      vertex 9.3918 12.3 11.0182
      vertex 10.0282 12.3 11.0182
      vertex 9.98394 12.3 11.057
    endloop
  endfacet
  facet normal 0 -1 0
    outer loop
      vertex 9.35299 12.3 10.9739
      vertex 10.0282 12.3 11.0182
      vertex 9.3918 12.3 11.0182
    endloop
  endfacet
  facet normal 0 -1 0
    outer loop
      vertex 9.35299 12.3 10.9739
      vertex 10.067 12.3 10.9739
      vertex 10.0282 12.3 11.0182
    endloop
  endfacet
  facet normal 0 -1 0
    outer loop
      vertex 9.32029 12.3 10.925
      vertex 10.067 12.3 10.9739
      vertex 9.35299 12.3 10.9739
    endloop
  endfacet
  facet normal 0 -1 0
    outer loop
      vertex 9.32029 12.3 10.925
      vertex 10.0997 12.3 10.925
      vertex 10.067 12.3 10.9739
    endloop
  endfacet
  facet normal 0 -1 0
    outer loop
      vertex 9.29425 12.3 10.8722
      vertex 10.0997 12.3 10.925
      vertex 9.32029 12.3 10.925
    endloop
  endfacet
  facet normal 0 -1 0
    outer loop
      vertex 9.29425 12.3 10.8722
      vertex 10.1257 12.3 10.8722
      vertex 10.0997 12.3 10.925
    endloop
  endfacet
  facet normal 0 -1 0
    outer loop
      vertex 9.27533 12.3 10.8165
      vertex 10.1257 12.3 10.8722
      vertex 9.29425 12.3 10.8722
    endloop
  endfacet
  facet normal 0 -1 0
    outer loop
      vertex 9.27533 12.3 10.8165
      vertex 10.1447 12.3 10.8165
      vertex 10.1257 12.3 10.8722
    endloop
  endfacet
  facet normal 0 -1 0
    outer loop
      vertex 9.26385 12.3 10.7587
      vertex 10.1447 12.3 10.8165
      vertex 9.27533 12.3 10.8165
    endloop
  endfacet
  facet normal 0 -1 0
    outer loop
      vertex 9.26385 12.3 10.7587
      vertex 10.1561 12.3 10.7587
      vertex 10.1447 12.3 10.8165
    endloop
  endfacet
  facet normal 0 -1 0
    outer loop
      vertex 9.26 12.3 10.7
      vertex 10.1561 12.3 10.7587
      vertex 9.26385 12.3 10.7587
    endloop
  endfacet
  facet normal 0 -1 0
    outer loop
      vertex 9.26 12.3 10.7
      vertex 10.16 12.3 10.7
      vertex 10.1561 12.3 10.7587
    endloop
  endfacet
  facet normal 0 -1 0
    outer loop
      vertex 9.26385 12.3 10.6413
      vertex 10.16 12.3 10.7
      vertex 9.26 12.3 10.7
    endloop
  endfacet
  facet normal 0 -1 0
    outer loop
      vertex 9.26385 12.3 10.6413
      vertex 10.1561 12.3 10.6413
      vertex 10.16 12.3 10.7
    endloop
  endfacet
  facet normal 0 -1 0
    outer loop
      vertex 9.27533 12.3 10.5835
      vertex 10.1561 12.3 10.6413
      vertex 9.26385 12.3 10.6413
    endloop
  endfacet
  facet normal 0 -1 0
    outer loop
      vertex 9.27533 12.3 10.5835
      vertex 10.1447 12.3 10.5835
      vertex 10.1561 12.3 10.6413
    endloop
  endfacet
  facet normal 0 -1 0
    outer loop
      vertex 9.29425 12.3 10.5278
      vertex 10.1447 12.3 10.5835
      vertex 9.27533 12.3 10.5835
    endloop
  endfacet
  facet normal 0 -1 0
    outer loop
      vertex 9.29425 12.3 10.5278
      vertex 10.1257 12.3 10.5278
      vertex 10.1447 12.3 10.5835
    endloop
  endfacet
  facet normal 0 -1 0
    outer loop
      vertex 9.32029 12.3 10.475
      vertex 10.1257 12.3 10.5278
      vertex 9.29425 12.3 10.5278
    endloop
  endfacet
  facet normal 0 -1 0
    outer loop
      vertex 9.32029 12.3 10.475
      vertex 10.0997 12.3 10.475
      vertex 10.1257 12.3 10.5278
    endloop
  endfacet
  facet normal 0 -1 0
    outer loop
      vertex 9.35299 12.3 10.4261
      vertex 10.0997 12.3 10.475
      vertex 9.32029 12.3 10.475
    endloop
  endfacet
  facet normal 0 -1 0
    outer loop
      vertex 9.35299 12.3 10.4261
      vertex 10.067 12.3 10.4261
      vertex 10.0997 12.3 10.475
    endloop
  endfacet
  facet normal 0 -1 0
    outer loop
      vertex 9.3918 12.3 10.3818
      vertex 10.067 12.3 10.4261
      vertex 9.35299 12.3 10.4261
    endloop
  endfacet
  facet normal 0 -1 0
    outer loop
      vertex 9.3918 12.3 10.3818
      vertex 10.0282 12.3 10.3818
      vertex 10.067 12.3 10.4261
    endloop
  endfacet
  facet normal 0 -1 0
    outer loop
      vertex 9.43606 12.3 10.343
      vertex 10.0282 12.3 10.3818
      vertex 9.3918 12.3 10.3818
    endloop
  endfacet
  facet normal 0 -1 0
    outer loop
      vertex 9.43606 12.3 10.343
      vertex 9.98394 12.3 10.343
      vertex 10.0282 12.3 10.3818
    endloop
  endfacet
  facet normal 0 -1 0
    outer loop
      vertex 9.485 12.3 10.3103
      vertex 9.98394 12.3 10.343
      vertex 9.43606 12.3 10.343
    endloop
  endfacet
  facet normal 0 -1 0
    outer loop
      vertex 9.485 12.3 10.3103
      vertex 9.935 12.3 10.3103
      vertex 9.98394 12.3 10.343
    endloop
  endfacet
  facet normal 0 -1 0
    outer loop
      vertex 9.53779 12.3 10.2843
      vertex 9.935 12.3 10.3103
      vertex 9.485 12.3 10.3103
    endloop
  endfacet
  facet normal 0 -1 0
    outer loop
      vertex 9.53779 12.3 10.2843
      vertex 9.88221 12.3 10.2843
      vertex 9.935 12.3 10.3103
    endloop
  endfacet
  facet normal 0 -1 0
    outer loop
      vertex 9.59353 12.3 10.2653
      vertex 9.88221 12.3 10.2843
      vertex 9.53779 12.3 10.2843
    endloop
  endfacet
  facet normal 0 -1 0
    outer loop
      vertex 9.59353 12.3 10.2653
      vertex 9.82647 12.3 10.2653
      vertex 9.88221 12.3 10.2843
    endloop
  endfacet
  facet normal 0 -1 0
    outer loop
      vertex 9.65126 12.3 10.2538
      vertex 9.82647 12.3 10.2653
      vertex 9.59353 12.3 10.2653
    endloop
  endfacet
  facet normal 0 -1 0
    outer loop
      vertex 9.65126 12.3 10.2538
      vertex 9.76874 12.3 10.2538
      vertex 9.82647 12.3 10.2653
    endloop
  endfacet
  facet normal -0 -1 0
    outer loop
      vertex 9.76874 12.3 10.2538
      vertex 9.65126 12.3 10.2538
      vertex 9.71 12.3 10.25
    endloop
  endfacet
  facet normal -0.555562 0 -0.831475
    outer loop
      vertex 9.43606 12.3 10.343
      vertex 9.485 14.8 10.3103
      vertex 9.485 12.3 10.3103
    endloop
  endfacet
  facet normal -0.555562 0 -0.831475
    outer loop
      vertex 9.485 14.8 10.3103
      vertex 9.43606 12.3 10.343
      vertex 9.43606 14.8 10.343
    endloop
  endfacet
  facet normal -0.322639 0 0.946522
    outer loop
      vertex 9.53779 14.8 11.1157
      vertex 9.59353 12.3 11.1347
      vertex 9.59353 14.8 11.1347
    endloop
  endfacet
  facet normal -0.322639 0 0.946522
    outer loop
      vertex 9.59353 12.3 11.1347
      vertex 9.53779 14.8 11.1157
      vertex 9.53779 12.3 11.1157
    endloop
  endfacet
  facet normal 0.897129 -0 0.441768
    outer loop
      vertex 10.0997 12.3 10.925
      vertex 10.1257 14.8 10.8722
      vertex 10.0997 14.8 10.925
    endloop
  endfacet
  facet normal 0.897129 0 0.441768
    outer loop
      vertex 10.1257 14.8 10.8722
      vertex 10.0997 12.3 10.925
      vertex 10.1257 12.3 10.8722
    endloop
  endfacet
  facet normal -0.0645569 0 -0.997914
    outer loop
      vertex 9.65126 12.3 10.2538
      vertex 9.71 14.8 10.25
      vertex 9.71 12.3 10.25
    endloop
  endfacet
  facet normal -0.0645569 0 -0.997914
    outer loop
      vertex 9.71 14.8 10.25
      vertex 9.65126 12.3 10.2538
      vertex 9.65126 14.8 10.2538
    endloop
  endfacet
  facet normal -0.441836 0 0.897096
    outer loop
      vertex 9.485 14.8 11.0897
      vertex 9.53779 12.3 11.1157
      vertex 9.53779 14.8 11.1157
    endloop
  endfacet
  facet normal -0.441836 0 0.897096
    outer loop
      vertex 9.53779 12.3 11.1157
      vertex 9.485 14.8 11.0897
      vertex 9.485 12.3 11.0897
    endloop
  endfacet
  facet normal 0.555562 0 -0.831475
    outer loop
      vertex 9.935 12.3 10.3103
      vertex 9.98394 14.8 10.343
      vertex 9.98394 12.3 10.343
    endloop
  endfacet
  facet normal 0.555562 0 -0.831475
    outer loop
      vertex 9.98394 14.8 10.343
      vertex 9.935 12.3 10.3103
      vertex 9.935 14.8 10.3103
    endloop
  endfacet
  facet normal -0.195365 0 -0.980731
    outer loop
      vertex 9.59353 12.3 10.2653
      vertex 9.65126 14.8 10.2538
      vertex 9.65126 12.3 10.2538
    endloop
  endfacet
  facet normal -0.195365 0 -0.980731
    outer loop
      vertex 9.65126 14.8 10.2538
      vertex 9.59353 12.3 10.2653
      vertex 9.59353 14.8 10.2653
    endloop
  endfacet
  facet normal -0.441836 0 -0.897096
    outer loop
      vertex 9.485 12.3 10.3103
      vertex 9.53779 14.8 10.2843
      vertex 9.53779 12.3 10.2843
    endloop
  endfacet
  facet normal -0.441836 0 -0.897096
    outer loop
      vertex 9.53779 14.8 10.2843
      vertex 9.485 12.3 10.3103
      vertex 9.485 14.8 10.3103
    endloop
  endfacet
  facet normal 0.752261 -0 0.658865
    outer loop
      vertex 10.0282 12.3 11.0182
      vertex 10.067 14.8 10.9739
      vertex 10.0282 14.8 11.0182
    endloop
  endfacet
  facet normal 0.752261 0 0.658865
    outer loop
      vertex 10.067 14.8 10.9739
      vertex 10.0282 12.3 11.0182
      vertex 10.067 12.3 10.9739
    endloop
  endfacet
  facet normal 0.831265 -0 0.555877
    outer loop
      vertex 10.067 12.3 10.9739
      vertex 10.0997 14.8 10.925
      vertex 10.067 14.8 10.9739
    endloop
  endfacet
  facet normal 0.831265 0 0.555877
    outer loop
      vertex 10.0997 14.8 10.925
      vertex 10.067 12.3 10.9739
      vertex 10.0997 12.3 10.925
    endloop
  endfacet
  facet normal -0.997856 0 0.0654471
    outer loop
      vertex 9.26 12.3 10.7
      vertex 9.26385 14.8 10.7587
      vertex 9.26 14.8 10.7
    endloop
  endfacet
  facet normal -0.997856 0 0.0654471
    outer loop
      vertex 9.26385 14.8 10.7587
      vertex 9.26 12.3 10.7
      vertex 9.26385 12.3 10.7587
    endloop
  endfacet
  facet normal -0.555562 0 0.831475
    outer loop
      vertex 9.43606 14.8 11.057
      vertex 9.485 12.3 11.0897
      vertex 9.485 14.8 11.0897
    endloop
  endfacet
  facet normal -0.555562 0 0.831475
    outer loop
      vertex 9.485 12.3 11.0897
      vertex 9.43606 14.8 11.057
      vertex 9.43606 12.3 11.057
    endloop
  endfacet
  facet normal -0.0662484 0 0.997803
    outer loop
      vertex 9.65126 14.8 11.1461
      vertex 9.71 12.3 11.15
      vertex 9.71 14.8 11.15
    endloop
  endfacet
  facet normal -0.0662484 0 0.997803
    outer loop
      vertex 9.71 12.3 11.15
      vertex 9.65126 14.8 11.1461
      vertex 9.65126 12.3 11.1461
    endloop
  endfacet
  facet normal -0.980841 0 0.194811
    outer loop
      vertex 9.26385 12.3 10.7587
      vertex 9.27533 14.8 10.8165
      vertex 9.26385 14.8 10.7587
    endloop
  endfacet
  facet normal -0.980841 0 0.194811
    outer loop
      vertex 9.27533 14.8 10.8165
      vertex 9.26385 12.3 10.7587
      vertex 9.27533 12.3 10.8165
    endloop
  endfacet
  facet normal -0.946866 0 -0.321628
    outer loop
      vertex 9.29425 12.3 10.5278
      vertex 9.27533 14.8 10.5835
      vertex 9.29425 14.8 10.5278
    endloop
  endfacet
  facet normal -0.946866 -0 -0.321628
    outer loop
      vertex 9.27533 14.8 10.5835
      vertex 9.29425 12.3 10.5278
      vertex 9.27533 12.3 10.5835
    endloop
  endfacet
  facet normal 0.195365 0 -0.980731
    outer loop
      vertex 9.76874 12.3 10.2538
      vertex 9.82647 14.8 10.2653
      vertex 9.82647 12.3 10.2653
    endloop
  endfacet
  facet normal 0.195365 0 -0.980731
    outer loop
      vertex 9.82647 14.8 10.2653
      vertex 9.76874 12.3 10.2538
      vertex 9.76874 14.8 10.2538
    endloop
  endfacet
  facet normal -0.752177 0 -0.658961
    outer loop
      vertex 9.3918 12.3 10.3818
      vertex 9.35299 14.8 10.4261
      vertex 9.3918 14.8 10.3818
    endloop
  endfacet
  facet normal -0.752177 -0 -0.658961
    outer loop
      vertex 9.35299 14.8 10.4261
      vertex 9.3918 12.3 10.3818
      vertex 9.35299 12.3 10.4261
    endloop
  endfacet
  facet normal 0.897129 0 -0.441768
    outer loop
      vertex 10.1257 12.3 10.5278
      vertex 10.0997 14.8 10.475
      vertex 10.1257 14.8 10.5278
    endloop
  endfacet
  facet normal 0.897129 0 -0.441768
    outer loop
      vertex 10.0997 14.8 10.475
      vertex 10.1257 12.3 10.5278
      vertex 10.0997 12.3 10.475
    endloop
  endfacet
  facet normal 0.981099 0 -0.193504
    outer loop
      vertex 10.1561 12.3 10.6413
      vertex 10.1447 14.8 10.5835
      vertex 10.1561 14.8 10.6413
    endloop
  endfacet
  facet normal 0.981099 0 -0.193504
    outer loop
      vertex 10.1447 14.8 10.5835
      vertex 10.1561 12.3 10.6413
      vertex 10.1447 12.3 10.5835
    endloop
  endfacet
  facet normal -0.89686 0 0.442315
    outer loop
      vertex 9.29425 12.3 10.8722
      vertex 9.32029 14.8 10.925
      vertex 9.29425 14.8 10.8722
    endloop
  endfacet
  facet normal -0.89686 0 0.442315
    outer loop
      vertex 9.32029 14.8 10.925
      vertex 9.29425 12.3 10.8722
      vertex 9.32029 12.3 10.925
    endloop
  endfacet
  facet normal -0.19373 0 0.981055
    outer loop
      vertex 9.59353 14.8 11.1347
      vertex 9.65126 12.3 11.1461
      vertex 9.65126 14.8 11.1461
    endloop
  endfacet
  facet normal -0.19373 0 0.981055
    outer loop
      vertex 9.65126 12.3 11.1461
      vertex 9.59353 14.8 11.1347
      vertex 9.59353 12.3 11.1347
    endloop
  endfacet
  facet normal 0.9978 0 -0.0662934
    outer loop
      vertex 10.16 12.3 10.7
      vertex 10.1561 14.8 10.6413
      vertex 10.16 14.8 10.7
    endloop
  endfacet
  facet normal 0.9978 0 -0.0662934
    outer loop
      vertex 10.1561 14.8 10.6413
      vertex 10.16 12.3 10.7
      vertex 10.1561 12.3 10.6413
    endloop
  endfacet
  facet normal 0.441836 0 -0.897096
    outer loop
      vertex 9.88221 12.3 10.2843
      vertex 9.935 14.8 10.3103
      vertex 9.935 12.3 10.3103
    endloop
  endfacet
  facet normal 0.441836 0 -0.897096
    outer loop
      vertex 9.935 14.8 10.3103
      vertex 9.88221 12.3 10.2843
      vertex 9.88221 14.8 10.2843
    endloop
  endfacet
  facet normal -0.946866 0 0.321628
    outer loop
      vertex 9.27533 12.3 10.8165
      vertex 9.29425 14.8 10.8722
      vertex 9.27533 14.8 10.8165
    endloop
  endfacet
  facet normal -0.946866 0 0.321628
    outer loop
      vertex 9.29425 14.8 10.8722
      vertex 9.27533 12.3 10.8165
      vertex 9.29425 12.3 10.8722
    endloop
  endfacet
  facet normal 0.555562 0 0.831475
    outer loop
      vertex 9.935 14.8 11.0897
      vertex 9.98394 12.3 11.057
      vertex 9.98394 14.8 11.057
    endloop
  endfacet
  facet normal 0.555562 0 0.831475
    outer loop
      vertex 9.98394 12.3 11.057
      vertex 9.935 14.8 11.0897
      vertex 9.935 12.3 11.0897
    endloop
  endfacet
  facet normal 0.659202 0 0.751966
    outer loop
      vertex 9.98394 14.8 11.057
      vertex 10.0282 12.3 11.0182
      vertex 10.0282 14.8 11.0182
    endloop
  endfacet
  facet normal 0.659202 0 0.751966
    outer loop
      vertex 10.0282 12.3 11.0182
      vertex 9.98394 14.8 11.057
      vertex 9.98394 12.3 11.057
    endloop
  endfacet
  facet normal -0.831265 0 -0.555877
    outer loop
      vertex 9.35299 12.3 10.4261
      vertex 9.32029 14.8 10.475
      vertex 9.35299 14.8 10.4261
    endloop
  endfacet
  facet normal -0.831265 -0 -0.555877
    outer loop
      vertex 9.32029 14.8 10.475
      vertex 9.35299 12.3 10.4261
      vertex 9.32029 12.3 10.475
    endloop
  endfacet
  facet normal -0.980841 0 -0.194811
    outer loop
      vertex 9.27533 12.3 10.5835
      vertex 9.26385 14.8 10.6413
      vertex 9.27533 14.8 10.5835
    endloop
  endfacet
  facet normal -0.980841 -0 -0.194811
    outer loop
      vertex 9.26385 14.8 10.6413
      vertex 9.27533 12.3 10.5835
      vertex 9.26385 12.3 10.6413
    endloop
  endfacet
  facet normal -0.89686 0 -0.442315
    outer loop
      vertex 9.32029 12.3 10.475
      vertex 9.29425 14.8 10.5278
      vertex 9.32029 14.8 10.475
    endloop
  endfacet
  facet normal -0.89686 -0 -0.442315
    outer loop
      vertex 9.29425 14.8 10.5278
      vertex 9.32029 12.3 10.475
      vertex 9.29425 12.3 10.5278
    endloop
  endfacet
  facet normal 0.0645569 0 -0.997914
    outer loop
      vertex 9.71 12.3 10.25
      vertex 9.76874 14.8 10.2538
      vertex 9.76874 12.3 10.2538
    endloop
  endfacet
  facet normal 0.0645569 0 -0.997914
    outer loop
      vertex 9.76874 14.8 10.2538
      vertex 9.71 12.3 10.25
      vertex 9.71 14.8 10.25
    endloop
  endfacet
  facet normal -0.997856 0 -0.0654471
    outer loop
      vertex 9.26385 12.3 10.6413
      vertex 9.26 14.8 10.7
      vertex 9.26385 14.8 10.6413
    endloop
  endfacet
  facet normal -0.997856 -0 -0.0654471
    outer loop
      vertex 9.26 14.8 10.7
      vertex 9.26385 12.3 10.6413
      vertex 9.26 12.3 10.7
    endloop
  endfacet
  facet normal 0.19373 0 0.981055
    outer loop
      vertex 9.76874 14.8 11.1461
      vertex 9.82647 12.3 11.1347
      vertex 9.82647 14.8 11.1347
    endloop
  endfacet
  facet normal 0.19373 0 0.981055
    outer loop
      vertex 9.82647 12.3 11.1347
      vertex 9.76874 14.8 11.1461
      vertex 9.76874 12.3 11.1461
    endloop
  endfacet
  facet normal 0.0662484 0 0.997803
    outer loop
      vertex 9.71 14.8 11.15
      vertex 9.76874 12.3 11.1461
      vertex 9.76874 14.8 11.1461
    endloop
  endfacet
  facet normal 0.0662484 0 0.997803
    outer loop
      vertex 9.76874 12.3 11.1461
      vertex 9.71 14.8 11.15
      vertex 9.71 12.3 11.15
    endloop
  endfacet
  facet normal -0.831265 0 0.555877
    outer loop
      vertex 9.32029 12.3 10.925
      vertex 9.35299 14.8 10.9739
      vertex 9.32029 14.8 10.925
    endloop
  endfacet
  facet normal -0.831265 0 0.555877
    outer loop
      vertex 9.35299 14.8 10.9739
      vertex 9.32029 12.3 10.925
      vertex 9.35299 12.3 10.9739
    endloop
  endfacet
  facet normal 0.659202 0 -0.751966
    outer loop
      vertex 9.98394 12.3 10.343
      vertex 10.0282 14.8 10.3818
      vertex 10.0282 12.3 10.3818
    endloop
  endfacet
  facet normal 0.659202 0 -0.751966
    outer loop
      vertex 10.0282 14.8 10.3818
      vertex 9.98394 12.3 10.343
      vertex 9.98394 14.8 10.343
    endloop
  endfacet
  facet normal -0.752177 0 0.658961
    outer loop
      vertex 9.35299 12.3 10.9739
      vertex 9.3918 14.8 11.0182
      vertex 9.35299 14.8 10.9739
    endloop
  endfacet
  facet normal -0.752177 0 0.658961
    outer loop
      vertex 9.3918 14.8 11.0182
      vertex 9.35299 12.3 10.9739
      vertex 9.3918 12.3 11.0182
    endloop
  endfacet
  facet normal 1 -0 0
    outer loop
      vertex -24 18 0.00856495
      vertex -24 38 -1.2
      vertex -24 38 0.00856495
    endloop
  endfacet
  facet normal 1 0 0
    outer loop
      vertex -24 38 -1.2
      vertex -24 18 0.00856495
      vertex -24 18 -1.2
    endloop
  endfacet
  facet normal 0 0 -1
    outer loop
      vertex -30 18 -1.2
      vertex -24 38 -1.2
      vertex -24 18 -1.2
    endloop
  endfacet
  facet normal -0 0 -1
    outer loop
      vertex -24 38 -1.2
      vertex -30 18 -1.2
      vertex -30 38 -1.2
    endloop
  endfacet
  facet normal -1 0 0
    outer loop
      vertex -30 18 -1.2
      vertex -30 38 0.00856495
      vertex -30 38 -1.2
    endloop
  endfacet
  facet normal -1 -0 0
    outer loop
      vertex -30 38 0.00856495
      vertex -30 18 -1.2
      vertex -30 18 0.00856495
    endloop
  endfacet
  facet normal 0 1 -0
    outer loop
      vertex -24 38 -1.2
      vertex -30 38 0.00856495
      vertex -24 38 0.00856495
    endloop
  endfacet
  facet normal 0 1 0
    outer loop
      vertex -30 38 0.00856495
      vertex -24 38 -1.2
      vertex -30 38 -1.2
    endloop
  endfacet
  facet normal 0 -1 0
    outer loop
      vertex -30 18 -1.2
      vertex -24 18 0.00856495
      vertex -30 18 0.00856495
    endloop
  endfacet
  facet normal 0 -1 -0
    outer loop
      vertex -24 18 0.00856495
      vertex -30 18 -1.2
      vertex -24 18 -1.2
    endloop
  endfacet
  facet normal 1 -0 0
    outer loop
      vertex 30 18 0.00856495
      vertex 30 38 -1.2
      vertex 30 38 0.00856495
    endloop
  endfacet
  facet normal 1 0 0
    outer loop
      vertex 30 38 -1.2
      vertex 30 18 0.00856495
      vertex 30 18 -1.2
    endloop
  endfacet
  facet normal 0 0 -1
    outer loop
      vertex 24 18 -1.2
      vertex 30 38 -1.2
      vertex 30 18 -1.2
    endloop
  endfacet
  facet normal -0 0 -1
    outer loop
      vertex 30 38 -1.2
      vertex 24 18 -1.2
      vertex 24 38 -1.2
    endloop
  endfacet
  facet normal -1 0 0
    outer loop
      vertex 24 18 -1.2
      vertex 24 38 0.00856495
      vertex 24 38 -1.2
    endloop
  endfacet
  facet normal -1 -0 0
    outer loop
      vertex 24 38 0.00856495
      vertex 24 18 -1.2
      vertex 24 18 0.00856495
    endloop
  endfacet
  facet normal 0 1 -0
    outer loop
      vertex 30 38 -1.2
      vertex 24 38 0.00856495
      vertex 30 38 0.00856495
    endloop
  endfacet
  facet normal 0 1 0
    outer loop
      vertex 24 38 0.00856495
      vertex 30 38 -1.2
      vertex 24 38 -1.2
    endloop
  endfacet
  facet normal 0 -1 0
    outer loop
      vertex 24 18 -1.2
      vertex 30 18 0.00856495
      vertex 24 18 0.00856495
    endloop
  endfacet
  facet normal 0 -1 -0
    outer loop
      vertex 30 18 0.00856495
      vertex 24 18 -1.2
      vertex 30 18 -1.2
    endloop
  endfacet
endsolid OpenSCAD_Model
